nohup: ignoring input
/root/CascadeProjects/sports_bot/football/live.py:483: DeprecationWarning: There is no current event loop
  loop = asyncio.get_event_loop()
✓ Entity cache system initialized at /tmp/sports_bot_cache
✓ Asyncio exception handler installed
✓ Patched asyncio.run to ensure all loops use our exception handler
✓ Added project root to sys.path
✅ Supabase connection established with SERVICE_KEY
✅ Logs table verification completed
✅ archived_json table verification completed
✓ Supabase connection established
🔍 DEBUG — CWD: /root/CascadeProjects/sports_bot/football
🔍 DEBUG — PYTHONPATH: None
Running system module verification...
Verifying system modules...
✓ Entity cache system initialized at /tmp/sports_bot_cache
✓ Asyncio exception handler installed
✓ Patched asyncio.run to ensure all loops use our exception handler
✓ Added project root to sys.path
✓ Supabase connection established
🔍 DEBUG — CWD: /root/CascadeProjects/sports_bot/football
🔍 DEBUG — PYTHONPATH: None
Running system module verification...
Verifying system modules...
✓ Entity cache system initialized at /tmp/sports_bot_cache
✓ Asyncio exception handler installed
✓ Patched asyncio.run to ensure all loops use our exception handler
✓ Added project root to sys.path
✓ Supabase connection established
🔍 DEBUG — CWD: /root/CascadeProjects/sports_bot/football
🔍 DEBUG — PYTHONPATH: None
Running system module verification...
Verifying system modules...
Module verification complete: 7/7 successful
✅ All modules verified successfully
System verification completed
Module verification complete: 11/11 successful
✅ All modules verified successfully
System verification completed
LOG FILE PATH → /root/CascadeProjects/sports_bot/football/logger/main.logger
✓ Supabase logger initialized and listener registered for main_logger_logs table

==================================================
LOGGER STARTED AT: 05/11/2025 05:27:41 AM ET
==================================================


Module verification complete: 18/18 successful
✅ All modules verified successfully
System verification completed
[PNTS3_START] Filter initialized and registered with event listeners
✓ Logger modules imported successfully

==================================================
LOGGER STARTED AT: 05/11/2025 05:27:41 AM ET
==================================================


✓ Telegram notification system initialized
2025-05-11 09:27:41,716 - sports_alerts - INFO - Alert module discovery called (#1) at 2025-05-11 09:27:41.716673
2025-05-11 09:27:41,717 - sports_alerts - INFO - Alert module discovery called (#1) at 2025-05-11 09:27:41.717614
2025-05-11 09:27:41,718 - sports_alerts - INFO - Loaded PRIORITY alert module: 3o_u_alert
2025-05-11 09:27:41,718 - sports_alerts - WARNING - Failed to load PRIORITY module test_3o_u_alert: Missing process_match_data function
2025-05-11 09:27:41,719 - sports_alerts - INFO - Alert system discovered 1 alert modules
2025-05-11 09:27:41,719 - sports_alerts - INFO - Alert module discovery completed in 1.62ms
2025-05-11 09:27:41,719 - sports_alerts - INFO - Alert system initialized with 1 modules
2025-05-11 09:27:41,719 - sports_alerts - INFO - Loaded PRIORITY alert module: 3o_u_alert
2025-05-11 09:27:41,719 - sports_alerts - WARNING - Failed to load PRIORITY module test_3o_u_alert: Missing process_match_data function
2025-05-11 09:27:41,719 - sports_alerts - INFO - Alert system discovered 1 alert modules
2025-05-11 09:27:41,719 - sports_alerts - INFO - Alert module discovery completed in 2.79ms
2025-05-11 09:27:41,719 - sports_alerts - INFO - Alert system initialized with 1 modules
✓ Alert system loaded successfully with 1 alert modules
✓ Error monitoring threads started
Performance monitoring started in background
✓ Core async libraries imported successfully
Acquired process lock. This is the only running instance.
Main logger is active...
Fetching live matches...
🔥 SIMULATED ERROR: Raising exception in thread
❌ Thread 'ErrorThread' crashed: COMBINED_TEST_THREAD_ERROR - This is an intentional test exception
Traceback (most recent call last):
  File "/usr/lib/python3.12/threading.py", line 1073, in _bootstrap_inner
    self.run()
  File "/usr/lib/python3.12/threading.py", line 1010, in run
    self._target(*self._args, **self._kwargs)
  File "/root/CascadeProjects/sports_bot/football/tools/monitor_live.py", line 10, in raise_thread_error
    raise Exception("COMBINED_TEST_THREAD_ERROR - This is an intentional test exception")
Exception: COMBINED_TEST_THREAD_ERROR - This is an intentional test exception


===== FOUND 89 LIVE FOOTBALL MATCHES =====

[H[2J[3J
===== BRIEF SUMMARY CYCLE #2 AT 05:28:09 AM ET =====



--------------------------------------------------
Date: 05/11/2025
--------------------------------------------------

--- Summary Set #1 for 05/11/2025 --- 05:28:09 AM ET
==================================================
MATCH #1 OF 89
==================================================

==================================================


----- MATCH SUMMARY -----
Timestamp: 05/11/2025 05:28:09 AM ET
Match ID: 6ypq3nhv0l4lmd7
Competition ID: kn54qllh745qvy9
Competition: LBN U20 (Unknown Country)
Match: Shabab Al-Sahel U20 vs Shabab Al Ghazieh U20
Score: 0 - 0 (HT: 0 - 0)
Status: First half (Status ID: 2)

--- MATCH BETTING ODDS ---
ML (Money Line):
Time: 8 min | Home: -400 | Draw: +550 | Away: +650 (Closest time to minutes 4-6 available: 8)

SPREAD (Asia Handicap):
Time: 7 min | Home: +100 | Handicap: 2.0 | Away: -125 (Closest time to minutes 4-6 available: 7)

Over/Under:
Time: 7 min | Over: -109 | Line: 3.25 | Under: -115 (Closest time to minutes 4-6 available: 7)

--- MATCH ENVIRONMENT ---
No environment data available for this match


--- Summary Set #2 for 05/11/2025 --- 05:28:10 AM ET
==================================================
MATCH #2 OF 89
==================================================

==================================================


----- MATCH SUMMARY -----
Timestamp: 05/11/2025 05:28:10 AM ET
Match ID: 3glrw7h79pg5qdy
Competition ID: j1l4rjnhz53m7vx
Competition: German Women's Bundesliga II (Germany)
Match: FFC Frankfurt II (w) vs SV Meppen (w)
Score: 0 - 0 (HT: 0 - 0)
Status: Abandoned (Status ID: 13)

--- MATCH BETTING ODDS ---


--- MATCH ENVIRONMENT ---
No environment data available for this match


--- Summary Set #3 for 05/11/2025 --- 05:28:10 AM ET
==================================================
MATCH #3 OF 89
==================================================

==================================================


----- MATCH SUMMARY -----
Timestamp: 05/11/2025 05:28:10 AM ET
Match ID: x7lm7phzv726m2w
Competition ID: j1l4rjnhz53m7vx
Competition: German Women's Bundesliga II (Germany)
Match: Hamburger SV (w) vs SC Freiburg II (w)
Score: 0 - 0 (HT: 0 - 0)
Status: First half (Status ID: 2)

--- MATCH BETTING ODDS ---


--- MATCH ENVIRONMENT ---
No environment data available for this match


--- Summary Set #4 for 05/11/2025 --- 05:28:11 AM ET
==================================================
MATCH #4 OF 89
==================================================

==================================================


----- MATCH SUMMARY -----
Timestamp: 05/11/2025 05:28:11 AM ET
Match ID: l5ergphwgy29r8k
Competition ID: 9dn1m1gh5gmoepl
Competition: Chinese Football League 2 (China)
Match: Guangxi Hengchen Football Club vs Wenzhou Professional Football Club
Score: 0 - 0 (HT: 0 - 0)
Status: First half (Status ID: 2)

--- MATCH BETTING ODDS ---
ML (Money Line):
Time: 4 min | Home: -139 | Draw: +225 | Away: +400

SPREAD (Asia Handicap):
Time: 4 min | Home: -105 | Handicap: 0.75 | Away: -118

Over/Under:
Time: 4 min | Over: +102 | Line: 2.0 | Under: -130

--- MATCH ENVIRONMENT ---
Weather: Cloudy
Humidity: 49%
Wind: 4.0m/s (8.9 mph)


--- Summary Set #5 for 05/11/2025 --- 05:28:11 AM ET
==================================================
MATCH #5 OF 89
==================================================

==================================================


----- MATCH SUMMARY -----
Timestamp: 05/11/2025 05:28:11 AM ET
Match ID: n54qllh73zwlqvy
Competition ID: j1l4rjnhz53m7vx
Competition: German Women's Bundesliga II (Germany)
Match: SV Weinberg Women vs Monchengladbach (w)
Score: 0 - 0 (HT: 0 - 0)
Status: First half (Status ID: 2)

--- MATCH BETTING ODDS ---


--- MATCH ENVIRONMENT ---
No environment data available for this match


--- Summary Set #6 for 05/11/2025 --- 05:28:11 AM ET
==================================================
MATCH #6 OF 89
==================================================

==================================================


----- MATCH SUMMARY -----
Timestamp: 05/11/2025 05:28:11 AM ET
Match ID: x7lm7phjged1m2w
Competition ID: gpxwrxlh9joryk0
Competition: Thai League 3 (Thailand)
Match: North Bangkok University FC vs Maejo United
Score: 0 - 0 (HT: 0 - 0)
Status: First half (Status ID: 2)

--- MATCH BETTING ODDS ---
ML (Money Line):
Time: 4 min | Home: -120 | Draw: +240 | Away: +300

SPREAD (Asia Handicap):
Time: 4 min | Home: -123 | Handicap: 0.5 | Away: -110

Over/Under:
Time: 4 min | Over: -115 | Line: 2.25 | Under: -109

--- MATCH ENVIRONMENT ---
Weather: Partially cloudy
Humidity: 73%
Wind: 6.1m/s (13.6 mph)


--- Summary Set #7 for 05/11/2025 --- 05:28:12 AM ET
==================================================
MATCH #7 OF 89
==================================================

==================================================


----- MATCH SUMMARY -----
Timestamp: 05/11/2025 05:28:12 AM ET
Match ID: k82rekhgv981rep
Competition ID: kdj2ryohj7vq1zp
Competition: Ukrainian Second League (Ukraine)
Match: FC Trostianets vs Hirnyk-Sport
Score: 0 - 0 (HT: 0 - 0)
Status: Abandoned (Status ID: 13)

--- MATCH BETTING ODDS ---


--- MATCH ENVIRONMENT ---
No environment data available for this match


--- Summary Set #8 for 05/11/2025 --- 05:28:12 AM ET
==================================================
MATCH #8 OF 89
==================================================

==================================================


----- MATCH SUMMARY -----
Timestamp: 05/11/2025 05:28:12 AM ET
Match ID: y0or5jh8xkdvqwz
Competition ID: gpxwrxlh9joryk0
Competition: Thai League 3 (Thailand)
Match: Thonburi United FC vs Songkhla FC
Score: 0 - 0 (HT: 0 - 0)
Status: First half (Status ID: 2)

--- MATCH BETTING ODDS ---
ML (Money Line):
Time: 4 min | Home: +240 | Draw: +220 | Away: +110

SPREAD (Asia Handicap):
Time: 4 min | Home: -110 | Handicap: -0.25 | Away: -123

Over/Under:
Time: 4 min | Over: -105 | Line: 2.25 | Under: -118

--- MATCH ENVIRONMENT ---
Weather: Partially cloudy
Humidity: 66%
Wind: 3.4m/s (7.6 mph)


--- Summary Set #9 for 05/11/2025 --- 05:28:12 AM ET
==================================================
MATCH #9 OF 89
==================================================

==================================================


----- MATCH SUMMARY -----
Timestamp: 05/11/2025 05:28:12 AM ET
Match ID: y39mp1h631w7moj
Competition ID: 56ypq3nhl7nmd7o
Competition: Thai Women's Super League (Thailand)
Match: Bangkok (w) vs Chonburi FA (w)
Score: 1 - 0 (HT: 1 - 0)
Status: First half (Status ID: 2)

--- MATCH BETTING ODDS ---
ML (Money Line):
Time: 3 min | Home: +200 | Draw: +375 | Away: -125 (Closest time to minutes 4-6 available: 3)

SPREAD (Asia Handicap):
Time: 7 min | Home: -103 | Handicap: -0.5 | Away: -122 (Closest time to minutes 4-6 available: 7)

Over/Under:
Time: 3 min | Over: -115 | Line: 3.5 | Under: -109 (Closest time to minutes 4-6 available: 3)

--- MATCH ENVIRONMENT ---
No environment data available for this match


--- Summary Set #10 for 05/11/2025 --- 05:28:13 AM ET
==================================================
MATCH #10 OF 89
==================================================

==================================================


----- MATCH SUMMARY -----
Timestamp: 05/11/2025 05:28:13 AM ET
Match ID: n54qllhn56yvqvy
Competition ID: gpxwrxlh9joryk0
Competition: Thai League 3 (Thailand)
Match: Royal Thai Fleet FC vs Rasisalai United
Score: 0 - 1 (HT: 0 - 1)
Status: First half (Status ID: 2)

--- MATCH BETTING ODDS ---
ML (Money Line):
Time: 4 min | Home: +275 | Draw: +250 | Away: -125

SPREAD (Asia Handicap):
Time: 4 min | Home: -110 | Handicap: -0.5 | Away: -122

Over/Under:
Time: 4 min | Over: -103 | Line: 2.5 | Under: -122

--- MATCH ENVIRONMENT ---
Weather: Sunny
Humidity: 79%
Wind: 4.3m/s (9.6 mph)


--- Summary Set #11 for 05/11/2025 --- 05:28:13 AM ET
==================================================
MATCH #11 OF 89
==================================================

==================================================


----- MATCH SUMMARY -----
Timestamp: 05/11/2025 05:28:13 AM ET
Match ID: 4wyrn4h68vodq86
Competition ID: p4jwq2ghvxvm0ve
Competition: Finland U20 League (Finland)
Match: HPS/FC POHU YJ U20 vs Atlantis U20
Score: 1 - 0 (HT: 1 - 0)
Status: First half (Status ID: 2)

--- MATCH BETTING ODDS ---
ML (Money Line):
Time: 4 min | Home: +375 | Draw: +375 | Away: -200

SPREAD (Asia Handicap):
Time: 4 min | Home: -109 | Handicap: -1.25 | Away: -115

Over/Under:
Time: 4 min | Over: -115 | Line: 4.5 | Under: -109

--- MATCH ENVIRONMENT ---
Weather: Sunny
Humidity: 38%
Wind: 8.4m/s (18.8 mph)


--- Summary Set #12 for 05/11/2025 --- 05:28:13 AM ET
==================================================
MATCH #12 OF 89
==================================================

==================================================


----- MATCH SUMMARY -----
Timestamp: 05/11/2025 05:28:13 AM ET
Match ID: 2y8m4zh50l13ql0
Competition ID: z8yomo4h38wq0j6
Competition: AFC Women's Futsal Asian Cup (Unknown Country)
Match: Iran Futsal (w) vs Vietnam Futsal Women
Score: 0 - 0 (HT: 0 - 0)
Status: Abandoned (Status ID: 13)

--- MATCH BETTING ODDS ---


--- MATCH ENVIRONMENT ---
No environment data available for this match


--- Summary Set #13 for 05/11/2025 --- 05:28:13 AM ET
==================================================
MATCH #13 OF 89
==================================================

==================================================


----- MATCH SUMMARY -----
Timestamp: 05/11/2025 05:28:13 AM ET
Match ID: 23xmvkh8ygxxqg8
Competition ID: kn54qllhz3qvy9d
Competition: Ukrainian Youth Team Championship (Ukraine)
Match: Inhulets Petrove U21 vs FC Livyi Bereh U21
Score: 0 - 0 (HT: 0 - 0)
Status: First half (Status ID: 2)

--- MATCH BETTING ODDS ---


--- MATCH ENVIRONMENT ---
No environment data available for this match


--- Summary Set #14 for 05/11/2025 --- 05:28:14 AM ET
==================================================
MATCH #14 OF 89
==================================================

==================================================


----- MATCH SUMMARY -----
Timestamp: 05/11/2025 05:28:14 AM ET
Match ID: jw2r09hklnznrz8
Competition ID: 9dn1m1ghp6ymoep
Competition: GER JBH (Germany)
Match: Werder Bremen U19 vs Koln U19
Score: 1 - 1 (HT: 1 - 1)
Status: First half (Status ID: 2)

--- MATCH BETTING ODDS ---
ML (Money Line):
Time: 4 min | Home: +120 | Draw: +275 | Away: +175

SPREAD (Asia Handicap):
Time: 6 min | Home: -103 | Handicap: 0.25 | Away: -122

Over/Under:
Time: 4 min | Over: +100 | Line: 3.0 | Under: -125

--- MATCH ENVIRONMENT ---
Weather: Sunny
Humidity: 60%
Wind: 4.8m/s (10.7 mph)


--- Summary Set #15 for 05/11/2025 --- 05:28:14 AM ET
==================================================
MATCH #15 OF 89
==================================================

==================================================


----- MATCH SUMMARY -----
Timestamp: 05/11/2025 05:28:14 AM ET
Match ID: n54qllhn2840qvy
Competition ID: j1l4rjnhk9m7vx5
Competition: German U17 Youth League (Germany)
Match: Monchengladbach U17 vs Hoffenheim U17
Score: 0 - 0 (HT: 0 - 0)
Status: Abandoned (Status ID: 13)

--- MATCH BETTING ODDS ---


--- MATCH ENVIRONMENT ---
No environment data available for this match


--- Summary Set #16 for 05/11/2025 --- 05:28:15 AM ET
==================================================
MATCH #16 OF 89
==================================================

==================================================


----- MATCH SUMMARY -----
Timestamp: 05/11/2025 05:28:15 AM ET
Match ID: vjxm8ghl0zllr6o
Competition ID: kjw2r09hg9rz84o
Competition: Andorran Primera Divisio (Andorra)
Match: Atletic Club D Escaldes vs CF Esperanca dAndorra
Score: 0 - 0 (HT: 0 - 0)
Status: First half (Status ID: 2)

--- MATCH BETTING ODDS ---

SPREAD (Asia Handicap):
Time: pre-match min | Home: -133 | Handicap: 3.5 | Away: -111 (Closest time to minutes 4-6 available: pre-match)

Over/Under:
Time: pre-match min | Over: -120 | Line: 4.5 | Under: -119 (Closest time to minutes 4-6 available: pre-match)

--- MATCH ENVIRONMENT ---
Weather: Windy
Humidity: 65%
Wind: 6.5m/s (14.5 mph)


--- Summary Set #17 for 05/11/2025 --- 05:28:15 AM ET
==================================================
MATCH #17 OF 89
==================================================

==================================================


----- MATCH SUMMARY -----
Timestamp: 05/11/2025 05:28:15 AM ET
Match ID: x7lm7phzv1zjm2w
Competition ID: kjw2r09hg9rz84o
Competition: Andorran Primera Divisio (Andorra)
Match: Ranger's FC vs Inter Club Escaldes
Score: 0 - 0 (HT: 0 - 0)
Status: First half (Status ID: 2)

--- MATCH BETTING ODDS ---


--- MATCH ENVIRONMENT ---
No environment data available for this match


--- Summary Set #18 for 05/11/2025 --- 05:28:15 AM ET
==================================================
MATCH #18 OF 89
==================================================

==================================================


----- MATCH SUMMARY -----
Timestamp: 05/11/2025 05:28:15 AM ET
Match ID: 8yomo4h1703yq0j
Competition ID: z318q66hvnxqo9j
Competition: Croatian U19 League (Croatia)
Match: Sesvete U19 vs NK Rudes U19
Score: 0 - 1 (HT: 0 - 1)
Status: First half (Status ID: 2)

--- MATCH BETTING ODDS ---
ML (Money Line):
Time: 4 min | Home: +225 | Draw: +300 | Away: -111

SPREAD (Asia Handicap):
Time: 4 min | Home: -115 | Handicap: -0.5 | Away: -109

Over/Under:
Time: 4 min | Over: -110 | Line: 3.25 | Under: -112

--- MATCH ENVIRONMENT ---
Weather: Sunny
Humidity: 56%
Wind: 0.7m/s (1.6 mph)


--- Summary Set #19 for 05/11/2025 --- 05:28:15 AM ET
==================================================
MATCH #19 OF 89
==================================================

==================================================


----- MATCH SUMMARY -----
Timestamp: 05/11/2025 05:28:15 AM ET
Match ID: y0or5jhn52n9qwz
Competition ID: kjw2r09hg9rz84o
Competition: Andorran Primera Divisio (Andorra)
Match: La Massana vs FC Pas de la Casa
Score: 0 - 0 (HT: 0 - 0)
Status: First half (Status ID: 2)

--- MATCH BETTING ODDS ---

SPREAD (Asia Handicap):
Time: pre-match min | Home: -125 | Handicap: -2.5 | Away: -118 (Closest time to minutes 4-6 available: pre-match)

Over/Under:
Time: pre-match min | Over: -108 | Line: 3.5 | Under: -133 (Closest time to minutes 4-6 available: pre-match)

--- MATCH ENVIRONMENT ---
Weather: Unknown (9)
Humidity: 76%
Wind: 2.3m/s (5.1 mph)


--- Summary Set #20 for 05/11/2025 --- 05:28:16 AM ET
==================================================
MATCH #20 OF 89
==================================================

==================================================


----- MATCH SUMMARY -----
Timestamp: 05/11/2025 05:28:16 AM ET
Match ID: 23xmvkh82n8lqg8
Competition ID: kjw2r09hg9rz84o
Competition: Andorran Primera Divisio (Andorra)
Match: UE Santa Coloma vs FC Santa Coloma
Score: 0 - 0 (HT: 0 - 0)
Status: First half (Status ID: 2)

--- MATCH BETTING ODDS ---
ML (Money Line):
Time: 4 min | Home: +130 | Draw: +225 | Away: +187

SPREAD (Asia Handicap):
Time: 4 min | Home: +101 | Handicap: 0.25 | Away: -137

Over/Under:
Time: 4 min | Over: -122 | Line: 2.0 | Under: -103

--- MATCH ENVIRONMENT ---
Weather: Partially cloudy
Humidity: 80%
Wind: 3.2m/s (7.2 mph)


--- Summary Set #21 for 05/11/2025 --- 05:28:16 AM ET
==================================================
MATCH #21 OF 89
==================================================

==================================================


----- MATCH SUMMARY -----
Timestamp: 05/11/2025 05:28:16 AM ET
Match ID: y39mp1h6vl1jmoj
Competition ID: l965mkyhe0r1ge4
Competition: Italian Campionato Primavera 1 (Italy)
Match: Torino U19 vs AC Milan U20
Score: 0 - 0 (HT: 0 - 0)
Status: First half (Status ID: 2)

--- MATCH BETTING ODDS ---
ML (Money Line):
Time: 4 min | Home: +240 | Draw: +275 | Away: -111

SPREAD (Asia Handicap):
Time: 4 min | Home: -116 | Handicap: -0.5 | Away: -104

Over/Under:
Time: 4 min | Over: +101 | Line: 3.0 | Under: -127

--- MATCH ENVIRONMENT ---
Weather: Sunny
Humidity: 66%
Wind: 2.0m/s (4.5 mph)


--- Summary Set #22 for 05/11/2025 --- 05:28:16 AM ET
==================================================
MATCH #22 OF 89
==================================================

==================================================


----- MATCH SUMMARY -----
Timestamp: 05/11/2025 05:28:16 AM ET
Match ID: 1l4rjnh96knym7v
Competition ID: z318q66h099qo9j
Competition: Hungary Nemzeti Bajnoksug III (Hungary)
Match: Budapest Honved II vs Martfui LSE
Score: 1 - 1 (HT: 1 - 1)
Status: First half (Status ID: 2)

--- MATCH BETTING ODDS ---
ML (Money Line):
Time: 4 min | Home: +150 | Draw: +333 | Away: +110

SPREAD (Asia Handicap):
Time: 4 min | Home: -125 | Handicap: 1.0 | Away: +100

Over/Under:
Time: 4 min | Over: +100 | Line: 4.5 | Under: -125

--- MATCH ENVIRONMENT ---
Weather: Partially cloudy
Humidity: 68%
Wind: 3.4m/s (7.6 mph)


--- Summary Set #23 for 05/11/2025 --- 05:28:16 AM ET
==================================================
MATCH #23 OF 89
==================================================

==================================================


----- MATCH SUMMARY -----
Timestamp: 05/11/2025 05:28:16 AM ET
Match ID: dj2ryohlkj6xq1z
Competition ID: 8y39mp1hjoemojx
Competition: German Bundesliga 5 (Germany)
Match: ESC Geestemunde vs TuRa Bremen
Score: 1 - 0 (HT: 1 - 0)
Status: First half (Status ID: 2)

--- MATCH BETTING ODDS ---


--- MATCH ENVIRONMENT ---
No environment data available for this match


--- Summary Set #24 for 05/11/2025 --- 05:28:17 AM ET
==================================================
MATCH #24 OF 89
==================================================

==================================================


----- MATCH SUMMARY -----
Timestamp: 05/11/2025 05:28:17 AM ET
Match ID: 965mkyhk7n83r1g
Competition ID: z318q66h099qo9j
Competition: Hungary Nemzeti Bajnoksug III (Hungary)
Match: Ferencvarosi TC B vs Nagykanizsai TE 1866
Score: 0 - 0 (HT: 0 - 0)
Status: First half (Status ID: 2)

--- MATCH BETTING ODDS ---
ML (Money Line):
Time: 4 min | Home: +220 | Draw: +240 | Away: +105

SPREAD (Asia Handicap):
Time: 5 min | Home: -106 | Handicap: -0.25 | Away: -135

Over/Under:
Time: 4 min | Over: -118 | Line: 2.75 | Under: -105

--- MATCH ENVIRONMENT ---
Weather: Partially cloudy
Humidity: 66%
Wind: 3.4m/s (7.6 mph)


--- Summary Set #25 for 05/11/2025 --- 05:28:17 AM ET
==================================================
MATCH #25 OF 89
==================================================

==================================================


----- MATCH SUMMARY -----
Timestamp: 05/11/2025 05:28:17 AM ET
Match ID: 8yomo4h172l3q0j
Competition ID: j1l4rjnhk9m7vx5
Competition: German U17 Youth League (Germany)
Match: MSV Duisburg U17 vs VfB Waltrop U17
Score: 0 - 0 (HT: 0 - 0)
Status: Abandoned (Status ID: 13)

--- MATCH BETTING ODDS ---


--- MATCH ENVIRONMENT ---
No environment data available for this match


--- Summary Set #26 for 05/11/2025 --- 05:28:17 AM ET
==================================================
MATCH #26 OF 89
==================================================

==================================================


----- MATCH SUMMARY -----
Timestamp: 05/11/2025 05:28:17 AM ET
Match ID: l7oqdehgn18or51
Competition ID: 56ypq3nh524md7o
Competition: Turkish U19 A2 League (Turkey)
Match: Konyaspor U19 vs Hatayspor U19
Score: 0 - 0 (HT: 0 - 0)
Status: First half (Status ID: 2)

--- MATCH BETTING ODDS ---
ML (Money Line):
Time: 4 min | Home: -105 | Draw: +250 | Away: +250

SPREAD (Asia Handicap):
Time: 4 min | Home: -130 | Handicap: 0.5 | Away: -101

Over/Under:
Time: 4 min | Over: -122 | Line: 2.25 | Under: -103

--- MATCH ENVIRONMENT ---
Weather: Partially cloudy
Humidity: 28%
Wind: 3.1m/s (6.9 mph)


--- Summary Set #27 for 05/11/2025 --- 05:28:18 AM ET
==================================================
MATCH #27 OF 89
==================================================

==================================================


----- MATCH SUMMARY -----
Timestamp: 05/11/2025 05:28:18 AM ET
Match ID: l5ergph40k01r8k
Competition ID: l965mkyhyw2r1ge
Competition: RUS D3B (Unknown Country)
Match: Uralets Nizhny Tagil vs Krylia Sovetov II
Score: 0 - 0 (HT: 0 - 0)
Status: First half (Status ID: 2)

--- MATCH BETTING ODDS ---


--- MATCH ENVIRONMENT ---
No environment data available for this match


--- Summary Set #28 for 05/11/2025 --- 05:28:18 AM ET
==================================================
MATCH #28 OF 89
==================================================

==================================================


----- MATCH SUMMARY -----
Timestamp: 05/11/2025 05:28:18 AM ET
Match ID: 318q66hxoj8kqo9
Competition ID: z318q66h099qo9j
Competition: Hungary Nemzeti Bajnoksug III (Hungary)
Match: Nyiregyhaza B vs Tiszafured VSE
Score: 0 - 0 (HT: 0 - 0)
Status: First half (Status ID: 2)

--- MATCH BETTING ODDS ---
ML (Money Line):
Time: 4 min | Home: +130 | Draw: +260 | Away: +175

SPREAD (Asia Handicap):
Time: 4 min | Home: -141 | Handicap: 0.0 | Away: -105

Over/Under:
Time: 4 min | Over: -111 | Line: 3.0 | Under: -111

--- MATCH ENVIRONMENT ---
Weather: Partially cloudy
Humidity: 64%
Wind: 4.1m/s (9.2 mph)


--- Summary Set #29 for 05/11/2025 --- 05:28:19 AM ET
==================================================
MATCH #29 OF 89
==================================================

==================================================


----- MATCH SUMMARY -----
Timestamp: 05/11/2025 05:28:19 AM ET
Match ID: dn1m1ghl489omoe
Competition ID: z318q66h099qo9j
Competition: Hungary Nemzeti Bajnoksug III (Hungary)
Match: Puskas Akademia II vs Ujpest FC B
Score: 1 - 0 (HT: 1 - 0)
Status: First half (Status ID: 2)

--- MATCH BETTING ODDS ---
ML (Money Line):
Time: 4 min | Home: -139 | Draw: +333 | Away: +275

SPREAD (Asia Handicap):
Time: 4 min | Home: -109 | Handicap: 0.75 | Away: -115

Over/Under:
Time: 4 min | Over: -118 | Line: 3.0 | Under: -105

--- MATCH ENVIRONMENT ---
Weather: Partially cloudy
Humidity: 58%
Wind: 2.9m/s (6.5 mph)


--- Summary Set #30 for 05/11/2025 --- 05:28:19 AM ET
==================================================
MATCH #30 OF 89
==================================================

==================================================


----- MATCH SUMMARY -----
Timestamp: 05/11/2025 05:28:19 AM ET
Match ID: 4wyrn4h68vy0q86
Competition ID: z318q66h099qo9j
Competition: Hungary Nemzeti Bajnoksug III (Hungary)
Match: Paksi FC B vs Kaposvar
Score: 0 - 1 (HT: 0 - 1)
Status: First half (Status ID: 2)

--- MATCH BETTING ODDS ---
ML (Money Line):
Time: 4 min | Home: +175 | Draw: +250 | Away: +120

SPREAD (Asia Handicap):
Time: 4 min | Home: -130 | Handicap: -0.25 | Away: +102

Over/Under:
Time: 4 min | Over: -175 | Line: 2.5 | Under: +115

--- MATCH ENVIRONMENT ---
Weather: Windy
Humidity: 45%
Wind: 4.1m/s (9.2 mph)


--- Summary Set #31 for 05/11/2025 --- 05:28:19 AM ET
==================================================
MATCH #31 OF 89
==================================================

==================================================


----- MATCH SUMMARY -----
Timestamp: 05/11/2025 05:28:19 AM ET
Match ID: zp5rzghgjxxgq82
Competition ID: kjw2r09hw04rz84
Competition: Czech Fifth League (Czech Republic)
Match: Tatran Rousinov vs Boskovice
Score: 0 - 0 (HT: 0 - 0)
Status: First half (Status ID: 2)

--- MATCH BETTING ODDS ---
ML (Money Line):
Time: 4 min | Home: -105 | Draw: +300 | Away: +200

SPREAD (Asia Handicap):
Time: 4 min | Home: -103 | Handicap: 0.5 | Away: -122

Over/Under:
Time: 4 min | Over: -118 | Line: 3.0 | Under: -105

--- MATCH ENVIRONMENT ---
No environment data available for this match


--- Summary Set #32 for 05/11/2025 --- 05:28:19 AM ET
==================================================
MATCH #32 OF 89
==================================================

==================================================


----- MATCH SUMMARY -----
Timestamp: 05/11/2025 05:28:19 AM ET
Match ID: 6ypq3nh3xy3lmd7
Competition ID: gy0or5jho9qwzv3
Competition: Ukrainian First League (Ukraine)
Match: Kremin Kremenchuk vs Prykarpattya Ivano Frankivsk
Score: 0 - 0 (HT: 0 - 0)
Status: First half (Status ID: 2)

--- MATCH BETTING ODDS ---


--- MATCH ENVIRONMENT ---
No environment data available for this match


--- Summary Set #33 for 05/11/2025 --- 05:28:20 AM ET
==================================================
MATCH #33 OF 89
==================================================

==================================================


----- MATCH SUMMARY -----
Timestamp: 05/11/2025 05:28:20 AM ET
Match ID: ednm9wh74jvdryo
Competition ID: 56ypq3nhnemd7oj
Competition: Poland Mloda Ekstraklasa (Poland)
Match: Arka Gdynia (Youth) vs Wisla Krakow (Youth)
Score: 0 - 0 (HT: 0 - 0)
Status: First half (Status ID: 2)

--- MATCH BETTING ODDS ---


--- MATCH ENVIRONMENT ---
No environment data available for this match


--- Summary Set #34 for 05/11/2025 --- 05:28:20 AM ET
==================================================
MATCH #34 OF 89
==================================================

==================================================


----- MATCH SUMMARY -----
Timestamp: 05/11/2025 05:28:20 AM ET
Match ID: n54qllhn2xv5qvy
Competition ID: j1l4rjnhk9m7vx5
Competition: German U17 Youth League (Germany)
Match: Fortuna Dusseldorf U17 vs Viktoria koln(U17)
Score: 0 - 0 (HT: 0 - 0)
Status: Abandoned (Status ID: 13)

--- MATCH BETTING ODDS ---


--- MATCH ENVIRONMENT ---
No environment data available for this match


--- Summary Set #35 for 05/11/2025 --- 05:28:20 AM ET
==================================================
MATCH #35 OF 89
==================================================

==================================================


----- MATCH SUMMARY -----
Timestamp: 05/11/2025 05:28:20 AM ET
Match ID: 23xmvkh63d73qg8
Competition ID: j1l4rjnhk9m7vx5
Competition: German U17 Youth League (Germany)
Match: FC Hennef 05 U17 vs RW Oberhausen U17
Score: 0 - 0 (HT: 0 - 0)
Status: Abandoned (Status ID: 13)

--- MATCH BETTING ODDS ---


--- MATCH ENVIRONMENT ---
No environment data available for this match


--- Summary Set #36 for 05/11/2025 --- 05:28:21 AM ET
==================================================
MATCH #36 OF 89
==================================================

==================================================


----- MATCH SUMMARY -----
Timestamp: 05/11/2025 05:28:21 AM ET
Match ID: zp5rzghgjz87q82
Competition ID: j1l4rjnhk9m7vx5
Competition: German U17 Youth League (Germany)
Match: RW Essen U17 vs TSV Meerbusch U17
Score: 0 - 0 (HT: 0 - 0)
Status: Abandoned (Status ID: 13)

--- MATCH BETTING ODDS ---


--- MATCH ENVIRONMENT ---
No environment data available for this match


--- Summary Set #37 for 05/11/2025 --- 05:28:21 AM ET
==================================================
MATCH #37 OF 89
==================================================

==================================================


----- MATCH SUMMARY -----
Timestamp: 05/11/2025 05:28:21 AM ET
Match ID: 2y8m4zh53z4gql0
Competition ID: e4wyrn4hdzvq86p
Competition: Poland Liga 3 (Poland)
Match: Cracovia II vs Sokol Slopnice
Score: 1 - 0 (HT: 1 - 0)
Status: First half (Status ID: 2)

--- MATCH BETTING ODDS ---
ML (Money Line):
Time: 8 min | Home: -2000 | Draw: +1100 | Away: +2800 (Closest time to minutes 4-6 available: 8)

SPREAD (Asia Handicap):
Time: 4 min | Home: -133 | Handicap: 4.0 | Away: -111

Over/Under:
Time: 4 min | Over: -115 | Line: 5.25 | Under: -109

--- MATCH ENVIRONMENT ---
Weather: Windy
Humidity: 53%
Wind: 4.1m/s (9.2 mph)


--- Summary Set #38 for 05/11/2025 --- 05:28:22 AM ET
==================================================
MATCH #38 OF 89
==================================================

==================================================


----- MATCH SUMMARY -----
Timestamp: 05/11/2025 05:28:22 AM ET
Match ID: 8yomo4h1705vq0j
Competition ID: kn54qllh745qvy9
Competition: LBN U20 (Unknown Country)
Match: Tawfeer U20 vs Sagesse SC U20
Score: 1 - 0 (HT: 1 - 0)
Status: First half (Status ID: 2)

--- MATCH BETTING ODDS ---
ML (Money Line):
Time: 3 min | Home: +110 | Draw: +275 | Away: +175 (Closest time to minutes 4-6 available: 3)

SPREAD (Asia Handicap):
Time: 5 min | Home: -105 | Handicap: 0.25 | Away: -118

Over/Under:
Time: 4 min | Over: -103 | Line: 3.0 | Under: -122

--- MATCH ENVIRONMENT ---
No environment data available for this match


--- Summary Set #39 for 05/11/2025 --- 05:28:22 AM ET
==================================================
MATCH #39 OF 89
==================================================

==================================================


----- MATCH SUMMARY -----
Timestamp: 05/11/2025 05:28:22 AM ET
Match ID: vjxm8ghe4p2er6o
Competition ID: yl5ergphngxr8k0
Competition: Czech 2.liga Women (Czech Republic)
Match: Dukla Prague (w) vs Lisen(w)
Score: 1 - 0 (HT: 1 - 0)
Status: First half (Status ID: 2)

--- MATCH BETTING ODDS ---
ML (Money Line):
Time: 3 min | Home: +130 | Draw: +260 | Away: +160 (Closest time to minutes 4-6 available: 3)

SPREAD (Asia Handicap):
Time: 3 min | Home: -130 | Handicap: 0.0 | Away: +102 (Closest time to minutes 4-6 available: 3)

Over/Under:
Time: 6 min | Over: -118 | Line: 3.0 | Under: -105

--- MATCH ENVIRONMENT ---
Weather: Partially cloudy
Humidity: 44%
Wind: 3.1m/s (6.9 mph)


--- Summary Set #40 for 05/11/2025 --- 05:28:22 AM ET
==================================================
MATCH #40 OF 89
==================================================

==================================================


----- MATCH SUMMARY -----
Timestamp: 05/11/2025 05:28:22 AM ET
Match ID: 4jwq2ghn4702m0v
Competition ID: l965mkyh3nnr1ge
Competition: Greek U19 (Greece)
Match: OFI Crete U19 vs Levadiakos U19
Score: 0 - 0 (HT: 0 - 0)
Status: First half (Status ID: 2)

--- MATCH BETTING ODDS ---


--- MATCH ENVIRONMENT ---
No environment data available for this match


--- Summary Set #41 for 05/11/2025 --- 05:28:22 AM ET
==================================================
MATCH #41 OF 89
==================================================

==================================================


----- MATCH SUMMARY -----
Timestamp: 05/11/2025 05:28:22 AM ET
Match ID: dj2ryohlkndyq1z
Competition ID: kdj2ryohye0q1zp
Competition: Malaysian President Cup (Malaysia)
Match: Terengganu U20 vs Sabah U20
Score: 2 - 0 (HT: 2 - 0)
Status: First half (Status ID: 2)

--- MATCH BETTING ODDS ---
ML (Money Line):
Time: 4 min | Home: -152 | Draw: +240 | Away: +375

SPREAD (Asia Handicap):
Time: 4 min | Home: -111 | Handicap: 0.75 | Away: -111

Over/Under:
Time: 4 min | Over: -111 | Line: 2.25 | Under: -111

--- MATCH ENVIRONMENT ---
Weather: Partially cloudy
Humidity: 79%
Wind: 2.9m/s (6.5 mph)


--- Summary Set #42 for 05/11/2025 --- 05:28:23 AM ET
==================================================
MATCH #42 OF 89
==================================================

==================================================


----- MATCH SUMMARY -----
Timestamp: 05/11/2025 05:28:23 AM ET
Match ID: pxwrxlh5yjdoryk
Competition ID: kjw2r09h9jrz84o
Competition: Austrian 2.Liga (Austria)
Match: SV Ried vs Sturm Graz (Youth)
Score: 0 - 0 (HT: 0 - 0)
Status: Half-time break (Status ID: 3)

--- MATCH BETTING ODDS ---
ML (Money Line):
Time: 4 min | Home: -455 | Draw: +600 | Away: +750

SPREAD (Asia Handicap):
Time: 4 min | Home: -104 | Handicap: 2.0 | Away: -109

Over/Under:
Time: 4 min | Over: +100 | Line: 3.5 | Under: -116

--- MATCH ENVIRONMENT ---
Weather: Sunny
Humidity: 41%
Wind: 1.2m/s (2.7 mph)


--- Summary Set #43 for 05/11/2025 --- 05:28:23 AM ET
==================================================
MATCH #43 OF 89
==================================================

==================================================


----- MATCH SUMMARY -----
Timestamp: 05/11/2025 05:28:23 AM ET
Match ID: 3glrw7hnwzp7qdy
Competition ID: vl7oqdehoxwr510
Competition: Chinese Taiwan President FA Cup (China)
Match: Sunny Bank Athletic Club Taipei vs Babuza FC
Score: 7 - 0 (HT: 7 - 0)
Status: Half-time break (Status ID: 3)

--- MATCH BETTING ODDS ---

SPREAD (Asia Handicap):
Time: 4 min | Home: -149 | Handicap: 4.0 | Away: +101

Over/Under:
Time: 4 min | Over: -145 | Line: 5.25 | Under: -103

--- MATCH ENVIRONMENT ---
No environment data available for this match


--- Summary Set #44 for 05/11/2025 --- 05:28:23 AM ET
==================================================
MATCH #44 OF 89
==================================================

==================================================


----- MATCH SUMMARY -----
Timestamp: 05/11/2025 05:28:23 AM ET
Match ID: l7oqdehoo94dr51
Competition ID: z8yomo4h49q0j6l
Competition: Poland Women's Ekstraliga (Poland)
Match: Slask Wroclaw (w) vs Pogon Szczecin (w)
Score: 0 - 1 (HT: 0 - 1)
Status: Half-time break (Status ID: 3)

--- MATCH BETTING ODDS ---
ML (Money Line):
Time: 4 min | Home: +300 | Draw: +450 | Away: -175

SPREAD (Asia Handicap):
Time: 4 min | Home: -115 | Handicap: -1.0 | Away: -109

Over/Under:
Time: 4 min | Over: -111 | Line: 3.5 | Under: -111

--- MATCH ENVIRONMENT ---
Weather: Partially cloudy
Humidity: 43%
Wind: 3.1m/s (6.9 mph)


--- Summary Set #45 for 05/11/2025 --- 05:28:23 AM ET
==================================================
MATCH #45 OF 89
==================================================

==================================================


----- MATCH SUMMARY -----
Timestamp: 05/11/2025 05:28:23 AM ET
Match ID: vjxm8ghe4p5er6o
Competition ID: p4jwq2ghkl8m0ve
Competition: Austrian Landesliga (Austria)
Match: Slovan HAC vs Helfort 15
Score: 0 - 1 (HT: 0 - 1)
Status: Half-time break (Status ID: 3)

--- MATCH BETTING ODDS ---
ML (Money Line):
Time: 4 min | Home: +300 | Draw: +333 | Away: -152

SPREAD (Asia Handicap):
Time: 4 min | Home: -105 | Handicap: -0.75 | Away: -118

Over/Under:
Time: 4 min | Over: -105 | Line: 3.25 | Under: -118

--- MATCH ENVIRONMENT ---
Weather: Partially cloudy
Humidity: 60%
Wind: 2.0m/s (4.5 mph)


--- Summary Set #46 for 05/11/2025 --- 05:28:23 AM ET
==================================================
MATCH #46 OF 89
==================================================

==================================================


----- MATCH SUMMARY -----
Timestamp: 05/11/2025 05:28:23 AM ET
Match ID: jw2r09h25dl0rz8
Competition ID: 56ypq3nhz53md7o
Competition: Indonesian Liga 1 (Indonesia)
Match: Arema FC vs Persik Kediri
Score: 0 - 1 (HT: 0 - 1)
Status: Half-time break (Status ID: 3)

--- MATCH BETTING ODDS ---
ML (Money Line):
Time: 4 min | Home: -125 | Draw: +250 | Away: +300

SPREAD (Asia Handicap):
Time: 4 min | Home: -122 | Handicap: 0.5 | Away: -103

Over/Under:
Time: 4 min | Over: +102 | Line: 2.5 | Under: -119

--- MATCH ENVIRONMENT ---
Weather: Cloudy
Humidity: 75%
Wind: 3.7m/s (8.3 mph)


--- Summary Set #47 for 05/11/2025 --- 05:28:24 AM ET
==================================================
MATCH #47 OF 89
==================================================

==================================================


----- MATCH SUMMARY -----
Timestamp: 05/11/2025 05:28:24 AM ET
Match ID: 1l4rjnh96ej6m7v
Competition ID: d23xmvkh41dqg8n
Competition: IND DSD (India)
Match: Amity Indian National vs Rangers SC
Score: 0 - 1 (HT: 0 - 1)
Status: Half-time break (Status ID: 3)

--- MATCH BETTING ODDS ---
ML (Money Line):
Time: 4 min | Home: +125 | Draw: +275 | Away: +160

SPREAD (Asia Handicap):
Time: 4 min | Home: -133 | Handicap: 0.0 | Away: +105

Over/Under:
Time: 5 min | Over: -122 | Line: 2.75 | Under: -103

--- MATCH ENVIRONMENT ---
No environment data available for this match


--- Summary Set #48 for 05/11/2025 --- 05:28:24 AM ET
==================================================
MATCH #48 OF 89
==================================================

==================================================


----- MATCH SUMMARY -----
Timestamp: 05/11/2025 05:28:24 AM ET
Match ID: zp5rzghgjxg8q82
Competition ID: p4jwq2ghx87m0ve
Competition: Slovenia 3.Liga (Slovenia)
Match: SD Videm vs NK Podvinci
Score: 1 - 1 (HT: 1 - 1)
Status: Half-time break (Status ID: 3)

--- MATCH BETTING ODDS ---
ML (Money Line):
Time: 6 min | Home: -175 | Draw: +375 | Away: +333

SPREAD (Asia Handicap):
Time: 4 min | Home: -115 | Handicap: 1.0 | Away: -109

Over/Under:
Time: 4 min | Over: -109 | Line: 3.0 | Under: -115

--- MATCH ENVIRONMENT ---
Weather: Sunny
Humidity: 55%
Wind: 2.3m/s (5.1 mph)


--- Summary Set #49 for 05/11/2025 --- 05:28:24 AM ET
==================================================
MATCH #49 OF 89
==================================================

==================================================


----- MATCH SUMMARY -----
Timestamp: 05/11/2025 05:28:24 AM ET
Match ID: x7lm7phz42p7m2w
Competition ID: v2y8m4zhw4ql074
Competition: Romanian Liga II (Romania)
Match: Metaloglobus vs Steaua Bucuresti
Score: 0 - 1 (HT: 0 - 1)
Status: Half-time break (Status ID: 3)

--- MATCH BETTING ODDS ---
ML (Money Line):
Time: 4 min | Home: +210 | Draw: +210 | Away: +125

SPREAD (Asia Handicap):
Time: 4 min | Home: -118 | Handicap: -0.25 | Away: -105

Over/Under:
Time: 4 min | Over: -105 | Line: 2.25 | Under: -118

--- MATCH ENVIRONMENT ---
No environment data available for this match


--- Summary Set #50 for 05/11/2025 --- 05:28:24 AM ET
==================================================
MATCH #50 OF 89
==================================================

==================================================


----- MATCH SUMMARY -----
Timestamp: 05/11/2025 05:28:24 AM ET
Match ID: n54qllhn2jjpqvy
Competition ID: kjw2r09hw04rz84
Competition: Czech Fifth League (Czech Republic)
Match: Jiskra Trebon vs FK Protivin
Score: 3 - 0 (HT: 3 - 0)
Status: Half-time break (Status ID: 3)

--- MATCH BETTING ODDS ---
ML (Money Line):
Time: 2 min | Home: -278 | Draw: +450 | Away: +450 (Closest time to minutes 4-6 available: 2)

SPREAD (Asia Handicap):
Time: 5 min | Home: -110 | Handicap: 0.5 | Away: -123

Over/Under:
Time: 4 min | Over: -118 | Line: 4.25 | Under: -105

--- MATCH ENVIRONMENT ---
No environment data available for this match


--- Summary Set #51 for 05/11/2025 --- 05:28:24 AM ET
==================================================
MATCH #51 OF 89
==================================================

==================================================


----- MATCH SUMMARY -----
Timestamp: 05/11/2025 05:28:24 AM ET
Match ID: 23xmvkh63448qg8
Competition ID: kjw2r09hw04rz84
Competition: Czech Fifth League (Czech Republic)
Match: Pohorelice vs Bystrc Kninicky
Score: 0 - 2 (HT: 0 - 2)
Status: Half-time break (Status ID: 3)

--- MATCH BETTING ODDS ---
ML (Money Line):
Time: 4 min | Home: +187 | Draw: +300 | Away: +100

SPREAD (Asia Handicap):
Time: 7 min | Home: -103 | Handicap: -0.25 | Away: -122 (Closest time to minutes 4-6 available: 7)

Over/Under:
Time: 4 min | Over: -122 | Line: 3.0 | Under: -103

--- MATCH ENVIRONMENT ---
No environment data available for this match


--- Summary Set #52 for 05/11/2025 --- 05:28:25 AM ET
==================================================
MATCH #52 OF 89
==================================================

==================================================


----- MATCH SUMMARY -----
Timestamp: 05/11/2025 05:28:25 AM ET
Match ID: 3glrw7hnwo4dqdy
Competition ID: j1l4rjnh58ym7vx
Competition: AVPL U23 (Australia)
Match: Western United FC U23 vs Caroline Springs George Cross U23
Score: 3 - 0 (HT: 3 - 0)
Status: Half-time break (Status ID: 3)

--- MATCH BETTING ODDS ---

SPREAD (Asia Handicap):
Time: 19 min | Home: -115 | Handicap: 1.75 | Away: -105 (Closest time to minutes 4-6 available: 19)

Over/Under:
Time: 19 min | Over: -101 | Line: 5.25 | Under: -123 (Closest time to minutes 4-6 available: 19)

--- MATCH ENVIRONMENT ---
No environment data available for this match


--- Summary Set #53 for 05/11/2025 --- 05:28:25 AM ET
==================================================
MATCH #53 OF 89
==================================================

==================================================


----- MATCH SUMMARY -----
Timestamp: 05/11/2025 05:28:25 AM ET
Match ID: 4wyrn4hxjxn9q86
Competition ID: jednm9wh0nryox8
Competition: Czech Third League (Czech Republic)
Match: Slovacko II vs Blansko
Score: 0 - 1 (HT: 0 - 1)
Status: Second half (Status ID: 4)

--- MATCH BETTING ODDS ---
ML (Money Line):
Time: 4 min | Home: -120 | Draw: +260 | Away: +250

SPREAD (Asia Handicap):
Time: 4 min | Home: -111 | Handicap: 0.5 | Away: -111

Over/Under:
Time: 4 min | Over: -154 | Line: 2.5 | Under: +105

--- MATCH ENVIRONMENT ---
Weather: Sunny
Humidity: 56%
Wind: 6.1m/s (13.6 mph)


--- Summary Set #54 for 05/11/2025 --- 05:28:25 AM ET
==================================================
MATCH #54 OF 89
==================================================

==================================================


----- MATCH SUMMARY -----
Timestamp: 05/11/2025 05:28:25 AM ET
Match ID: 8yomo4h1700vq0j
Competition ID: gpxwrxlh9voryk0
Competition: Czech Fourth Division (Czech Republic)
Match: Opava II vs FC Vratimov
Score: 1 - 2 (HT: 1 - 1)
Status: Second half (Status ID: 4)

--- MATCH BETTING ODDS ---
ML (Money Line):
Time: 4 min | Home: +125 | Draw: +300 | Away: +150

SPREAD (Asia Handicap):
Time: 4 min | Home: -125 | Handicap: 0.0 | Away: +100

Over/Under:
Time: 4 min | Over: -122 | Line: 3.25 | Under: -103

--- MATCH ENVIRONMENT ---
Weather: Partially cloudy
Humidity: 48%
Wind: 5.1m/s (11.4 mph)


--- Summary Set #55 for 05/11/2025 --- 05:28:25 AM ET
==================================================
MATCH #55 OF 89
==================================================

==================================================


----- MATCH SUMMARY -----
Timestamp: 05/11/2025 05:28:25 AM ET
Match ID: y0or5jh8lggoqwz
Competition ID: kjw2r09hw04rz84
Competition: Czech Fifth League (Czech Republic)
Match: Brumov vs Sokol Nevsova
Score: 0 - 0 (HT: 0 - 0)
Status: Second half (Status ID: 4)

--- MATCH BETTING ODDS ---
ML (Money Line):
Time: 5 min | Home: -625 | Draw: +600 | Away: +900

SPREAD (Asia Handicap):
Time: 4 min | Home: -105 | Handicap: 2.25 | Away: -118

Over/Under:
Time: 4 min | Over: +100 | Line: 3.5 | Under: -125

--- MATCH ENVIRONMENT ---
No environment data available for this match


--- Summary Set #56 for 05/11/2025 --- 05:28:26 AM ET
==================================================
MATCH #56 OF 89
==================================================

==================================================


----- MATCH SUMMARY -----
Timestamp: 05/11/2025 05:28:26 AM ET
Match ID: 6ypq3nh323ezmd7
Competition ID: jednm9wh0nryox8
Competition: Czech Third League (Czech Republic)
Match: Bohemians1905 B vs Taborsko Akademie
Score: 2 - 0 (HT: 2 - 0)
Status: Second half (Status ID: 4)

--- MATCH BETTING ODDS ---
ML (Money Line):
Time: 4 min | Home: +110 | Draw: +275 | Away: +187

SPREAD (Asia Handicap):
Time: 4 min | Home: -109 | Handicap: 0.25 | Away: -115

Over/Under:
Time: 4 min | Over: -123 | Line: 3.0 | Under: -112

--- MATCH ENVIRONMENT ---
Weather: Partially cloudy
Humidity: 57%
Wind: 2.0m/s (4.5 mph)


--- Summary Set #57 for 05/11/2025 --- 05:28:26 AM ET
==================================================
MATCH #57 OF 89
==================================================

==================================================


----- MATCH SUMMARY -----
Timestamp: 05/11/2025 05:28:26 AM ET
Match ID: pxwrxlh565ejryk
Competition ID: jednm9wh0nryox8
Competition: Czech Third League (Czech Republic)
Match: Dukla Praha B vs Admira Praha
Score: 2 - 0 (HT: 1 - 0)
Status: Second half (Status ID: 4)

--- MATCH BETTING ODDS ---
ML (Money Line):
Time: 4 min | Home: +187 | Draw: +250 | Away: +120

SPREAD (Asia Handicap):
Time: 4 min | Home: -130 | Handicap: -0.25 | Away: +102

Over/Under:
Time: 4 min | Over: +100 | Line: 2.75 | Under: -125

--- MATCH ENVIRONMENT ---
Weather: Partially cloudy
Humidity: 51%
Wind: 3.7m/s (8.3 mph)


--- Summary Set #58 for 05/11/2025 --- 05:28:26 AM ET
==================================================
MATCH #58 OF 89
==================================================

==================================================


----- MATCH SUMMARY -----
Timestamp: 05/11/2025 05:28:26 AM ET
Match ID: 965mkyhkl05yr1g
Competition ID: kjw2r09hje5rz84
Competition: Mongolia Premier League (Mongolia)
Match: Tuv Buganuud vs Khovd
Score: 0 - 0 (HT: 0 - 0)
Status: Postponed (Status ID: 9)

--- MATCH BETTING ODDS ---


--- MATCH ENVIRONMENT ---
No environment data available for this match


--- Summary Set #59 for 05/11/2025 --- 05:28:26 AM ET
==================================================
MATCH #59 OF 89
==================================================

==================================================


----- MATCH SUMMARY -----
Timestamp: 05/11/2025 05:28:26 AM ET
Match ID: x7lm7phzj8ezm2w
Competition ID: p4jwq2gh9ym0veo
Competition: Czech National Football League (Czech Republic)
Match: Slavia Praha B vs Brno
Score: 0 - 0 (HT: 0 - 0)
Status: Second half (Status ID: 4)

--- MATCH BETTING ODDS ---
ML (Money Line):
Time: 3 min | Home: -139 | Draw: +300 | Away: +300 (Closest time to minutes 4-6 available: 3)

SPREAD (Asia Handicap):
Time: 4 min | Home: -103 | Handicap: 0.75 | Away: -122

Over/Under:
Time: 4 min | Over: -103 | Line: 2.75 | Under: -122

--- MATCH ENVIRONMENT ---
Weather: Partially cloudy
Humidity: 57%
Wind: 2.0m/s (4.5 mph)


--- Summary Set #60 for 05/11/2025 --- 05:28:27 AM ET
==================================================
MATCH #60 OF 89
==================================================

==================================================


----- MATCH SUMMARY -----
Timestamp: 05/11/2025 05:28:27 AM ET
Match ID: pxwrxlh5yeolryk
Competition ID: p4jwq2gh9ym0veo
Competition: Czech National Football League (Czech Republic)
Match: Viktoria Zizkov vs Sparta Praha B
Score: 0 - 1 (HT: 0 - 1)
Status: Second half (Status ID: 4)

--- MATCH BETTING ODDS ---
ML (Money Line):
Time: 4 min | Home: +110 | Draw: +240 | Away: +225

SPREAD (Asia Handicap):
Time: 4 min | Home: -120 | Handicap: 0.25 | Away: +101

Over/Under:
Time: 4 min | Over: -118 | Line: 2.75 | Under: -105

--- MATCH ENVIRONMENT ---
Weather: Partially cloudy
Humidity: 57%
Wind: 2.0m/s (4.5 mph)


--- Summary Set #61 for 05/11/2025 --- 05:28:27 AM ET
==================================================
MATCH #61 OF 89
==================================================

==================================================


----- MATCH SUMMARY -----
Timestamp: 05/11/2025 05:28:27 AM ET
Match ID: 318q66hwl2npqo9
Competition ID: 9dn1m1gh5gmoepl
Competition: Chinese Football League 2 (China)
Match: Hangzhou Linping Wuyue vs Tai'an Tiankuang
Score: 1 - 1 (HT: 1 - 1)
Status: Second half (Status ID: 4)

--- MATCH BETTING ODDS ---
ML (Money Line):
Time: 4 min | Home: +120 | Draw: +175 | Away: +250

SPREAD (Asia Handicap):
Time: 4 min | Home: -109 | Handicap: 0.25 | Away: -115

Over/Under:
Time: 4 min | Over: -105 | Line: 1.75 | Under: -118

--- MATCH ENVIRONMENT ---
Weather: Sunny
Humidity: 27%
Wind: 5.8m/s (13.0 mph)


--- Summary Set #62 for 05/11/2025 --- 05:28:27 AM ET
==================================================
MATCH #62 OF 89
==================================================

==================================================


----- MATCH SUMMARY -----
Timestamp: 05/11/2025 05:28:27 AM ET
Match ID: dn1m1gh267kymoe
Competition ID: 9dn1m1gh5gmoepl
Competition: Chinese Football League 2 (China)
Match: Hubei Istar vs Beijing IT
Score: 3 - 0 (HT: 1 - 0)
Status: Second half (Status ID: 4)

--- MATCH BETTING ODDS ---
ML (Money Line):
Time: 4 min | Home: +120 | Draw: +187 | Away: +240

SPREAD (Asia Handicap):
Time: 4 min | Home: -109 | Handicap: 0.25 | Away: -115

Over/Under:
Time: 4 min | Over: +100 | Line: 2.0 | Under: -125

--- MATCH ENVIRONMENT ---
Weather: Sunny
Humidity: 28%
Wind: 4.3m/s (9.6 mph)


--- Summary Set #63 for 05/11/2025 --- 05:28:27 AM ET
==================================================
MATCH #63 OF 89
==================================================

==================================================


----- MATCH SUMMARY -----
Timestamp: 05/11/2025 05:28:27 AM ET
Match ID: 4wyrn4hxgxoyq86
Competition ID: kjw2r09hwl5rz84
Competition: Chinese Football Association Member Association Champions League (China)
Match: Ili Tianshan Flower Sea vs Baoding Bootscity Athletics Football Club
Score: 0 - 0 (HT: 0 - 0)
Status: Second half (Status ID: 4)

--- MATCH BETTING ODDS ---


--- MATCH ENVIRONMENT ---
No environment data available for this match


--- Summary Set #64 for 05/11/2025 --- 05:28:28 AM ET
==================================================
MATCH #64 OF 89
==================================================

==================================================


----- MATCH SUMMARY -----
Timestamp: 05/11/2025 05:28:28 AM ET
Match ID: 6ypq3nh3yyp1md7
Competition ID: e4wyrn4h8z1q86p
Competition: National Premier Leagues Victoria 2 (Australia)
Match: Melbourne City NPL vs Brunswick City
Score: 3 - 0 (HT: 2 - 0)
Status: Second half (Status ID: 4)

--- MATCH BETTING ODDS ---
ML (Money Line):
Time: 4 min | Home: -200 | Draw: +375 | Away: +350

SPREAD (Asia Handicap):
Time: 4 min | Home: -103 | Handicap: 1.25 | Away: -122

Over/Under:
Time: 4 min | Over: -105 | Line: 3.75 | Under: -118

--- MATCH ENVIRONMENT ---
Weather: Sunny
Humidity: 49%
Wind: 4.8m/s (10.7 mph)


--- Summary Set #65 for 05/11/2025 --- 05:28:28 AM ET
==================================================
MATCH #65 OF 89
==================================================

==================================================


----- MATCH SUMMARY -----
Timestamp: 05/11/2025 05:28:28 AM ET
Match ID: dj2ryohlkg9eq1z
Competition ID: 9vjxm8ghjx1r6od
Competition: Australia Queensland State Women's League (Australia)
Match: Capalaba (w) vs Brisbane Olympic (w)
Score: 0 - 0 (HT: 0 - 0)
Status: Abandoned (Status ID: 13)

--- MATCH BETTING ODDS ---
ML (Money Line):
Time: pre-match min | Home: +100 | Draw: +250 | Away: +210 (Closest time to minutes 4-6 available: pre-match)

SPREAD (Asia Handicap):
Time: pre-match min | Home: -125 | Handicap: 0.25 | Away: +100 (Closest time to minutes 4-6 available: pre-match)

Over/Under:
Time: pre-match min | Over: +102 | Line: 3.25 | Under: -130 (Closest time to minutes 4-6 available: pre-match)

--- MATCH ENVIRONMENT ---
Weather: Unknown (9)
Humidity: 85%
Wind: 3.7m/s (8.3 mph)


--- Summary Set #66 for 05/11/2025 --- 05:28:28 AM ET
==================================================
MATCH #66 OF 89
==================================================

==================================================


----- MATCH SUMMARY -----
Timestamp: 05/11/2025 05:28:28 AM ET
Match ID: l7oqdehop7wxr51
Competition ID: v2y8m4zh3p5ql07
Competition: Australia Brisbane Capital League 1 (Australia)
Match: Centenary Stormers vs Redcliffe PCYC
Score: 2 - 1 (HT: 1 - 0)
Status: Second half (Status ID: 4)

--- MATCH BETTING ODDS ---
ML (Money Line):
Time: 5 min | Home: +450 | Draw: +450 | Away: -250

SPREAD (Asia Handicap):
Time: 4 min | Home: -103 | Handicap: -1.5 | Away: -122

Over/Under:
Time: 4 min | Over: -109 | Line: 4.75 | Under: -115

--- MATCH ENVIRONMENT ---
Weather: Sunny
Humidity: 40%
Wind: 4.1m/s (9.2 mph)


--- Summary Set #67 for 05/11/2025 --- 05:28:28 AM ET
==================================================
MATCH #67 OF 89
==================================================

==================================================


----- MATCH SUMMARY -----
Timestamp: 05/11/2025 05:28:28 AM ET
Match ID: vjxm8ghevn3pr6o
Competition ID: v2y8m4zhgxoql07
Competition: Western Australia Women's League (Australia)
Match: Subiaco AFC (w) vs Murdoch University Melville FC (w)
Score: 3 - 0 (HT: 2 - 0)
Status: Second half (Status ID: 4)

--- MATCH BETTING ODDS ---

SPREAD (Asia Handicap):
Time: 9 min | Home: -125 | Handicap: 2.5 | Away: -111 (Closest time to minutes 4-6 available: 9)

Over/Under:
Time: 10 min | Over: -120 | Line: 5.5 | Under: -115 (Closest time to minutes 4-6 available: 10)

--- MATCH ENVIRONMENT ---
No environment data available for this match


--- Summary Set #68 for 05/11/2025 --- 05:28:29 AM ET
==================================================
MATCH #68 OF 89
==================================================

==================================================


----- MATCH SUMMARY -----
Timestamp: 05/11/2025 05:28:29 AM ET
Match ID: k82rekhwl6ndrep
Competition ID: 9dn1m1gh5gmoepl
Competition: Chinese Football League 2 (China)
Match: Haimen Codion vs Jiangxi Lushan
Score: 4 - 1 (HT: 1 - 0)
Status: Finished (Status ID: 8)

--- MATCH BETTING ODDS ---
ML (Money Line):
Time: 4 min | Home: +187 | Draw: +175 | Away: +160

SPREAD (Asia Handicap):
Time: 4 min | Home: -103 | Handicap: 0.0 | Away: -122

Over/Under:
Time: 4 min | Over: -115 | Line: 1.5 | Under: -109

--- MATCH ENVIRONMENT ---
Weather: Sunny
Humidity: 27%
Wind: 5.6m/s (12.5 mph)


--- Summary Set #69 for 05/11/2025 --- 05:28:29 AM ET
==================================================
MATCH #69 OF 89
==================================================

==================================================


----- MATCH SUMMARY -----
Timestamp: 05/11/2025 05:28:29 AM ET
Match ID: 4wyrn4h68v2dq86
Competition ID: vl7oqdehlenr510
Competition: Chinese Hong Kong Division 3 (China)
Match: Ravia SA vs Kln City District RSC
Score: 0 - 4 (HT: 0 - 0)
Status: Finished (Status ID: 8)

--- MATCH BETTING ODDS ---
ML (Money Line):
Time: 4 min | Home: +550 | Draw: +375 | Away: -278

SPREAD (Asia Handicap):
Time: 4 min | Home: -118 | Handicap: -1.5 | Away: -105

Over/Under:
Time: 4 min | Over: -115 | Line: 3.25 | Under: -109

--- MATCH ENVIRONMENT ---
Weather: Cloudy
Humidity: 55%
Wind: 4.0m/s (8.9 mph)


--- Summary Set #70 for 05/11/2025 --- 05:28:29 AM ET
==================================================
MATCH #70 OF 89
==================================================

==================================================


----- MATCH SUMMARY -----
Timestamp: 05/11/2025 05:28:29 AM ET
Match ID: l5ergph4onyer8k
Competition ID: vl7oqdehlenr510
Competition: Chinese Hong Kong Division 3 (China)
Match: Pak Hei vs Islands District FT
Score: 0 - 0 (HT: 0 - 0)
Status: Finished (Status ID: 8)

--- MATCH BETTING ODDS ---
ML (Money Line):
Time: 4 min | Home: +220 | Draw: +300 | Away: -111

SPREAD (Asia Handicap):
Time: 4 min | Home: -103 | Handicap: -0.25 | Away: -132

Over/Under:
Time: 4 min | Over: -111 | Line: 3.0 | Under: -111

--- MATCH ENVIRONMENT ---
Weather: Cloudy
Humidity: 57%
Wind: 4.0m/s (8.9 mph)


--- Summary Set #71 for 05/11/2025 --- 05:28:29 AM ET
==================================================
MATCH #71 OF 89
==================================================

==================================================


----- MATCH SUMMARY -----
Timestamp: 05/11/2025 05:28:29 AM ET
Match ID: pxwrxlhygz3xryk
Competition ID: vl7oqdehlenr510
Competition: Chinese Hong Kong Division 3 (China)
Match: Konter vs Orion FC
Score: 4 - 2 (HT: 3 - 2)
Status: Finished (Status ID: 8)

--- MATCH BETTING ODDS ---
ML (Money Line):
Time: 6 min | Home: -250 | Draw: +400 | Away: +500

SPREAD (Asia Handicap):
Time: 4 min | Home: -111 | Handicap: 0.5 | Away: -111

Over/Under:
Time: 4 min | Over: -111 | Line: 3.0 | Under: -111

--- MATCH ENVIRONMENT ---
Weather: Cloudy
Humidity: 55%
Wind: 4.0m/s (8.9 mph)


--- Summary Set #72 for 05/11/2025 --- 05:28:30 AM ET
==================================================
MATCH #72 OF 89
==================================================

==================================================


----- MATCH SUMMARY -----
Timestamp: 05/11/2025 05:28:30 AM ET
Match ID: 2y8m4zh6olnjql0
Competition ID: kn54qllh25dqvy9
Competition: Korean K League 2 (South Korea)
Match: Chungbuk Cheongju FC vs Busan I Park
Score: 0 - 2 (HT: 0 - 0)
Status: Finished (Status ID: 8)

--- MATCH BETTING ODDS ---
ML (Money Line):
Time: 5 min | Home: +210 | Draw: +220 | Away: +120

SPREAD (Asia Handicap):
Time: 4 min | Home: -123 | Handicap: -0.25 | Away: -110

Over/Under:
Time: 4 min | Over: +100 | Line: 2.25 | Under: -125

--- MATCH ENVIRONMENT ---
Weather: Partially cloudy
Humidity: 60%
Wind: 3.1m/s (6.9 mph)


--- Summary Set #73 for 05/11/2025 --- 05:28:30 AM ET
==================================================
MATCH #73 OF 89
==================================================

==================================================


----- MATCH SUMMARY -----
Timestamp: 05/11/2025 05:28:30 AM ET
Match ID: 8yomo4h3pn92q0j
Competition ID: kn54qllh25dqvy9
Competition: Korean K League 2 (South Korea)
Match: Jeonnam Dragons vs Seongnam FC
Score: 2 - 1 (HT: 1 - 0)
Status: Finished (Status ID: 8)

--- MATCH BETTING ODDS ---
ML (Money Line):
Time: 4 min | Home: -111 | Draw: +260 | Away: +260

SPREAD (Asia Handicap):
Time: 4 min | Home: +100 | Handicap: 0.5 | Away: -111

Over/Under:
Time: 4 min | Over: -122 | Line: 2.25 | Under: -103

--- MATCH ENVIRONMENT ---
Weather: Partially cloudy
Humidity: 59%
Wind: 3.1m/s (6.9 mph)


--- Summary Set #74 for 05/11/2025 --- 05:28:30 AM ET
==================================================
MATCH #74 OF 89
==================================================

==================================================


----- MATCH SUMMARY -----
Timestamp: 05/11/2025 05:28:30 AM ET
Match ID: 3glrw7h78v4yqdy
Competition ID: kjw2r09hl4yrz84
Competition: South Australia National Premier Leagues (Australia)
Match: White City Woodville vs Croydon Kings
Score: 2 - 1 (HT: 2 - 1)
Status: Second half (Status ID: 4)

--- MATCH BETTING ODDS ---
ML (Money Line):
Time: 4 min | Home: +130 | Draw: +300 | Away: +137

SPREAD (Asia Handicap):
Time: 4 min | Home: -118 | Handicap: 0.0 | Away: -105

Over/Under:
Time: 4 min | Over: -111 | Line: 3.25 | Under: -111

--- MATCH ENVIRONMENT ---
Weather: Partially cloudy
Humidity: 58%
Wind: 0.1m/s (0.2 mph)


--- Summary Set #75 for 05/11/2025 --- 05:28:30 AM ET
==================================================
MATCH #75 OF 89
==================================================

==================================================


----- MATCH SUMMARY -----
Timestamp: 05/11/2025 05:28:30 AM ET
Match ID: 23xmvkh85258qg8
Competition ID: gy0or5jhlxgqwzv
Competition: Korean K League 1 (South Korea)
Match: Jeju SK FC vs Ulsan HD FC
Score: 1 - 2 (HT: 0 - 1)
Status: Second half (Status ID: 4)

--- MATCH BETTING ODDS ---
ML (Money Line):
Time: 5 min | Home: +300 | Draw: +225 | Away: +100

SPREAD (Asia Handicap):
Time: 4 min | Home: -120 | Handicap: -0.5 | Away: +105

Over/Under:
Time: 4 min | Over: +100 | Line: 2.25 | Under: -125

--- MATCH ENVIRONMENT ---
Weather: Windy
Humidity: 76%
Wind: 4.1m/s (9.2 mph)


--- Summary Set #76 for 05/11/2025 --- 05:28:31 AM ET
==================================================
MATCH #76 OF 89
==================================================

==================================================


----- MATCH SUMMARY -----
Timestamp: 05/11/2025 05:28:31 AM ET
Match ID: l7oqdehopyw4r51
Competition ID: kjw2r09heyrz84o
Competition: Chinese Hong Kong First Division (China)
Match: 3 Sing FC vs Hoi King
Score: 0 - 1 (HT: 0 - 1)
Status: Second half (Status ID: 4)

--- MATCH BETTING ODDS ---
ML (Money Line):
Time: 7 min | Home: -125 | Draw: +333 | Away: +225 (Closest time to minutes 4-6 available: 7)

SPREAD (Asia Handicap):
Time: 4 min | Home: +100 | Handicap: 0.75 | Away: -125

Over/Under:
Time: 4 min | Over: -109 | Line: 3.75 | Under: -115

--- MATCH ENVIRONMENT ---
Weather: Cloudy
Humidity: 56%
Wind: 4.0m/s (8.9 mph)


--- Summary Set #77 for 05/11/2025 --- 05:28:31 AM ET
==================================================
MATCH #77 OF 89
==================================================

==================================================


----- MATCH SUMMARY -----
Timestamp: 05/11/2025 05:28:31 AM ET
Match ID: 8yomo4h3wl7eq0j
Competition ID: z318q66h91qo9jd
Competition: Chinese Football League 1 (China)
Match: Qingdao Red Lions vs Suzhou Dongwu
Score: 0 - 1 (HT: 0 - 0)
Status: Finished (Status ID: 8)

--- MATCH BETTING ODDS ---
ML (Money Line):
Time: 4 min | Home: +275 | Draw: +240 | Away: -111

SPREAD (Asia Handicap):
Time: 4 min | Home: -122 | Handicap: -0.5 | Away: -103

Over/Under:
Time: 4 min | Over: -118 | Line: 2.0 | Under: -105

--- MATCH ENVIRONMENT ---
Weather: Sunny
Humidity: 34%
Wind: 7.8m/s (17.4 mph)


--- Summary Set #78 for 05/11/2025 --- 05:28:31 AM ET
==================================================
MATCH #78 OF 89
==================================================

==================================================


----- MATCH SUMMARY -----
Timestamp: 05/11/2025 05:28:31 AM ET
Match ID: zp5rzgh5nl52q82
Competition ID: 9vjxm8ghp76r6od
Competition: Australia New South Wales Women's League (Australia)
Match: Aime Rigi (w) vs Mt Druitt Town Rangers FC (W)
Score: 5 - 2 (HT: 2 - 1)
Status: Finished (Status ID: 8)

--- MATCH BETTING ODDS ---

SPREAD (Asia Handicap):
Time: 27 min | Home: -104 | Handicap: -1.0 | Away: -135 (Closest time to minutes 4-6 available: 27)

Over/Under:
Time: 27 min | Over: -111 | Line: 4.5 | Under: -125 (Closest time to minutes 4-6 available: 27)

--- MATCH ENVIRONMENT ---
No environment data available for this match


--- Summary Set #79 for 05/11/2025 --- 05:28:31 AM ET
==================================================
MATCH #79 OF 89
==================================================

==================================================


----- MATCH SUMMARY -----
Timestamp: 05/11/2025 05:28:31 AM ET
Match ID: zp5rzgh5lzg5q82
Competition ID: yl5ergphn1kr8k0
Competition: QLD D2 (Australia)
Match: Pine Hills vs Taringa Rovers
Score: 0 - 0 (HT: 0 - 0)
Status: Postponed (Status ID: 9)

--- MATCH BETTING ODDS ---
ML (Money Line):
Time: pre-match min | Home: -189 | Draw: +400 | Away: +290 (Closest time to minutes 4-6 available: pre-match)

SPREAD (Asia Handicap):
Time: pre-match min | Home: -103 | Handicap: 1.25 | Away: -122 (Closest time to minutes 4-6 available: pre-match)

Over/Under:
Time: pre-match min | Over: -103 | Line: 4.5 | Under: -122 (Closest time to minutes 4-6 available: pre-match)

--- MATCH ENVIRONMENT ---
No environment data available for this match


--- Summary Set #80 for 05/11/2025 --- 05:28:32 AM ET
==================================================
MATCH #80 OF 89
==================================================

==================================================


----- MATCH SUMMARY -----
Timestamp: 05/11/2025 05:28:32 AM ET
Match ID: y0or5jhn9x91qwz
Competition ID: kdj2ryoh2kq1zpg
Competition: French Championnat National 2 (France)
Match: AS Furiani Agliani vs Creteil
Score: 0 - 0 (HT: 0 - 0)
Status: Finished (Status ID: 8)

--- MATCH BETTING ODDS ---

SPREAD (Asia Handicap):
Time: pre-match min | Home: -116 | Handicap: 0.25 | Away: -108 (Closest time to minutes 4-6 available: pre-match)

Over/Under:
Time: pre-match min | Over: -114 | Line: 2.25 | Under: -110 (Closest time to minutes 4-6 available: pre-match)

--- MATCH ENVIRONMENT ---
Weather: Sunny
Humidity: 71%
Wind: 3.2m/s (7.2 mph)


--- Summary Set #81 for 05/11/2025 --- 05:28:32 AM ET
==================================================
MATCH #81 OF 89
==================================================

==================================================


----- MATCH SUMMARY -----
Timestamp: 05/11/2025 05:28:32 AM ET
Match ID: n54qllhn2j5dqvy
Competition ID: jednm9wh2g4ryox
Competition: IRE U20 (Ireland)
Match: Finn Harps U20 vs Derry City U20
Score: 2 - 1 (HT: 1 - 0)
Status: Finished (Status ID: 8)

--- MATCH BETTING ODDS ---
ML (Money Line):
Time: 5 min | Home: -227 | Draw: +400 | Away: +450

SPREAD (Asia Handicap):
Time: 4 min | Home: -123 | Handicap: 1.25 | Away: -109

Over/Under:
Time: 4 min | Over: -108 | Line: 3.0 | Under: -123

--- MATCH ENVIRONMENT ---
Weather: Sunny
Humidity: 36%
Wind: 4.8m/s (10.7 mph)


--- Summary Set #82 for 05/11/2025 --- 05:28:32 AM ET
==================================================
MATCH #82 OF 89
==================================================

==================================================


----- MATCH SUMMARY -----
Timestamp: 05/11/2025 05:28:32 AM ET
Match ID: dj2ryohlky40q1z
Competition ID: 9vjxm8ghj40r6od
Competition: Ireland Women's League (Ireland)
Match: Shelbourne (w) vs Galway LFC (w)
Score: 2 - 1 (HT: 1 - 1)
Status: Finished (Status ID: 8)

--- MATCH BETTING ODDS ---
ML (Money Line):
Time: 3 min | Home: -250 | Draw: +450 | Away: +500 (Closest time to minutes 4-6 available: 3)

SPREAD (Asia Handicap):
Time: 4 min | Home: -125 | Handicap: 1.25 | Away: +100

Over/Under:
Time: 4 min | Over: +100 | Line: 3.25 | Under: -125

--- MATCH ENVIRONMENT ---
Weather: Sunny
Humidity: 38%
Wind: 5.1m/s (11.4 mph)


--- Summary Set #83 for 05/11/2025 --- 05:28:32 AM ET
==================================================
MATCH #83 OF 89
==================================================

==================================================


----- MATCH SUMMARY -----
Timestamp: 05/11/2025 05:28:32 AM ET
Match ID: x7lm7phjk9gwm2w
Competition ID: jednm9wh2g4ryox
Competition: IRE U20 (Ireland)
Match: Dundalk U20 vs Drogheda United U20
Score: 0 - 2 (HT: 0 - 1)
Status: Finished (Status ID: 8)

--- MATCH BETTING ODDS ---
ML (Money Line):
Time: 6 min | Home: +400 | Draw: +375 | Away: -200

SPREAD (Asia Handicap):
Time: 5 min | Home: -130 | Handicap: -0.25 | Away: +102

Over/Under:
Time: 4 min | Over: -105 | Line: 4.0 | Under: -118

--- MATCH ENVIRONMENT ---
Weather: Sunny
Humidity: 74%
Wind: 5.1m/s (11.4 mph)


--- Summary Set #84 for 05/11/2025 --- 05:28:33 AM ET
==================================================
MATCH #84 OF 89
==================================================

==================================================


----- MATCH SUMMARY -----
Timestamp: 05/11/2025 05:28:33 AM ET
Match ID: 8yomo4h1e7yzq0j
Competition ID: v2y8m4zhv6ql074
Competition: Israel Leumit League (Israel)
Match: Kafr Qasim vs  Hapoel Nof HaGalil
Score: 2 - 0 (HT: 0 - 0)
Status: Finished (Status ID: 8)

--- MATCH BETTING ODDS ---
ML (Money Line):
Time: 4 min | Home: +175 | Draw: +220 | Away: +150

SPREAD (Asia Handicap):
Time: 4 min | Home: -122 | Handicap: -0.25 | Away: -114

Over/Under:
Time: 4 min | Over: -115 | Line: 2.25 | Under: -109

--- MATCH ENVIRONMENT ---
Weather: Sunny
Humidity: 41%
Wind: 7.0m/s (15.7 mph)


--- Summary Set #85 for 05/11/2025 --- 05:28:33 AM ET
==================================================
MATCH #85 OF 89
==================================================

==================================================


----- MATCH SUMMARY -----
Timestamp: 05/11/2025 05:28:33 AM ET
Match ID: 23xmvkh87o0oqg8
Competition ID: 56ypq3nh01nmd7o
Competition: Egyptian Premier League (Egypt)
Match: Al Ahly FC vs Al Masry
Score: 4 - 2 (HT: 2 - 1)
Status: Finished (Status ID: 8)

--- MATCH BETTING ODDS ---
ML (Money Line):
Time: 4 min | Home: -200 | Draw: +333 | Away: +550

SPREAD (Asia Handicap):
Time: 4 min | Home: -122 | Handicap: 1.0 | Away: +106

Over/Under:
Time: 4 min | Over: -103 | Line: 2.5 | Under: -122

--- MATCH ENVIRONMENT ---
Weather: Partially cloudy
Humidity: 52%
Wind: 3.1m/s (6.9 mph)


--- Summary Set #86 for 05/11/2025 --- 05:28:33 AM ET
==================================================
MATCH #86 OF 89
==================================================

==================================================


----- MATCH SUMMARY -----
Timestamp: 05/11/2025 05:28:33 AM ET
Match ID: 6ypq3nh327zpmd7
Competition ID: v2y8m4zhydql074
Competition: Uruguay Primera Division (Uruguay)
Match: Cerro Montevideo vs Nacional Montevideo
Score: 0 - 4 (HT: 0 - 1)
Status: Finished (Status ID: 8)

--- MATCH BETTING ODDS ---
ML (Money Line):
Time: 4 min | Home: +800 | Draw: +400 | Away: -333

SPREAD (Asia Handicap):
Time: 4 min | Home: -118 | Handicap: -1.5 | Away: -105

Over/Under:
Time: 4 min | Over: -115 | Line: 2.75 | Under: -109

--- MATCH ENVIRONMENT ---
Weather: Sunny
Humidity: 63%
Wind: 2.9m/s (6.5 mph)


--- Summary Set #87 for 05/11/2025 --- 05:28:33 AM ET
==================================================
MATCH #87 OF 89
==================================================

==================================================


----- MATCH SUMMARY -----
Timestamp: 05/11/2025 05:28:33 AM ET
Match ID: 8yomo4h3wkj8q0j
Competition ID: l965mkyhdgr1ge4
Competition: Chilean Primera B (Chile)
Match: D. Concepcion vs Santiago Morning
Score: 3 - 0 (HT: 2 - 0)
Status: Finished (Status ID: 8)

--- MATCH BETTING ODDS ---
ML (Money Line):
Time: 4 min | Home: +137 | Draw: +200 | Away: +187

SPREAD (Asia Handicap):
Time: 4 min | Home: -101 | Handicap: 0.25 | Away: -130

Over/Under:
Time: 4 min | Over: +105 | Line: 2.25 | Under: -133

--- MATCH ENVIRONMENT ---
Weather: Sunny
Humidity: 39%
Wind: 1.2m/s (2.7 mph)


--- Summary Set #88 for 05/11/2025 --- 05:28:34 AM ET
==================================================
MATCH #88 OF 89
==================================================

==================================================


----- MATCH SUMMARY -----
Timestamp: 05/11/2025 05:28:34 AM ET
Match ID: x7lm7phzl3o6m2w
Competition ID: v2y8m4zhydql074
Competition: Uruguay Primera Division (Uruguay)
Match: Montevideo City Torque vs Montevideo Wanderers FC
Score: 0 - 0 (HT: 0 - 0)
Status: Finished (Status ID: 8)

--- MATCH BETTING ODDS ---
ML (Money Line):
Time: 4 min | Home: +160 | Draw: +210 | Away: +175

SPREAD (Asia Handicap):
Time: 4 min | Home: -122 | Handicap: 0.0 | Away: -104

Over/Under:
Time: 4 min | Over: -108 | Line: 2.25 | Under: -115

--- MATCH ENVIRONMENT ---
Weather: Partially cloudy
Humidity: 88%
Wind: 1.8m/s (4.0 mph)


--- Summary Set #89 for 05/11/2025 --- 05:28:34 AM ET
==================================================
MATCH #89 OF 89
==================================================

==================================================


----- MATCH SUMMARY -----
Timestamp: 05/11/2025 05:28:34 AM ET
Match ID: 23xmvkh6v38yqg8
Competition ID: v2y8m4zhv6ql074
Competition: Israel Leumit League (Israel)
Match: Hapoel Ramat Gan vs Maccabi Herzliya
Score: 2 - 0 (HT: 2 - 0)
Status: Finished (Status ID: 8)

--- MATCH BETTING ODDS ---
ML (Money Line):
Time: 4 min | Home: -105 | Draw: +300 | Away: +210

SPREAD (Asia Handicap):
Time: 4 min | Home: -130 | Handicap: 0.25 | Away: +102

Over/Under:
Time: 4 min | Over: -125 | Line: 2.75 | Under: +100

--- MATCH ENVIRONMENT ---
Weather: Sunny
Humidity: 40%
Wind: 8.4m/s (18.8 mph)


==================================================
END OF LIVE MATCH DATA - 89 MATCHES DISPLAYED
DATABASE STATUS: ✅ Connected - Processed 89 match records
  - Records archived to Supabase 'archived_json' table
==================================================

Processing 89 deferred match alerts...
Memory stats - Previous matches: 89, Deferred alerts: 0

----- MEMORY STATS -----
Previous matches: 89
Deferred alerts: 0
------------------------------
Refreshing in 30 seconds... (Press Ctrl+C to exit)

===== COMPLETED PROCESSING ALL MATCHES - NOW RUNNING MONITORS =====

✓ Entity cache system initialized at /tmp/sports_bot_cache
✓ Asyncio exception handler installed
✓ Patched asyncio.run to ensure all loops use our exception handler
✓ Added project root to sys.path
✓ Supabase connection established
🔍 DEBUG — CWD: /root/CascadeProjects/sports_bot/football
🔍 DEBUG — PYTHONPATH: None
Running system module verification...
Verifying system modules...
Module verification complete: 7/7 successful
✅ All modules verified successfully
System verification completed
✓ Logger modules imported successfully

==================================================
LOGGER STARTED AT: 05/11/2025 05:28:34 AM ET
==================================================


✓ Telegram notification system initialized
✓ Alert system loaded successfully with 1 alert modules
✓ Error monitoring threads started
Performance monitoring started in background
✓ Core async libraries imported successfully

===== NOW CHECKING TELEGRAM =====

[Telegram] Polling for updates (this will take up to 20 seconds)
[Telegram] Received 1 updates
[Telegram] Status command received from authorized chat
🔥 SIMULATED ERROR: Raising exception in thread
❌ Thread 'ErrorThread' crashed: COMBINED_TEST_THREAD_ERROR - This is an intentional test exception
Traceback (most recent call last):
  File "/usr/lib/python3.12/threading.py", line 1073, in _bootstrap_inner
    self.run()
  File "/usr/lib/python3.12/threading.py", line 1010, in run
    self._target(*self._args, **self._kwargs)
  File "/root/CascadeProjects/sports_bot/football/tools/monitor_live.py", line 10, in raise_thread_error
    raise Exception("COMBINED_TEST_THREAD_ERROR - This is an intentional test exception")
Exception: COMBINED_TEST_THREAD_ERROR - This is an intentional test exception

[Telegram] Processed 1 commands

Waiting 10 more seconds before next update cycle...

🔥 SIMULATED ERROR: Raising exception in asyncio task
❌ Asyncio error: COMBINED_TEST_ASYNCIO_ERROR - This is an intentional test exception
Traceback (most recent call last):
  File "/root/CascadeProjects/sports_bot/football/tools/monitor_live.py", line 17, in async_error
    raise Exception("COMBINED_TEST_ASYNCIO_ERROR - This is an intentional test exception")
Exception: COMBINED_TEST_ASYNCIO_ERROR - This is an intentional test exception

Fetching live matches...

===== FOUND 90 LIVE FOOTBALL MATCHES =====

[H[2J[3J
===== BRIEF SUMMARY CYCLE #4 AT 05:29:12 AM ET =====

MATCH #1 OF 90

----- MATCH SUMMARY -----
Timestamp: 05/11/2025 05:29:12 AM ET
Match ID: 6ypq3nhv0l4lmd7
Competition ID: kn54qllh745qvy9
Competition: LBN U20 (Unknown Country)
Match: Shabab Al-Sahel U20 vs Shabab Al Ghazieh U20
Score: 0 - 0 (HT: 0 - 0)
Status: First half (Status ID: 2)

--- MATCH BETTING ODDS ---
ML (Money Line):
Time: 8 min | Home: -400 | Draw: +550 | Away: +650 (Closest time to minutes 4-6 available: 8)

SPREAD (Asia Handicap):
Time: 7 min | Home: +100 | Handicap: 2.0 | Away: -125 (Closest time to minutes 4-6 available: 7)

Over/Under:
Time: 7 min | Over: -109 | Line: 3.25 | Under: -115 (Closest time to minutes 4-6 available: 7)

--- MATCH ENVIRONMENT ---
No environment data available for this match


--- Summary Set #90 for 05/11/2025 --- 05:29:12 AM ET
==================================================
MATCH #2 OF 90
==================================================

==================================================


----- MATCH SUMMARY -----
Timestamp: 05/11/2025 05:29:12 AM ET
Match ID: 3glrw7h79pg5qdy
Competition ID: j1l4rjnhz53m7vx
Competition: German Women's Bundesliga II (Germany)
Match: FFC Frankfurt II (w) vs SV Meppen (w)
Score: 0 - 0 (HT: 0 - 0)
Status: Abandoned (Status ID: 13)

--- MATCH BETTING ODDS ---


--- MATCH ENVIRONMENT ---
No environment data available for this match


--- Summary Set #91 for 05/11/2025 --- 05:29:13 AM ET
==================================================
MATCH #3 OF 90
==================================================

==================================================


----- MATCH SUMMARY -----
Timestamp: 05/11/2025 05:29:13 AM ET
Match ID: x7lm7phzv726m2w
Competition ID: j1l4rjnhz53m7vx
Competition: German Women's Bundesliga II (Germany)
Match: Hamburger SV (w) vs SC Freiburg II (w)
Score: 0 - 0 (HT: 0 - 0)
Status: First half (Status ID: 2)

--- MATCH BETTING ODDS ---


--- MATCH ENVIRONMENT ---
No environment data available for this match


--- Summary Set #92 for 05/11/2025 --- 05:29:13 AM ET
==================================================
MATCH #4 OF 90
==================================================

==================================================


----- MATCH SUMMARY -----
Timestamp: 05/11/2025 05:29:13 AM ET
Match ID: l5ergphwgy29r8k
Competition ID: 9dn1m1gh5gmoepl
Competition: Chinese Football League 2 (China)
Match: Guangxi Hengchen Football Club vs Wenzhou Professional Football Club
Score: 0 - 0 (HT: 0 - 0)
Status: First half (Status ID: 2)

--- MATCH BETTING ODDS ---
ML (Money Line):
Time: 4 min | Home: -139 | Draw: +225 | Away: +400

SPREAD (Asia Handicap):
Time: 4 min | Home: -105 | Handicap: 0.75 | Away: -118

Over/Under:
Time: 4 min | Over: +102 | Line: 2.0 | Under: -130

--- MATCH ENVIRONMENT ---
Weather: Cloudy
Humidity: 49%
Wind: 4.0m/s (8.9 mph)


--- Summary Set #93 for 05/11/2025 --- 05:29:14 AM ET
==================================================
MATCH #5 OF 90
==================================================

==================================================


----- MATCH SUMMARY -----
Timestamp: 05/11/2025 05:29:14 AM ET
Match ID: n54qllh73zwlqvy
Competition ID: j1l4rjnhz53m7vx
Competition: German Women's Bundesliga II (Germany)
Match: SV Weinberg Women vs Monchengladbach (w)
Score: 0 - 0 (HT: 0 - 0)
Status: First half (Status ID: 2)

--- MATCH BETTING ODDS ---


--- MATCH ENVIRONMENT ---
No environment data available for this match


--- Summary Set #94 for 05/11/2025 --- 05:29:14 AM ET
==================================================
MATCH #6 OF 90
==================================================

==================================================


----- MATCH SUMMARY -----
Timestamp: 05/11/2025 05:29:14 AM ET
Match ID: x7lm7phjged1m2w
Competition ID: gpxwrxlh9joryk0
Competition: Thai League 3 (Thailand)
Match: North Bangkok University FC vs Maejo United
Score: 0 - 0 (HT: 0 - 0)
Status: First half (Status ID: 2)

--- MATCH BETTING ODDS ---
ML (Money Line):
Time: 4 min | Home: -120 | Draw: +240 | Away: +300

SPREAD (Asia Handicap):
Time: 4 min | Home: -123 | Handicap: 0.5 | Away: -110

Over/Under:
Time: 4 min | Over: -115 | Line: 2.25 | Under: -109

--- MATCH ENVIRONMENT ---
Weather: Partially cloudy
Humidity: 73%
Wind: 6.1m/s (13.6 mph)


--- Summary Set #95 for 05/11/2025 --- 05:29:14 AM ET
==================================================
MATCH #7 OF 90
==================================================

==================================================


----- MATCH SUMMARY -----
Timestamp: 05/11/2025 05:29:14 AM ET
Match ID: k82rekhgv981rep
Competition ID: kdj2ryohj7vq1zp
Competition: Ukrainian Second League (Ukraine)
Match: FC Trostianets vs Hirnyk-Sport
Score: 0 - 0 (HT: 0 - 0)
Status: Abandoned (Status ID: 13)

--- MATCH BETTING ODDS ---


--- MATCH ENVIRONMENT ---
No environment data available for this match


--- Summary Set #96 for 05/11/2025 --- 05:29:15 AM ET
==================================================
MATCH #8 OF 90
==================================================

==================================================


----- MATCH SUMMARY -----
Timestamp: 05/11/2025 05:29:15 AM ET
Match ID: y0or5jh8xkdvqwz
Competition ID: gpxwrxlh9joryk0
Competition: Thai League 3 (Thailand)
Match: Thonburi United FC vs Songkhla FC
Score: 0 - 0 (HT: 0 - 0)
Status: First half (Status ID: 2)

--- MATCH BETTING ODDS ---
ML (Money Line):
Time: 4 min | Home: +240 | Draw: +220 | Away: +110

SPREAD (Asia Handicap):
Time: 4 min | Home: -110 | Handicap: -0.25 | Away: -123

Over/Under:
Time: 4 min | Over: -105 | Line: 2.25 | Under: -118

--- MATCH ENVIRONMENT ---
Weather: Partially cloudy
Humidity: 66%
Wind: 3.4m/s (7.6 mph)


--- Summary Set #97 for 05/11/2025 --- 05:29:15 AM ET
==================================================
MATCH #9 OF 90
==================================================

==================================================


----- MATCH SUMMARY -----
Timestamp: 05/11/2025 05:29:15 AM ET
Match ID: y39mp1h631w7moj
Competition ID: 56ypq3nhl7nmd7o
Competition: Thai Women's Super League (Thailand)
Match: Bangkok (w) vs Chonburi FA (w)
Score: 1 - 0 (HT: 1 - 0)
Status: First half (Status ID: 2)

--- MATCH BETTING ODDS ---
ML (Money Line):
Time: 3 min | Home: +200 | Draw: +375 | Away: -125 (Closest time to minutes 4-6 available: 3)

SPREAD (Asia Handicap):
Time: 7 min | Home: -103 | Handicap: -0.5 | Away: -122 (Closest time to minutes 4-6 available: 7)

Over/Under:
Time: 3 min | Over: -115 | Line: 3.5 | Under: -109 (Closest time to minutes 4-6 available: 3)

--- MATCH ENVIRONMENT ---
No environment data available for this match


--- Summary Set #98 for 05/11/2025 --- 05:29:15 AM ET
==================================================
MATCH #10 OF 90
==================================================

==================================================


----- MATCH SUMMARY -----
Timestamp: 05/11/2025 05:29:15 AM ET
Match ID: n54qllhn56yvqvy
Competition ID: gpxwrxlh9joryk0
Competition: Thai League 3 (Thailand)
Match: Royal Thai Fleet FC vs Rasisalai United
Score: 0 - 1 (HT: 0 - 1)
Status: First half (Status ID: 2)

--- MATCH BETTING ODDS ---
ML (Money Line):
Time: 4 min | Home: +275 | Draw: +250 | Away: -125

SPREAD (Asia Handicap):
Time: 4 min | Home: -110 | Handicap: -0.5 | Away: -122

Over/Under:
Time: 4 min | Over: -103 | Line: 2.5 | Under: -122

--- MATCH ENVIRONMENT ---
Weather: Sunny
Humidity: 79%
Wind: 4.3m/s (9.6 mph)


--- Summary Set #99 for 05/11/2025 --- 05:29:16 AM ET
==================================================
MATCH #11 OF 90
==================================================

==================================================


----- MATCH SUMMARY -----
Timestamp: 05/11/2025 05:29:16 AM ET
Match ID: 4wyrn4h68vodq86
Competition ID: p4jwq2ghvxvm0ve
Competition: Finland U20 League (Finland)
Match: HPS/FC POHU YJ U20 vs Atlantis U20
Score: 1 - 0 (HT: 1 - 0)
Status: First half (Status ID: 2)

--- MATCH BETTING ODDS ---
ML (Money Line):
Time: 4 min | Home: +375 | Draw: +375 | Away: -200

SPREAD (Asia Handicap):
Time: 4 min | Home: -109 | Handicap: -1.25 | Away: -115

Over/Under:
Time: 4 min | Over: -115 | Line: 4.5 | Under: -109

--- MATCH ENVIRONMENT ---
Weather: Sunny
Humidity: 38%
Wind: 8.4m/s (18.8 mph)


--- Summary Set #100 for 05/11/2025 --- 05:29:16 AM ET
==================================================
MATCH #12 OF 90
==================================================

==================================================


----- MATCH SUMMARY -----
Timestamp: 05/11/2025 05:29:16 AM ET
Match ID: 2y8m4zh50l13ql0
Competition ID: z8yomo4h38wq0j6
Competition: AFC Women's Futsal Asian Cup (Unknown Country)
Match: Iran Futsal (w) vs Vietnam Futsal Women
Score: 0 - 0 (HT: 0 - 0)
Status: Abandoned (Status ID: 13)

--- MATCH BETTING ODDS ---


--- MATCH ENVIRONMENT ---
No environment data available for this match


--- Summary Set #101 for 05/11/2025 --- 05:29:16 AM ET
==================================================
MATCH #13 OF 90
==================================================

==================================================


----- MATCH SUMMARY -----
Timestamp: 05/11/2025 05:29:16 AM ET
Match ID: 23xmvkh8ygxxqg8
Competition ID: kn54qllhz3qvy9d
Competition: Ukrainian Youth Team Championship (Ukraine)
Match: Inhulets Petrove U21 vs FC Livyi Bereh U21
Score: 0 - 0 (HT: 0 - 0)
Status: First half (Status ID: 2)

--- MATCH BETTING ODDS ---


--- MATCH ENVIRONMENT ---
No environment data available for this match


--- Summary Set #102 for 05/11/2025 --- 05:29:17 AM ET
==================================================
MATCH #14 OF 90
==================================================

==================================================


----- MATCH SUMMARY -----
Timestamp: 05/11/2025 05:29:17 AM ET
Match ID: jw2r09hklnznrz8
Competition ID: 9dn1m1ghp6ymoep
Competition: GER JBH (Germany)
Match: Werder Bremen U19 vs Koln U19
Score: 1 - 1 (HT: 1 - 1)
Status: First half (Status ID: 2)

--- MATCH BETTING ODDS ---
ML (Money Line):
Time: 4 min | Home: +120 | Draw: +275 | Away: +175

SPREAD (Asia Handicap):
Time: 6 min | Home: -103 | Handicap: 0.25 | Away: -122

Over/Under:
Time: 4 min | Over: +100 | Line: 3.0 | Under: -125

--- MATCH ENVIRONMENT ---
Weather: Sunny
Humidity: 60%
Wind: 4.8m/s (10.7 mph)


--- Summary Set #103 for 05/11/2025 --- 05:29:17 AM ET
==================================================
MATCH #15 OF 90
==================================================

==================================================


----- MATCH SUMMARY -----
Timestamp: 05/11/2025 05:29:17 AM ET
Match ID: n54qllhn2840qvy
Competition ID: j1l4rjnhk9m7vx5
Competition: German U17 Youth League (Germany)
Match: Monchengladbach U17 vs Hoffenheim U17
Score: 0 - 0 (HT: 0 - 0)
Status: Abandoned (Status ID: 13)

--- MATCH BETTING ODDS ---


--- MATCH ENVIRONMENT ---
No environment data available for this match


--- Summary Set #104 for 05/11/2025 --- 05:29:18 AM ET
==================================================
MATCH #16 OF 90
==================================================

==================================================


----- MATCH SUMMARY -----
Timestamp: 05/11/2025 05:29:18 AM ET
Match ID: vjxm8ghl0zllr6o
Competition ID: kjw2r09hg9rz84o
Competition: Andorran Primera Divisio (Andorra)
Match: Atletic Club D Escaldes vs CF Esperanca dAndorra
Score: 0 - 0 (HT: 0 - 0)
Status: First half (Status ID: 2)

--- MATCH BETTING ODDS ---

SPREAD (Asia Handicap):
Time: pre-match min | Home: -133 | Handicap: 3.5 | Away: -111 (Closest time to minutes 4-6 available: pre-match)

Over/Under:
Time: pre-match min | Over: -120 | Line: 4.5 | Under: -119 (Closest time to minutes 4-6 available: pre-match)

--- MATCH ENVIRONMENT ---
Weather: Windy
Humidity: 65%
Wind: 6.5m/s (14.5 mph)


--- Summary Set #105 for 05/11/2025 --- 05:29:18 AM ET
==================================================
MATCH #17 OF 90
==================================================

==================================================


----- MATCH SUMMARY -----
Timestamp: 05/11/2025 05:29:18 AM ET
Match ID: x7lm7phzv1zjm2w
Competition ID: kjw2r09hg9rz84o
Competition: Andorran Primera Divisio (Andorra)
Match: Ranger's FC vs Inter Club Escaldes
Score: 0 - 0 (HT: 0 - 0)
Status: First half (Status ID: 2)

--- MATCH BETTING ODDS ---


--- MATCH ENVIRONMENT ---
No environment data available for this match


--- Summary Set #106 for 05/11/2025 --- 05:29:18 AM ET
==================================================
MATCH #18 OF 90
==================================================

==================================================


----- MATCH SUMMARY -----
Timestamp: 05/11/2025 05:29:18 AM ET
Match ID: 8yomo4h1703yq0j
Competition ID: z318q66hvnxqo9j
Competition: Croatian U19 League (Croatia)
Match: Sesvete U19 vs NK Rudes U19
Score: 0 - 1 (HT: 0 - 1)
Status: First half (Status ID: 2)

--- MATCH BETTING ODDS ---
ML (Money Line):
Time: 4 min | Home: +225 | Draw: +300 | Away: -111

SPREAD (Asia Handicap):
Time: 4 min | Home: -115 | Handicap: -0.5 | Away: -109

Over/Under:
Time: 4 min | Over: -110 | Line: 3.25 | Under: -112

--- MATCH ENVIRONMENT ---
Weather: Sunny
Humidity: 56%
Wind: 0.7m/s (1.6 mph)


--- Summary Set #107 for 05/11/2025 --- 05:29:18 AM ET
==================================================
MATCH #19 OF 90
==================================================

==================================================


----- MATCH SUMMARY -----
Timestamp: 05/11/2025 05:29:18 AM ET
Match ID: y0or5jhn52n9qwz
Competition ID: kjw2r09hg9rz84o
Competition: Andorran Primera Divisio (Andorra)
Match: La Massana vs FC Pas de la Casa
Score: 0 - 0 (HT: 0 - 0)
Status: First half (Status ID: 2)

--- MATCH BETTING ODDS ---

SPREAD (Asia Handicap):
Time: pre-match min | Home: -125 | Handicap: -2.5 | Away: -118 (Closest time to minutes 4-6 available: pre-match)

Over/Under:
Time: pre-match min | Over: -108 | Line: 3.5 | Under: -133 (Closest time to minutes 4-6 available: pre-match)

--- MATCH ENVIRONMENT ---
Weather: Unknown (9)
Humidity: 76%
Wind: 2.3m/s (5.1 mph)


--- Summary Set #108 for 05/11/2025 --- 05:29:19 AM ET
==================================================
MATCH #20 OF 90
==================================================

==================================================


----- MATCH SUMMARY -----
Timestamp: 05/11/2025 05:29:19 AM ET
Match ID: 23xmvkh82n8lqg8
Competition ID: kjw2r09hg9rz84o
Competition: Andorran Primera Divisio (Andorra)
Match: UE Santa Coloma vs FC Santa Coloma
Score: 0 - 0 (HT: 0 - 0)
Status: First half (Status ID: 2)

--- MATCH BETTING ODDS ---
ML (Money Line):
Time: 4 min | Home: +130 | Draw: +225 | Away: +187

SPREAD (Asia Handicap):
Time: 4 min | Home: +101 | Handicap: 0.25 | Away: -137

Over/Under:
Time: 4 min | Over: -122 | Line: 2.0 | Under: -103

--- MATCH ENVIRONMENT ---
Weather: Partially cloudy
Humidity: 80%
Wind: 3.2m/s (7.2 mph)


--- Summary Set #109 for 05/11/2025 --- 05:29:19 AM ET
==================================================
MATCH #21 OF 90
==================================================

==================================================


----- MATCH SUMMARY -----
Timestamp: 05/11/2025 05:29:19 AM ET
Match ID: y39mp1h6vl1jmoj
Competition ID: l965mkyhe0r1ge4
Competition: Italian Campionato Primavera 1 (Italy)
Match: Torino U19 vs AC Milan U20
Score: 0 - 0 (HT: 0 - 0)
Status: First half (Status ID: 2)

--- MATCH BETTING ODDS ---
ML (Money Line):
Time: 4 min | Home: +240 | Draw: +275 | Away: -111

SPREAD (Asia Handicap):
Time: 4 min | Home: -116 | Handicap: -0.5 | Away: -104

Over/Under:
Time: 4 min | Over: +101 | Line: 3.0 | Under: -127

--- MATCH ENVIRONMENT ---
Weather: Sunny
Humidity: 66%
Wind: 2.0m/s (4.5 mph)


--- Summary Set #110 for 05/11/2025 --- 05:29:19 AM ET
==================================================
MATCH #22 OF 90
==================================================

==================================================


----- MATCH SUMMARY -----
Timestamp: 05/11/2025 05:29:19 AM ET
Match ID: 1l4rjnh96knym7v
Competition ID: z318q66h099qo9j
Competition: Hungary Nemzeti Bajnoksug III (Hungary)
Match: Budapest Honved II vs Martfui LSE
Score: 1 - 1 (HT: 1 - 1)
Status: First half (Status ID: 2)

--- MATCH BETTING ODDS ---
ML (Money Line):
Time: 4 min | Home: +150 | Draw: +333 | Away: +110

SPREAD (Asia Handicap):
Time: 4 min | Home: -125 | Handicap: 1.0 | Away: +100

Over/Under:
Time: 4 min | Over: +100 | Line: 4.5 | Under: -125

--- MATCH ENVIRONMENT ---
Weather: Partially cloudy
Humidity: 68%
Wind: 3.4m/s (7.6 mph)


--- Summary Set #111 for 05/11/2025 --- 05:29:19 AM ET
==================================================
MATCH #23 OF 90
==================================================

==================================================


----- MATCH SUMMARY -----
Timestamp: 05/11/2025 05:29:19 AM ET
Match ID: dj2ryohlkj6xq1z
Competition ID: 8y39mp1hjoemojx
Competition: German Bundesliga 5 (Germany)
Match: ESC Geestemunde vs TuRa Bremen
Score: 1 - 0 (HT: 1 - 0)
Status: First half (Status ID: 2)

--- MATCH BETTING ODDS ---


--- MATCH ENVIRONMENT ---
No environment data available for this match


--- Summary Set #112 for 05/11/2025 --- 05:29:20 AM ET
==================================================
MATCH #24 OF 90
==================================================

==================================================


----- MATCH SUMMARY -----
Timestamp: 05/11/2025 05:29:20 AM ET
Match ID: 965mkyhk7n83r1g
Competition ID: z318q66h099qo9j
Competition: Hungary Nemzeti Bajnoksug III (Hungary)
Match: Ferencvarosi TC B vs Nagykanizsai TE 1866
Score: 0 - 0 (HT: 0 - 0)
Status: First half (Status ID: 2)

--- MATCH BETTING ODDS ---
ML (Money Line):
Time: 4 min | Home: +220 | Draw: +240 | Away: +105

SPREAD (Asia Handicap):
Time: 5 min | Home: -106 | Handicap: -0.25 | Away: -135

Over/Under:
Time: 4 min | Over: -118 | Line: 2.75 | Under: -105

--- MATCH ENVIRONMENT ---
Weather: Partially cloudy
Humidity: 66%
Wind: 3.4m/s (7.6 mph)


--- Summary Set #113 for 05/11/2025 --- 05:29:20 AM ET
==================================================
MATCH #25 OF 90
==================================================

==================================================


----- MATCH SUMMARY -----
Timestamp: 05/11/2025 05:29:20 AM ET
Match ID: 8yomo4h172l3q0j
Competition ID: j1l4rjnhk9m7vx5
Competition: German U17 Youth League (Germany)
Match: MSV Duisburg U17 vs VfB Waltrop U17
Score: 0 - 0 (HT: 0 - 0)
Status: Abandoned (Status ID: 13)

--- MATCH BETTING ODDS ---


--- MATCH ENVIRONMENT ---
No environment data available for this match


--- Summary Set #114 for 05/11/2025 --- 05:29:21 AM ET
==================================================
MATCH #26 OF 90
==================================================

==================================================


----- MATCH SUMMARY -----
Timestamp: 05/11/2025 05:29:21 AM ET
Match ID: l7oqdehgn18or51
Competition ID: 56ypq3nh524md7o
Competition: Turkish U19 A2 League (Turkey)
Match: Konyaspor U19 vs Hatayspor U19
Score: 0 - 0 (HT: 0 - 0)
Status: First half (Status ID: 2)

--- MATCH BETTING ODDS ---
ML (Money Line):
Time: 4 min | Home: -105 | Draw: +250 | Away: +250

SPREAD (Asia Handicap):
Time: 4 min | Home: -130 | Handicap: 0.5 | Away: -101

Over/Under:
Time: 4 min | Over: -122 | Line: 2.25 | Under: -103

--- MATCH ENVIRONMENT ---
Weather: Partially cloudy
Humidity: 28%
Wind: 3.1m/s (6.9 mph)


--- Summary Set #115 for 05/11/2025 --- 05:29:21 AM ET
==================================================
MATCH #27 OF 90
==================================================

==================================================


----- MATCH SUMMARY -----
Timestamp: 05/11/2025 05:29:21 AM ET
Match ID: l5ergph40k01r8k
Competition ID: l965mkyhyw2r1ge
Competition: RUS D3B (Unknown Country)
Match: Uralets Nizhny Tagil vs Krylia Sovetov II
Score: 0 - 0 (HT: 0 - 0)
Status: First half (Status ID: 2)

--- MATCH BETTING ODDS ---


--- MATCH ENVIRONMENT ---
No environment data available for this match


--- Summary Set #116 for 05/11/2025 --- 05:29:21 AM ET
==================================================
MATCH #28 OF 90
==================================================

==================================================


----- MATCH SUMMARY -----
Timestamp: 05/11/2025 05:29:21 AM ET
Match ID: 318q66hxoj8kqo9
Competition ID: z318q66h099qo9j
Competition: Hungary Nemzeti Bajnoksug III (Hungary)
Match: Nyiregyhaza B vs Tiszafured VSE
Score: 0 - 0 (HT: 0 - 0)
Status: First half (Status ID: 2)

--- MATCH BETTING ODDS ---
ML (Money Line):
Time: 4 min | Home: +130 | Draw: +260 | Away: +175

SPREAD (Asia Handicap):
Time: 4 min | Home: -141 | Handicap: 0.0 | Away: -105

Over/Under:
Time: 4 min | Over: -111 | Line: 3.0 | Under: -111

--- MATCH ENVIRONMENT ---
Weather: Partially cloudy
Humidity: 64%
Wind: 4.1m/s (9.2 mph)


--- Summary Set #117 for 05/11/2025 --- 05:29:22 AM ET
==================================================
MATCH #29 OF 90
==================================================

==================================================


----- MATCH SUMMARY -----
Timestamp: 05/11/2025 05:29:22 AM ET
Match ID: dn1m1ghl489omoe
Competition ID: z318q66h099qo9j
Competition: Hungary Nemzeti Bajnoksug III (Hungary)
Match: Puskas Akademia II vs Ujpest FC B
Score: 1 - 0 (HT: 1 - 0)
Status: First half (Status ID: 2)

--- MATCH BETTING ODDS ---
ML (Money Line):
Time: 4 min | Home: -139 | Draw: +333 | Away: +275

SPREAD (Asia Handicap):
Time: 4 min | Home: -109 | Handicap: 0.75 | Away: -115

Over/Under:
Time: 4 min | Over: -118 | Line: 3.0 | Under: -105

--- MATCH ENVIRONMENT ---
Weather: Partially cloudy
Humidity: 58%
Wind: 2.9m/s (6.5 mph)


--- Summary Set #118 for 05/11/2025 --- 05:29:22 AM ET
==================================================
MATCH #30 OF 90
==================================================

==================================================


----- MATCH SUMMARY -----
Timestamp: 05/11/2025 05:29:22 AM ET
Match ID: 4wyrn4h68vy0q86
Competition ID: z318q66h099qo9j
Competition: Hungary Nemzeti Bajnoksug III (Hungary)
Match: Paksi FC B vs Kaposvar
Score: 0 - 1 (HT: 0 - 1)
Status: First half (Status ID: 2)

--- MATCH BETTING ODDS ---
ML (Money Line):
Time: 4 min | Home: +175 | Draw: +250 | Away: +120

SPREAD (Asia Handicap):
Time: 4 min | Home: -130 | Handicap: -0.25 | Away: +102

Over/Under:
Time: 4 min | Over: -175 | Line: 2.5 | Under: +115

--- MATCH ENVIRONMENT ---
Weather: Windy
Humidity: 45%
Wind: 4.1m/s (9.2 mph)


--- Summary Set #119 for 05/11/2025 --- 05:29:22 AM ET
==================================================
MATCH #31 OF 90
==================================================

==================================================


----- MATCH SUMMARY -----
Timestamp: 05/11/2025 05:29:22 AM ET
Match ID: zp5rzghgjxxgq82
Competition ID: kjw2r09hw04rz84
Competition: Czech Fifth League (Czech Republic)
Match: Tatran Rousinov vs Boskovice
Score: 0 - 0 (HT: 0 - 0)
Status: First half (Status ID: 2)

--- MATCH BETTING ODDS ---
ML (Money Line):
Time: 4 min | Home: -105 | Draw: +300 | Away: +200

SPREAD (Asia Handicap):
Time: 4 min | Home: -103 | Handicap: 0.5 | Away: -122

Over/Under:
Time: 4 min | Over: -118 | Line: 3.0 | Under: -105

--- MATCH ENVIRONMENT ---
No environment data available for this match


--- Summary Set #120 for 05/11/2025 --- 05:29:22 AM ET
==================================================
MATCH #32 OF 90
==================================================

==================================================


----- MATCH SUMMARY -----
Timestamp: 05/11/2025 05:29:22 AM ET
Match ID: 6ypq3nh3xy3lmd7
Competition ID: gy0or5jho9qwzv3
Competition: Ukrainian First League (Ukraine)
Match: Kremin Kremenchuk vs Prykarpattya Ivano Frankivsk
Score: 0 - 0 (HT: 0 - 0)
Status: First half (Status ID: 2)

--- MATCH BETTING ODDS ---


--- MATCH ENVIRONMENT ---
No environment data available for this match


--- Summary Set #121 for 05/11/2025 --- 05:29:23 AM ET
==================================================
MATCH #33 OF 90
==================================================

==================================================


----- MATCH SUMMARY -----
Timestamp: 05/11/2025 05:29:23 AM ET
Match ID: ednm9wh74jvdryo
Competition ID: 56ypq3nhnemd7oj
Competition: Poland Mloda Ekstraklasa (Poland)
Match: Arka Gdynia (Youth) vs Wisla Krakow (Youth)
Score: 0 - 0 (HT: 0 - 0)
Status: First half (Status ID: 2)

--- MATCH BETTING ODDS ---


--- MATCH ENVIRONMENT ---
No environment data available for this match


--- Summary Set #122 for 05/11/2025 --- 05:29:23 AM ET
==================================================
MATCH #34 OF 90
==================================================

==================================================


----- MATCH SUMMARY -----
Timestamp: 05/11/2025 05:29:23 AM ET
Match ID: n54qllhn2xv5qvy
Competition ID: j1l4rjnhk9m7vx5
Competition: German U17 Youth League (Germany)
Match: Fortuna Dusseldorf U17 vs Viktoria koln(U17)
Score: 0 - 0 (HT: 0 - 0)
Status: Abandoned (Status ID: 13)

--- MATCH BETTING ODDS ---


--- MATCH ENVIRONMENT ---
No environment data available for this match


--- Summary Set #123 for 05/11/2025 --- 05:29:24 AM ET
==================================================
MATCH #35 OF 90
==================================================

==================================================


----- MATCH SUMMARY -----
Timestamp: 05/11/2025 05:29:24 AM ET
Match ID: 23xmvkh63d73qg8
Competition ID: j1l4rjnhk9m7vx5
Competition: German U17 Youth League (Germany)
Match: FC Hennef 05 U17 vs RW Oberhausen U17
Score: 0 - 0 (HT: 0 - 0)
Status: Abandoned (Status ID: 13)

--- MATCH BETTING ODDS ---


--- MATCH ENVIRONMENT ---
No environment data available for this match


--- Summary Set #124 for 05/11/2025 --- 05:29:24 AM ET
==================================================
MATCH #36 OF 90
==================================================

==================================================


----- MATCH SUMMARY -----
Timestamp: 05/11/2025 05:29:24 AM ET
Match ID: zp5rzghgjz87q82
Competition ID: j1l4rjnhk9m7vx5
Competition: German U17 Youth League (Germany)
Match: RW Essen U17 vs TSV Meerbusch U17
Score: 0 - 0 (HT: 0 - 0)
Status: Abandoned (Status ID: 13)

--- MATCH BETTING ODDS ---


--- MATCH ENVIRONMENT ---
No environment data available for this match


--- Summary Set #125 for 05/11/2025 --- 05:29:25 AM ET
==================================================
MATCH #37 OF 90
==================================================

==================================================


----- MATCH SUMMARY -----
Timestamp: 05/11/2025 05:29:25 AM ET
Match ID: 2y8m4zh53z4gql0
Competition ID: e4wyrn4hdzvq86p
Competition: Poland Liga 3 (Poland)
Match: Cracovia II vs Sokol Slopnice
Score: 1 - 0 (HT: 1 - 0)
Status: First half (Status ID: 2)

--- MATCH BETTING ODDS ---
ML (Money Line):
Time: 8 min | Home: -2000 | Draw: +1100 | Away: +2800 (Closest time to minutes 4-6 available: 8)

SPREAD (Asia Handicap):
Time: 4 min | Home: -133 | Handicap: 4.0 | Away: -111

Over/Under:
Time: 4 min | Over: -115 | Line: 5.25 | Under: -109

--- MATCH ENVIRONMENT ---
Weather: Windy
Humidity: 53%
Wind: 4.1m/s (9.2 mph)


--- Summary Set #126 for 05/11/2025 --- 05:29:25 AM ET
==================================================
MATCH #38 OF 90
==================================================

==================================================


----- MATCH SUMMARY -----
Timestamp: 05/11/2025 05:29:25 AM ET
Match ID: 8yomo4h1705vq0j
Competition ID: kn54qllh745qvy9
Competition: LBN U20 (Unknown Country)
Match: Tawfeer U20 vs Sagesse SC U20
Score: 1 - 0 (HT: 1 - 0)
Status: First half (Status ID: 2)

--- MATCH BETTING ODDS ---
ML (Money Line):
Time: 3 min | Home: +110 | Draw: +275 | Away: +175 (Closest time to minutes 4-6 available: 3)

SPREAD (Asia Handicap):
Time: 5 min | Home: -105 | Handicap: 0.25 | Away: -118

Over/Under:
Time: 4 min | Over: -103 | Line: 3.0 | Under: -122

--- MATCH ENVIRONMENT ---
No environment data available for this match


--- Summary Set #127 for 05/11/2025 --- 05:29:25 AM ET
==================================================
MATCH #39 OF 90
==================================================

==================================================


----- MATCH SUMMARY -----
Timestamp: 05/11/2025 05:29:25 AM ET
Match ID: vjxm8ghe4p2er6o
Competition ID: yl5ergphngxr8k0
Competition: Czech 2.liga Women (Czech Republic)
Match: Dukla Prague (w) vs Lisen(w)
Score: 1 - 0 (HT: 1 - 0)
Status: First half (Status ID: 2)

--- MATCH BETTING ODDS ---
ML (Money Line):
Time: 3 min | Home: +130 | Draw: +260 | Away: +160 (Closest time to minutes 4-6 available: 3)

SPREAD (Asia Handicap):
Time: 3 min | Home: -130 | Handicap: 0.0 | Away: +102 (Closest time to minutes 4-6 available: 3)

Over/Under:
Time: 6 min | Over: -118 | Line: 3.0 | Under: -105

--- MATCH ENVIRONMENT ---
Weather: Partially cloudy
Humidity: 44%
Wind: 3.1m/s (6.9 mph)


--- Summary Set #128 for 05/11/2025 --- 05:29:26 AM ET
==================================================
MATCH #40 OF 90
==================================================

==================================================


----- MATCH SUMMARY -----
Timestamp: 05/11/2025 05:29:26 AM ET
Match ID: 4jwq2ghn4702m0v
Competition ID: l965mkyh3nnr1ge
Competition: Greek U19 (Greece)
Match: OFI Crete U19 vs Levadiakos U19
Score: 0 - 0 (HT: 0 - 0)
Status: First half (Status ID: 2)

--- MATCH BETTING ODDS ---


--- MATCH ENVIRONMENT ---
No environment data available for this match


--- Summary Set #129 for 05/11/2025 --- 05:29:26 AM ET
==================================================
MATCH #41 OF 90
==================================================

==================================================


----- MATCH SUMMARY -----
Timestamp: 05/11/2025 05:29:26 AM ET
Match ID: dj2ryohlkndyq1z
Competition ID: kdj2ryohye0q1zp
Competition: Malaysian President Cup (Malaysia)
Match: Terengganu U20 vs Sabah U20
Score: 2 - 0 (HT: 2 - 0)
Status: First half (Status ID: 2)

--- MATCH BETTING ODDS ---
ML (Money Line):
Time: 4 min | Home: -152 | Draw: +240 | Away: +375

SPREAD (Asia Handicap):
Time: 4 min | Home: -111 | Handicap: 0.75 | Away: -111

Over/Under:
Time: 4 min | Over: -111 | Line: 2.25 | Under: -111

--- MATCH ENVIRONMENT ---
Weather: Partially cloudy
Humidity: 79%
Wind: 2.9m/s (6.5 mph)


--- Summary Set #130 for 05/11/2025 --- 05:29:26 AM ET
==================================================
MATCH #42 OF 90
==================================================

==================================================


----- MATCH SUMMARY -----
Timestamp: 05/11/2025 05:29:26 AM ET
Match ID: pxwrxlh5yjdoryk
Competition ID: kjw2r09h9jrz84o
Competition: Austrian 2.Liga (Austria)
Match: SV Ried vs Sturm Graz (Youth)
Score: 0 - 0 (HT: 0 - 0)
Status: Half-time break (Status ID: 3)

--- MATCH BETTING ODDS ---
ML (Money Line):
Time: 4 min | Home: -455 | Draw: +600 | Away: +750

SPREAD (Asia Handicap):
Time: 4 min | Home: -104 | Handicap: 2.0 | Away: -109

Over/Under:
Time: 4 min | Over: +100 | Line: 3.5 | Under: -116

--- MATCH ENVIRONMENT ---
Weather: Sunny
Humidity: 41%
Wind: 1.2m/s (2.7 mph)


--- Summary Set #131 for 05/11/2025 --- 05:29:27 AM ET
==================================================
MATCH #43 OF 90
==================================================

==================================================


----- MATCH SUMMARY -----
Timestamp: 05/11/2025 05:29:27 AM ET
Match ID: 3glrw7hnwzp7qdy
Competition ID: vl7oqdehoxwr510
Competition: Chinese Taiwan President FA Cup (China)
Match: Sunny Bank Athletic Club Taipei vs Babuza FC
Score: 7 - 0 (HT: 7 - 0)
Status: Half-time break (Status ID: 3)

--- MATCH BETTING ODDS ---

SPREAD (Asia Handicap):
Time: 4 min | Home: -149 | Handicap: 4.0 | Away: +101

Over/Under:
Time: 4 min | Over: -145 | Line: 5.25 | Under: -103

--- MATCH ENVIRONMENT ---
No environment data available for this match


--- Summary Set #132 for 05/11/2025 --- 05:29:27 AM ET
==================================================
MATCH #44 OF 90
==================================================

==================================================


----- MATCH SUMMARY -----
Timestamp: 05/11/2025 05:29:27 AM ET
Match ID: l7oqdehoo94dr51
Competition ID: z8yomo4h49q0j6l
Competition: Poland Women's Ekstraliga (Poland)
Match: Slask Wroclaw (w) vs Pogon Szczecin (w)
Score: 0 - 1 (HT: 0 - 1)
Status: Half-time break (Status ID: 3)

--- MATCH BETTING ODDS ---
ML (Money Line):
Time: 4 min | Home: +300 | Draw: +450 | Away: -175

SPREAD (Asia Handicap):
Time: 4 min | Home: -115 | Handicap: -1.0 | Away: -109

Over/Under:
Time: 4 min | Over: -111 | Line: 3.5 | Under: -111

--- MATCH ENVIRONMENT ---
Weather: Partially cloudy
Humidity: 43%
Wind: 3.1m/s (6.9 mph)


--- Summary Set #133 for 05/11/2025 --- 05:29:27 AM ET
==================================================
MATCH #45 OF 90
==================================================

==================================================


----- MATCH SUMMARY -----
Timestamp: 05/11/2025 05:29:27 AM ET
Match ID: vjxm8ghe4p5er6o
Competition ID: p4jwq2ghkl8m0ve
Competition: Austrian Landesliga (Austria)
Match: Slovan HAC vs Helfort 15
Score: 0 - 1 (HT: 0 - 1)
Status: Half-time break (Status ID: 3)

--- MATCH BETTING ODDS ---
ML (Money Line):
Time: 4 min | Home: +300 | Draw: +333 | Away: -152

SPREAD (Asia Handicap):
Time: 4 min | Home: -105 | Handicap: -0.75 | Away: -118

Over/Under:
Time: 4 min | Over: -105 | Line: 3.25 | Under: -118

--- MATCH ENVIRONMENT ---
Weather: Partially cloudy
Humidity: 60%
Wind: 2.0m/s (4.5 mph)


--- Summary Set #134 for 05/11/2025 --- 05:29:27 AM ET
==================================================
MATCH #46 OF 90
==================================================

==================================================


----- MATCH SUMMARY -----
Timestamp: 05/11/2025 05:29:27 AM ET
Match ID: jw2r09h25dl0rz8
Competition ID: 56ypq3nhz53md7o
Competition: Indonesian Liga 1 (Indonesia)
Match: Arema FC vs Persik Kediri
Score: 0 - 1 (HT: 0 - 1)
Status: Half-time break (Status ID: 3)

--- MATCH BETTING ODDS ---
ML (Money Line):
Time: 4 min | Home: -125 | Draw: +250 | Away: +300

SPREAD (Asia Handicap):
Time: 4 min | Home: -122 | Handicap: 0.5 | Away: -103

Over/Under:
Time: 4 min | Over: +102 | Line: 2.5 | Under: -119

--- MATCH ENVIRONMENT ---
Weather: Cloudy
Humidity: 75%
Wind: 3.7m/s (8.3 mph)


--- Summary Set #135 for 05/11/2025 --- 05:29:28 AM ET
==================================================
MATCH #47 OF 90
==================================================

==================================================


----- MATCH SUMMARY -----
Timestamp: 05/11/2025 05:29:28 AM ET
Match ID: 1l4rjnh96ej6m7v
Competition ID: d23xmvkh41dqg8n
Competition: IND DSD (India)
Match: Amity Indian National vs Rangers SC
Score: 0 - 1 (HT: 0 - 1)
Status: Half-time break (Status ID: 3)

--- MATCH BETTING ODDS ---
ML (Money Line):
Time: 4 min | Home: +125 | Draw: +275 | Away: +160

SPREAD (Asia Handicap):
Time: 4 min | Home: -133 | Handicap: 0.0 | Away: +105

Over/Under:
Time: 5 min | Over: -122 | Line: 2.75 | Under: -103

--- MATCH ENVIRONMENT ---
No environment data available for this match


--- Summary Set #136 for 05/11/2025 --- 05:29:28 AM ET
==================================================
MATCH #48 OF 90
==================================================

==================================================


----- MATCH SUMMARY -----
Timestamp: 05/11/2025 05:29:28 AM ET
Match ID: zp5rzghgjxg8q82
Competition ID: p4jwq2ghx87m0ve
Competition: Slovenia 3.Liga (Slovenia)
Match: SD Videm vs NK Podvinci
Score: 1 - 1 (HT: 1 - 1)
Status: Half-time break (Status ID: 3)

--- MATCH BETTING ODDS ---
ML (Money Line):
Time: 6 min | Home: -175 | Draw: +375 | Away: +333

SPREAD (Asia Handicap):
Time: 4 min | Home: -115 | Handicap: 1.0 | Away: -109

Over/Under:
Time: 4 min | Over: -109 | Line: 3.0 | Under: -115

--- MATCH ENVIRONMENT ---
Weather: Sunny
Humidity: 55%
Wind: 2.3m/s (5.1 mph)


--- Summary Set #137 for 05/11/2025 --- 05:29:28 AM ET
==================================================
MATCH #49 OF 90
==================================================

==================================================


----- MATCH SUMMARY -----
Timestamp: 05/11/2025 05:29:28 AM ET
Match ID: x7lm7phz42p7m2w
Competition ID: v2y8m4zhw4ql074
Competition: Romanian Liga II (Romania)
Match: Metaloglobus vs Steaua Bucuresti
Score: 0 - 1 (HT: 0 - 1)
Status: Half-time break (Status ID: 3)

--- MATCH BETTING ODDS ---
ML (Money Line):
Time: 4 min | Home: +210 | Draw: +210 | Away: +125

SPREAD (Asia Handicap):
Time: 4 min | Home: -118 | Handicap: -0.25 | Away: -105

Over/Under:
Time: 4 min | Over: -105 | Line: 2.25 | Under: -118

--- MATCH ENVIRONMENT ---
No environment data available for this match


--- Summary Set #138 for 05/11/2025 --- 05:29:28 AM ET
==================================================
MATCH #50 OF 90
==================================================

==================================================


----- MATCH SUMMARY -----
Timestamp: 05/11/2025 05:29:28 AM ET
Match ID: n54qllhn2jjpqvy
Competition ID: kjw2r09hw04rz84
Competition: Czech Fifth League (Czech Republic)
Match: Jiskra Trebon vs FK Protivin
Score: 3 - 0 (HT: 3 - 0)
Status: Half-time break (Status ID: 3)

--- MATCH BETTING ODDS ---
ML (Money Line):
Time: 2 min | Home: -278 | Draw: +450 | Away: +450 (Closest time to minutes 4-6 available: 2)

SPREAD (Asia Handicap):
Time: 5 min | Home: -110 | Handicap: 0.5 | Away: -123

Over/Under:
Time: 4 min | Over: -118 | Line: 4.25 | Under: -105

--- MATCH ENVIRONMENT ---
No environment data available for this match


--- Summary Set #139 for 05/11/2025 --- 05:29:29 AM ET
==================================================
MATCH #51 OF 90
==================================================

==================================================


----- MATCH SUMMARY -----
Timestamp: 05/11/2025 05:29:29 AM ET
Match ID: 23xmvkh63448qg8
Competition ID: kjw2r09hw04rz84
Competition: Czech Fifth League (Czech Republic)
Match: Pohorelice vs Bystrc Kninicky
Score: 0 - 2 (HT: 0 - 2)
Status: Half-time break (Status ID: 3)

--- MATCH BETTING ODDS ---
ML (Money Line):
Time: 4 min | Home: +187 | Draw: +300 | Away: +100

SPREAD (Asia Handicap):
Time: 7 min | Home: -103 | Handicap: -0.25 | Away: -122 (Closest time to minutes 4-6 available: 7)

Over/Under:
Time: 4 min | Over: -122 | Line: 3.0 | Under: -103

--- MATCH ENVIRONMENT ---
No environment data available for this match


--- Summary Set #140 for 05/11/2025 --- 05:29:29 AM ET
==================================================
MATCH #52 OF 90
==================================================

==================================================


----- MATCH SUMMARY -----
Timestamp: 05/11/2025 05:29:29 AM ET
Match ID: 3glrw7hnwo4dqdy
Competition ID: j1l4rjnh58ym7vx
Competition: AVPL U23 (Australia)
Match: Western United FC U23 vs Caroline Springs George Cross U23
Score: 3 - 0 (HT: 3 - 0)
Status: Half-time break (Status ID: 3)

--- MATCH BETTING ODDS ---

SPREAD (Asia Handicap):
Time: 19 min | Home: -115 | Handicap: 1.75 | Away: -105 (Closest time to minutes 4-6 available: 19)

Over/Under:
Time: 19 min | Over: -101 | Line: 5.25 | Under: -123 (Closest time to minutes 4-6 available: 19)

--- MATCH ENVIRONMENT ---
No environment data available for this match


--- Summary Set #141 for 05/11/2025 --- 05:29:29 AM ET
==================================================
MATCH #53 OF 90
==================================================

==================================================


----- MATCH SUMMARY -----
Timestamp: 05/11/2025 05:29:29 AM ET
Match ID: 4wyrn4hxjxn9q86
Competition ID: jednm9wh0nryox8
Competition: Czech Third League (Czech Republic)
Match: Slovacko II vs Blansko
Score: 0 - 1 (HT: 0 - 1)
Status: Second half (Status ID: 4)

--- MATCH BETTING ODDS ---
ML (Money Line):
Time: 4 min | Home: -120 | Draw: +260 | Away: +250

SPREAD (Asia Handicap):
Time: 4 min | Home: -111 | Handicap: 0.5 | Away: -111

Over/Under:
Time: 4 min | Over: -154 | Line: 2.5 | Under: +105

--- MATCH ENVIRONMENT ---
Weather: Sunny
Humidity: 56%
Wind: 6.1m/s (13.6 mph)


--- Summary Set #142 for 05/11/2025 --- 05:29:29 AM ET
==================================================
MATCH #54 OF 90
==================================================

==================================================


----- MATCH SUMMARY -----
Timestamp: 05/11/2025 05:29:29 AM ET
Match ID: 8yomo4h1700vq0j
Competition ID: gpxwrxlh9voryk0
Competition: Czech Fourth Division (Czech Republic)
Match: Opava II vs FC Vratimov
Score: 1 - 2 (HT: 1 - 1)
Status: Second half (Status ID: 4)

--- MATCH BETTING ODDS ---
ML (Money Line):
Time: 4 min | Home: +125 | Draw: +300 | Away: +150

SPREAD (Asia Handicap):
Time: 4 min | Home: -125 | Handicap: 0.0 | Away: +100

Over/Under:
Time: 4 min | Over: -122 | Line: 3.25 | Under: -103

--- MATCH ENVIRONMENT ---
Weather: Partially cloudy
Humidity: 48%
Wind: 5.1m/s (11.4 mph)


--- Summary Set #143 for 05/11/2025 --- 05:29:29 AM ET
==================================================
MATCH #55 OF 90
==================================================

==================================================


----- MATCH SUMMARY -----
Timestamp: 05/11/2025 05:29:29 AM ET
Match ID: y0or5jh8lggoqwz
Competition ID: kjw2r09hw04rz84
Competition: Czech Fifth League (Czech Republic)
Match: Brumov vs Sokol Nevsova
Score: 0 - 0 (HT: 0 - 0)
Status: Second half (Status ID: 4)

--- MATCH BETTING ODDS ---
ML (Money Line):
Time: 5 min | Home: -625 | Draw: +600 | Away: +900

SPREAD (Asia Handicap):
Time: 4 min | Home: -105 | Handicap: 2.25 | Away: -118

Over/Under:
Time: 4 min | Over: +100 | Line: 3.5 | Under: -125

--- MATCH ENVIRONMENT ---
No environment data available for this match


--- Summary Set #144 for 05/11/2025 --- 05:29:30 AM ET
==================================================
MATCH #56 OF 90
==================================================

==================================================


----- MATCH SUMMARY -----
Timestamp: 05/11/2025 05:29:30 AM ET
Match ID: 6ypq3nh323ezmd7
Competition ID: jednm9wh0nryox8
Competition: Czech Third League (Czech Republic)
Match: Bohemians1905 B vs Taborsko Akademie
Score: 2 - 0 (HT: 2 - 0)
Status: Second half (Status ID: 4)

--- MATCH BETTING ODDS ---
ML (Money Line):
Time: 4 min | Home: +110 | Draw: +275 | Away: +187

SPREAD (Asia Handicap):
Time: 4 min | Home: -109 | Handicap: 0.25 | Away: -115

Over/Under:
Time: 4 min | Over: -123 | Line: 3.0 | Under: -112

--- MATCH ENVIRONMENT ---
Weather: Partially cloudy
Humidity: 57%
Wind: 2.0m/s (4.5 mph)


--- Summary Set #145 for 05/11/2025 --- 05:29:30 AM ET
==================================================
MATCH #57 OF 90
==================================================

==================================================


----- MATCH SUMMARY -----
Timestamp: 05/11/2025 05:29:30 AM ET
Match ID: pxwrxlh565ejryk
Competition ID: jednm9wh0nryox8
Competition: Czech Third League (Czech Republic)
Match: Dukla Praha B vs Admira Praha
Score: 2 - 0 (HT: 1 - 0)
Status: Second half (Status ID: 4)

--- MATCH BETTING ODDS ---
ML (Money Line):
Time: 4 min | Home: +187 | Draw: +250 | Away: +120

SPREAD (Asia Handicap):
Time: 4 min | Home: -130 | Handicap: -0.25 | Away: +102

Over/Under:
Time: 4 min | Over: +100 | Line: 2.75 | Under: -125

--- MATCH ENVIRONMENT ---
Weather: Partially cloudy
Humidity: 51%
Wind: 3.7m/s (8.3 mph)


--- Summary Set #146 for 05/11/2025 --- 05:29:30 AM ET
==================================================
MATCH #58 OF 90
==================================================

==================================================


----- MATCH SUMMARY -----
Timestamp: 05/11/2025 05:29:30 AM ET
Match ID: 965mkyhkl05yr1g
Competition ID: kjw2r09hje5rz84
Competition: Mongolia Premier League (Mongolia)
Match: Tuv Buganuud vs Khovd
Score: 0 - 0 (HT: 0 - 0)
Status: Postponed (Status ID: 9)

--- MATCH BETTING ODDS ---


--- MATCH ENVIRONMENT ---
No environment data available for this match


--- Summary Set #147 for 05/11/2025 --- 05:29:31 AM ET
==================================================
MATCH #59 OF 90
==================================================

==================================================


----- MATCH SUMMARY -----
Timestamp: 05/11/2025 05:29:31 AM ET
Match ID: x7lm7phzj8ezm2w
Competition ID: p4jwq2gh9ym0veo
Competition: Czech National Football League (Czech Republic)
Match: Slavia Praha B vs Brno
Score: 0 - 0 (HT: 0 - 0)
Status: Second half (Status ID: 4)

--- MATCH BETTING ODDS ---
ML (Money Line):
Time: 3 min | Home: -139 | Draw: +300 | Away: +300 (Closest time to minutes 4-6 available: 3)

SPREAD (Asia Handicap):
Time: 4 min | Home: -103 | Handicap: 0.75 | Away: -122

Over/Under:
Time: 4 min | Over: -103 | Line: 2.75 | Under: -122

--- MATCH ENVIRONMENT ---
Weather: Partially cloudy
Humidity: 57%
Wind: 2.0m/s (4.5 mph)


--- Summary Set #148 for 05/11/2025 --- 05:29:31 AM ET
==================================================
MATCH #60 OF 90
==================================================

==================================================


----- MATCH SUMMARY -----
Timestamp: 05/11/2025 05:29:31 AM ET
Match ID: pxwrxlh5yeolryk
Competition ID: p4jwq2gh9ym0veo
Competition: Czech National Football League (Czech Republic)
Match: Viktoria Zizkov vs Sparta Praha B
Score: 0 - 1 (HT: 0 - 1)
Status: Second half (Status ID: 4)

--- MATCH BETTING ODDS ---
ML (Money Line):
Time: 4 min | Home: +110 | Draw: +240 | Away: +225

SPREAD (Asia Handicap):
Time: 4 min | Home: -120 | Handicap: 0.25 | Away: +101

Over/Under:
Time: 4 min | Over: -118 | Line: 2.75 | Under: -105

--- MATCH ENVIRONMENT ---
Weather: Partially cloudy
Humidity: 57%
Wind: 2.0m/s (4.5 mph)


--- Summary Set #149 for 05/11/2025 --- 05:29:31 AM ET
==================================================
MATCH #61 OF 90
==================================================

==================================================


----- MATCH SUMMARY -----
Timestamp: 05/11/2025 05:29:31 AM ET
Match ID: 318q66hwl2npqo9
Competition ID: 9dn1m1gh5gmoepl
Competition: Chinese Football League 2 (China)
Match: Hangzhou Linping Wuyue vs Tai'an Tiankuang
Score: 1 - 1 (HT: 1 - 1)
Status: Second half (Status ID: 4)

--- MATCH BETTING ODDS ---
ML (Money Line):
Time: 4 min | Home: +120 | Draw: +175 | Away: +250

SPREAD (Asia Handicap):
Time: 4 min | Home: -109 | Handicap: 0.25 | Away: -115

Over/Under:
Time: 4 min | Over: -105 | Line: 1.75 | Under: -118

--- MATCH ENVIRONMENT ---
Weather: Sunny
Humidity: 27%
Wind: 5.8m/s (13.0 mph)


--- Summary Set #150 for 05/11/2025 --- 05:29:31 AM ET
==================================================
MATCH #62 OF 90
==================================================

==================================================


----- MATCH SUMMARY -----
Timestamp: 05/11/2025 05:29:31 AM ET
Match ID: dn1m1gh267kymoe
Competition ID: 9dn1m1gh5gmoepl
Competition: Chinese Football League 2 (China)
Match: Hubei Istar vs Beijing IT
Score: 3 - 0 (HT: 1 - 0)
Status: Second half (Status ID: 4)

--- MATCH BETTING ODDS ---
ML (Money Line):
Time: 4 min | Home: +120 | Draw: +187 | Away: +240

SPREAD (Asia Handicap):
Time: 4 min | Home: -109 | Handicap: 0.25 | Away: -115

Over/Under:
Time: 4 min | Over: +100 | Line: 2.0 | Under: -125

--- MATCH ENVIRONMENT ---
Weather: Sunny
Humidity: 28%
Wind: 4.3m/s (9.6 mph)


--- Summary Set #151 for 05/11/2025 --- 05:29:32 AM ET
==================================================
MATCH #63 OF 90
==================================================

==================================================


----- MATCH SUMMARY -----
Timestamp: 05/11/2025 05:29:32 AM ET
Match ID: 4wyrn4hxgxoyq86
Competition ID: kjw2r09hwl5rz84
Competition: Chinese Football Association Member Association Champions League (China)
Match: Ili Tianshan Flower Sea vs Baoding Bootscity Athletics Football Club
Score: 0 - 0 (HT: 0 - 0)
Status: Second half (Status ID: 4)

--- MATCH BETTING ODDS ---


--- MATCH ENVIRONMENT ---
No environment data available for this match


--- Summary Set #152 for 05/11/2025 --- 05:29:32 AM ET
==================================================
MATCH #64 OF 90
==================================================

==================================================


----- MATCH SUMMARY -----
Timestamp: 05/11/2025 05:29:32 AM ET
Match ID: 6ypq3nh3yyp1md7
Competition ID: e4wyrn4h8z1q86p
Competition: National Premier Leagues Victoria 2 (Australia)
Match: Melbourne City NPL vs Brunswick City
Score: 3 - 0 (HT: 2 - 0)
Status: Second half (Status ID: 4)

--- MATCH BETTING ODDS ---
ML (Money Line):
Time: 4 min | Home: -200 | Draw: +375 | Away: +350

SPREAD (Asia Handicap):
Time: 4 min | Home: -103 | Handicap: 1.25 | Away: -122

Over/Under:
Time: 4 min | Over: -105 | Line: 3.75 | Under: -118

--- MATCH ENVIRONMENT ---
Weather: Sunny
Humidity: 49%
Wind: 4.8m/s (10.7 mph)


--- Summary Set #153 for 05/11/2025 --- 05:29:32 AM ET
==================================================
MATCH #65 OF 90
==================================================

==================================================


----- MATCH SUMMARY -----
Timestamp: 05/11/2025 05:29:32 AM ET
Match ID: dj2ryohlkg9eq1z
Competition ID: 9vjxm8ghjx1r6od
Competition: Australia Queensland State Women's League (Australia)
Match: Capalaba (w) vs Brisbane Olympic (w)
Score: 0 - 0 (HT: 0 - 0)
Status: Abandoned (Status ID: 13)

--- MATCH BETTING ODDS ---
ML (Money Line):
Time: pre-match min | Home: +100 | Draw: +250 | Away: +210 (Closest time to minutes 4-6 available: pre-match)

SPREAD (Asia Handicap):
Time: pre-match min | Home: -125 | Handicap: 0.25 | Away: +100 (Closest time to minutes 4-6 available: pre-match)

Over/Under:
Time: pre-match min | Over: +102 | Line: 3.25 | Under: -130 (Closest time to minutes 4-6 available: pre-match)

--- MATCH ENVIRONMENT ---
Weather: Unknown (9)
Humidity: 85%
Wind: 3.7m/s (8.3 mph)


--- Summary Set #154 for 05/11/2025 --- 05:29:33 AM ET
==================================================
MATCH #66 OF 90
==================================================

==================================================


----- MATCH SUMMARY -----
Timestamp: 05/11/2025 05:29:33 AM ET
Match ID: l7oqdehop7wxr51
Competition ID: v2y8m4zh3p5ql07
Competition: Australia Brisbane Capital League 1 (Australia)
Match: Centenary Stormers vs Redcliffe PCYC
Score: 2 - 1 (HT: 1 - 0)
Status: Second half (Status ID: 4)

--- MATCH BETTING ODDS ---
ML (Money Line):
Time: 5 min | Home: +450 | Draw: +450 | Away: -250

SPREAD (Asia Handicap):
Time: 4 min | Home: -103 | Handicap: -1.5 | Away: -122

Over/Under:
Time: 4 min | Over: -109 | Line: 4.75 | Under: -115

--- MATCH ENVIRONMENT ---
Weather: Sunny
Humidity: 40%
Wind: 4.1m/s (9.2 mph)


--- Summary Set #155 for 05/11/2025 --- 05:29:33 AM ET
==================================================
MATCH #67 OF 90
==================================================

==================================================


----- MATCH SUMMARY -----
Timestamp: 05/11/2025 05:29:33 AM ET
Match ID: vjxm8ghevn3pr6o
Competition ID: v2y8m4zhgxoql07
Competition: Western Australia Women's League (Australia)
Match: Subiaco AFC (w) vs Murdoch University Melville FC (w)
Score: 3 - 0 (HT: 2 - 0)
Status: Second half (Status ID: 4)

--- MATCH BETTING ODDS ---

SPREAD (Asia Handicap):
Time: 9 min | Home: -125 | Handicap: 2.5 | Away: -111 (Closest time to minutes 4-6 available: 9)

Over/Under:
Time: 10 min | Over: -120 | Line: 5.5 | Under: -115 (Closest time to minutes 4-6 available: 10)

--- MATCH ENVIRONMENT ---
No environment data available for this match


--- Summary Set #156 for 05/11/2025 --- 05:29:33 AM ET
==================================================
MATCH #68 OF 90
==================================================

==================================================


----- MATCH SUMMARY -----
Timestamp: 05/11/2025 05:29:33 AM ET
Match ID: k82rekhwl6ndrep
Competition ID: 9dn1m1gh5gmoepl
Competition: Chinese Football League 2 (China)
Match: Haimen Codion vs Jiangxi Lushan
Score: 4 - 1 (HT: 1 - 0)
Status: Finished (Status ID: 8)

--- MATCH BETTING ODDS ---
ML (Money Line):
Time: 4 min | Home: +187 | Draw: +175 | Away: +160

SPREAD (Asia Handicap):
Time: 4 min | Home: -103 | Handicap: 0.0 | Away: -122

Over/Under:
Time: 4 min | Over: -115 | Line: 1.5 | Under: -109

--- MATCH ENVIRONMENT ---
Weather: Sunny
Humidity: 27%
Wind: 5.6m/s (12.5 mph)


--- Summary Set #157 for 05/11/2025 --- 05:29:33 AM ET
==================================================
MATCH #69 OF 90
==================================================

==================================================


----- MATCH SUMMARY -----
Timestamp: 05/11/2025 05:29:33 AM ET
Match ID: 4wyrn4h68v2dq86
Competition ID: vl7oqdehlenr510
Competition: Chinese Hong Kong Division 3 (China)
Match: Ravia SA vs Kln City District RSC
Score: 0 - 4 (HT: 0 - 0)
Status: Finished (Status ID: 8)

--- MATCH BETTING ODDS ---
ML (Money Line):
Time: 4 min | Home: +550 | Draw: +375 | Away: -278

SPREAD (Asia Handicap):
Time: 4 min | Home: -118 | Handicap: -1.5 | Away: -105

Over/Under:
Time: 4 min | Over: -115 | Line: 3.25 | Under: -109

--- MATCH ENVIRONMENT ---
Weather: Cloudy
Humidity: 55%
Wind: 4.0m/s (8.9 mph)


--- Summary Set #158 for 05/11/2025 --- 05:29:34 AM ET
==================================================
MATCH #70 OF 90
==================================================

==================================================


----- MATCH SUMMARY -----
Timestamp: 05/11/2025 05:29:34 AM ET
Match ID: l5ergph4onyer8k
Competition ID: vl7oqdehlenr510
Competition: Chinese Hong Kong Division 3 (China)
Match: Pak Hei vs Islands District FT
Score: 0 - 0 (HT: 0 - 0)
Status: Finished (Status ID: 8)

--- MATCH BETTING ODDS ---
ML (Money Line):
Time: 4 min | Home: +220 | Draw: +300 | Away: -111

SPREAD (Asia Handicap):
Time: 4 min | Home: -103 | Handicap: -0.25 | Away: -132

Over/Under:
Time: 4 min | Over: -111 | Line: 3.0 | Under: -111

--- MATCH ENVIRONMENT ---
Weather: Cloudy
Humidity: 57%
Wind: 4.0m/s (8.9 mph)


--- Summary Set #159 for 05/11/2025 --- 05:29:34 AM ET
==================================================
MATCH #71 OF 90
==================================================

==================================================


----- MATCH SUMMARY -----
Timestamp: 05/11/2025 05:29:34 AM ET
Match ID: pxwrxlhygz3xryk
Competition ID: vl7oqdehlenr510
Competition: Chinese Hong Kong Division 3 (China)
Match: Konter vs Orion FC
Score: 4 - 2 (HT: 3 - 2)
Status: Finished (Status ID: 8)

--- MATCH BETTING ODDS ---
ML (Money Line):
Time: 6 min | Home: -250 | Draw: +400 | Away: +500

SPREAD (Asia Handicap):
Time: 4 min | Home: -111 | Handicap: 0.5 | Away: -111

Over/Under:
Time: 4 min | Over: -111 | Line: 3.0 | Under: -111

--- MATCH ENVIRONMENT ---
Weather: Cloudy
Humidity: 55%
Wind: 4.0m/s (8.9 mph)


--- Summary Set #160 for 05/11/2025 --- 05:29:34 AM ET
==================================================
MATCH #72 OF 90
==================================================

==================================================


----- MATCH SUMMARY -----
Timestamp: 05/11/2025 05:29:34 AM ET
Match ID: 2y8m4zh6olnjql0
Competition ID: kn54qllh25dqvy9
Competition: Korean K League 2 (South Korea)
Match: Chungbuk Cheongju FC vs Busan I Park
Score: 0 - 2 (HT: 0 - 0)
Status: Finished (Status ID: 8)

--- MATCH BETTING ODDS ---
ML (Money Line):
Time: 5 min | Home: +210 | Draw: +220 | Away: +120

SPREAD (Asia Handicap):
Time: 4 min | Home: -123 | Handicap: -0.25 | Away: -110

Over/Under:
Time: 4 min | Over: +100 | Line: 2.25 | Under: -125

--- MATCH ENVIRONMENT ---
Weather: Partially cloudy
Humidity: 60%
Wind: 3.1m/s (6.9 mph)


--- Summary Set #161 for 05/11/2025 --- 05:29:34 AM ET
==================================================
MATCH #73 OF 90
==================================================

==================================================


----- MATCH SUMMARY -----
Timestamp: 05/11/2025 05:29:34 AM ET
Match ID: 8yomo4h3pn92q0j
Competition ID: kn54qllh25dqvy9
Competition: Korean K League 2 (South Korea)
Match: Jeonnam Dragons vs Seongnam FC
Score: 2 - 1 (HT: 1 - 0)
Status: Finished (Status ID: 8)

--- MATCH BETTING ODDS ---
ML (Money Line):
Time: 4 min | Home: -111 | Draw: +260 | Away: +260

SPREAD (Asia Handicap):
Time: 4 min | Home: +100 | Handicap: 0.5 | Away: -111

Over/Under:
Time: 4 min | Over: -122 | Line: 2.25 | Under: -103

--- MATCH ENVIRONMENT ---
Weather: Partially cloudy
Humidity: 59%
Wind: 3.1m/s (6.9 mph)


--- Summary Set #162 for 05/11/2025 --- 05:29:35 AM ET
==================================================
MATCH #74 OF 90
==================================================

==================================================


----- MATCH SUMMARY -----
Timestamp: 05/11/2025 05:29:35 AM ET
Match ID: 3glrw7h78v4yqdy
Competition ID: kjw2r09hl4yrz84
Competition: South Australia National Premier Leagues (Australia)
Match: White City Woodville vs Croydon Kings
Score: 3 - 1 (HT: 2 - 1)
Status: Second half (Status ID: 4)

--- MATCH BETTING ODDS ---
ML (Money Line):
Time: 4 min | Home: +130 | Draw: +300 | Away: +137

SPREAD (Asia Handicap):
Time: 4 min | Home: -118 | Handicap: 0.0 | Away: -105

Over/Under:
Time: 4 min | Over: -111 | Line: 3.25 | Under: -111

--- MATCH ENVIRONMENT ---
Weather: Partially cloudy
Humidity: 58%
Wind: 0.1m/s (0.2 mph)


--- Summary Set #163 for 05/11/2025 --- 05:29:35 AM ET
==================================================
MATCH #75 OF 90
==================================================

==================================================


----- MATCH SUMMARY -----
Timestamp: 05/11/2025 05:29:35 AM ET
Match ID: 23xmvkh85258qg8
Competition ID: gy0or5jhlxgqwzv
Competition: Korean K League 1 (South Korea)
Match: Jeju SK FC vs Ulsan HD FC
Score: 1 - 2 (HT: 0 - 1)
Status: Finished (Status ID: 8)

--- MATCH BETTING ODDS ---
ML (Money Line):
Time: 5 min | Home: +300 | Draw: +225 | Away: +100

SPREAD (Asia Handicap):
Time: 4 min | Home: -120 | Handicap: -0.5 | Away: +105

Over/Under:
Time: 4 min | Over: +100 | Line: 2.25 | Under: -125

--- MATCH ENVIRONMENT ---
Weather: Windy
Humidity: 76%
Wind: 4.1m/s (9.2 mph)


--- Summary Set #164 for 05/11/2025 --- 05:29:35 AM ET
==================================================
MATCH #76 OF 90
==================================================

==================================================


----- MATCH SUMMARY -----
Timestamp: 05/11/2025 05:29:35 AM ET
Match ID: l7oqdehopyw4r51
Competition ID: kjw2r09heyrz84o
Competition: Chinese Hong Kong First Division (China)
Match: 3 Sing FC vs Hoi King
Score: 0 - 1 (HT: 0 - 1)
Status: Second half (Status ID: 4)

--- MATCH BETTING ODDS ---
ML (Money Line):
Time: 7 min | Home: -125 | Draw: +333 | Away: +225 (Closest time to minutes 4-6 available: 7)

SPREAD (Asia Handicap):
Time: 4 min | Home: +100 | Handicap: 0.75 | Away: -125

Over/Under:
Time: 4 min | Over: -109 | Line: 3.75 | Under: -115

--- MATCH ENVIRONMENT ---
Weather: Cloudy
Humidity: 56%
Wind: 4.0m/s (8.9 mph)


--- Summary Set #165 for 05/11/2025 --- 05:29:35 AM ET
==================================================
MATCH #77 OF 90
==================================================

==================================================


----- MATCH SUMMARY -----
Timestamp: 05/11/2025 05:29:35 AM ET
Match ID: 8yomo4h3wl7eq0j
Competition ID: z318q66h91qo9jd
Competition: Chinese Football League 1 (China)
Match: Qingdao Red Lions vs Suzhou Dongwu
Score: 0 - 1 (HT: 0 - 0)
Status: Finished (Status ID: 8)

--- MATCH BETTING ODDS ---
ML (Money Line):
Time: 4 min | Home: +275 | Draw: +240 | Away: -111

SPREAD (Asia Handicap):
Time: 4 min | Home: -122 | Handicap: -0.5 | Away: -103

Over/Under:
Time: 4 min | Over: -118 | Line: 2.0 | Under: -105

--- MATCH ENVIRONMENT ---
Weather: Sunny
Humidity: 34%
Wind: 7.8m/s (17.4 mph)


--- Summary Set #166 for 05/11/2025 --- 05:29:36 AM ET
==================================================
MATCH #78 OF 90
==================================================

==================================================


----- MATCH SUMMARY -----
Timestamp: 05/11/2025 05:29:36 AM ET
Match ID: 3glrw7hnkx6yqdy
Competition ID: v2y8m4zhgxoql07
Competition: Western Australia Women's League (Australia)
Match: Perth SC (w) vs Fremantle City FC (w)
Score: 1 - 1 (HT: 1 - 1)
Status: Second half (Status ID: 4)

--- MATCH BETTING ODDS ---
ML (Money Line):
Time: 24 min | Home: -278 | Draw: +400 | Away: +650 (Closest time to minutes 4-6 available: 24)

SPREAD (Asia Handicap):
Time: 22 min | Home: -104 | Handicap: 0.5 | Away: -116 (Closest time to minutes 4-6 available: 22)

Over/Under:
Time: 22 min | Over: -125 | Line: 2.5 | Under: +100 (Closest time to minutes 4-6 available: 22)

--- MATCH ENVIRONMENT ---
Weather: Sunny
Humidity: 47%
Wind: 3.7m/s (8.3 mph)


--- Summary Set #167 for 05/11/2025 --- 05:29:36 AM ET
==================================================
MATCH #79 OF 90
==================================================

==================================================


----- MATCH SUMMARY -----
Timestamp: 05/11/2025 05:29:36 AM ET
Match ID: zp5rzgh5nl52q82
Competition ID: 9vjxm8ghp76r6od
Competition: Australia New South Wales Women's League (Australia)
Match: Aime Rigi (w) vs Mt Druitt Town Rangers FC (W)
Score: 5 - 2 (HT: 2 - 1)
Status: Finished (Status ID: 8)

--- MATCH BETTING ODDS ---

SPREAD (Asia Handicap):
Time: 27 min | Home: -104 | Handicap: -1.0 | Away: -135 (Closest time to minutes 4-6 available: 27)

Over/Under:
Time: 27 min | Over: -111 | Line: 4.5 | Under: -125 (Closest time to minutes 4-6 available: 27)

--- MATCH ENVIRONMENT ---
No environment data available for this match


--- Summary Set #168 for 05/11/2025 --- 05:29:36 AM ET
==================================================
MATCH #80 OF 90
==================================================

==================================================


----- MATCH SUMMARY -----
Timestamp: 05/11/2025 05:29:36 AM ET
Match ID: zp5rzgh5lzg5q82
Competition ID: yl5ergphn1kr8k0
Competition: QLD D2 (Australia)
Match: Pine Hills vs Taringa Rovers
Score: 0 - 0 (HT: 0 - 0)
Status: Postponed (Status ID: 9)

--- MATCH BETTING ODDS ---
ML (Money Line):
Time: pre-match min | Home: -189 | Draw: +400 | Away: +290 (Closest time to minutes 4-6 available: pre-match)

SPREAD (Asia Handicap):
Time: pre-match min | Home: -103 | Handicap: 1.25 | Away: -122 (Closest time to minutes 4-6 available: pre-match)

Over/Under:
Time: pre-match min | Over: -103 | Line: 4.5 | Under: -122 (Closest time to minutes 4-6 available: pre-match)

--- MATCH ENVIRONMENT ---
No environment data available for this match


--- Summary Set #169 for 05/11/2025 --- 05:29:36 AM ET
==================================================
MATCH #81 OF 90
==================================================

==================================================


----- MATCH SUMMARY -----
Timestamp: 05/11/2025 05:29:36 AM ET
Match ID: y0or5jhn9x91qwz
Competition ID: kdj2ryoh2kq1zpg
Competition: French Championnat National 2 (France)
Match: AS Furiani Agliani vs Creteil
Score: 0 - 0 (HT: 0 - 0)
Status: Finished (Status ID: 8)

--- MATCH BETTING ODDS ---

SPREAD (Asia Handicap):
Time: pre-match min | Home: -116 | Handicap: 0.25 | Away: -108 (Closest time to minutes 4-6 available: pre-match)

Over/Under:
Time: pre-match min | Over: -114 | Line: 2.25 | Under: -110 (Closest time to minutes 4-6 available: pre-match)

--- MATCH ENVIRONMENT ---
Weather: Sunny
Humidity: 71%
Wind: 3.2m/s (7.2 mph)


--- Summary Set #170 for 05/11/2025 --- 05:29:37 AM ET
==================================================
MATCH #82 OF 90
==================================================

==================================================


----- MATCH SUMMARY -----
Timestamp: 05/11/2025 05:29:37 AM ET
Match ID: n54qllhn2j5dqvy
Competition ID: jednm9wh2g4ryox
Competition: IRE U20 (Ireland)
Match: Finn Harps U20 vs Derry City U20
Score: 2 - 1 (HT: 1 - 0)
Status: Finished (Status ID: 8)

--- MATCH BETTING ODDS ---
ML (Money Line):
Time: 5 min | Home: -227 | Draw: +400 | Away: +450

SPREAD (Asia Handicap):
Time: 4 min | Home: -123 | Handicap: 1.25 | Away: -109

Over/Under:
Time: 4 min | Over: -108 | Line: 3.0 | Under: -123

--- MATCH ENVIRONMENT ---
Weather: Sunny
Humidity: 36%
Wind: 4.8m/s (10.7 mph)


--- Summary Set #171 for 05/11/2025 --- 05:29:37 AM ET
==================================================
MATCH #83 OF 90
==================================================

==================================================


----- MATCH SUMMARY -----
Timestamp: 05/11/2025 05:29:37 AM ET
Match ID: x7lm7phjk9gwm2w
Competition ID: jednm9wh2g4ryox
Competition: IRE U20 (Ireland)
Match: Dundalk U20 vs Drogheda United U20
Score: 0 - 2 (HT: 0 - 1)
Status: Finished (Status ID: 8)

--- MATCH BETTING ODDS ---
ML (Money Line):
Time: 6 min | Home: +400 | Draw: +375 | Away: -200

SPREAD (Asia Handicap):
Time: 5 min | Home: -130 | Handicap: -0.25 | Away: +102

Over/Under:
Time: 4 min | Over: -105 | Line: 4.0 | Under: -118

--- MATCH ENVIRONMENT ---
Weather: Sunny
Humidity: 74%
Wind: 5.1m/s (11.4 mph)


--- Summary Set #172 for 05/11/2025 --- 05:29:37 AM ET
==================================================
MATCH #84 OF 90
==================================================

==================================================


----- MATCH SUMMARY -----
Timestamp: 05/11/2025 05:29:37 AM ET
Match ID: 8yomo4h1e7yzq0j
Competition ID: v2y8m4zhv6ql074
Competition: Israel Leumit League (Israel)
Match: Kafr Qasim vs  Hapoel Nof HaGalil
Score: 2 - 0 (HT: 0 - 0)
Status: Finished (Status ID: 8)

--- MATCH BETTING ODDS ---
ML (Money Line):
Time: 4 min | Home: +175 | Draw: +220 | Away: +150

SPREAD (Asia Handicap):
Time: 4 min | Home: -122 | Handicap: -0.25 | Away: -114

Over/Under:
Time: 4 min | Over: -115 | Line: 2.25 | Under: -109

--- MATCH ENVIRONMENT ---
Weather: Sunny
Humidity: 41%
Wind: 7.0m/s (15.7 mph)


--- Summary Set #173 for 05/11/2025 --- 05:29:37 AM ET
==================================================
MATCH #85 OF 90
==================================================

==================================================


----- MATCH SUMMARY -----
Timestamp: 05/11/2025 05:29:37 AM ET
Match ID: 23xmvkh87o0oqg8
Competition ID: 56ypq3nh01nmd7o
Competition: Egyptian Premier League (Egypt)
Match: Al Ahly FC vs Al Masry
Score: 4 - 2 (HT: 2 - 1)
Status: Finished (Status ID: 8)

--- MATCH BETTING ODDS ---
ML (Money Line):
Time: 4 min | Home: -200 | Draw: +333 | Away: +550

SPREAD (Asia Handicap):
Time: 4 min | Home: -122 | Handicap: 1.0 | Away: +106

Over/Under:
Time: 4 min | Over: -103 | Line: 2.5 | Under: -122

--- MATCH ENVIRONMENT ---
Weather: Partially cloudy
Humidity: 52%
Wind: 3.1m/s (6.9 mph)


--- Summary Set #174 for 05/11/2025 --- 05:29:38 AM ET
==================================================
MATCH #86 OF 90
==================================================

==================================================


----- MATCH SUMMARY -----
Timestamp: 05/11/2025 05:29:38 AM ET
Match ID: 6ypq3nh327zpmd7
Competition ID: v2y8m4zhydql074
Competition: Uruguay Primera Division (Uruguay)
Match: Cerro Montevideo vs Nacional Montevideo
Score: 0 - 4 (HT: 0 - 1)
Status: Finished (Status ID: 8)

--- MATCH BETTING ODDS ---
ML (Money Line):
Time: 4 min | Home: +800 | Draw: +400 | Away: -333

SPREAD (Asia Handicap):
Time: 4 min | Home: -118 | Handicap: -1.5 | Away: -105

Over/Under:
Time: 4 min | Over: -115 | Line: 2.75 | Under: -109

--- MATCH ENVIRONMENT ---
Weather: Sunny
Humidity: 63%
Wind: 2.9m/s (6.5 mph)


--- Summary Set #175 for 05/11/2025 --- 05:29:38 AM ET
==================================================
MATCH #87 OF 90
==================================================

==================================================


----- MATCH SUMMARY -----
Timestamp: 05/11/2025 05:29:38 AM ET
Match ID: 8yomo4h3wkj8q0j
Competition ID: l965mkyhdgr1ge4
Competition: Chilean Primera B (Chile)
Match: D. Concepcion vs Santiago Morning
Score: 3 - 0 (HT: 2 - 0)
Status: Finished (Status ID: 8)

--- MATCH BETTING ODDS ---
ML (Money Line):
Time: 4 min | Home: +137 | Draw: +200 | Away: +187

SPREAD (Asia Handicap):
Time: 4 min | Home: -101 | Handicap: 0.25 | Away: -130

Over/Under:
Time: 4 min | Over: +105 | Line: 2.25 | Under: -133

--- MATCH ENVIRONMENT ---
Weather: Sunny
Humidity: 39%
Wind: 1.2m/s (2.7 mph)


--- Summary Set #176 for 05/11/2025 --- 05:29:38 AM ET
==================================================
MATCH #88 OF 90
==================================================

==================================================


----- MATCH SUMMARY -----
Timestamp: 05/11/2025 05:29:38 AM ET
Match ID: 318q66hw9y87qo9
Competition ID: yl5ergphd2r8k0o
Competition: Moldova Division 2 (Moldova)
Match: Saxan Ceadir Lunga vs FC Ursidos Stauceni
Score: 1 - 1 (HT: 0 - 1)
Status: Finished (Status ID: 8)

--- MATCH BETTING ODDS ---

SPREAD (Asia Handicap):
Time: 7 min | Home: -127 | Handicap: 0.5 | Away: -118 (Closest time to minutes 4-6 available: 7)

Over/Under:
Time: 4 min | Over: -154 | Line: 2.5 | Under: +110

--- MATCH ENVIRONMENT ---
No environment data available for this match


--- Summary Set #177 for 05/11/2025 --- 05:29:38 AM ET
==================================================
MATCH #89 OF 90
==================================================

==================================================


----- MATCH SUMMARY -----
Timestamp: 05/11/2025 05:29:38 AM ET
Match ID: x7lm7phzl3o6m2w
Competition ID: v2y8m4zhydql074
Competition: Uruguay Primera Division (Uruguay)
Match: Montevideo City Torque vs Montevideo Wanderers FC
Score: 0 - 0 (HT: 0 - 0)
Status: Finished (Status ID: 8)

--- MATCH BETTING ODDS ---
ML (Money Line):
Time: 4 min | Home: +160 | Draw: +210 | Away: +175

SPREAD (Asia Handicap):
Time: 4 min | Home: -122 | Handicap: 0.0 | Away: -104

Over/Under:
Time: 4 min | Over: -108 | Line: 2.25 | Under: -115

--- MATCH ENVIRONMENT ---
Weather: Partially cloudy
Humidity: 88%
Wind: 1.8m/s (4.0 mph)


--- Summary Set #178 for 05/11/2025 --- 05:29:38 AM ET
==================================================
MATCH #90 OF 90
==================================================

==================================================


----- MATCH SUMMARY -----
Timestamp: 05/11/2025 05:29:38 AM ET
Match ID: 23xmvkh6v38yqg8
Competition ID: v2y8m4zhv6ql074
Competition: Israel Leumit League (Israel)
Match: Hapoel Ramat Gan vs Maccabi Herzliya
Score: 2 - 0 (HT: 2 - 0)
Status: Finished (Status ID: 8)

--- MATCH BETTING ODDS ---
ML (Money Line):
Time: 4 min | Home: -105 | Draw: +300 | Away: +210

SPREAD (Asia Handicap):
Time: 4 min | Home: -130 | Handicap: 0.25 | Away: +102

Over/Under:
Time: 4 min | Over: -125 | Line: 2.75 | Under: +100

--- MATCH ENVIRONMENT ---
Weather: Sunny
Humidity: 40%
Wind: 8.4m/s (18.8 mph)


==================================================
END OF LIVE MATCH DATA - 90 MATCHES DISPLAYED
DATABASE STATUS: ✅ Connected - Processed 90 match records
  - Records archived to Supabase 'archived_json' table
==================================================

Processing 90 deferred match alerts...
Memory stats - Previous matches: 91, Deferred alerts: 0

----- MEMORY STATS -----
Previous matches: 91
Deferred alerts: 0
------------------------------
Refreshing in 30 seconds... (Press Ctrl+C to exit)

===== COMPLETED PROCESSING ALL MATCHES - NOW RUNNING MONITORS =====


===== NOW CHECKING TELEGRAM =====

[Telegram] Polling for updates (this will take up to 20 seconds)
[Telegram] Received 1 updates
[Telegram] Status command received from authorized chat
[Telegram] Processed 1 commands

Waiting 10 more seconds before next update cycle...

Fetching live matches...

===== FOUND 89 LIVE FOOTBALL MATCHES =====

[H[2J[3J
===== BRIEF SUMMARY CYCLE #6 AT 05:30:22 AM ET =====

MATCH #1 OF 89

----- MATCH SUMMARY -----
Timestamp: 05/11/2025 05:30:22 AM ET
Match ID: 6ypq3nhv0l4lmd7
Competition ID: kn54qllh745qvy9
Competition: LBN U20 (Unknown Country)
Match: Shabab Al-Sahel U20 vs Shabab Al Ghazieh U20
Score: 0 - 0 (HT: 0 - 0)
Status: First half (Status ID: 2)

--- MATCH BETTING ODDS ---
ML (Money Line):
Time: 8 min | Home: -400 | Draw: +550 | Away: +650 (Closest time to minutes 4-6 available: 8)

SPREAD (Asia Handicap):
Time: 7 min | Home: +100 | Handicap: 2.0 | Away: -125 (Closest time to minutes 4-6 available: 7)

Over/Under:
Time: 7 min | Over: -109 | Line: 3.25 | Under: -115 (Closest time to minutes 4-6 available: 7)

--- MATCH ENVIRONMENT ---
No environment data available for this match


--- Summary Set #179 for 05/11/2025 --- 05:30:22 AM ET
==================================================
MATCH #2 OF 89
==================================================

==================================================


----- MATCH SUMMARY -----
Timestamp: 05/11/2025 05:30:22 AM ET
Match ID: 3glrw7h79pg5qdy
Competition ID: j1l4rjnhz53m7vx
Competition: German Women's Bundesliga II (Germany)
Match: FFC Frankfurt II (w) vs SV Meppen (w)
Score: 0 - 0 (HT: 0 - 0)
Status: Abandoned (Status ID: 13)

--- MATCH BETTING ODDS ---


--- MATCH ENVIRONMENT ---
No environment data available for this match


--- Summary Set #180 for 05/11/2025 --- 05:30:23 AM ET
==================================================
MATCH #3 OF 89
==================================================

==================================================


----- MATCH SUMMARY -----
Timestamp: 05/11/2025 05:30:23 AM ET
Match ID: x7lm7phzv726m2w
Competition ID: j1l4rjnhz53m7vx
Competition: German Women's Bundesliga II (Germany)
Match: Hamburger SV (w) vs SC Freiburg II (w)
Score: 0 - 0 (HT: 0 - 0)
Status: Abandoned (Status ID: 13)

--- MATCH BETTING ODDS ---


--- MATCH ENVIRONMENT ---
No environment data available for this match


--- Summary Set #181 for 05/11/2025 --- 05:30:23 AM ET
==================================================
MATCH #4 OF 89
==================================================

==================================================


----- MATCH SUMMARY -----
Timestamp: 05/11/2025 05:30:23 AM ET
Match ID: l5ergphwgy29r8k
Competition ID: 9dn1m1gh5gmoepl
Competition: Chinese Football League 2 (China)
Match: Guangxi Hengchen Football Club vs Wenzhou Professional Football Club
Score: 0 - 0 (HT: 0 - 0)
Status: First half (Status ID: 2)

--- MATCH BETTING ODDS ---
ML (Money Line):
Time: 4 min | Home: -139 | Draw: +225 | Away: +400

SPREAD (Asia Handicap):
Time: 4 min | Home: -105 | Handicap: 0.75 | Away: -118

Over/Under:
Time: 4 min | Over: +102 | Line: 2.0 | Under: -130

--- MATCH ENVIRONMENT ---
Weather: Cloudy
Humidity: 49%
Wind: 4.0m/s (8.9 mph)


--- Summary Set #182 for 05/11/2025 --- 05:30:24 AM ET
==================================================
MATCH #5 OF 89
==================================================

==================================================


----- MATCH SUMMARY -----
Timestamp: 05/11/2025 05:30:24 AM ET
Match ID: n54qllh73zwlqvy
Competition ID: j1l4rjnhz53m7vx
Competition: German Women's Bundesliga II (Germany)
Match: SV Weinberg Women vs Monchengladbach (w)
Score: 0 - 0 (HT: 0 - 0)
Status: Abandoned (Status ID: 13)

--- MATCH BETTING ODDS ---


--- MATCH ENVIRONMENT ---
No environment data available for this match


--- Summary Set #183 for 05/11/2025 --- 05:30:24 AM ET
==================================================
MATCH #6 OF 89
==================================================

==================================================


----- MATCH SUMMARY -----
Timestamp: 05/11/2025 05:30:24 AM ET
Match ID: x7lm7phjged1m2w
Competition ID: gpxwrxlh9joryk0
Competition: Thai League 3 (Thailand)
Match: North Bangkok University FC vs Maejo United
Score: 0 - 0 (HT: 0 - 0)
Status: First half (Status ID: 2)

--- MATCH BETTING ODDS ---
ML (Money Line):
Time: 4 min | Home: -120 | Draw: +240 | Away: +300

SPREAD (Asia Handicap):
Time: 4 min | Home: -123 | Handicap: 0.5 | Away: -110

Over/Under:
Time: 4 min | Over: -115 | Line: 2.25 | Under: -109

--- MATCH ENVIRONMENT ---
Weather: Partially cloudy
Humidity: 73%
Wind: 6.1m/s (13.6 mph)


--- Summary Set #184 for 05/11/2025 --- 05:30:25 AM ET
==================================================
MATCH #7 OF 89
==================================================

==================================================


----- MATCH SUMMARY -----
Timestamp: 05/11/2025 05:30:25 AM ET
Match ID: k82rekhgv981rep
Competition ID: kdj2ryohj7vq1zp
Competition: Ukrainian Second League (Ukraine)
Match: FC Trostianets vs Hirnyk-Sport
Score: 0 - 0 (HT: 0 - 0)
Status: Abandoned (Status ID: 13)

--- MATCH BETTING ODDS ---


--- MATCH ENVIRONMENT ---
No environment data available for this match


--- Summary Set #185 for 05/11/2025 --- 05:30:25 AM ET
==================================================
MATCH #8 OF 89
==================================================

==================================================


----- MATCH SUMMARY -----
Timestamp: 05/11/2025 05:30:25 AM ET
Match ID: y0or5jh8xkdvqwz
Competition ID: gpxwrxlh9joryk0
Competition: Thai League 3 (Thailand)
Match: Thonburi United FC vs Songkhla FC
Score: 0 - 0 (HT: 0 - 0)
Status: First half (Status ID: 2)

--- MATCH BETTING ODDS ---
ML (Money Line):
Time: 4 min | Home: +240 | Draw: +220 | Away: +110

SPREAD (Asia Handicap):
Time: 4 min | Home: -110 | Handicap: -0.25 | Away: -123

Over/Under:
Time: 4 min | Over: -105 | Line: 2.25 | Under: -118

--- MATCH ENVIRONMENT ---
Weather: Partially cloudy
Humidity: 66%
Wind: 3.4m/s (7.6 mph)


--- Summary Set #186 for 05/11/2025 --- 05:30:25 AM ET
==================================================
MATCH #9 OF 89
==================================================

==================================================


----- MATCH SUMMARY -----
Timestamp: 05/11/2025 05:30:25 AM ET
Match ID: y39mp1h631w7moj
Competition ID: 56ypq3nhl7nmd7o
Competition: Thai Women's Super League (Thailand)
Match: Bangkok (w) vs Chonburi FA (w)
Score: 1 - 0 (HT: 1 - 0)
Status: First half (Status ID: 2)

--- MATCH BETTING ODDS ---
ML (Money Line):
Time: 3 min | Home: +200 | Draw: +375 | Away: -125 (Closest time to minutes 4-6 available: 3)

SPREAD (Asia Handicap):
Time: 7 min | Home: -103 | Handicap: -0.5 | Away: -122 (Closest time to minutes 4-6 available: 7)

Over/Under:
Time: 3 min | Over: -115 | Line: 3.5 | Under: -109 (Closest time to minutes 4-6 available: 3)

--- MATCH ENVIRONMENT ---
No environment data available for this match


--- Summary Set #187 for 05/11/2025 --- 05:30:26 AM ET
==================================================
MATCH #10 OF 89
==================================================

==================================================


----- MATCH SUMMARY -----
Timestamp: 05/11/2025 05:30:26 AM ET
Match ID: n54qllhn56yvqvy
Competition ID: gpxwrxlh9joryk0
Competition: Thai League 3 (Thailand)
Match: Royal Thai Fleet FC vs Rasisalai United
Score: 0 - 1 (HT: 0 - 1)
Status: First half (Status ID: 2)

--- MATCH BETTING ODDS ---
ML (Money Line):
Time: 4 min | Home: +275 | Draw: +250 | Away: -125

SPREAD (Asia Handicap):
Time: 4 min | Home: -110 | Handicap: -0.5 | Away: -122

Over/Under:
Time: 4 min | Over: -103 | Line: 2.5 | Under: -122

--- MATCH ENVIRONMENT ---
Weather: Sunny
Humidity: 79%
Wind: 4.3m/s (9.6 mph)


--- Summary Set #188 for 05/11/2025 --- 05:30:26 AM ET
==================================================
MATCH #11 OF 89
==================================================

==================================================


----- MATCH SUMMARY -----
Timestamp: 05/11/2025 05:30:26 AM ET
Match ID: 4wyrn4h68vodq86
Competition ID: p4jwq2ghvxvm0ve
Competition: Finland U20 League (Finland)
Match: HPS/FC POHU YJ U20 vs Atlantis U20
Score: 1 - 1 (HT: 1 - 1)
Status: First half (Status ID: 2)

--- MATCH BETTING ODDS ---
ML (Money Line):
Time: 4 min | Home: +375 | Draw: +375 | Away: -200

SPREAD (Asia Handicap):
Time: 4 min | Home: -109 | Handicap: -1.25 | Away: -115

Over/Under:
Time: 4 min | Over: -115 | Line: 4.5 | Under: -109

--- MATCH ENVIRONMENT ---
Weather: Sunny
Humidity: 38%
Wind: 8.4m/s (18.8 mph)


--- Summary Set #189 for 05/11/2025 --- 05:30:26 AM ET
==================================================
MATCH #12 OF 89
==================================================

==================================================


----- MATCH SUMMARY -----
Timestamp: 05/11/2025 05:30:26 AM ET
Match ID: 2y8m4zh50l13ql0
Competition ID: z8yomo4h38wq0j6
Competition: AFC Women's Futsal Asian Cup (Unknown Country)
Match: Iran Futsal (w) vs Vietnam Futsal Women
Score: 0 - 0 (HT: 0 - 0)
Status: Abandoned (Status ID: 13)

--- MATCH BETTING ODDS ---


--- MATCH ENVIRONMENT ---
No environment data available for this match


--- Summary Set #190 for 05/11/2025 --- 05:30:27 AM ET
==================================================
MATCH #13 OF 89
==================================================

==================================================


----- MATCH SUMMARY -----
Timestamp: 05/11/2025 05:30:27 AM ET
Match ID: 23xmvkh8ygxxqg8
Competition ID: kn54qllhz3qvy9d
Competition: Ukrainian Youth Team Championship (Ukraine)
Match: Inhulets Petrove U21 vs FC Livyi Bereh U21
Score: 0 - 0 (HT: 0 - 0)
Status: First half (Status ID: 2)

--- MATCH BETTING ODDS ---


--- MATCH ENVIRONMENT ---
No environment data available for this match


--- Summary Set #191 for 05/11/2025 --- 05:30:27 AM ET
==================================================
MATCH #14 OF 89
==================================================

==================================================


----- MATCH SUMMARY -----
Timestamp: 05/11/2025 05:30:27 AM ET
Match ID: jw2r09hklnznrz8
Competition ID: 9dn1m1ghp6ymoep
Competition: GER JBH (Germany)
Match: Werder Bremen U19 vs Koln U19
Score: 1 - 1 (HT: 1 - 1)
Status: First half (Status ID: 2)

--- MATCH BETTING ODDS ---
ML (Money Line):
Time: 4 min | Home: +120 | Draw: +275 | Away: +175

SPREAD (Asia Handicap):
Time: 6 min | Home: -103 | Handicap: 0.25 | Away: -122

Over/Under:
Time: 4 min | Over: +100 | Line: 3.0 | Under: -125

--- MATCH ENVIRONMENT ---
Weather: Sunny
Humidity: 60%
Wind: 4.8m/s (10.7 mph)


--- Summary Set #192 for 05/11/2025 --- 05:30:27 AM ET
==================================================
MATCH #15 OF 89
==================================================

==================================================


----- MATCH SUMMARY -----
Timestamp: 05/11/2025 05:30:27 AM ET
Match ID: n54qllhn2840qvy
Competition ID: j1l4rjnhk9m7vx5
Competition: German U17 Youth League (Germany)
Match: Monchengladbach U17 vs Hoffenheim U17
Score: 0 - 0 (HT: 0 - 0)
Status: Abandoned (Status ID: 13)

--- MATCH BETTING ODDS ---


--- MATCH ENVIRONMENT ---
No environment data available for this match


--- Summary Set #193 for 05/11/2025 --- 05:30:28 AM ET
==================================================
MATCH #16 OF 89
==================================================

==================================================


----- MATCH SUMMARY -----
Timestamp: 05/11/2025 05:30:28 AM ET
Match ID: vjxm8ghl0zllr6o
Competition ID: kjw2r09hg9rz84o
Competition: Andorran Primera Divisio (Andorra)
Match: Atletic Club D Escaldes vs CF Esperanca dAndorra
Score: 0 - 0 (HT: 0 - 0)
Status: First half (Status ID: 2)

--- MATCH BETTING ODDS ---

SPREAD (Asia Handicap):
Time: pre-match min | Home: -133 | Handicap: 3.5 | Away: -111 (Closest time to minutes 4-6 available: pre-match)

Over/Under:
Time: pre-match min | Over: -120 | Line: 4.5 | Under: -119 (Closest time to minutes 4-6 available: pre-match)

--- MATCH ENVIRONMENT ---
Weather: Windy
Humidity: 65%
Wind: 6.5m/s (14.5 mph)


--- Summary Set #194 for 05/11/2025 --- 05:30:28 AM ET
==================================================
MATCH #17 OF 89
==================================================

==================================================


----- MATCH SUMMARY -----
Timestamp: 05/11/2025 05:30:28 AM ET
Match ID: x7lm7phzv1zjm2w
Competition ID: kjw2r09hg9rz84o
Competition: Andorran Primera Divisio (Andorra)
Match: Ranger's FC vs Inter Club Escaldes
Score: 0 - 0 (HT: 0 - 0)
Status: First half (Status ID: 2)

--- MATCH BETTING ODDS ---


--- MATCH ENVIRONMENT ---
No environment data available for this match


--- Summary Set #195 for 05/11/2025 --- 05:30:29 AM ET
==================================================
MATCH #18 OF 89
==================================================

==================================================


----- MATCH SUMMARY -----
Timestamp: 05/11/2025 05:30:29 AM ET
Match ID: 8yomo4h1703yq0j
Competition ID: z318q66hvnxqo9j
Competition: Croatian U19 League (Croatia)
Match: Sesvete U19 vs NK Rudes U19
Score: 0 - 1 (HT: 0 - 1)
Status: First half (Status ID: 2)

--- MATCH BETTING ODDS ---
ML (Money Line):
Time: 4 min | Home: +225 | Draw: +300 | Away: -111

SPREAD (Asia Handicap):
Time: 4 min | Home: -115 | Handicap: -0.5 | Away: -109

Over/Under:
Time: 4 min | Over: -110 | Line: 3.25 | Under: -112

--- MATCH ENVIRONMENT ---
Weather: Sunny
Humidity: 56%
Wind: 0.7m/s (1.6 mph)


--- Summary Set #196 for 05/11/2025 --- 05:30:29 AM ET
==================================================
MATCH #19 OF 89
==================================================

==================================================


----- MATCH SUMMARY -----
Timestamp: 05/11/2025 05:30:29 AM ET
Match ID: y0or5jhn52n9qwz
Competition ID: kjw2r09hg9rz84o
Competition: Andorran Primera Divisio (Andorra)
Match: La Massana vs FC Pas de la Casa
Score: 0 - 0 (HT: 0 - 0)
Status: First half (Status ID: 2)

--- MATCH BETTING ODDS ---

SPREAD (Asia Handicap):
Time: pre-match min | Home: -125 | Handicap: -2.5 | Away: -118 (Closest time to minutes 4-6 available: pre-match)

Over/Under:
Time: pre-match min | Over: -108 | Line: 3.5 | Under: -133 (Closest time to minutes 4-6 available: pre-match)

--- MATCH ENVIRONMENT ---
Weather: Unknown (9)
Humidity: 76%
Wind: 2.3m/s (5.1 mph)


--- Summary Set #197 for 05/11/2025 --- 05:30:29 AM ET
==================================================
MATCH #20 OF 89
==================================================

==================================================


----- MATCH SUMMARY -----
Timestamp: 05/11/2025 05:30:29 AM ET
Match ID: 23xmvkh82n8lqg8
Competition ID: kjw2r09hg9rz84o
Competition: Andorran Primera Divisio (Andorra)
Match: UE Santa Coloma vs FC Santa Coloma
Score: 0 - 0 (HT: 0 - 0)
Status: First half (Status ID: 2)

--- MATCH BETTING ODDS ---
ML (Money Line):
Time: 4 min | Home: +130 | Draw: +225 | Away: +187

SPREAD (Asia Handicap):
Time: 4 min | Home: +101 | Handicap: 0.25 | Away: -137

Over/Under:
Time: 4 min | Over: -122 | Line: 2.0 | Under: -103

--- MATCH ENVIRONMENT ---
Weather: Partially cloudy
Humidity: 80%
Wind: 3.2m/s (7.2 mph)


--- Summary Set #198 for 05/11/2025 --- 05:30:29 AM ET
==================================================
MATCH #21 OF 89
==================================================

==================================================


----- MATCH SUMMARY -----
Timestamp: 05/11/2025 05:30:29 AM ET
Match ID: y39mp1h6vl1jmoj
Competition ID: l965mkyhe0r1ge4
Competition: Italian Campionato Primavera 1 (Italy)
Match: Torino U19 vs AC Milan U20
Score: 0 - 0 (HT: 0 - 0)
Status: First half (Status ID: 2)

--- MATCH BETTING ODDS ---
ML (Money Line):
Time: 4 min | Home: +240 | Draw: +275 | Away: -111

SPREAD (Asia Handicap):
Time: 4 min | Home: -116 | Handicap: -0.5 | Away: -104

Over/Under:
Time: 4 min | Over: +101 | Line: 3.0 | Under: -127

--- MATCH ENVIRONMENT ---
Weather: Sunny
Humidity: 66%
Wind: 2.0m/s (4.5 mph)


--- Summary Set #199 for 05/11/2025 --- 05:30:30 AM ET
==================================================
MATCH #22 OF 89
==================================================

==================================================


----- MATCH SUMMARY -----
Timestamp: 05/11/2025 05:30:30 AM ET
Match ID: 1l4rjnh96knym7v
Competition ID: z318q66h099qo9j
Competition: Hungary Nemzeti Bajnoksug III (Hungary)
Match: Budapest Honved II vs Martfui LSE
Score: 1 - 1 (HT: 1 - 1)
Status: First half (Status ID: 2)

--- MATCH BETTING ODDS ---
ML (Money Line):
Time: 4 min | Home: +150 | Draw: +333 | Away: +110

SPREAD (Asia Handicap):
Time: 4 min | Home: -125 | Handicap: 1.0 | Away: +100

Over/Under:
Time: 4 min | Over: +100 | Line: 4.5 | Under: -125

--- MATCH ENVIRONMENT ---
Weather: Partially cloudy
Humidity: 68%
Wind: 3.4m/s (7.6 mph)


--- Summary Set #200 for 05/11/2025 --- 05:30:30 AM ET
==================================================
MATCH #23 OF 89
==================================================

==================================================


----- MATCH SUMMARY -----
Timestamp: 05/11/2025 05:30:30 AM ET
Match ID: dj2ryohlkj6xq1z
Competition ID: 8y39mp1hjoemojx
Competition: German Bundesliga 5 (Germany)
Match: ESC Geestemunde vs TuRa Bremen
Score: 1 - 0 (HT: 1 - 0)
Status: First half (Status ID: 2)

--- MATCH BETTING ODDS ---


--- MATCH ENVIRONMENT ---
No environment data available for this match


--- Summary Set #201 for 05/11/2025 --- 05:30:30 AM ET
==================================================
MATCH #24 OF 89
==================================================

==================================================


----- MATCH SUMMARY -----
Timestamp: 05/11/2025 05:30:30 AM ET
Match ID: 965mkyhk7n83r1g
Competition ID: z318q66h099qo9j
Competition: Hungary Nemzeti Bajnoksug III (Hungary)
Match: Ferencvarosi TC B vs Nagykanizsai TE 1866
Score: 0 - 0 (HT: 0 - 0)
Status: First half (Status ID: 2)

--- MATCH BETTING ODDS ---
ML (Money Line):
Time: 4 min | Home: +220 | Draw: +240 | Away: +105

SPREAD (Asia Handicap):
Time: 5 min | Home: -106 | Handicap: -0.25 | Away: -135

Over/Under:
Time: 4 min | Over: -118 | Line: 2.75 | Under: -105

--- MATCH ENVIRONMENT ---
Weather: Partially cloudy
Humidity: 66%
Wind: 3.4m/s (7.6 mph)


--- Summary Set #202 for 05/11/2025 --- 05:30:30 AM ET
==================================================
MATCH #25 OF 89
==================================================

==================================================


----- MATCH SUMMARY -----
Timestamp: 05/11/2025 05:30:30 AM ET
Match ID: 8yomo4h172l3q0j
Competition ID: j1l4rjnhk9m7vx5
Competition: German U17 Youth League (Germany)
Match: MSV Duisburg U17 vs VfB Waltrop U17
Score: 0 - 0 (HT: 0 - 0)
Status: Abandoned (Status ID: 13)

--- MATCH BETTING ODDS ---


--- MATCH ENVIRONMENT ---
No environment data available for this match


--- Summary Set #203 for 05/11/2025 --- 05:30:31 AM ET
==================================================
MATCH #26 OF 89
==================================================

==================================================


----- MATCH SUMMARY -----
Timestamp: 05/11/2025 05:30:31 AM ET
Match ID: l7oqdehgn18or51
Competition ID: 56ypq3nh524md7o
Competition: Turkish U19 A2 League (Turkey)
Match: Konyaspor U19 vs Hatayspor U19
Score: 0 - 0 (HT: 0 - 0)
Status: First half (Status ID: 2)

--- MATCH BETTING ODDS ---
ML (Money Line):
Time: 4 min | Home: -105 | Draw: +250 | Away: +250

SPREAD (Asia Handicap):
Time: 4 min | Home: -130 | Handicap: 0.5 | Away: -101

Over/Under:
Time: 4 min | Over: -122 | Line: 2.25 | Under: -103

--- MATCH ENVIRONMENT ---
Weather: Partially cloudy
Humidity: 28%
Wind: 3.1m/s (6.9 mph)


--- Summary Set #204 for 05/11/2025 --- 05:30:31 AM ET
==================================================
MATCH #27 OF 89
==================================================

==================================================


----- MATCH SUMMARY -----
Timestamp: 05/11/2025 05:30:31 AM ET
Match ID: l5ergph40k01r8k
Competition ID: l965mkyhyw2r1ge
Competition: RUS D3B (Unknown Country)
Match: Uralets Nizhny Tagil vs Krylia Sovetov II
Score: 0 - 0 (HT: 0 - 0)
Status: First half (Status ID: 2)

--- MATCH BETTING ODDS ---


--- MATCH ENVIRONMENT ---
No environment data available for this match


--- Summary Set #205 for 05/11/2025 --- 05:30:32 AM ET
==================================================
MATCH #28 OF 89
==================================================

==================================================


----- MATCH SUMMARY -----
Timestamp: 05/11/2025 05:30:32 AM ET
Match ID: 318q66hxoj8kqo9
Competition ID: z318q66h099qo9j
Competition: Hungary Nemzeti Bajnoksug III (Hungary)
Match: Nyiregyhaza B vs Tiszafured VSE
Score: 0 - 0 (HT: 0 - 0)
Status: First half (Status ID: 2)

--- MATCH BETTING ODDS ---
ML (Money Line):
Time: 4 min | Home: +130 | Draw: +260 | Away: +175

SPREAD (Asia Handicap):
Time: 4 min | Home: -141 | Handicap: 0.0 | Away: -105

Over/Under:
Time: 4 min | Over: -111 | Line: 3.0 | Under: -111

--- MATCH ENVIRONMENT ---
Weather: Partially cloudy
Humidity: 64%
Wind: 4.1m/s (9.2 mph)


--- Summary Set #206 for 05/11/2025 --- 05:30:32 AM ET
==================================================
MATCH #29 OF 89
==================================================

==================================================


----- MATCH SUMMARY -----
Timestamp: 05/11/2025 05:30:32 AM ET
Match ID: dn1m1ghl489omoe
Competition ID: z318q66h099qo9j
Competition: Hungary Nemzeti Bajnoksug III (Hungary)
Match: Puskas Akademia II vs Ujpest FC B
Score: 1 - 0 (HT: 1 - 0)
Status: First half (Status ID: 2)

--- MATCH BETTING ODDS ---
ML (Money Line):
Time: 4 min | Home: -139 | Draw: +333 | Away: +275

SPREAD (Asia Handicap):
Time: 4 min | Home: -109 | Handicap: 0.75 | Away: -115

Over/Under:
Time: 4 min | Over: -118 | Line: 3.0 | Under: -105

--- MATCH ENVIRONMENT ---
Weather: Partially cloudy
Humidity: 58%
Wind: 2.9m/s (6.5 mph)


--- Summary Set #207 for 05/11/2025 --- 05:30:32 AM ET
==================================================
MATCH #30 OF 89
==================================================

==================================================


----- MATCH SUMMARY -----
Timestamp: 05/11/2025 05:30:32 AM ET
Match ID: 4wyrn4h68vy0q86
Competition ID: z318q66h099qo9j
Competition: Hungary Nemzeti Bajnoksug III (Hungary)
Match: Paksi FC B vs Kaposvar
Score: 0 - 1 (HT: 0 - 1)
Status: First half (Status ID: 2)

--- MATCH BETTING ODDS ---
ML (Money Line):
Time: 4 min | Home: +175 | Draw: +250 | Away: +120

SPREAD (Asia Handicap):
Time: 4 min | Home: -130 | Handicap: -0.25 | Away: +102

Over/Under:
Time: 4 min | Over: -175 | Line: 2.5 | Under: +115

--- MATCH ENVIRONMENT ---
Weather: Windy
Humidity: 45%
Wind: 4.1m/s (9.2 mph)


--- Summary Set #208 for 05/11/2025 --- 05:30:32 AM ET
==================================================
MATCH #31 OF 89
==================================================

==================================================


----- MATCH SUMMARY -----
Timestamp: 05/11/2025 05:30:32 AM ET
Match ID: zp5rzghgjxxgq82
Competition ID: kjw2r09hw04rz84
Competition: Czech Fifth League (Czech Republic)
Match: Tatran Rousinov vs Boskovice
Score: 0 - 0 (HT: 0 - 0)
Status: First half (Status ID: 2)

--- MATCH BETTING ODDS ---
ML (Money Line):
Time: 4 min | Home: -105 | Draw: +300 | Away: +200

SPREAD (Asia Handicap):
Time: 4 min | Home: -103 | Handicap: 0.5 | Away: -122

Over/Under:
Time: 4 min | Over: -118 | Line: 3.0 | Under: -105

--- MATCH ENVIRONMENT ---
No environment data available for this match


--- Summary Set #209 for 05/11/2025 --- 05:30:33 AM ET
==================================================
MATCH #32 OF 89
==================================================

==================================================


----- MATCH SUMMARY -----
Timestamp: 05/11/2025 05:30:33 AM ET
Match ID: 6ypq3nh3xy3lmd7
Competition ID: gy0or5jho9qwzv3
Competition: Ukrainian First League (Ukraine)
Match: Kremin Kremenchuk vs Prykarpattya Ivano Frankivsk
Score: 0 - 0 (HT: 0 - 0)
Status: First half (Status ID: 2)

--- MATCH BETTING ODDS ---


--- MATCH ENVIRONMENT ---
No environment data available for this match


--- Summary Set #210 for 05/11/2025 --- 05:30:33 AM ET
==================================================
MATCH #33 OF 89
==================================================

==================================================


----- MATCH SUMMARY -----
Timestamp: 05/11/2025 05:30:33 AM ET
Match ID: ednm9wh74jvdryo
Competition ID: 56ypq3nhnemd7oj
Competition: Poland Mloda Ekstraklasa (Poland)
Match: Arka Gdynia (Youth) vs Wisla Krakow (Youth)
Score: 0 - 0 (HT: 0 - 0)
Status: First half (Status ID: 2)

--- MATCH BETTING ODDS ---


--- MATCH ENVIRONMENT ---
No environment data available for this match


--- Summary Set #211 for 05/11/2025 --- 05:30:34 AM ET
==================================================
MATCH #34 OF 89
==================================================

==================================================


----- MATCH SUMMARY -----
Timestamp: 05/11/2025 05:30:34 AM ET
Match ID: n54qllhn2xv5qvy
Competition ID: j1l4rjnhk9m7vx5
Competition: German U17 Youth League (Germany)
Match: Fortuna Dusseldorf U17 vs Viktoria koln(U17)
Score: 0 - 0 (HT: 0 - 0)
Status: Abandoned (Status ID: 13)

--- MATCH BETTING ODDS ---


--- MATCH ENVIRONMENT ---
No environment data available for this match


--- Summary Set #212 for 05/11/2025 --- 05:30:34 AM ET
==================================================
MATCH #35 OF 89
==================================================

==================================================


----- MATCH SUMMARY -----
Timestamp: 05/11/2025 05:30:34 AM ET
Match ID: 23xmvkh63d73qg8
Competition ID: j1l4rjnhk9m7vx5
Competition: German U17 Youth League (Germany)
Match: FC Hennef 05 U17 vs RW Oberhausen U17
Score: 0 - 0 (HT: 0 - 0)
Status: Abandoned (Status ID: 13)

--- MATCH BETTING ODDS ---


--- MATCH ENVIRONMENT ---
No environment data available for this match


--- Summary Set #213 for 05/11/2025 --- 05:30:35 AM ET
==================================================
MATCH #36 OF 89
==================================================

==================================================


----- MATCH SUMMARY -----
Timestamp: 05/11/2025 05:30:35 AM ET
Match ID: zp5rzghgjz87q82
Competition ID: j1l4rjnhk9m7vx5
Competition: German U17 Youth League (Germany)
Match: RW Essen U17 vs TSV Meerbusch U17
Score: 0 - 0 (HT: 0 - 0)
Status: Abandoned (Status ID: 13)

--- MATCH BETTING ODDS ---


--- MATCH ENVIRONMENT ---
No environment data available for this match


--- Summary Set #214 for 05/11/2025 --- 05:30:35 AM ET
==================================================
MATCH #37 OF 89
==================================================

==================================================


----- MATCH SUMMARY -----
Timestamp: 05/11/2025 05:30:35 AM ET
Match ID: 2y8m4zh53z4gql0
Competition ID: e4wyrn4hdzvq86p
Competition: Poland Liga 3 (Poland)
Match: Cracovia II vs Sokol Slopnice
Score: 1 - 0 (HT: 1 - 0)
Status: First half (Status ID: 2)

--- MATCH BETTING ODDS ---
ML (Money Line):
Time: 8 min | Home: -2000 | Draw: +1100 | Away: +2800 (Closest time to minutes 4-6 available: 8)

SPREAD (Asia Handicap):
Time: 4 min | Home: -133 | Handicap: 4.0 | Away: -111

Over/Under:
Time: 4 min | Over: -115 | Line: 5.25 | Under: -109

--- MATCH ENVIRONMENT ---
Weather: Windy
Humidity: 53%
Wind: 4.1m/s (9.2 mph)


--- Summary Set #215 for 05/11/2025 --- 05:30:36 AM ET
==================================================
MATCH #38 OF 89
==================================================

==================================================


----- MATCH SUMMARY -----
Timestamp: 05/11/2025 05:30:36 AM ET
Match ID: 8yomo4h1705vq0j
Competition ID: kn54qllh745qvy9
Competition: LBN U20 (Unknown Country)
Match: Tawfeer U20 vs Sagesse SC U20
Score: 1 - 0 (HT: 1 - 0)
Status: First half (Status ID: 2)

--- MATCH BETTING ODDS ---
ML (Money Line):
Time: 3 min | Home: +110 | Draw: +275 | Away: +175 (Closest time to minutes 4-6 available: 3)

SPREAD (Asia Handicap):
Time: 5 min | Home: -105 | Handicap: 0.25 | Away: -118

Over/Under:
Time: 4 min | Over: -103 | Line: 3.0 | Under: -122

--- MATCH ENVIRONMENT ---
No environment data available for this match


--- Summary Set #216 for 05/11/2025 --- 05:30:36 AM ET
==================================================
MATCH #39 OF 89
==================================================

==================================================


----- MATCH SUMMARY -----
Timestamp: 05/11/2025 05:30:36 AM ET
Match ID: vjxm8ghe4p2er6o
Competition ID: yl5ergphngxr8k0
Competition: Czech 2.liga Women (Czech Republic)
Match: Dukla Prague (w) vs Lisen(w)
Score: 1 - 0 (HT: 1 - 0)
Status: First half (Status ID: 2)

--- MATCH BETTING ODDS ---
ML (Money Line):
Time: 3 min | Home: +130 | Draw: +260 | Away: +160 (Closest time to minutes 4-6 available: 3)

SPREAD (Asia Handicap):
Time: 3 min | Home: -130 | Handicap: 0.0 | Away: +102 (Closest time to minutes 4-6 available: 3)

Over/Under:
Time: 6 min | Over: -118 | Line: 3.0 | Under: -105

--- MATCH ENVIRONMENT ---
Weather: Partially cloudy
Humidity: 44%
Wind: 3.1m/s (6.9 mph)


--- Summary Set #217 for 05/11/2025 --- 05:30:36 AM ET
==================================================
MATCH #40 OF 89
==================================================

==================================================


----- MATCH SUMMARY -----
Timestamp: 05/11/2025 05:30:36 AM ET
Match ID: 4jwq2ghn4702m0v
Competition ID: l965mkyh3nnr1ge
Competition: Greek U19 (Greece)
Match: OFI Crete U19 vs Levadiakos U19
Score: 0 - 0 (HT: 0 - 0)
Status: First half (Status ID: 2)

--- MATCH BETTING ODDS ---


--- MATCH ENVIRONMENT ---
No environment data available for this match


--- Summary Set #218 for 05/11/2025 --- 05:30:36 AM ET
==================================================
MATCH #41 OF 89
==================================================

==================================================


----- MATCH SUMMARY -----
Timestamp: 05/11/2025 05:30:36 AM ET
Match ID: dj2ryohlkndyq1z
Competition ID: kdj2ryohye0q1zp
Competition: Malaysian President Cup (Malaysia)
Match: Terengganu U20 vs Sabah U20
Score: 2 - 0 (HT: 2 - 0)
Status: First half (Status ID: 2)

--- MATCH BETTING ODDS ---
ML (Money Line):
Time: 4 min | Home: -152 | Draw: +240 | Away: +375

SPREAD (Asia Handicap):
Time: 4 min | Home: -111 | Handicap: 0.75 | Away: -111

Over/Under:
Time: 4 min | Over: -111 | Line: 2.25 | Under: -111

--- MATCH ENVIRONMENT ---
Weather: Partially cloudy
Humidity: 79%
Wind: 2.9m/s (6.5 mph)


--- Summary Set #219 for 05/11/2025 --- 05:30:37 AM ET
==================================================
MATCH #42 OF 89
==================================================

==================================================


----- MATCH SUMMARY -----
Timestamp: 05/11/2025 05:30:37 AM ET
Match ID: pxwrxlh5yjdoryk
Competition ID: kjw2r09h9jrz84o
Competition: Austrian 2.Liga (Austria)
Match: SV Ried vs Sturm Graz (Youth)
Score: 0 - 0 (HT: 0 - 0)
Status: Half-time break (Status ID: 3)

--- MATCH BETTING ODDS ---
ML (Money Line):
Time: 4 min | Home: -455 | Draw: +600 | Away: +750

SPREAD (Asia Handicap):
Time: 4 min | Home: -104 | Handicap: 2.0 | Away: -109

Over/Under:
Time: 4 min | Over: +100 | Line: 3.5 | Under: -116

--- MATCH ENVIRONMENT ---
Weather: Sunny
Humidity: 41%
Wind: 1.2m/s (2.7 mph)


--- Summary Set #220 for 05/11/2025 --- 05:30:37 AM ET
==================================================
MATCH #43 OF 89
==================================================

==================================================


----- MATCH SUMMARY -----
Timestamp: 05/11/2025 05:30:37 AM ET
Match ID: 3glrw7hnwzp7qdy
Competition ID: vl7oqdehoxwr510
Competition: Chinese Taiwan President FA Cup (China)
Match: Sunny Bank Athletic Club Taipei vs Babuza FC
Score: 7 - 0 (HT: 7 - 0)
Status: Half-time break (Status ID: 3)

--- MATCH BETTING ODDS ---

SPREAD (Asia Handicap):
Time: 4 min | Home: -149 | Handicap: 4.0 | Away: +101

Over/Under:
Time: 4 min | Over: -145 | Line: 5.25 | Under: -103

--- MATCH ENVIRONMENT ---
No environment data available for this match


--- Summary Set #221 for 05/11/2025 --- 05:30:37 AM ET
==================================================
MATCH #44 OF 89
==================================================

==================================================


----- MATCH SUMMARY -----
Timestamp: 05/11/2025 05:30:37 AM ET
Match ID: l7oqdehoo94dr51
Competition ID: z8yomo4h49q0j6l
Competition: Poland Women's Ekstraliga (Poland)
Match: Slask Wroclaw (w) vs Pogon Szczecin (w)
Score: 0 - 1 (HT: 0 - 1)
Status: Half-time break (Status ID: 3)

--- MATCH BETTING ODDS ---
ML (Money Line):
Time: 4 min | Home: +300 | Draw: +450 | Away: -175

SPREAD (Asia Handicap):
Time: 4 min | Home: -115 | Handicap: -1.0 | Away: -109

Over/Under:
Time: 4 min | Over: -111 | Line: 3.5 | Under: -111

--- MATCH ENVIRONMENT ---
Weather: Partially cloudy
Humidity: 43%
Wind: 3.1m/s (6.9 mph)


--- Summary Set #222 for 05/11/2025 --- 05:30:37 AM ET
==================================================
MATCH #45 OF 89
==================================================

==================================================


----- MATCH SUMMARY -----
Timestamp: 05/11/2025 05:30:37 AM ET
Match ID: vjxm8ghe4p5er6o
Competition ID: p4jwq2ghkl8m0ve
Competition: Austrian Landesliga (Austria)
Match: Slovan HAC vs Helfort 15
Score: 0 - 1 (HT: 0 - 1)
Status: Half-time break (Status ID: 3)

--- MATCH BETTING ODDS ---
ML (Money Line):
Time: 4 min | Home: +300 | Draw: +333 | Away: -152

SPREAD (Asia Handicap):
Time: 4 min | Home: -105 | Handicap: -0.75 | Away: -118

Over/Under:
Time: 4 min | Over: -105 | Line: 3.25 | Under: -118

--- MATCH ENVIRONMENT ---
Weather: Partially cloudy
Humidity: 60%
Wind: 2.0m/s (4.5 mph)


--- Summary Set #223 for 05/11/2025 --- 05:30:38 AM ET
==================================================
MATCH #46 OF 89
==================================================

==================================================


----- MATCH SUMMARY -----
Timestamp: 05/11/2025 05:30:38 AM ET
Match ID: jw2r09h25dl0rz8
Competition ID: 56ypq3nhz53md7o
Competition: Indonesian Liga 1 (Indonesia)
Match: Arema FC vs Persik Kediri
Score: 0 - 1 (HT: 0 - 1)
Status: Half-time break (Status ID: 3)

--- MATCH BETTING ODDS ---
ML (Money Line):
Time: 4 min | Home: -125 | Draw: +250 | Away: +300

SPREAD (Asia Handicap):
Time: 4 min | Home: -122 | Handicap: 0.5 | Away: -103

Over/Under:
Time: 4 min | Over: +102 | Line: 2.5 | Under: -119

--- MATCH ENVIRONMENT ---
Weather: Cloudy
Humidity: 75%
Wind: 3.7m/s (8.3 mph)


--- Summary Set #224 for 05/11/2025 --- 05:30:38 AM ET
==================================================
MATCH #47 OF 89
==================================================

==================================================


----- MATCH SUMMARY -----
Timestamp: 05/11/2025 05:30:38 AM ET
Match ID: 1l4rjnh96ej6m7v
Competition ID: d23xmvkh41dqg8n
Competition: IND DSD (India)
Match: Amity Indian National vs Rangers SC
Score: 0 - 1 (HT: 0 - 1)
Status: Half-time break (Status ID: 3)

--- MATCH BETTING ODDS ---
ML (Money Line):
Time: 4 min | Home: +125 | Draw: +275 | Away: +160

SPREAD (Asia Handicap):
Time: 4 min | Home: -133 | Handicap: 0.0 | Away: +105

Over/Under:
Time: 5 min | Over: -122 | Line: 2.75 | Under: -103

--- MATCH ENVIRONMENT ---
No environment data available for this match


--- Summary Set #225 for 05/11/2025 --- 05:30:38 AM ET
==================================================
MATCH #48 OF 89
==================================================

==================================================


----- MATCH SUMMARY -----
Timestamp: 05/11/2025 05:30:38 AM ET
Match ID: zp5rzghgjxg8q82
Competition ID: p4jwq2ghx87m0ve
Competition: Slovenia 3.Liga (Slovenia)
Match: SD Videm vs NK Podvinci
Score: 1 - 1 (HT: 1 - 1)
Status: Half-time break (Status ID: 3)

--- MATCH BETTING ODDS ---
ML (Money Line):
Time: 6 min | Home: -175 | Draw: +375 | Away: +333

SPREAD (Asia Handicap):
Time: 4 min | Home: -115 | Handicap: 1.0 | Away: -109

Over/Under:
Time: 4 min | Over: -109 | Line: 3.0 | Under: -115

--- MATCH ENVIRONMENT ---
Weather: Sunny
Humidity: 55%
Wind: 2.3m/s (5.1 mph)


--- Summary Set #226 for 05/11/2025 --- 05:30:38 AM ET
==================================================
MATCH #49 OF 89
==================================================

==================================================


----- MATCH SUMMARY -----
Timestamp: 05/11/2025 05:30:38 AM ET
Match ID: x7lm7phz42p7m2w
Competition ID: v2y8m4zhw4ql074
Competition: Romanian Liga II (Romania)
Match: Metaloglobus vs Steaua Bucuresti
Score: 0 - 1 (HT: 0 - 1)
Status: Half-time break (Status ID: 3)

--- MATCH BETTING ODDS ---
ML (Money Line):
Time: 4 min | Home: +210 | Draw: +210 | Away: +125

SPREAD (Asia Handicap):
Time: 4 min | Home: -118 | Handicap: -0.25 | Away: -105

Over/Under:
Time: 4 min | Over: -105 | Line: 2.25 | Under: -118

--- MATCH ENVIRONMENT ---
No environment data available for this match


--- Summary Set #227 for 05/11/2025 --- 05:30:38 AM ET
==================================================
MATCH #50 OF 89
==================================================

==================================================


----- MATCH SUMMARY -----
Timestamp: 05/11/2025 05:30:38 AM ET
Match ID: n54qllhn2jjpqvy
Competition ID: kjw2r09hw04rz84
Competition: Czech Fifth League (Czech Republic)
Match: Jiskra Trebon vs FK Protivin
Score: 3 - 0 (HT: 3 - 0)
Status: Half-time break (Status ID: 3)

--- MATCH BETTING ODDS ---
ML (Money Line):
Time: 2 min | Home: -278 | Draw: +450 | Away: +450 (Closest time to minutes 4-6 available: 2)

SPREAD (Asia Handicap):
Time: 5 min | Home: -110 | Handicap: 0.5 | Away: -123

Over/Under:
Time: 4 min | Over: -118 | Line: 4.25 | Under: -105

--- MATCH ENVIRONMENT ---
No environment data available for this match


--- Summary Set #228 for 05/11/2025 --- 05:30:39 AM ET
==================================================
MATCH #51 OF 89
==================================================

==================================================


----- MATCH SUMMARY -----
Timestamp: 05/11/2025 05:30:39 AM ET
Match ID: 23xmvkh63448qg8
Competition ID: kjw2r09hw04rz84
Competition: Czech Fifth League (Czech Republic)
Match: Pohorelice vs Bystrc Kninicky
Score: 0 - 2 (HT: 0 - 2)
Status: Half-time break (Status ID: 3)

--- MATCH BETTING ODDS ---
ML (Money Line):
Time: 4 min | Home: +187 | Draw: +300 | Away: +100

SPREAD (Asia Handicap):
Time: 7 min | Home: -103 | Handicap: -0.25 | Away: -122 (Closest time to minutes 4-6 available: 7)

Over/Under:
Time: 4 min | Over: -122 | Line: 3.0 | Under: -103

--- MATCH ENVIRONMENT ---
No environment data available for this match


--- Summary Set #229 for 05/11/2025 --- 05:30:39 AM ET
==================================================
MATCH #52 OF 89
==================================================

==================================================


----- MATCH SUMMARY -----
Timestamp: 05/11/2025 05:30:39 AM ET
Match ID: 3glrw7hnwo4dqdy
Competition ID: j1l4rjnh58ym7vx
Competition: AVPL U23 (Australia)
Match: Western United FC U23 vs Caroline Springs George Cross U23
Score: 3 - 0 (HT: 3 - 0)
Status: Half-time break (Status ID: 3)

--- MATCH BETTING ODDS ---

SPREAD (Asia Handicap):
Time: 19 min | Home: -115 | Handicap: 1.75 | Away: -105 (Closest time to minutes 4-6 available: 19)

Over/Under:
Time: 19 min | Over: -101 | Line: 5.25 | Under: -123 (Closest time to minutes 4-6 available: 19)

--- MATCH ENVIRONMENT ---
No environment data available for this match


--- Summary Set #230 for 05/11/2025 --- 05:30:39 AM ET
==================================================
MATCH #53 OF 89
==================================================

==================================================


----- MATCH SUMMARY -----
Timestamp: 05/11/2025 05:30:39 AM ET
Match ID: 4wyrn4hxjxn9q86
Competition ID: jednm9wh0nryox8
Competition: Czech Third League (Czech Republic)
Match: Slovacko II vs Blansko
Score: 0 - 2 (HT: 0 - 1)
Status: Second half (Status ID: 4)

--- MATCH BETTING ODDS ---
ML (Money Line):
Time: 4 min | Home: -120 | Draw: +260 | Away: +250

SPREAD (Asia Handicap):
Time: 4 min | Home: -111 | Handicap: 0.5 | Away: -111

Over/Under:
Time: 4 min | Over: -154 | Line: 2.5 | Under: +105

--- MATCH ENVIRONMENT ---
Weather: Sunny
Humidity: 56%
Wind: 6.1m/s (13.6 mph)


--- Summary Set #231 for 05/11/2025 --- 05:30:39 AM ET
==================================================
MATCH #54 OF 89
==================================================

==================================================


----- MATCH SUMMARY -----
Timestamp: 05/11/2025 05:30:39 AM ET
Match ID: 8yomo4h1700vq0j
Competition ID: gpxwrxlh9voryk0
Competition: Czech Fourth Division (Czech Republic)
Match: Opava II vs FC Vratimov
Score: 1 - 2 (HT: 1 - 1)
Status: Second half (Status ID: 4)

--- MATCH BETTING ODDS ---
ML (Money Line):
Time: 4 min | Home: +125 | Draw: +300 | Away: +150

SPREAD (Asia Handicap):
Time: 4 min | Home: -125 | Handicap: 0.0 | Away: +100

Over/Under:
Time: 4 min | Over: -122 | Line: 3.25 | Under: -103

--- MATCH ENVIRONMENT ---
Weather: Partially cloudy
Humidity: 48%
Wind: 5.1m/s (11.4 mph)


--- Summary Set #232 for 05/11/2025 --- 05:30:39 AM ET
==================================================
MATCH #55 OF 89
==================================================

==================================================


----- MATCH SUMMARY -----
Timestamp: 05/11/2025 05:30:39 AM ET
Match ID: y0or5jh8lggoqwz
Competition ID: kjw2r09hw04rz84
Competition: Czech Fifth League (Czech Republic)
Match: Brumov vs Sokol Nevsova
Score: 0 - 0 (HT: 0 - 0)
Status: Second half (Status ID: 4)

--- MATCH BETTING ODDS ---
ML (Money Line):
Time: 5 min | Home: -625 | Draw: +600 | Away: +900

SPREAD (Asia Handicap):
Time: 4 min | Home: -105 | Handicap: 2.25 | Away: -118

Over/Under:
Time: 4 min | Over: +100 | Line: 3.5 | Under: -125

--- MATCH ENVIRONMENT ---
No environment data available for this match


--- Summary Set #233 for 05/11/2025 --- 05:30:40 AM ET
==================================================
MATCH #56 OF 89
==================================================

==================================================


----- MATCH SUMMARY -----
Timestamp: 05/11/2025 05:30:40 AM ET
Match ID: 6ypq3nh323ezmd7
Competition ID: jednm9wh0nryox8
Competition: Czech Third League (Czech Republic)
Match: Bohemians1905 B vs Taborsko Akademie
Score: 2 - 0 (HT: 2 - 0)
Status: Second half (Status ID: 4)

--- MATCH BETTING ODDS ---
ML (Money Line):
Time: 4 min | Home: +110 | Draw: +275 | Away: +187

SPREAD (Asia Handicap):
Time: 4 min | Home: -109 | Handicap: 0.25 | Away: -115

Over/Under:
Time: 4 min | Over: -123 | Line: 3.0 | Under: -112

--- MATCH ENVIRONMENT ---
Weather: Partially cloudy
Humidity: 57%
Wind: 2.0m/s (4.5 mph)


--- Summary Set #234 for 05/11/2025 --- 05:30:40 AM ET
==================================================
MATCH #57 OF 89
==================================================

==================================================


----- MATCH SUMMARY -----
Timestamp: 05/11/2025 05:30:40 AM ET
Match ID: pxwrxlh565ejryk
Competition ID: jednm9wh0nryox8
Competition: Czech Third League (Czech Republic)
Match: Dukla Praha B vs Admira Praha
Score: 3 - 0 (HT: 1 - 0)
Status: Second half (Status ID: 4)

--- MATCH BETTING ODDS ---
ML (Money Line):
Time: 4 min | Home: +187 | Draw: +250 | Away: +120

SPREAD (Asia Handicap):
Time: 4 min | Home: -130 | Handicap: -0.25 | Away: +102

Over/Under:
Time: 4 min | Over: +100 | Line: 2.75 | Under: -125

--- MATCH ENVIRONMENT ---
Weather: Partially cloudy
Humidity: 51%
Wind: 3.7m/s (8.3 mph)


--- Summary Set #235 for 05/11/2025 --- 05:30:40 AM ET
==================================================
MATCH #58 OF 89
==================================================

==================================================


----- MATCH SUMMARY -----
Timestamp: 05/11/2025 05:30:40 AM ET
Match ID: 965mkyhkl05yr1g
Competition ID: kjw2r09hje5rz84
Competition: Mongolia Premier League (Mongolia)
Match: Tuv Buganuud vs Khovd
Score: 0 - 0 (HT: 0 - 0)
Status: Postponed (Status ID: 9)

--- MATCH BETTING ODDS ---


--- MATCH ENVIRONMENT ---
No environment data available for this match


--- Summary Set #236 for 05/11/2025 --- 05:30:41 AM ET
==================================================
MATCH #59 OF 89
==================================================

==================================================


----- MATCH SUMMARY -----
Timestamp: 05/11/2025 05:30:41 AM ET
Match ID: x7lm7phzj8ezm2w
Competition ID: p4jwq2gh9ym0veo
Competition: Czech National Football League (Czech Republic)
Match: Slavia Praha B vs Brno
Score: 0 - 0 (HT: 0 - 0)
Status: Second half (Status ID: 4)

--- MATCH BETTING ODDS ---
ML (Money Line):
Time: 3 min | Home: -139 | Draw: +300 | Away: +300 (Closest time to minutes 4-6 available: 3)

SPREAD (Asia Handicap):
Time: 4 min | Home: -103 | Handicap: 0.75 | Away: -122

Over/Under:
Time: 4 min | Over: -103 | Line: 2.75 | Under: -122

--- MATCH ENVIRONMENT ---
Weather: Partially cloudy
Humidity: 57%
Wind: 2.0m/s (4.5 mph)


--- Summary Set #237 for 05/11/2025 --- 05:30:41 AM ET
==================================================
MATCH #60 OF 89
==================================================

==================================================


----- MATCH SUMMARY -----
Timestamp: 05/11/2025 05:30:41 AM ET
Match ID: pxwrxlh5yeolryk
Competition ID: p4jwq2gh9ym0veo
Competition: Czech National Football League (Czech Republic)
Match: Viktoria Zizkov vs Sparta Praha B
Score: 0 - 1 (HT: 0 - 1)
Status: Second half (Status ID: 4)

--- MATCH BETTING ODDS ---
ML (Money Line):
Time: 4 min | Home: +110 | Draw: +240 | Away: +225

SPREAD (Asia Handicap):
Time: 4 min | Home: -120 | Handicap: 0.25 | Away: +101

Over/Under:
Time: 4 min | Over: -118 | Line: 2.75 | Under: -105

--- MATCH ENVIRONMENT ---
Weather: Partially cloudy
Humidity: 57%
Wind: 2.0m/s (4.5 mph)


--- Summary Set #238 for 05/11/2025 --- 05:30:41 AM ET
==================================================
MATCH #61 OF 89
==================================================

==================================================


----- MATCH SUMMARY -----
Timestamp: 05/11/2025 05:30:41 AM ET
Match ID: 318q66hwl2npqo9
Competition ID: 9dn1m1gh5gmoepl
Competition: Chinese Football League 2 (China)
Match: Hangzhou Linping Wuyue vs Tai'an Tiankuang
Score: 1 - 1 (HT: 1 - 1)
Status: Second half (Status ID: 4)

--- MATCH BETTING ODDS ---
ML (Money Line):
Time: 4 min | Home: +120 | Draw: +175 | Away: +250

SPREAD (Asia Handicap):
Time: 4 min | Home: -109 | Handicap: 0.25 | Away: -115

Over/Under:
Time: 4 min | Over: -105 | Line: 1.75 | Under: -118

--- MATCH ENVIRONMENT ---
Weather: Sunny
Humidity: 27%
Wind: 5.8m/s (13.0 mph)


--- Summary Set #239 for 05/11/2025 --- 05:30:41 AM ET
==================================================
MATCH #62 OF 89
==================================================

==================================================


----- MATCH SUMMARY -----
Timestamp: 05/11/2025 05:30:41 AM ET
Match ID: dn1m1gh267kymoe
Competition ID: 9dn1m1gh5gmoepl
Competition: Chinese Football League 2 (China)
Match: Hubei Istar vs Beijing IT
Score: 3 - 0 (HT: 1 - 0)
Status: Second half (Status ID: 4)

--- MATCH BETTING ODDS ---
ML (Money Line):
Time: 4 min | Home: +120 | Draw: +187 | Away: +240

SPREAD (Asia Handicap):
Time: 4 min | Home: -109 | Handicap: 0.25 | Away: -115

Over/Under:
Time: 4 min | Over: +100 | Line: 2.0 | Under: -125

--- MATCH ENVIRONMENT ---
Weather: Sunny
Humidity: 28%
Wind: 4.3m/s (9.6 mph)


--- Summary Set #240 for 05/11/2025 --- 05:30:42 AM ET
==================================================
MATCH #63 OF 89
==================================================

==================================================


----- MATCH SUMMARY -----
Timestamp: 05/11/2025 05:30:42 AM ET
Match ID: 4wyrn4hxgxoyq86
Competition ID: kjw2r09hwl5rz84
Competition: Chinese Football Association Member Association Champions League (China)
Match: Ili Tianshan Flower Sea vs Baoding Bootscity Athletics Football Club
Score: 0 - 0 (HT: 0 - 0)
Status: Second half (Status ID: 4)

--- MATCH BETTING ODDS ---


--- MATCH ENVIRONMENT ---
No environment data available for this match


--- Summary Set #241 for 05/11/2025 --- 05:30:42 AM ET
==================================================
MATCH #64 OF 89
==================================================

==================================================


----- MATCH SUMMARY -----
Timestamp: 05/11/2025 05:30:42 AM ET
Match ID: 6ypq3nh3yyp1md7
Competition ID: e4wyrn4h8z1q86p
Competition: National Premier Leagues Victoria 2 (Australia)
Match: Melbourne City NPL vs Brunswick City
Score: 3 - 0 (HT: 2 - 0)
Status: Second half (Status ID: 4)

--- MATCH BETTING ODDS ---
ML (Money Line):
Time: 4 min | Home: -200 | Draw: +375 | Away: +350

SPREAD (Asia Handicap):
Time: 4 min | Home: -103 | Handicap: 1.25 | Away: -122

Over/Under:
Time: 4 min | Over: -105 | Line: 3.75 | Under: -118

--- MATCH ENVIRONMENT ---
Weather: Sunny
Humidity: 49%
Wind: 4.8m/s (10.7 mph)


--- Summary Set #242 for 05/11/2025 --- 05:30:42 AM ET
==================================================
MATCH #65 OF 89
==================================================

==================================================


----- MATCH SUMMARY -----
Timestamp: 05/11/2025 05:30:42 AM ET
Match ID: dj2ryohlkg9eq1z
Competition ID: 9vjxm8ghjx1r6od
Competition: Australia Queensland State Women's League (Australia)
Match: Capalaba (w) vs Brisbane Olympic (w)
Score: 0 - 0 (HT: 0 - 0)
Status: Abandoned (Status ID: 13)

--- MATCH BETTING ODDS ---
ML (Money Line):
Time: pre-match min | Home: +100 | Draw: +250 | Away: +210 (Closest time to minutes 4-6 available: pre-match)

SPREAD (Asia Handicap):
Time: pre-match min | Home: -125 | Handicap: 0.25 | Away: +100 (Closest time to minutes 4-6 available: pre-match)

Over/Under:
Time: pre-match min | Over: +102 | Line: 3.25 | Under: -130 (Closest time to minutes 4-6 available: pre-match)

--- MATCH ENVIRONMENT ---
Weather: Unknown (9)
Humidity: 85%
Wind: 3.7m/s (8.3 mph)


--- Summary Set #243 for 05/11/2025 --- 05:30:43 AM ET
==================================================
MATCH #66 OF 89
==================================================

==================================================


----- MATCH SUMMARY -----
Timestamp: 05/11/2025 05:30:43 AM ET
Match ID: l7oqdehop7wxr51
Competition ID: v2y8m4zh3p5ql07
Competition: Australia Brisbane Capital League 1 (Australia)
Match: Centenary Stormers vs Redcliffe PCYC
Score: 2 - 1 (HT: 1 - 0)
Status: Second half (Status ID: 4)

--- MATCH BETTING ODDS ---
ML (Money Line):
Time: 5 min | Home: +450 | Draw: +450 | Away: -250

SPREAD (Asia Handicap):
Time: 4 min | Home: -103 | Handicap: -1.5 | Away: -122

Over/Under:
Time: 4 min | Over: -109 | Line: 4.75 | Under: -115

--- MATCH ENVIRONMENT ---
Weather: Sunny
Humidity: 40%
Wind: 4.1m/s (9.2 mph)


--- Summary Set #244 for 05/11/2025 --- 05:30:43 AM ET
==================================================
MATCH #67 OF 89
==================================================

==================================================


----- MATCH SUMMARY -----
Timestamp: 05/11/2025 05:30:43 AM ET
Match ID: vjxm8ghevn3pr6o
Competition ID: v2y8m4zhgxoql07
Competition: Western Australia Women's League (Australia)
Match: Subiaco AFC (w) vs Murdoch University Melville FC (w)
Score: 3 - 0 (HT: 2 - 0)
Status: Second half (Status ID: 4)

--- MATCH BETTING ODDS ---

SPREAD (Asia Handicap):
Time: 9 min | Home: -125 | Handicap: 2.5 | Away: -111 (Closest time to minutes 4-6 available: 9)

Over/Under:
Time: 10 min | Over: -120 | Line: 5.5 | Under: -115 (Closest time to minutes 4-6 available: 10)

--- MATCH ENVIRONMENT ---
No environment data available for this match


--- Summary Set #245 for 05/11/2025 --- 05:30:43 AM ET
==================================================
MATCH #68 OF 89
==================================================

==================================================


----- MATCH SUMMARY -----
Timestamp: 05/11/2025 05:30:43 AM ET
Match ID: k82rekhwl6ndrep
Competition ID: 9dn1m1gh5gmoepl
Competition: Chinese Football League 2 (China)
Match: Haimen Codion vs Jiangxi Lushan
Score: 4 - 1 (HT: 1 - 0)
Status: Finished (Status ID: 8)

--- MATCH BETTING ODDS ---
ML (Money Line):
Time: 4 min | Home: +187 | Draw: +175 | Away: +160

SPREAD (Asia Handicap):
Time: 4 min | Home: -103 | Handicap: 0.0 | Away: -122

Over/Under:
Time: 4 min | Over: -115 | Line: 1.5 | Under: -109

--- MATCH ENVIRONMENT ---
Weather: Sunny
Humidity: 27%
Wind: 5.6m/s (12.5 mph)


--- Summary Set #246 for 05/11/2025 --- 05:30:43 AM ET
==================================================
MATCH #69 OF 89
==================================================

==================================================


----- MATCH SUMMARY -----
Timestamp: 05/11/2025 05:30:43 AM ET
Match ID: 4wyrn4h68v2dq86
Competition ID: vl7oqdehlenr510
Competition: Chinese Hong Kong Division 3 (China)
Match: Ravia SA vs Kln City District RSC
Score: 0 - 4 (HT: 0 - 0)
Status: Finished (Status ID: 8)

--- MATCH BETTING ODDS ---
ML (Money Line):
Time: 4 min | Home: +550 | Draw: +375 | Away: -278

SPREAD (Asia Handicap):
Time: 4 min | Home: -118 | Handicap: -1.5 | Away: -105

Over/Under:
Time: 4 min | Over: -115 | Line: 3.25 | Under: -109

--- MATCH ENVIRONMENT ---
Weather: Cloudy
Humidity: 55%
Wind: 4.0m/s (8.9 mph)


--- Summary Set #247 for 05/11/2025 --- 05:30:43 AM ET
==================================================
MATCH #70 OF 89
==================================================

==================================================


----- MATCH SUMMARY -----
Timestamp: 05/11/2025 05:30:43 AM ET
Match ID: l5ergph4onyer8k
Competition ID: vl7oqdehlenr510
Competition: Chinese Hong Kong Division 3 (China)
Match: Pak Hei vs Islands District FT
Score: 0 - 0 (HT: 0 - 0)
Status: Finished (Status ID: 8)

--- MATCH BETTING ODDS ---
ML (Money Line):
Time: 4 min | Home: +220 | Draw: +300 | Away: -111

SPREAD (Asia Handicap):
Time: 4 min | Home: -103 | Handicap: -0.25 | Away: -132

Over/Under:
Time: 4 min | Over: -111 | Line: 3.0 | Under: -111

--- MATCH ENVIRONMENT ---
Weather: Cloudy
Humidity: 57%
Wind: 4.0m/s (8.9 mph)


--- Summary Set #248 for 05/11/2025 --- 05:30:44 AM ET
==================================================
MATCH #71 OF 89
==================================================

==================================================


----- MATCH SUMMARY -----
Timestamp: 05/11/2025 05:30:44 AM ET
Match ID: pxwrxlhygz3xryk
Competition ID: vl7oqdehlenr510
Competition: Chinese Hong Kong Division 3 (China)
Match: Konter vs Orion FC
Score: 4 - 2 (HT: 3 - 2)
Status: Finished (Status ID: 8)

--- MATCH BETTING ODDS ---
ML (Money Line):
Time: 6 min | Home: -250 | Draw: +400 | Away: +500

SPREAD (Asia Handicap):
Time: 4 min | Home: -111 | Handicap: 0.5 | Away: -111

Over/Under:
Time: 4 min | Over: -111 | Line: 3.0 | Under: -111

--- MATCH ENVIRONMENT ---
Weather: Cloudy
Humidity: 55%
Wind: 4.0m/s (8.9 mph)


--- Summary Set #249 for 05/11/2025 --- 05:30:44 AM ET
==================================================
MATCH #72 OF 89
==================================================

==================================================


----- MATCH SUMMARY -----
Timestamp: 05/11/2025 05:30:44 AM ET
Match ID: 2y8m4zh6olnjql0
Competition ID: kn54qllh25dqvy9
Competition: Korean K League 2 (South Korea)
Match: Chungbuk Cheongju FC vs Busan I Park
Score: 0 - 2 (HT: 0 - 0)
Status: Finished (Status ID: 8)

--- MATCH BETTING ODDS ---
ML (Money Line):
Time: 5 min | Home: +210 | Draw: +220 | Away: +120

SPREAD (Asia Handicap):
Time: 4 min | Home: -123 | Handicap: -0.25 | Away: -110

Over/Under:
Time: 4 min | Over: +100 | Line: 2.25 | Under: -125

--- MATCH ENVIRONMENT ---
Weather: Partially cloudy
Humidity: 60%
Wind: 3.1m/s (6.9 mph)


--- Summary Set #250 for 05/11/2025 --- 05:30:44 AM ET
==================================================
MATCH #73 OF 89
==================================================

==================================================


----- MATCH SUMMARY -----
Timestamp: 05/11/2025 05:30:44 AM ET
Match ID: 8yomo4h3pn92q0j
Competition ID: kn54qllh25dqvy9
Competition: Korean K League 2 (South Korea)
Match: Jeonnam Dragons vs Seongnam FC
Score: 2 - 1 (HT: 1 - 0)
Status: Finished (Status ID: 8)

--- MATCH BETTING ODDS ---
ML (Money Line):
Time: 4 min | Home: -111 | Draw: +260 | Away: +260

SPREAD (Asia Handicap):
Time: 4 min | Home: +100 | Handicap: 0.5 | Away: -111

Over/Under:
Time: 4 min | Over: -122 | Line: 2.25 | Under: -103

--- MATCH ENVIRONMENT ---
Weather: Partially cloudy
Humidity: 59%
Wind: 3.1m/s (6.9 mph)


--- Summary Set #251 for 05/11/2025 --- 05:30:44 AM ET
==================================================
MATCH #74 OF 89
==================================================

==================================================


----- MATCH SUMMARY -----
Timestamp: 05/11/2025 05:30:44 AM ET
Match ID: 3glrw7h78v4yqdy
Competition ID: kjw2r09hl4yrz84
Competition: South Australia National Premier Leagues (Australia)
Match: White City Woodville vs Croydon Kings
Score: 3 - 1 (HT: 2 - 1)
Status: Second half (Status ID: 4)

--- MATCH BETTING ODDS ---
ML (Money Line):
Time: 4 min | Home: +130 | Draw: +300 | Away: +137

SPREAD (Asia Handicap):
Time: 4 min | Home: -118 | Handicap: 0.0 | Away: -105

Over/Under:
Time: 4 min | Over: -111 | Line: 3.25 | Under: -111

--- MATCH ENVIRONMENT ---
Weather: Partially cloudy
Humidity: 58%
Wind: 0.1m/s (0.2 mph)


--- Summary Set #252 for 05/11/2025 --- 05:30:45 AM ET
==================================================
MATCH #75 OF 89
==================================================

==================================================


----- MATCH SUMMARY -----
Timestamp: 05/11/2025 05:30:45 AM ET
Match ID: 23xmvkh85258qg8
Competition ID: gy0or5jhlxgqwzv
Competition: Korean K League 1 (South Korea)
Match: Jeju SK FC vs Ulsan HD FC
Score: 1 - 2 (HT: 0 - 1)
Status: Finished (Status ID: 8)

--- MATCH BETTING ODDS ---
ML (Money Line):
Time: 5 min | Home: +300 | Draw: +225 | Away: +100

SPREAD (Asia Handicap):
Time: 4 min | Home: -120 | Handicap: -0.5 | Away: +105

Over/Under:
Time: 4 min | Over: +100 | Line: 2.25 | Under: -125

--- MATCH ENVIRONMENT ---
Weather: Windy
Humidity: 76%
Wind: 4.1m/s (9.2 mph)


--- Summary Set #253 for 05/11/2025 --- 05:30:45 AM ET
==================================================
MATCH #76 OF 89
==================================================

==================================================


----- MATCH SUMMARY -----
Timestamp: 05/11/2025 05:30:45 AM ET
Match ID: l7oqdehopyw4r51
Competition ID: kjw2r09heyrz84o
Competition: Chinese Hong Kong First Division (China)
Match: 3 Sing FC vs Hoi King
Score: 0 - 1 (HT: 0 - 1)
Status: Second half (Status ID: 4)

--- MATCH BETTING ODDS ---
ML (Money Line):
Time: 7 min | Home: -125 | Draw: +333 | Away: +225 (Closest time to minutes 4-6 available: 7)

SPREAD (Asia Handicap):
Time: 4 min | Home: +100 | Handicap: 0.75 | Away: -125

Over/Under:
Time: 4 min | Over: -109 | Line: 3.75 | Under: -115

--- MATCH ENVIRONMENT ---
Weather: Cloudy
Humidity: 56%
Wind: 4.0m/s (8.9 mph)


--- Summary Set #254 for 05/11/2025 --- 05:30:45 AM ET
==================================================
MATCH #77 OF 89
==================================================

==================================================


----- MATCH SUMMARY -----
Timestamp: 05/11/2025 05:30:45 AM ET
Match ID: 8yomo4h3wl7eq0j
Competition ID: z318q66h91qo9jd
Competition: Chinese Football League 1 (China)
Match: Qingdao Red Lions vs Suzhou Dongwu
Score: 0 - 1 (HT: 0 - 0)
Status: Finished (Status ID: 8)

--- MATCH BETTING ODDS ---
ML (Money Line):
Time: 4 min | Home: +275 | Draw: +240 | Away: -111

SPREAD (Asia Handicap):
Time: 4 min | Home: -122 | Handicap: -0.5 | Away: -103

Over/Under:
Time: 4 min | Over: -118 | Line: 2.0 | Under: -105

--- MATCH ENVIRONMENT ---
Weather: Sunny
Humidity: 34%
Wind: 7.8m/s (17.4 mph)


--- Summary Set #255 for 05/11/2025 --- 05:30:45 AM ET
==================================================
MATCH #78 OF 89
==================================================

==================================================


----- MATCH SUMMARY -----
Timestamp: 05/11/2025 05:30:45 AM ET
Match ID: 3glrw7hnkx6yqdy
Competition ID: v2y8m4zhgxoql07
Competition: Western Australia Women's League (Australia)
Match: Perth SC (w) vs Fremantle City FC (w)
Score: 1 - 1 (HT: 1 - 1)
Status: Finished (Status ID: 8)

--- MATCH BETTING ODDS ---
ML (Money Line):
Time: 24 min | Home: -278 | Draw: +400 | Away: +650 (Closest time to minutes 4-6 available: 24)

SPREAD (Asia Handicap):
Time: 22 min | Home: -104 | Handicap: 0.5 | Away: -116 (Closest time to minutes 4-6 available: 22)

Over/Under:
Time: 22 min | Over: -125 | Line: 2.5 | Under: +100 (Closest time to minutes 4-6 available: 22)

--- MATCH ENVIRONMENT ---
Weather: Sunny
Humidity: 47%
Wind: 3.7m/s (8.3 mph)


--- Summary Set #256 for 05/11/2025 --- 05:30:46 AM ET
==================================================
MATCH #79 OF 89
==================================================

==================================================


----- MATCH SUMMARY -----
Timestamp: 05/11/2025 05:30:46 AM ET
Match ID: zp5rzgh5nl52q82
Competition ID: 9vjxm8ghp76r6od
Competition: Australia New South Wales Women's League (Australia)
Match: Aime Rigi (w) vs Mt Druitt Town Rangers FC (W)
Score: 5 - 2 (HT: 2 - 1)
Status: Finished (Status ID: 8)

--- MATCH BETTING ODDS ---

SPREAD (Asia Handicap):
Time: 27 min | Home: -104 | Handicap: -1.0 | Away: -135 (Closest time to minutes 4-6 available: 27)

Over/Under:
Time: 27 min | Over: -111 | Line: 4.5 | Under: -125 (Closest time to minutes 4-6 available: 27)

--- MATCH ENVIRONMENT ---
No environment data available for this match


--- Summary Set #257 for 05/11/2025 --- 05:30:46 AM ET
==================================================
MATCH #80 OF 89
==================================================

==================================================


----- MATCH SUMMARY -----
Timestamp: 05/11/2025 05:30:46 AM ET
Match ID: zp5rzgh5lzg5q82
Competition ID: yl5ergphn1kr8k0
Competition: QLD D2 (Australia)
Match: Pine Hills vs Taringa Rovers
Score: 0 - 0 (HT: 0 - 0)
Status: Postponed (Status ID: 9)

--- MATCH BETTING ODDS ---
ML (Money Line):
Time: pre-match min | Home: -189 | Draw: +400 | Away: +290 (Closest time to minutes 4-6 available: pre-match)

SPREAD (Asia Handicap):
Time: pre-match min | Home: -103 | Handicap: 1.25 | Away: -122 (Closest time to minutes 4-6 available: pre-match)

Over/Under:
Time: pre-match min | Over: -103 | Line: 4.5 | Under: -122 (Closest time to minutes 4-6 available: pre-match)

--- MATCH ENVIRONMENT ---
No environment data available for this match


--- Summary Set #258 for 05/11/2025 --- 05:30:46 AM ET
==================================================
MATCH #81 OF 89
==================================================

==================================================


----- MATCH SUMMARY -----
Timestamp: 05/11/2025 05:30:46 AM ET
Match ID: x7lm7phz14jom2w
Competition ID: 9dn1m1ghnv3moep
Competition: Chinese Hong Kong Second Division (China)
Match: Fu Moon FC vs Kwai Tsing District FA
Score: 1 - 3 (HT: 0 - 0)
Status: Finished (Status ID: 8)

--- MATCH BETTING ODDS ---

SPREAD (Asia Handicap):
Time: 7 min | Home: -112 | Handicap: -0.25 | Away: -120 (Closest time to minutes 4-6 available: 7)

Over/Under:
Time: 6 min | Over: -118 | Line: 3.0 | Under: -106

--- MATCH ENVIRONMENT ---
Weather: Sunny
Humidity: 59%
Wind: 4.3m/s (9.6 mph)


--- Summary Set #259 for 05/11/2025 --- 05:30:46 AM ET
==================================================
MATCH #82 OF 89
==================================================

==================================================


----- MATCH SUMMARY -----
Timestamp: 05/11/2025 05:30:46 AM ET
Match ID: y0or5jhn9x91qwz
Competition ID: kdj2ryoh2kq1zpg
Competition: French Championnat National 2 (France)
Match: AS Furiani Agliani vs Creteil
Score: 0 - 0 (HT: 0 - 0)
Status: Finished (Status ID: 8)

--- MATCH BETTING ODDS ---

SPREAD (Asia Handicap):
Time: pre-match min | Home: -116 | Handicap: 0.25 | Away: -108 (Closest time to minutes 4-6 available: pre-match)

Over/Under:
Time: pre-match min | Over: -114 | Line: 2.25 | Under: -110 (Closest time to minutes 4-6 available: pre-match)

--- MATCH ENVIRONMENT ---
Weather: Sunny
Humidity: 71%
Wind: 3.2m/s (7.2 mph)


--- Summary Set #260 for 05/11/2025 --- 05:30:47 AM ET
==================================================
MATCH #83 OF 89
==================================================

==================================================


----- MATCH SUMMARY -----
Timestamp: 05/11/2025 05:30:47 AM ET
Match ID: 8yomo4h1e7yzq0j
Competition ID: v2y8m4zhv6ql074
Competition: Israel Leumit League (Israel)
Match: Kafr Qasim vs  Hapoel Nof HaGalil
Score: 2 - 0 (HT: 0 - 0)
Status: Finished (Status ID: 8)

--- MATCH BETTING ODDS ---
ML (Money Line):
Time: 4 min | Home: +175 | Draw: +220 | Away: +150

SPREAD (Asia Handicap):
Time: 4 min | Home: -122 | Handicap: -0.25 | Away: -114

Over/Under:
Time: 4 min | Over: -115 | Line: 2.25 | Under: -109

--- MATCH ENVIRONMENT ---
Weather: Sunny
Humidity: 41%
Wind: 7.0m/s (15.7 mph)


--- Summary Set #261 for 05/11/2025 --- 05:30:47 AM ET
==================================================
MATCH #84 OF 89
==================================================

==================================================


----- MATCH SUMMARY -----
Timestamp: 05/11/2025 05:30:47 AM ET
Match ID: 23xmvkh87o0oqg8
Competition ID: 56ypq3nh01nmd7o
Competition: Egyptian Premier League (Egypt)
Match: Al Ahly FC vs Al Masry
Score: 4 - 2 (HT: 2 - 1)
Status: Finished (Status ID: 8)

--- MATCH BETTING ODDS ---
ML (Money Line):
Time: 4 min | Home: -200 | Draw: +333 | Away: +550

SPREAD (Asia Handicap):
Time: 4 min | Home: -122 | Handicap: 1.0 | Away: +106

Over/Under:
Time: 4 min | Over: -103 | Line: 2.5 | Under: -122

--- MATCH ENVIRONMENT ---
Weather: Partially cloudy
Humidity: 52%
Wind: 3.1m/s (6.9 mph)


--- Summary Set #262 for 05/11/2025 --- 05:30:47 AM ET
==================================================
MATCH #85 OF 89
==================================================

==================================================


----- MATCH SUMMARY -----
Timestamp: 05/11/2025 05:30:47 AM ET
Match ID: 6ypq3nh327zpmd7
Competition ID: v2y8m4zhydql074
Competition: Uruguay Primera Division (Uruguay)
Match: Cerro Montevideo vs Nacional Montevideo
Score: 0 - 4 (HT: 0 - 1)
Status: Finished (Status ID: 8)

--- MATCH BETTING ODDS ---
ML (Money Line):
Time: 4 min | Home: +800 | Draw: +400 | Away: -333

SPREAD (Asia Handicap):
Time: 4 min | Home: -118 | Handicap: -1.5 | Away: -105

Over/Under:
Time: 4 min | Over: -115 | Line: 2.75 | Under: -109

--- MATCH ENVIRONMENT ---
Weather: Sunny
Humidity: 63%
Wind: 2.9m/s (6.5 mph)


--- Summary Set #263 for 05/11/2025 --- 05:30:47 AM ET
==================================================
MATCH #86 OF 89
==================================================

==================================================


----- MATCH SUMMARY -----
Timestamp: 05/11/2025 05:30:47 AM ET
Match ID: 8yomo4h3wkj8q0j
Competition ID: l965mkyhdgr1ge4
Competition: Chilean Primera B (Chile)
Match: D. Concepcion vs Santiago Morning
Score: 3 - 0 (HT: 2 - 0)
Status: Finished (Status ID: 8)

--- MATCH BETTING ODDS ---
ML (Money Line):
Time: 4 min | Home: +137 | Draw: +200 | Away: +187

SPREAD (Asia Handicap):
Time: 4 min | Home: -101 | Handicap: 0.25 | Away: -130

Over/Under:
Time: 4 min | Over: +105 | Line: 2.25 | Under: -133

--- MATCH ENVIRONMENT ---
Weather: Sunny
Humidity: 39%
Wind: 1.2m/s (2.7 mph)


--- Summary Set #264 for 05/11/2025 --- 05:30:47 AM ET
==================================================
MATCH #87 OF 89
==================================================

==================================================


----- MATCH SUMMARY -----
Timestamp: 05/11/2025 05:30:47 AM ET
Match ID: 318q66hw9y87qo9
Competition ID: yl5ergphd2r8k0o
Competition: Moldova Division 2 (Moldova)
Match: Saxan Ceadir Lunga vs FC Ursidos Stauceni
Score: 1 - 1 (HT: 0 - 1)
Status: Finished (Status ID: 8)

--- MATCH BETTING ODDS ---

SPREAD (Asia Handicap):
Time: 7 min | Home: -127 | Handicap: 0.5 | Away: -118 (Closest time to minutes 4-6 available: 7)

Over/Under:
Time: 4 min | Over: -154 | Line: 2.5 | Under: +110

--- MATCH ENVIRONMENT ---
No environment data available for this match


--- Summary Set #265 for 05/11/2025 --- 05:30:48 AM ET
==================================================
MATCH #88 OF 89
==================================================

==================================================


----- MATCH SUMMARY -----
Timestamp: 05/11/2025 05:30:48 AM ET
Match ID: x7lm7phzl3o6m2w
Competition ID: v2y8m4zhydql074
Competition: Uruguay Primera Division (Uruguay)
Match: Montevideo City Torque vs Montevideo Wanderers FC
Score: 0 - 0 (HT: 0 - 0)
Status: Finished (Status ID: 8)

--- MATCH BETTING ODDS ---
ML (Money Line):
Time: 4 min | Home: +160 | Draw: +210 | Away: +175

SPREAD (Asia Handicap):
Time: 4 min | Home: -122 | Handicap: 0.0 | Away: -104

Over/Under:
Time: 4 min | Over: -108 | Line: 2.25 | Under: -115

--- MATCH ENVIRONMENT ---
Weather: Partially cloudy
Humidity: 88%
Wind: 1.8m/s (4.0 mph)


--- Summary Set #266 for 05/11/2025 --- 05:30:48 AM ET
==================================================
MATCH #89 OF 89
==================================================

==================================================


----- MATCH SUMMARY -----
Timestamp: 05/11/2025 05:30:48 AM ET
Match ID: 23xmvkh6v38yqg8
Competition ID: v2y8m4zhv6ql074
Competition: Israel Leumit League (Israel)
Match: Hapoel Ramat Gan vs Maccabi Herzliya
Score: 2 - 0 (HT: 2 - 0)
Status: Finished (Status ID: 8)

--- MATCH BETTING ODDS ---
ML (Money Line):
Time: 4 min | Home: -105 | Draw: +300 | Away: +210

SPREAD (Asia Handicap):
Time: 4 min | Home: -130 | Handicap: 0.25 | Away: +102

Over/Under:
Time: 4 min | Over: -125 | Line: 2.75 | Under: +100

--- MATCH ENVIRONMENT ---
Weather: Sunny
Humidity: 40%
Wind: 8.4m/s (18.8 mph)


==================================================
END OF LIVE MATCH DATA - 89 MATCHES DISPLAYED
DATABASE STATUS: ✅ Connected - Processed 89 match records
  - Records archived to Supabase 'archived_json' table
==================================================

Processing 89 deferred match alerts...
Garbage collection performed on cycle 6
Memory stats - Previous matches: 92, Deferred alerts: 0

----- MEMORY STATS -----
Previous matches: 92
Deferred alerts: 0
------------------------------
Refreshing in 30 seconds... (Press Ctrl+C to exit)

===== COMPLETED PROCESSING ALL MATCHES - NOW RUNNING MONITORS =====


===== NOW CHECKING TELEGRAM =====

[Telegram] Polling for updates (this will take up to 20 seconds)
[Telegram] Received 1 updates
[Telegram] Status command received from authorized chat
[Telegram] Processed 1 commands

Waiting 10 more seconds before next update cycle...

Fetching live matches...
