2025-05-01 00:35:03,990 - Fetched country data from https://api.thesports.com/v1/football/country/list with params: {'user': 'thenecpt', 'secret': '0c55322e8e196d6ef9066fa4252cf386'}
2025-05-01 00:35:03,992 - {"event": "startup", "continuous_mode": true, "interval": 30, "timestamp": "2025-05-01 00:35:03 ET"}
2025-05-01 00:35:03,992 - {"event": "fetch_cycle_start", "timestamp": "2025-05-01 00:35:03 ET"}
2025-05-01 00:35:04,225 - Fetched live matches from https://api.thesports.com/v1/football/match/detail_live with params: {'user': 'thenecpt', 'secret': '0c55322e8e196d6ef9066fa4252cf386'}
2025-05-01 00:35:04,514 - Fetched match details for y39mp1h6vg6kmoj from https://api.thesports.com/v1/football/match/recent/list with params: {'user': 'thenecpt', 'secret': '0c55322e8e196d6ef9066fa4252cf386', 'uuid': 'y39mp1h6vg6kmoj'}
2025-05-01 00:35:04,745 - Fetched team info for vjxm8ghjxgdr6od from https://api.thesports.com/v1/football/team/additional/list with params: {'user': 'thenecpt', 'secret': '0c55322e8e196d6ef9066fa4252cf386', 'uuid': 'vjxm8ghjxgdr6od'}
2025-05-01 00:35:05,287 - Fetched team info for k82rekh18llrepz from https://api.thesports.com/v1/football/team/additional/list with params: {'user': 'thenecpt', 'secret': '0c55322e8e196d6ef9066fa4252cf386', 'uuid': 'k82rekh18llrepz'}
2025-05-01 00:35:05,521 - Fetched competition info for j1l4rjnhjg1m7vx from https://api.thesports.com/v1/football/competition/additional/list with params: {'user': 'thenecpt', 'secret': '0c55322e8e196d6ef9066fa4252cf386', 'uuid': 'j1l4rjnhjg1m7vx'}
2025-05-01 00:35:06,880 - Fetched match odds for y39mp1h6vg6kmoj from https://api.thesports.com/v1/football/odds/history with params: {'user': 'thenecpt', 'secret': '0c55322e8e196d6ef9066fa4252cf386', 'uuid': 'y39mp1h6vg6kmoj'}
2025-05-01 00:35:07,170 - Fetched match details for 8yomo4h3wkj8q0j from https://api.thesports.com/v1/football/match/recent/list with params: {'user': 'thenecpt', 'secret': '0c55322e8e196d6ef9066fa4252cf386', 'uuid': '8yomo4h3wkj8q0j'}
2025-05-01 00:35:07,584 - Fetched team info for gx7lm7ph1jem2wd from https://api.thesports.com/v1/football/team/additional/list with params: {'user': 'thenecpt', 'secret': '0c55322e8e196d6ef9066fa4252cf386', 'uuid': 'gx7lm7ph1jem2wd'}
2025-05-01 00:35:07,822 - Fetched team info for y39mp1h3kjwmojx from https://api.thesports.com/v1/football/team/additional/list with params: {'user': 'thenecpt', 'secret': '0c55322e8e196d6ef9066fa4252cf386', 'uuid': 'y39mp1h3kjwmojx'}
2025-05-01 00:35:08,051 - Fetched competition info for l965mkyhdgr1ge4 from https://api.thesports.com/v1/football/competition/additional/list with params: {'user': 'thenecpt', 'secret': '0c55322e8e196d6ef9066fa4252cf386', 'uuid': 'l965mkyhdgr1ge4'}
2025-05-01 00:35:08,424 - Fetched match odds for 8yomo4h3wkj8q0j from https://api.thesports.com/v1/football/odds/history with params: {'user': 'thenecpt', 'secret': '0c55322e8e196d6ef9066fa4252cf386', 'uuid': '8yomo4h3wkj8q0j'}
2025-05-01 00:35:08,655 - Fetched match details for x7lm7phzl3o6m2w from https://api.thesports.com/v1/football/match/recent/list with params: {'user': 'thenecpt', 'secret': '0c55322e8e196d6ef9066fa4252cf386', 'uuid': 'x7lm7phzl3o6m2w'}
2025-05-01 00:35:08,888 - Fetched team info for y0or5jh4njpqwzv from https://api.thesports.com/v1/football/team/additional/list with params: {'user': 'thenecpt', 'secret': '0c55322e8e196d6ef9066fa4252cf386', 'uuid': 'y0or5jh4njpqwzv'}
2025-05-01 00:35:09,116 - Fetched team info for 9vjxm8ghzggr6od from https://api.thesports.com/v1/football/team/additional/list with params: {'user': 'thenecpt', 'secret': '0c55322e8e196d6ef9066fa4252cf386', 'uuid': '9vjxm8ghzggr6od'}
2025-05-01 00:35:09,351 - Fetched competition info for v2y8m4zhydql074 from https://api.thesports.com/v1/football/competition/additional/list with params: {'user': 'thenecpt', 'secret': '0c55322e8e196d6ef9066fa4252cf386', 'uuid': 'v2y8m4zhydql074'}
2025-05-01 00:35:10,667 - Fetched match odds for x7lm7phzl3o6m2w from https://api.thesports.com/v1/football/odds/history with params: {'user': 'thenecpt', 'secret': '0c55322e8e196d6ef9066fa4252cf386', 'uuid': 'x7lm7phzl3o6m2w'}
2025-05-01 00:35:10,906 - Fetched match details for 23xmvkh6v38yqg8 from https://api.thesports.com/v1/football/match/recent/list with params: {'user': 'thenecpt', 'secret': '0c55322e8e196d6ef9066fa4252cf386', 'uuid': '23xmvkh6v38yqg8'}
2025-05-01 00:35:11,140 - Fetched team info for 9vjxm8ghznjr6od from https://api.thesports.com/v1/football/team/additional/list with params: {'user': 'thenecpt', 'secret': '0c55322e8e196d6ef9066fa4252cf386', 'uuid': '9vjxm8ghznjr6od'}
2025-05-01 00:35:11,475 - Fetched team info for gy0or5jh243qwzv from https://api.thesports.com/v1/football/team/additional/list with params: {'user': 'thenecpt', 'secret': '0c55322e8e196d6ef9066fa4252cf386', 'uuid': 'gy0or5jh243qwzv'}
2025-05-01 00:35:11,871 - Fetched competition info for v2y8m4zhv6ql074 from https://api.thesports.com/v1/football/competition/additional/list with params: {'user': 'thenecpt', 'secret': '0c55322e8e196d6ef9066fa4252cf386', 'uuid': 'v2y8m4zhv6ql074'}
2025-05-01 00:35:12,509 - Fetched match odds for 23xmvkh6v38yqg8 from https://api.thesports.com/v1/football/odds/history with params: {'user': 'thenecpt', 'secret': '0c55322e8e196d6ef9066fa4252cf386', 'uuid': '23xmvkh6v38yqg8'}
2025-05-01 00:35:12,749 - Fetched match details for y0or5jh8x38lqwz from https://api.thesports.com/v1/football/match/recent/list with params: {'user': 'thenecpt', 'secret': '0c55322e8e196d6ef9066fa4252cf386', 'uuid': 'y0or5jh8x38lqwz'}
2025-05-01 00:35:13,206 - Fetched team info for x7lm7pho9y1m2wd from https://api.thesports.com/v1/football/team/additional/list with params: {'user': 'thenecpt', 'secret': '0c55322e8e196d6ef9066fa4252cf386', 'uuid': 'x7lm7pho9y1m2wd'}
2025-05-01 00:35:13,440 - Fetched team info for jw2r09hnn9krz84 from https://api.thesports.com/v1/football/team/additional/list with params: {'user': 'thenecpt', 'secret': '0c55322e8e196d6ef9066fa4252cf386', 'uuid': 'jw2r09hnn9krz84'}
2025-05-01 00:35:13,670 - Fetched competition info for kjw2r09hj8rz84o from https://api.thesports.com/v1/football/competition/additional/list with params: {'user': 'thenecpt', 'secret': '0c55322e8e196d6ef9066fa4252cf386', 'uuid': 'kjw2r09hj8rz84o'}
2025-05-01 00:35:14,061 - Fetched match odds for y0or5jh8x38lqwz from https://api.thesports.com/v1/football/odds/history with params: {'user': 'thenecpt', 'secret': '0c55322e8e196d6ef9066fa4252cf386', 'uuid': 'y0or5jh8x38lqwz'}
2025-05-01 00:35:14,068 - {"event": "fetch_cycle_end", "duration_seconds": 10.08, "timestamp": "2025-05-01 00:35:14 ET"}
2025-05-01 00:35:44,068 - {"event": "fetch_cycle_start", "timestamp": "2025-05-01 00:35:44 ET"}
2025-05-01 00:35:44,299 - Fetched live matches from https://api.thesports.com/v1/football/match/detail_live with params: {'user': 'thenecpt', 'secret': '0c55322e8e196d6ef9066fa4252cf386'}
2025-05-01 00:35:44,531 - Fetched match details for y39mp1h6vg6kmoj from https://api.thesports.com/v1/football/match/recent/list with params: {'user': 'thenecpt', 'secret': '0c55322e8e196d6ef9066fa4252cf386', 'uuid': 'y39mp1h6vg6kmoj'}
2025-05-01 00:35:44,983 - Fetched match odds for y39mp1h6vg6kmoj from https://api.thesports.com/v1/football/odds/history with params: {'user': 'thenecpt', 'secret': '0c55322e8e196d6ef9066fa4252cf386', 'uuid': 'y39mp1h6vg6kmoj'}
2025-05-01 00:35:45,221 - Fetched match details for 8yomo4h3wkj8q0j from https://api.thesports.com/v1/football/match/recent/list with params: {'user': 'thenecpt', 'secret': '0c55322e8e196d6ef9066fa4252cf386', 'uuid': '8yomo4h3wkj8q0j'}
2025-05-01 00:35:45,940 - Fetched match odds for 8yomo4h3wkj8q0j from https://api.thesports.com/v1/football/odds/history with params: {'user': 'thenecpt', 'secret': '0c55322e8e196d6ef9066fa4252cf386', 'uuid': '8yomo4h3wkj8q0j'}
2025-05-01 00:35:46,170 - Fetched match details for x7lm7phzl3o6m2w from https://api.thesports.com/v1/football/match/recent/list with params: {'user': 'thenecpt', 'secret': '0c55322e8e196d6ef9066fa4252cf386', 'uuid': 'x7lm7phzl3o6m2w'}
2025-05-01 00:35:46,563 - Fetched match odds for x7lm7phzl3o6m2w from https://api.thesports.com/v1/football/odds/history with params: {'user': 'thenecpt', 'secret': '0c55322e8e196d6ef9066fa4252cf386', 'uuid': 'x7lm7phzl3o6m2w'}
2025-05-01 00:35:46,796 - Fetched match details for 23xmvkh6v38yqg8 from https://api.thesports.com/v1/football/match/recent/list with params: {'user': 'thenecpt', 'secret': '0c55322e8e196d6ef9066fa4252cf386', 'uuid': '23xmvkh6v38yqg8'}
2025-05-01 00:35:47,380 - Fetched match odds for 23xmvkh6v38yqg8 from https://api.thesports.com/v1/football/odds/history with params: {'user': 'thenecpt', 'secret': '0c55322e8e196d6ef9066fa4252cf386', 'uuid': '23xmvkh6v38yqg8'}
2025-05-01 00:35:47,617 - Fetched match details for y0or5jh8x38lqwz from https://api.thesports.com/v1/football/match/recent/list with params: {'user': 'thenecpt', 'secret': '0c55322e8e196d6ef9066fa4252cf386', 'uuid': 'y0or5jh8x38lqwz'}
2025-05-01 00:35:48,046 - Fetched match odds for y0or5jh8x38lqwz from https://api.thesports.com/v1/football/odds/history with params: {'user': 'thenecpt', 'secret': '0c55322e8e196d6ef9066fa4252cf386', 'uuid': 'y0or5jh8x38lqwz'}
2025-05-01 00:35:48,057 - {"event": "fetch_cycle_end", "duration_seconds": 3.99, "timestamp": "2025-05-01 00:35:48 ET"}
2025-05-01 04:36:15,635 - Fetched country data from https://api.thesports.com/v1/football/country/list with params: {'user': 'thenecpt', 'secret': '0c55322e8e196d6ef9066fa4252cf386'}
2025-05-01 04:36:15,879 - Fetched live matches from https://api.thesports.com/v1/football/match/detail_live with params: {'user': 'thenecpt', 'secret': '0c55322e8e196d6ef9066fa4252cf386'}
2025-05-01 04:36:16,106 - Fetched match details for y39mp1h6vg6kmoj from https://api.thesports.com/v1/football/match/recent/list with params: {'user': 'thenecpt', 'secret': '0c55322e8e196d6ef9066fa4252cf386', 'uuid': 'y39mp1h6vg6kmoj'}
2025-05-01 04:36:16,337 - Fetched team info for vjxm8ghjxgdr6od from https://api.thesports.com/v1/football/team/additional/list with params: {'user': 'thenecpt', 'secret': '0c55322e8e196d6ef9066fa4252cf386', 'uuid': 'vjxm8ghjxgdr6od'}
2025-05-01 04:36:16,704 - Fetched team info for k82rekh18llrepz from https://api.thesports.com/v1/football/team/additional/list with params: {'user': 'thenecpt', 'secret': '0c55322e8e196d6ef9066fa4252cf386', 'uuid': 'k82rekh18llrepz'}
2025-05-01 04:36:16,934 - Fetched competition info for j1l4rjnhjg1m7vx from https://api.thesports.com/v1/football/competition/additional/list with params: {'user': 'thenecpt', 'secret': '0c55322e8e196d6ef9066fa4252cf386', 'uuid': 'j1l4rjnhjg1m7vx'}
2025-05-01 04:36:17,480 - Fetched match odds for y39mp1h6vg6kmoj from https://api.thesports.com/v1/football/odds/history with params: {'user': 'thenecpt', 'secret': '0c55322e8e196d6ef9066fa4252cf386', 'uuid': 'y39mp1h6vg6kmoj'}
2025-05-01 04:36:17,722 - Fetched match details for 8yomo4h3wkj8q0j from https://api.thesports.com/v1/football/match/recent/list with params: {'user': 'thenecpt', 'secret': '0c55322e8e196d6ef9066fa4252cf386', 'uuid': '8yomo4h3wkj8q0j'}
2025-05-01 04:36:17,950 - Fetched team info for gx7lm7ph1jem2wd from https://api.thesports.com/v1/football/team/additional/list with params: {'user': 'thenecpt', 'secret': '0c55322e8e196d6ef9066fa4252cf386', 'uuid': 'gx7lm7ph1jem2wd'}
2025-05-01 00:36:18,057 - {"event": "fetch_cycle_start", "timestamp": "2025-05-01 00:36:18 ET"}
2025-05-01 04:36:18,175 - Fetched team info for y39mp1h3kjwmojx from https://api.thesports.com/v1/football/team/additional/list with params: {'user': 'thenecpt', 'secret': '0c55322e8e196d6ef9066fa4252cf386', 'uuid': 'y39mp1h3kjwmojx'}
2025-05-01 00:36:18,294 - Fetched live matches from https://api.thesports.com/v1/football/match/detail_live with params: {'user': 'thenecpt', 'secret': '0c55322e8e196d6ef9066fa4252cf386'}
2025-05-01 04:36:18,408 - Fetched competition info for l965mkyhdgr1ge4 from https://api.thesports.com/v1/football/competition/additional/list with params: {'user': 'thenecpt', 'secret': '0c55322e8e196d6ef9066fa4252cf386', 'uuid': 'l965mkyhdgr1ge4'}
2025-05-01 00:36:18,695 - Fetched match details for y39mp1h6vg6kmoj from https://api.thesports.com/v1/football/match/recent/list with params: {'user': 'thenecpt', 'secret': '0c55322e8e196d6ef9066fa4252cf386', 'uuid': 'y39mp1h6vg6kmoj'}
2025-05-01 04:36:18,915 - Fetched match odds for 8yomo4h3wkj8q0j from https://api.thesports.com/v1/football/odds/history with params: {'user': 'thenecpt', 'secret': '0c55322e8e196d6ef9066fa4252cf386', 'uuid': '8yomo4h3wkj8q0j'}
2025-05-01 04:36:19,151 - Fetched match details for x7lm7phzl3o6m2w from https://api.thesports.com/v1/football/match/recent/list with params: {'user': 'thenecpt', 'secret': '0c55322e8e196d6ef9066fa4252cf386', 'uuid': 'x7lm7phzl3o6m2w'}
2025-05-01 00:36:19,188 - Fetched match odds for y39mp1h6vg6kmoj from https://api.thesports.com/v1/football/odds/history with params: {'user': 'thenecpt', 'secret': '0c55322e8e196d6ef9066fa4252cf386', 'uuid': 'y39mp1h6vg6kmoj'}
2025-05-01 04:36:19,453 - Fetched team info for y0or5jh4njpqwzv from https://api.thesports.com/v1/football/team/additional/list with params: {'user': 'thenecpt', 'secret': '0c55322e8e196d6ef9066fa4252cf386', 'uuid': 'y0or5jh4njpqwzv'}
2025-05-01 00:36:19,531 - Fetched match details for 8yomo4h3wkj8q0j from https://api.thesports.com/v1/football/match/recent/list with params: {'user': 'thenecpt', 'secret': '0c55322e8e196d6ef9066fa4252cf386', 'uuid': '8yomo4h3wkj8q0j'}
2025-05-01 04:36:19,687 - Fetched team info for 9vjxm8ghzggr6od from https://api.thesports.com/v1/football/team/additional/list with params: {'user': 'thenecpt', 'secret': '0c55322e8e196d6ef9066fa4252cf386', 'uuid': '9vjxm8ghzggr6od'}
2025-05-01 00:36:19,823 - Fetched match odds for 8yomo4h3wkj8q0j from https://api.thesports.com/v1/football/odds/history with params: {'user': 'thenecpt', 'secret': '0c55322e8e196d6ef9066fa4252cf386', 'uuid': '8yomo4h3wkj8q0j'}
2025-05-01 04:36:19,919 - Fetched competition info for v2y8m4zhydql074 from https://api.thesports.com/v1/football/competition/additional/list with params: {'user': 'thenecpt', 'secret': '0c55322e8e196d6ef9066fa4252cf386', 'uuid': 'v2y8m4zhydql074'}
2025-05-01 00:36:20,063 - Fetched match details for x7lm7phzl3o6m2w from https://api.thesports.com/v1/football/match/recent/list with params: {'user': 'thenecpt', 'secret': '0c55322e8e196d6ef9066fa4252cf386', 'uuid': 'x7lm7phzl3o6m2w'}
2025-05-01 00:36:20,445 - Fetched match odds for x7lm7phzl3o6m2w from https://api.thesports.com/v1/football/odds/history with params: {'user': 'thenecpt', 'secret': '0c55322e8e196d6ef9066fa4252cf386', 'uuid': 'x7lm7phzl3o6m2w'}
2025-05-01 00:36:20,680 - Fetched match details for 23xmvkh6v38yqg8 from https://api.thesports.com/v1/football/match/recent/list with params: {'user': 'thenecpt', 'secret': '0c55322e8e196d6ef9066fa4252cf386', 'uuid': '23xmvkh6v38yqg8'}
2025-05-01 04:36:20,799 - Fetched match odds for x7lm7phzl3o6m2w from https://api.thesports.com/v1/football/odds/history with params: {'user': 'thenecpt', 'secret': '0c55322e8e196d6ef9066fa4252cf386', 'uuid': 'x7lm7phzl3o6m2w'}
2025-05-01 04:36:21,032 - Fetched match details for 23xmvkh6v38yqg8 from https://api.thesports.com/v1/football/match/recent/list with params: {'user': 'thenecpt', 'secret': '0c55322e8e196d6ef9066fa4252cf386', 'uuid': '23xmvkh6v38yqg8'}
2025-05-01 00:36:21,052 - Fetched match odds for 23xmvkh6v38yqg8 from https://api.thesports.com/v1/football/odds/history with params: {'user': 'thenecpt', 'secret': '0c55322e8e196d6ef9066fa4252cf386', 'uuid': '23xmvkh6v38yqg8'}
2025-05-01 04:36:21,283 - Fetched team info for 9vjxm8ghznjr6od from https://api.thesports.com/v1/football/team/additional/list with params: {'user': 'thenecpt', 'secret': '0c55322e8e196d6ef9066fa4252cf386', 'uuid': '9vjxm8ghznjr6od'}
2025-05-01 00:36:21,291 - Fetched match details for y0or5jh8x38lqwz from https://api.thesports.com/v1/football/match/recent/list with params: {'user': 'thenecpt', 'secret': '0c55322e8e196d6ef9066fa4252cf386', 'uuid': 'y0or5jh8x38lqwz'}
2025-05-01 04:36:21,510 - Fetched team info for gy0or5jh243qwzv from https://api.thesports.com/v1/football/team/additional/list with params: {'user': 'thenecpt', 'secret': '0c55322e8e196d6ef9066fa4252cf386', 'uuid': 'gy0or5jh243qwzv'}
2025-05-01 00:36:21,671 - Fetched match odds for y0or5jh8x38lqwz from https://api.thesports.com/v1/football/odds/history with params: {'user': 'thenecpt', 'secret': '0c55322e8e196d6ef9066fa4252cf386', 'uuid': 'y0or5jh8x38lqwz'}
2025-05-01 00:36:21,677 - {"event": "fetch_cycle_end", "duration_seconds": 3.62, "timestamp": "2025-05-01 00:36:21 ET"}
2025-05-01 04:36:21,734 - Fetched competition info for v2y8m4zhv6ql074 from https://api.thesports.com/v1/football/competition/additional/list with params: {'user': 'thenecpt', 'secret': '0c55322e8e196d6ef9066fa4252cf386', 'uuid': 'v2y8m4zhv6ql074'}
2025-05-01 04:36:22,361 - Fetched match odds for 23xmvkh6v38yqg8 from https://api.thesports.com/v1/football/odds/history with params: {'user': 'thenecpt', 'secret': '0c55322e8e196d6ef9066fa4252cf386', 'uuid': '23xmvkh6v38yqg8'}
2025-05-01 04:36:22,599 - Fetched match details for y0or5jh8x38lqwz from https://api.thesports.com/v1/football/match/recent/list with params: {'user': 'thenecpt', 'secret': '0c55322e8e196d6ef9066fa4252cf386', 'uuid': 'y0or5jh8x38lqwz'}
2025-05-01 04:36:23,093 - Fetched team info for x7lm7pho9y1m2wd from https://api.thesports.com/v1/football/team/additional/list with params: {'user': 'thenecpt', 'secret': '0c55322e8e196d6ef9066fa4252cf386', 'uuid': 'x7lm7pho9y1m2wd'}
2025-05-01 04:36:23,321 - Fetched team info for jw2r09hnn9krz84 from https://api.thesports.com/v1/football/team/additional/list with params: {'user': 'thenecpt', 'secret': '0c55322e8e196d6ef9066fa4252cf386', 'uuid': 'jw2r09hnn9krz84'}
2025-05-01 04:36:23,564 - Fetched competition info for kjw2r09hj8rz84o from https://api.thesports.com/v1/football/competition/additional/list with params: {'user': 'thenecpt', 'secret': '0c55322e8e196d6ef9066fa4252cf386', 'uuid': 'kjw2r09hj8rz84o'}
2025-05-01 04:36:24,428 - Fetched match odds for y0or5jh8x38lqwz from https://api.thesports.com/v1/football/odds/history with params: {'user': 'thenecpt', 'secret': '0c55322e8e196d6ef9066fa4252cf386', 'uuid': 'y0or5jh8x38lqwz'}
2025-05-01 00:36:51,678 - {"event": "fetch_cycle_start", "timestamp": "2025-05-01 00:36:51 ET"}
2025-05-01 00:36:51,930 - Fetched live matches from https://api.thesports.com/v1/football/match/detail_live with params: {'user': 'thenecpt', 'secret': '0c55322e8e196d6ef9066fa4252cf386'}
2025-05-01 00:36:52,159 - Fetched match details for y39mp1h6vg6kmoj from https://api.thesports.com/v1/football/match/recent/list with params: {'user': 'thenecpt', 'secret': '0c55322e8e196d6ef9066fa4252cf386', 'uuid': 'y39mp1h6vg6kmoj'}
2025-05-01 00:36:53,240 - Fetched match odds for y39mp1h6vg6kmoj from https://api.thesports.com/v1/football/odds/history with params: {'user': 'thenecpt', 'secret': '0c55322e8e196d6ef9066fa4252cf386', 'uuid': 'y39mp1h6vg6kmoj'}
2025-05-01 00:36:53,476 - Fetched match details for 8yomo4h3wkj8q0j from https://api.thesports.com/v1/football/match/recent/list with params: {'user': 'thenecpt', 'secret': '0c55322e8e196d6ef9066fa4252cf386', 'uuid': '8yomo4h3wkj8q0j'}
2025-05-01 00:36:53,916 - Fetched match odds for 8yomo4h3wkj8q0j from https://api.thesports.com/v1/football/odds/history with params: {'user': 'thenecpt', 'secret': '0c55322e8e196d6ef9066fa4252cf386', 'uuid': '8yomo4h3wkj8q0j'}
2025-05-01 00:36:54,236 - Fetched match details for 318q66hw9y87qo9 from https://api.thesports.com/v1/football/match/recent/list with params: {'user': 'thenecpt', 'secret': '0c55322e8e196d6ef9066fa4252cf386', 'uuid': '318q66hw9y87qo9'}
2025-05-01 00:36:54,467 - Fetched team info for 2y8m4zh33d4ql07 from https://api.thesports.com/v1/football/team/additional/list with params: {'user': 'thenecpt', 'secret': '0c55322e8e196d6ef9066fa4252cf386', 'uuid': '2y8m4zh33d4ql07'}
2025-05-01 04:36:54,682 - Fetched live matches from https://api.thesports.com/v1/football/match/detail_live with params: {'user': 'thenecpt', 'secret': '0c55322e8e196d6ef9066fa4252cf386'}
2025-05-01 00:36:54,701 - Fetched team info for 1l4rjnh1yg6m7vx from https://api.thesports.com/v1/football/team/additional/list with params: {'user': 'thenecpt', 'secret': '0c55322e8e196d6ef9066fa4252cf386', 'uuid': '1l4rjnh1yg6m7vx'}
2025-05-01 04:36:54,914 - Fetched match details for y39mp1h6vg6kmoj from https://api.thesports.com/v1/football/match/recent/list with params: {'user': 'thenecpt', 'secret': '0c55322e8e196d6ef9066fa4252cf386', 'uuid': 'y39mp1h6vg6kmoj'}
2025-05-01 00:36:54,930 - Fetched competition info for yl5ergphd2r8k0o from https://api.thesports.com/v1/football/competition/additional/list with params: {'user': 'thenecpt', 'secret': '0c55322e8e196d6ef9066fa4252cf386', 'uuid': 'yl5ergphd2r8k0o'}
2025-05-01 00:36:55,187 - Fetched match odds for 318q66hw9y87qo9 from https://api.thesports.com/v1/football/odds/history with params: {'user': 'thenecpt', 'secret': '0c55322e8e196d6ef9066fa4252cf386', 'uuid': '318q66hw9y87qo9'}
2025-05-01 00:36:55,414 - Fetched match details for x7lm7phzl3o6m2w from https://api.thesports.com/v1/football/match/recent/list with params: {'user': 'thenecpt', 'secret': '0c55322e8e196d6ef9066fa4252cf386', 'uuid': 'x7lm7phzl3o6m2w'}
2025-05-01 04:36:55,527 - Fetched match odds for y39mp1h6vg6kmoj from https://api.thesports.com/v1/football/odds/history with params: {'user': 'thenecpt', 'secret': '0c55322e8e196d6ef9066fa4252cf386', 'uuid': 'y39mp1h6vg6kmoj'}
2025-05-01 04:36:55,764 - Fetched match details for 8yomo4h3wkj8q0j from https://api.thesports.com/v1/football/match/recent/list with params: {'user': 'thenecpt', 'secret': '0c55322e8e196d6ef9066fa4252cf386', 'uuid': '8yomo4h3wkj8q0j'}
2025-05-01 04:36:56,048 - Fetched match odds for 8yomo4h3wkj8q0j from https://api.thesports.com/v1/football/odds/history with params: {'user': 'thenecpt', 'secret': '0c55322e8e196d6ef9066fa4252cf386', 'uuid': '8yomo4h3wkj8q0j'}
2025-05-01 04:36:56,281 - Fetched match details for 318q66hw9y87qo9 from https://api.thesports.com/v1/football/match/recent/list with params: {'user': 'thenecpt', 'secret': '0c55322e8e196d6ef9066fa4252cf386', 'uuid': '318q66hw9y87qo9'}
2025-05-01 00:36:56,425 - Fetched match odds for x7lm7phzl3o6m2w from https://api.thesports.com/v1/football/odds/history with params: {'user': 'thenecpt', 'secret': '0c55322e8e196d6ef9066fa4252cf386', 'uuid': 'x7lm7phzl3o6m2w'}
2025-05-01 04:36:56,512 - Fetched team info for 2y8m4zh33d4ql07 from https://api.thesports.com/v1/football/team/additional/list with params: {'user': 'thenecpt', 'secret': '0c55322e8e196d6ef9066fa4252cf386', 'uuid': '2y8m4zh33d4ql07'}
2025-05-01 04:36:56,742 - Fetched team info for 1l4rjnh1yg6m7vx from https://api.thesports.com/v1/football/team/additional/list with params: {'user': 'thenecpt', 'secret': '0c55322e8e196d6ef9066fa4252cf386', 'uuid': '1l4rjnh1yg6m7vx'}
2025-05-01 00:36:56,788 - Fetched match details for 23xmvkh6v38yqg8 from https://api.thesports.com/v1/football/match/recent/list with params: {'user': 'thenecpt', 'secret': '0c55322e8e196d6ef9066fa4252cf386', 'uuid': '23xmvkh6v38yqg8'}
2025-05-01 04:36:56,990 - Fetched competition info for yl5ergphd2r8k0o from https://api.thesports.com/v1/football/competition/additional/list with params: {'user': 'thenecpt', 'secret': '0c55322e8e196d6ef9066fa4252cf386', 'uuid': 'yl5ergphd2r8k0o'}
2025-05-01 00:36:57,154 - Fetched match odds for 23xmvkh6v38yqg8 from https://api.thesports.com/v1/football/odds/history with params: {'user': 'thenecpt', 'secret': '0c55322e8e196d6ef9066fa4252cf386', 'uuid': '23xmvkh6v38yqg8'}
2025-05-01 04:36:57,244 - Fetched match odds for 318q66hw9y87qo9 from https://api.thesports.com/v1/football/odds/history with params: {'user': 'thenecpt', 'secret': '0c55322e8e196d6ef9066fa4252cf386', 'uuid': '318q66hw9y87qo9'}
2025-05-01 00:36:57,381 - Fetched match details for y0or5jh8x38lqwz from https://api.thesports.com/v1/football/match/recent/list with params: {'user': 'thenecpt', 'secret': '0c55322e8e196d6ef9066fa4252cf386', 'uuid': 'y0or5jh8x38lqwz'}
2025-05-01 04:36:57,473 - Fetched match details for x7lm7phzl3o6m2w from https://api.thesports.com/v1/football/match/recent/list with params: {'user': 'thenecpt', 'secret': '0c55322e8e196d6ef9066fa4252cf386', 'uuid': 'x7lm7phzl3o6m2w'}
2025-05-01 00:36:57,778 - Fetched match odds for y0or5jh8x38lqwz from https://api.thesports.com/v1/football/odds/history with params: {'user': 'thenecpt', 'secret': '0c55322e8e196d6ef9066fa4252cf386', 'uuid': 'y0or5jh8x38lqwz'}
2025-05-01 00:36:57,784 - {"event": "fetch_cycle_end", "duration_seconds": 6.11, "timestamp": "2025-05-01 00:36:57 ET"}
2025-05-01 04:36:57,895 - Fetched match odds for x7lm7phzl3o6m2w from https://api.thesports.com/v1/football/odds/history with params: {'user': 'thenecpt', 'secret': '0c55322e8e196d6ef9066fa4252cf386', 'uuid': 'x7lm7phzl3o6m2w'}
2025-05-01 04:36:58,129 - Fetched match details for 23xmvkh6v38yqg8 from https://api.thesports.com/v1/football/match/recent/list with params: {'user': 'thenecpt', 'secret': '0c55322e8e196d6ef9066fa4252cf386', 'uuid': '23xmvkh6v38yqg8'}
2025-05-01 04:36:58,586 - Fetched match odds for 23xmvkh6v38yqg8 from https://api.thesports.com/v1/football/odds/history with params: {'user': 'thenecpt', 'secret': '0c55322e8e196d6ef9066fa4252cf386', 'uuid': '23xmvkh6v38yqg8'}
2025-05-01 04:36:58,830 - Fetched match details for y0or5jh8x38lqwz from https://api.thesports.com/v1/football/match/recent/list with params: {'user': 'thenecpt', 'secret': '0c55322e8e196d6ef9066fa4252cf386', 'uuid': 'y0or5jh8x38lqwz'}
2025-05-01 04:36:59,702 - Fetched match odds for y0or5jh8x38lqwz from https://api.thesports.com/v1/football/odds/history with params: {'user': 'thenecpt', 'secret': '0c55322e8e196d6ef9066fa4252cf386', 'uuid': 'y0or5jh8x38lqwz'}
2025-05-01 00:37:27,784 - {"event": "fetch_cycle_start", "timestamp": "2025-05-01 00:37:27 ET"}
2025-05-01 00:37:28,015 - Fetched live matches from https://api.thesports.com/v1/football/match/detail_live with params: {'user': 'thenecpt', 'secret': '0c55322e8e196d6ef9066fa4252cf386'}
2025-05-01 00:37:28,251 - Fetched match details for y39mp1h6vg6kmoj from https://api.thesports.com/v1/football/match/recent/list with params: {'user': 'thenecpt', 'secret': '0c55322e8e196d6ef9066fa4252cf386', 'uuid': 'y39mp1h6vg6kmoj'}
2025-05-01 00:37:29,629 - Fetched match odds for y39mp1h6vg6kmoj from https://api.thesports.com/v1/football/odds/history with params: {'user': 'thenecpt', 'secret': '0c55322e8e196d6ef9066fa4252cf386', 'uuid': 'y39mp1h6vg6kmoj'}
2025-05-01 00:37:29,938 - Fetched match details for 8yomo4h3wkj8q0j from https://api.thesports.com/v1/football/match/recent/list with params: {'user': 'thenecpt', 'secret': '0c55322e8e196d6ef9066fa4252cf386', 'uuid': '8yomo4h3wkj8q0j'}
2025-05-01 00:37:30,324 - Fetched match odds for 8yomo4h3wkj8q0j from https://api.thesports.com/v1/football/odds/history with params: {'user': 'thenecpt', 'secret': '0c55322e8e196d6ef9066fa4252cf386', 'uuid': '8yomo4h3wkj8q0j'}
2025-05-01 00:37:30,564 - Fetched match details for 318q66hw9y87qo9 from https://api.thesports.com/v1/football/match/recent/list with params: {'user': 'thenecpt', 'secret': '0c55322e8e196d6ef9066fa4252cf386', 'uuid': '318q66hw9y87qo9'}
2025-05-01 00:37:30,818 - Fetched match odds for 318q66hw9y87qo9 from https://api.thesports.com/v1/football/odds/history with params: {'user': 'thenecpt', 'secret': '0c55322e8e196d6ef9066fa4252cf386', 'uuid': '318q66hw9y87qo9'}
2025-05-01 00:37:31,057 - Fetched match details for x7lm7phzl3o6m2w from https://api.thesports.com/v1/football/match/recent/list with params: {'user': 'thenecpt', 'secret': '0c55322e8e196d6ef9066fa4252cf386', 'uuid': 'x7lm7phzl3o6m2w'}
2025-05-01 00:37:31,492 - Fetched match odds for x7lm7phzl3o6m2w from https://api.thesports.com/v1/football/odds/history with params: {'user': 'thenecpt', 'secret': '0c55322e8e196d6ef9066fa4252cf386', 'uuid': 'x7lm7phzl3o6m2w'}
2025-05-01 00:37:31,730 - Fetched match details for 23xmvkh6v38yqg8 from https://api.thesports.com/v1/football/match/recent/list with params: {'user': 'thenecpt', 'secret': '0c55322e8e196d6ef9066fa4252cf386', 'uuid': '23xmvkh6v38yqg8'}
2025-05-01 00:37:32,381 - Fetched match odds for 23xmvkh6v38yqg8 from https://api.thesports.com/v1/football/odds/history with params: {'user': 'thenecpt', 'secret': '0c55322e8e196d6ef9066fa4252cf386', 'uuid': '23xmvkh6v38yqg8'}
2025-05-01 00:37:32,663 - Fetched match details for y0or5jh8x38lqwz from https://api.thesports.com/v1/football/match/recent/list with params: {'user': 'thenecpt', 'secret': '0c55322e8e196d6ef9066fa4252cf386', 'uuid': 'y0or5jh8x38lqwz'}
2025-05-01 00:37:33,099 - Fetched match odds for y0or5jh8x38lqwz from https://api.thesports.com/v1/football/odds/history with params: {'user': 'thenecpt', 'secret': '0c55322e8e196d6ef9066fa4252cf386', 'uuid': 'y0or5jh8x38lqwz'}
2025-05-01 00:37:33,105 - {"event": "fetch_cycle_end", "duration_seconds": 5.32, "timestamp": "2025-05-01 00:37:33 ET"}
2025-05-01 00:37:50,052 - Fetched country data from https://api.thesports.com/v1/football/country/list with params: {'user': 'thenecpt', 'secret': '0c55322e8e196d6ef9066fa4252cf386'}
2025-05-01 00:37:50,297 - Fetched live matches from https://api.thesports.com/v1/football/match/detail_live with params: {'user': 'thenecpt', 'secret': '0c55322e8e196d6ef9066fa4252cf386'}
2025-05-01 00:37:50,531 - Fetched match details for y39mp1h6vg6kmoj from https://api.thesports.com/v1/football/match/recent/list with params: {'user': 'thenecpt', 'secret': '0c55322e8e196d6ef9066fa4252cf386', 'uuid': 'y39mp1h6vg6kmoj'}
2025-05-01 00:37:50,766 - Fetched team info for vjxm8ghjxgdr6od from https://api.thesports.com/v1/football/team/additional/list with params: {'user': 'thenecpt', 'secret': '0c55322e8e196d6ef9066fa4252cf386', 'uuid': 'vjxm8ghjxgdr6od'}
2025-05-01 00:37:50,994 - Fetched team info for k82rekh18llrepz from https://api.thesports.com/v1/football/team/additional/list with params: {'user': 'thenecpt', 'secret': '0c55322e8e196d6ef9066fa4252cf386', 'uuid': 'k82rekh18llrepz'}
2025-05-01 00:37:51,225 - Fetched competition info for j1l4rjnhjg1m7vx from https://api.thesports.com/v1/football/competition/additional/list with params: {'user': 'thenecpt', 'secret': '0c55322e8e196d6ef9066fa4252cf386', 'uuid': 'j1l4rjnhjg1m7vx'}
2025-05-01 00:37:52,471 - Fetched match odds for y39mp1h6vg6kmoj from https://api.thesports.com/v1/football/odds/history with params: {'user': 'thenecpt', 'secret': '0c55322e8e196d6ef9066fa4252cf386', 'uuid': 'y39mp1h6vg6kmoj'}
2025-05-01 00:37:52,723 - Fetched match details for 8yomo4h3wkj8q0j from https://api.thesports.com/v1/football/match/recent/list with params: {'user': 'thenecpt', 'secret': '0c55322e8e196d6ef9066fa4252cf386', 'uuid': '8yomo4h3wkj8q0j'}
2025-05-01 00:37:52,954 - Fetched team info for gx7lm7ph1jem2wd from https://api.thesports.com/v1/football/team/additional/list with params: {'user': 'thenecpt', 'secret': '0c55322e8e196d6ef9066fa4252cf386', 'uuid': 'gx7lm7ph1jem2wd'}
2025-05-01 00:37:53,212 - Fetched team info for y39mp1h3kjwmojx from https://api.thesports.com/v1/football/team/additional/list with params: {'user': 'thenecpt', 'secret': '0c55322e8e196d6ef9066fa4252cf386', 'uuid': 'y39mp1h3kjwmojx'}
2025-05-01 00:37:53,447 - Fetched competition info for l965mkyhdgr1ge4 from https://api.thesports.com/v1/football/competition/additional/list with params: {'user': 'thenecpt', 'secret': '0c55322e8e196d6ef9066fa4252cf386', 'uuid': 'l965mkyhdgr1ge4'}
2025-05-01 00:37:53,932 - Fetched match odds for 8yomo4h3wkj8q0j from https://api.thesports.com/v1/football/odds/history with params: {'user': 'thenecpt', 'secret': '0c55322e8e196d6ef9066fa4252cf386', 'uuid': '8yomo4h3wkj8q0j'}
2025-05-01 00:37:54,191 - Fetched match details for 318q66hw9y87qo9 from https://api.thesports.com/v1/football/match/recent/list with params: {'user': 'thenecpt', 'secret': '0c55322e8e196d6ef9066fa4252cf386', 'uuid': '318q66hw9y87qo9'}
2025-05-01 00:37:54,536 - Fetched team info for 2y8m4zh33d4ql07 from https://api.thesports.com/v1/football/team/additional/list with params: {'user': 'thenecpt', 'secret': '0c55322e8e196d6ef9066fa4252cf386', 'uuid': '2y8m4zh33d4ql07'}
2025-05-01 00:37:54,765 - Fetched team info for 1l4rjnh1yg6m7vx from https://api.thesports.com/v1/football/team/additional/list with params: {'user': 'thenecpt', 'secret': '0c55322e8e196d6ef9066fa4252cf386', 'uuid': '1l4rjnh1yg6m7vx'}
2025-05-01 00:37:55,038 - Fetched competition info for yl5ergphd2r8k0o from https://api.thesports.com/v1/football/competition/additional/list with params: {'user': 'thenecpt', 'secret': '0c55322e8e196d6ef9066fa4252cf386', 'uuid': 'yl5ergphd2r8k0o'}
2025-05-01 00:37:55,316 - Fetched match odds for 318q66hw9y87qo9 from https://api.thesports.com/v1/football/odds/history with params: {'user': 'thenecpt', 'secret': '0c55322e8e196d6ef9066fa4252cf386', 'uuid': '318q66hw9y87qo9'}
2025-05-01 00:37:55,546 - Fetched match details for x7lm7phzl3o6m2w from https://api.thesports.com/v1/football/match/recent/list with params: {'user': 'thenecpt', 'secret': '0c55322e8e196d6ef9066fa4252cf386', 'uuid': 'x7lm7phzl3o6m2w'}
2025-05-01 00:37:55,775 - Fetched team info for y0or5jh4njpqwzv from https://api.thesports.com/v1/football/team/additional/list with params: {'user': 'thenecpt', 'secret': '0c55322e8e196d6ef9066fa4252cf386', 'uuid': 'y0or5jh4njpqwzv'}
2025-05-01 00:37:56,005 - Fetched team info for 9vjxm8ghzggr6od from https://api.thesports.com/v1/football/team/additional/list with params: {'user': 'thenecpt', 'secret': '0c55322e8e196d6ef9066fa4252cf386', 'uuid': '9vjxm8ghzggr6od'}
2025-05-01 00:37:56,245 - Fetched competition info for v2y8m4zhydql074 from https://api.thesports.com/v1/football/competition/additional/list with params: {'user': 'thenecpt', 'secret': '0c55322e8e196d6ef9066fa4252cf386', 'uuid': 'v2y8m4zhydql074'}
2025-05-01 00:37:56,675 - Fetched match odds for x7lm7phzl3o6m2w from https://api.thesports.com/v1/football/odds/history with params: {'user': 'thenecpt', 'secret': '0c55322e8e196d6ef9066fa4252cf386', 'uuid': 'x7lm7phzl3o6m2w'}
2025-05-01 00:37:56,913 - Fetched match details for 23xmvkh6v38yqg8 from https://api.thesports.com/v1/football/match/recent/list with params: {'user': 'thenecpt', 'secret': '0c55322e8e196d6ef9066fa4252cf386', 'uuid': '23xmvkh6v38yqg8'}
2025-05-01 00:37:57,142 - Fetched team info for 9vjxm8ghznjr6od from https://api.thesports.com/v1/football/team/additional/list with params: {'user': 'thenecpt', 'secret': '0c55322e8e196d6ef9066fa4252cf386', 'uuid': '9vjxm8ghznjr6od'}
2025-05-01 00:37:57,373 - Fetched team info for gy0or5jh243qwzv from https://api.thesports.com/v1/football/team/additional/list with params: {'user': 'thenecpt', 'secret': '0c55322e8e196d6ef9066fa4252cf386', 'uuid': 'gy0or5jh243qwzv'}
2025-05-01 00:37:57,604 - Fetched competition info for v2y8m4zhv6ql074 from https://api.thesports.com/v1/football/competition/additional/list with params: {'user': 'thenecpt', 'secret': '0c55322e8e196d6ef9066fa4252cf386', 'uuid': 'v2y8m4zhv6ql074'}
2025-05-01 00:37:58,007 - Fetched match odds for 23xmvkh6v38yqg8 from https://api.thesports.com/v1/football/odds/history with params: {'user': 'thenecpt', 'secret': '0c55322e8e196d6ef9066fa4252cf386', 'uuid': '23xmvkh6v38yqg8'}
2025-05-01 00:37:58,244 - Fetched match details for y0or5jh8x38lqwz from https://api.thesports.com/v1/football/match/recent/list with params: {'user': 'thenecpt', 'secret': '0c55322e8e196d6ef9066fa4252cf386', 'uuid': 'y0or5jh8x38lqwz'}
2025-05-01 00:37:58,479 - Fetched team info for x7lm7pho9y1m2wd from https://api.thesports.com/v1/football/team/additional/list with params: {'user': 'thenecpt', 'secret': '0c55322e8e196d6ef9066fa4252cf386', 'uuid': 'x7lm7pho9y1m2wd'}
2025-05-01 00:37:58,707 - Fetched team info for jw2r09hnn9krz84 from https://api.thesports.com/v1/football/team/additional/list with params: {'user': 'thenecpt', 'secret': '0c55322e8e196d6ef9066fa4252cf386', 'uuid': 'jw2r09hnn9krz84'}
2025-05-01 00:37:59,058 - Fetched competition info for kjw2r09hj8rz84o from https://api.thesports.com/v1/football/competition/additional/list with params: {'user': 'thenecpt', 'secret': '0c55322e8e196d6ef9066fa4252cf386', 'uuid': 'kjw2r09hj8rz84o'}
2025-05-01 00:38:00,213 - Fetched match odds for y0or5jh8x38lqwz from https://api.thesports.com/v1/football/odds/history with params: {'user': 'thenecpt', 'secret': '0c55322e8e196d6ef9066fa4252cf386', 'uuid': 'y0or5jh8x38lqwz'}
2025-05-01 00:38:30,471 - Fetched live matches from https://api.thesports.com/v1/football/match/detail_live with params: {'user': 'thenecpt', 'secret': '0c55322e8e196d6ef9066fa4252cf386'}
2025-05-01 00:38:30,699 - Fetched match details for y39mp1h6vg6kmoj from https://api.thesports.com/v1/football/match/recent/list with params: {'user': 'thenecpt', 'secret': '0c55322e8e196d6ef9066fa4252cf386', 'uuid': 'y39mp1h6vg6kmoj'}
2025-05-01 00:38:31,230 - Fetched match odds for y39mp1h6vg6kmoj from https://api.thesports.com/v1/football/odds/history with params: {'user': 'thenecpt', 'secret': '0c55322e8e196d6ef9066fa4252cf386', 'uuid': 'y39mp1h6vg6kmoj'}
2025-05-01 00:38:31,485 - Fetched match details for 8yomo4h3wkj8q0j from https://api.thesports.com/v1/football/match/recent/list with params: {'user': 'thenecpt', 'secret': '0c55322e8e196d6ef9066fa4252cf386', 'uuid': '8yomo4h3wkj8q0j'}
2025-05-01 00:38:31,825 - Fetched match odds for 8yomo4h3wkj8q0j from https://api.thesports.com/v1/football/odds/history with params: {'user': 'thenecpt', 'secret': '0c55322e8e196d6ef9066fa4252cf386', 'uuid': '8yomo4h3wkj8q0j'}
2025-05-01 00:38:32,057 - Fetched match details for 318q66hw9y87qo9 from https://api.thesports.com/v1/football/match/recent/list with params: {'user': 'thenecpt', 'secret': '0c55322e8e196d6ef9066fa4252cf386', 'uuid': '318q66hw9y87qo9'}
2025-05-01 00:38:32,411 - Fetched match odds for 318q66hw9y87qo9 from https://api.thesports.com/v1/football/odds/history with params: {'user': 'thenecpt', 'secret': '0c55322e8e196d6ef9066fa4252cf386', 'uuid': '318q66hw9y87qo9'}
2025-05-01 00:38:32,644 - Fetched match details for x7lm7phzl3o6m2w from https://api.thesports.com/v1/football/match/recent/list with params: {'user': 'thenecpt', 'secret': '0c55322e8e196d6ef9066fa4252cf386', 'uuid': 'x7lm7phzl3o6m2w'}
2025-05-01 00:38:33,466 - Fetched match odds for x7lm7phzl3o6m2w from https://api.thesports.com/v1/football/odds/history with params: {'user': 'thenecpt', 'secret': '0c55322e8e196d6ef9066fa4252cf386', 'uuid': 'x7lm7phzl3o6m2w'}
2025-05-01 00:38:33,857 - Fetched match details for 23xmvkh6v38yqg8 from https://api.thesports.com/v1/football/match/recent/list with params: {'user': 'thenecpt', 'secret': '0c55322e8e196d6ef9066fa4252cf386', 'uuid': '23xmvkh6v38yqg8'}
2025-05-01 00:38:34,305 - Fetched match odds for 23xmvkh6v38yqg8 from https://api.thesports.com/v1/football/odds/history with params: {'user': 'thenecpt', 'secret': '0c55322e8e196d6ef9066fa4252cf386', 'uuid': '23xmvkh6v38yqg8'}
2025-05-01 00:38:34,538 - Fetched match details for y0or5jh8x38lqwz from https://api.thesports.com/v1/football/match/recent/list with params: {'user': 'thenecpt', 'secret': '0c55322e8e196d6ef9066fa4252cf386', 'uuid': 'y0or5jh8x38lqwz'}
2025-05-01 00:38:35,441 - Fetched match odds for y0or5jh8x38lqwz from https://api.thesports.com/v1/football/odds/history with params: {'user': 'thenecpt', 'secret': '0c55322e8e196d6ef9066fa4252cf386', 'uuid': 'y0or5jh8x38lqwz'}
2025-05-01 00:39:05,698 - Fetched live matches from https://api.thesports.com/v1/football/match/detail_live with params: {'user': 'thenecpt', 'secret': '0c55322e8e196d6ef9066fa4252cf386'}
2025-05-01 00:39:05,930 - Fetched match details for y39mp1h6vg6kmoj from https://api.thesports.com/v1/football/match/recent/list with params: {'user': 'thenecpt', 'secret': '0c55322e8e196d6ef9066fa4252cf386', 'uuid': 'y39mp1h6vg6kmoj'}
2025-05-01 00:39:07,030 - Fetched match odds for y39mp1h6vg6kmoj from https://api.thesports.com/v1/football/odds/history with params: {'user': 'thenecpt', 'secret': '0c55322e8e196d6ef9066fa4252cf386', 'uuid': 'y39mp1h6vg6kmoj'}
2025-05-01 00:39:07,271 - Fetched match details for 8yomo4h3wkj8q0j from https://api.thesports.com/v1/football/match/recent/list with params: {'user': 'thenecpt', 'secret': '0c55322e8e196d6ef9066fa4252cf386', 'uuid': '8yomo4h3wkj8q0j'}
2025-05-01 00:39:07,579 - Fetched match odds for 8yomo4h3wkj8q0j from https://api.thesports.com/v1/football/odds/history with params: {'user': 'thenecpt', 'secret': '0c55322e8e196d6ef9066fa4252cf386', 'uuid': '8yomo4h3wkj8q0j'}
2025-05-01 00:39:07,822 - Fetched match details for 318q66hw9y87qo9 from https://api.thesports.com/v1/football/match/recent/list with params: {'user': 'thenecpt', 'secret': '0c55322e8e196d6ef9066fa4252cf386', 'uuid': '318q66hw9y87qo9'}
2025-05-01 00:39:08,155 - Fetched match odds for 318q66hw9y87qo9 from https://api.thesports.com/v1/football/odds/history with params: {'user': 'thenecpt', 'secret': '0c55322e8e196d6ef9066fa4252cf386', 'uuid': '318q66hw9y87qo9'}
2025-05-01 00:39:08,390 - Fetched match details for x7lm7phzl3o6m2w from https://api.thesports.com/v1/football/match/recent/list with params: {'user': 'thenecpt', 'secret': '0c55322e8e196d6ef9066fa4252cf386', 'uuid': 'x7lm7phzl3o6m2w'}
2025-05-01 00:39:08,986 - Fetched match odds for x7lm7phzl3o6m2w from https://api.thesports.com/v1/football/odds/history with params: {'user': 'thenecpt', 'secret': '0c55322e8e196d6ef9066fa4252cf386', 'uuid': 'x7lm7phzl3o6m2w'}
2025-05-01 00:39:09,234 - Fetched match details for 23xmvkh6v38yqg8 from https://api.thesports.com/v1/football/match/recent/list with params: {'user': 'thenecpt', 'secret': '0c55322e8e196d6ef9066fa4252cf386', 'uuid': '23xmvkh6v38yqg8'}
2025-05-01 00:39:09,910 - Fetched match odds for 23xmvkh6v38yqg8 from https://api.thesports.com/v1/football/odds/history with params: {'user': 'thenecpt', 'secret': '0c55322e8e196d6ef9066fa4252cf386', 'uuid': '23xmvkh6v38yqg8'}
2025-05-01 00:39:10,184 - Fetched match details for y0or5jh8x38lqwz from https://api.thesports.com/v1/football/match/recent/list with params: {'user': 'thenecpt', 'secret': '0c55322e8e196d6ef9066fa4252cf386', 'uuid': 'y0or5jh8x38lqwz'}
2025-05-01 04:39:10,194 - Fetched country data from https://api.thesports.com/v1/football/country/list with params: {'user': 'thenecpt', 'secret': '0c55322e8e196d6ef9066fa4252cf386'}
2025-05-01 04:39:10,452 - Fetched live matches from https://api.thesports.com/v1/football/match/detail_live with params: {'user': 'thenecpt', 'secret': '0c55322e8e196d6ef9066fa4252cf386'}
2025-05-01 04:39:10,679 - Fetched match details for y39mp1h6vg6kmoj from https://api.thesports.com/v1/football/match/recent/list with params: {'user': 'thenecpt', 'secret': '0c55322e8e196d6ef9066fa4252cf386', 'uuid': 'y39mp1h6vg6kmoj'}
2025-05-01 00:39:10,816 - Fetched match odds for y0or5jh8x38lqwz from https://api.thesports.com/v1/football/odds/history with params: {'user': 'thenecpt', 'secret': '0c55322e8e196d6ef9066fa4252cf386', 'uuid': 'y0or5jh8x38lqwz'}
2025-05-01 04:39:10,908 - Fetched team info for vjxm8ghjxgdr6od from https://api.thesports.com/v1/football/team/additional/list with params: {'user': 'thenecpt', 'secret': '0c55322e8e196d6ef9066fa4252cf386', 'uuid': 'vjxm8ghjxgdr6od'}
2025-05-01 04:39:11,136 - Fetched team info for k82rekh18llrepz from https://api.thesports.com/v1/football/team/additional/list with params: {'user': 'thenecpt', 'secret': '0c55322e8e196d6ef9066fa4252cf386', 'uuid': 'k82rekh18llrepz'}
2025-05-01 04:39:11,372 - Fetched competition info for j1l4rjnhjg1m7vx from https://api.thesports.com/v1/football/competition/additional/list with params: {'user': 'thenecpt', 'secret': '0c55322e8e196d6ef9066fa4252cf386', 'uuid': 'j1l4rjnhjg1m7vx'}
2025-05-01 04:39:12,660 - Fetched match odds for y39mp1h6vg6kmoj from https://api.thesports.com/v1/football/odds/history with params: {'user': 'thenecpt', 'secret': '0c55322e8e196d6ef9066fa4252cf386', 'uuid': 'y39mp1h6vg6kmoj'}
2025-05-01 04:39:12,914 - Fetched match details for 8yomo4h3wkj8q0j from https://api.thesports.com/v1/football/match/recent/list with params: {'user': 'thenecpt', 'secret': '0c55322e8e196d6ef9066fa4252cf386', 'uuid': '8yomo4h3wkj8q0j'}
2025-05-01 04:39:13,174 - Fetched team info for gx7lm7ph1jem2wd from https://api.thesports.com/v1/football/team/additional/list with params: {'user': 'thenecpt', 'secret': '0c55322e8e196d6ef9066fa4252cf386', 'uuid': 'gx7lm7ph1jem2wd'}
2025-05-01 04:39:13,403 - Fetched team info for y39mp1h3kjwmojx from https://api.thesports.com/v1/football/team/additional/list with params: {'user': 'thenecpt', 'secret': '0c55322e8e196d6ef9066fa4252cf386', 'uuid': 'y39mp1h3kjwmojx'}
2025-05-01 04:39:13,635 - Fetched competition info for l965mkyhdgr1ge4 from https://api.thesports.com/v1/football/competition/additional/list with params: {'user': 'thenecpt', 'secret': '0c55322e8e196d6ef9066fa4252cf386', 'uuid': 'l965mkyhdgr1ge4'}
2025-05-01 04:39:13,932 - Fetched match odds for 8yomo4h3wkj8q0j from https://api.thesports.com/v1/football/odds/history with params: {'user': 'thenecpt', 'secret': '0c55322e8e196d6ef9066fa4252cf386', 'uuid': '8yomo4h3wkj8q0j'}
2025-05-01 04:39:14,196 - Fetched match details for 318q66hw9y87qo9 from https://api.thesports.com/v1/football/match/recent/list with params: {'user': 'thenecpt', 'secret': '0c55322e8e196d6ef9066fa4252cf386', 'uuid': '318q66hw9y87qo9'}
2025-05-01 04:39:14,435 - Fetched team info for 2y8m4zh33d4ql07 from https://api.thesports.com/v1/football/team/additional/list with params: {'user': 'thenecpt', 'secret': '0c55322e8e196d6ef9066fa4252cf386', 'uuid': '2y8m4zh33d4ql07'}
2025-05-01 04:39:14,664 - Fetched team info for 1l4rjnh1yg6m7vx from https://api.thesports.com/v1/football/team/additional/list with params: {'user': 'thenecpt', 'secret': '0c55322e8e196d6ef9066fa4252cf386', 'uuid': '1l4rjnh1yg6m7vx'}
2025-05-01 04:39:14,899 - Fetched competition info for yl5ergphd2r8k0o from https://api.thesports.com/v1/football/competition/additional/list with params: {'user': 'thenecpt', 'secret': '0c55322e8e196d6ef9066fa4252cf386', 'uuid': 'yl5ergphd2r8k0o'}
2025-05-01 04:39:15,262 - Fetched match odds for 318q66hw9y87qo9 from https://api.thesports.com/v1/football/odds/history with params: {'user': 'thenecpt', 'secret': '0c55322e8e196d6ef9066fa4252cf386', 'uuid': '318q66hw9y87qo9'}
2025-05-01 04:39:15,499 - Fetched match details for x7lm7phzl3o6m2w from https://api.thesports.com/v1/football/match/recent/list with params: {'user': 'thenecpt', 'secret': '0c55322e8e196d6ef9066fa4252cf386', 'uuid': 'x7lm7phzl3o6m2w'}
2025-05-01 04:39:15,736 - Fetched team info for y0or5jh4njpqwzv from https://api.thesports.com/v1/football/team/additional/list with params: {'user': 'thenecpt', 'secret': '0c55322e8e196d6ef9066fa4252cf386', 'uuid': 'y0or5jh4njpqwzv'}
2025-05-01 04:39:15,969 - Fetched team info for 9vjxm8ghzggr6od from https://api.thesports.com/v1/football/team/additional/list with params: {'user': 'thenecpt', 'secret': '0c55322e8e196d6ef9066fa4252cf386', 'uuid': '9vjxm8ghzggr6od'}
2025-05-01 04:39:16,300 - Fetched competition info for v2y8m4zhydql074 from https://api.thesports.com/v1/football/competition/additional/list with params: {'user': 'thenecpt', 'secret': '0c55322e8e196d6ef9066fa4252cf386', 'uuid': 'v2y8m4zhydql074'}
2025-05-01 04:39:17,415 - Fetched match odds for x7lm7phzl3o6m2w from https://api.thesports.com/v1/football/odds/history with params: {'user': 'thenecpt', 'secret': '0c55322e8e196d6ef9066fa4252cf386', 'uuid': 'x7lm7phzl3o6m2w'}
2025-05-01 04:39:17,650 - Fetched match details for 23xmvkh6v38yqg8 from https://api.thesports.com/v1/football/match/recent/list with params: {'user': 'thenecpt', 'secret': '0c55322e8e196d6ef9066fa4252cf386', 'uuid': '23xmvkh6v38yqg8'}
2025-05-01 04:39:17,882 - Fetched team info for 9vjxm8ghznjr6od from https://api.thesports.com/v1/football/team/additional/list with params: {'user': 'thenecpt', 'secret': '0c55322e8e196d6ef9066fa4252cf386', 'uuid': '9vjxm8ghznjr6od'}
2025-05-01 04:39:18,110 - Fetched team info for gy0or5jh243qwzv from https://api.thesports.com/v1/football/team/additional/list with params: {'user': 'thenecpt', 'secret': '0c55322e8e196d6ef9066fa4252cf386', 'uuid': 'gy0or5jh243qwzv'}
2025-05-01 04:39:18,352 - Fetched competition info for v2y8m4zhv6ql074 from https://api.thesports.com/v1/football/competition/additional/list with params: {'user': 'thenecpt', 'secret': '0c55322e8e196d6ef9066fa4252cf386', 'uuid': 'v2y8m4zhv6ql074'}
2025-05-01 04:39:18,768 - Fetched match odds for 23xmvkh6v38yqg8 from https://api.thesports.com/v1/football/odds/history with params: {'user': 'thenecpt', 'secret': '0c55322e8e196d6ef9066fa4252cf386', 'uuid': '23xmvkh6v38yqg8'}
2025-05-01 04:39:18,998 - Fetched match details for y0or5jh8x38lqwz from https://api.thesports.com/v1/football/match/recent/list with params: {'user': 'thenecpt', 'secret': '0c55322e8e196d6ef9066fa4252cf386', 'uuid': 'y0or5jh8x38lqwz'}
2025-05-01 04:39:19,224 - Fetched team info for x7lm7pho9y1m2wd from https://api.thesports.com/v1/football/team/additional/list with params: {'user': 'thenecpt', 'secret': '0c55322e8e196d6ef9066fa4252cf386', 'uuid': 'x7lm7pho9y1m2wd'}
2025-05-01 04:39:19,483 - Fetched team info for jw2r09hnn9krz84 from https://api.thesports.com/v1/football/team/additional/list with params: {'user': 'thenecpt', 'secret': '0c55322e8e196d6ef9066fa4252cf386', 'uuid': 'jw2r09hnn9krz84'}
2025-05-01 04:39:19,819 - Fetched competition info for kjw2r09hj8rz84o from https://api.thesports.com/v1/football/competition/additional/list with params: {'user': 'thenecpt', 'secret': '0c55322e8e196d6ef9066fa4252cf386', 'uuid': 'kjw2r09hj8rz84o'}
2025-05-01 04:39:20,857 - Fetched match odds for y0or5jh8x38lqwz from https://api.thesports.com/v1/football/odds/history with params: {'user': 'thenecpt', 'secret': '0c55322e8e196d6ef9066fa4252cf386', 'uuid': 'y0or5jh8x38lqwz'}
2025-05-01 04:39:21,120 - Fetched match details for zp5rzgh58npdq82 from https://api.thesports.com/v1/football/match/recent/list with params: {'user': 'thenecpt', 'secret': '0c55322e8e196d6ef9066fa4252cf386', 'uuid': 'zp5rzgh58npdq82'}
2025-05-01 04:39:21,348 - Fetched team info for dj2ryohk633q1zp from https://api.thesports.com/v1/football/team/additional/list with params: {'user': 'thenecpt', 'secret': '0c55322e8e196d6ef9066fa4252cf386', 'uuid': 'dj2ryohk633q1zp'}
2025-05-01 04:39:21,574 - Fetched team info for vjxm8gh8vk7r6od from https://api.thesports.com/v1/football/team/additional/list with params: {'user': 'thenecpt', 'secret': '0c55322e8e196d6ef9066fa4252cf386', 'uuid': 'vjxm8gh8vk7r6od'}
2025-05-01 04:39:21,809 - Fetched competition info for v2y8m4zhgxoql07 from https://api.thesports.com/v1/football/competition/additional/list with params: {'user': 'thenecpt', 'secret': '0c55322e8e196d6ef9066fa4252cf386', 'uuid': 'v2y8m4zhgxoql07'}
2025-05-01 04:39:22,428 - Fetched match odds for zp5rzgh58npdq82 from https://api.thesports.com/v1/football/odds/history with params: {'user': 'thenecpt', 'secret': '0c55322e8e196d6ef9066fa4252cf386', 'uuid': 'zp5rzgh58npdq82'}
2025-05-01 00:39:41,055 - Fetched live matches from https://api.thesports.com/v1/football/match/detail_live with params: {'user': 'thenecpt', 'secret': '0c55322e8e196d6ef9066fa4252cf386'}
2025-05-01 00:39:41,391 - Fetched match details for y39mp1h6vg6kmoj from https://api.thesports.com/v1/football/match/recent/list with params: {'user': 'thenecpt', 'secret': '0c55322e8e196d6ef9066fa4252cf386', 'uuid': 'y39mp1h6vg6kmoj'}
2025-05-01 00:39:42,087 - Fetched match odds for y39mp1h6vg6kmoj from https://api.thesports.com/v1/football/odds/history with params: {'user': 'thenecpt', 'secret': '0c55322e8e196d6ef9066fa4252cf386', 'uuid': 'y39mp1h6vg6kmoj'}
2025-05-01 00:39:42,325 - Fetched match details for 8yomo4h3wkj8q0j from https://api.thesports.com/v1/football/match/recent/list with params: {'user': 'thenecpt', 'secret': '0c55322e8e196d6ef9066fa4252cf386', 'uuid': '8yomo4h3wkj8q0j'}
2025-05-01 00:39:43,164 - Fetched match odds for 8yomo4h3wkj8q0j from https://api.thesports.com/v1/football/odds/history with params: {'user': 'thenecpt', 'secret': '0c55322e8e196d6ef9066fa4252cf386', 'uuid': '8yomo4h3wkj8q0j'}
2025-05-01 00:39:43,420 - Fetched match details for 318q66hw9y87qo9 from https://api.thesports.com/v1/football/match/recent/list with params: {'user': 'thenecpt', 'secret': '0c55322e8e196d6ef9066fa4252cf386', 'uuid': '318q66hw9y87qo9'}
2025-05-01 00:39:43,794 - Fetched match odds for 318q66hw9y87qo9 from https://api.thesports.com/v1/football/odds/history with params: {'user': 'thenecpt', 'secret': '0c55322e8e196d6ef9066fa4252cf386', 'uuid': '318q66hw9y87qo9'}
2025-05-01 00:39:44,033 - Fetched match details for x7lm7phzl3o6m2w from https://api.thesports.com/v1/football/match/recent/list with params: {'user': 'thenecpt', 'secret': '0c55322e8e196d6ef9066fa4252cf386', 'uuid': 'x7lm7phzl3o6m2w'}
2025-05-01 00:39:44,427 - Fetched match odds for x7lm7phzl3o6m2w from https://api.thesports.com/v1/football/odds/history with params: {'user': 'thenecpt', 'secret': '0c55322e8e196d6ef9066fa4252cf386', 'uuid': 'x7lm7phzl3o6m2w'}
2025-05-01 00:39:44,666 - Fetched match details for 23xmvkh6v38yqg8 from https://api.thesports.com/v1/football/match/recent/list with params: {'user': 'thenecpt', 'secret': '0c55322e8e196d6ef9066fa4252cf386', 'uuid': '23xmvkh6v38yqg8'}
2025-05-01 00:39:45,050 - Fetched match odds for 23xmvkh6v38yqg8 from https://api.thesports.com/v1/football/odds/history with params: {'user': 'thenecpt', 'secret': '0c55322e8e196d6ef9066fa4252cf386', 'uuid': '23xmvkh6v38yqg8'}
2025-05-01 00:39:45,423 - Fetched match details for y0or5jh8x38lqwz from https://api.thesports.com/v1/football/match/recent/list with params: {'user': 'thenecpt', 'secret': '0c55322e8e196d6ef9066fa4252cf386', 'uuid': 'y0or5jh8x38lqwz'}
2025-05-01 00:39:46,330 - Fetched match odds for y0or5jh8x38lqwz from https://api.thesports.com/v1/football/odds/history with params: {'user': 'thenecpt', 'secret': '0c55322e8e196d6ef9066fa4252cf386', 'uuid': 'y0or5jh8x38lqwz'}
2025-05-01 00:39:46,685 - Fetched match details for zp5rzgh58npdq82 from https://api.thesports.com/v1/football/match/recent/list with params: {'user': 'thenecpt', 'secret': '0c55322e8e196d6ef9066fa4252cf386', 'uuid': 'zp5rzgh58npdq82'}
2025-05-01 00:39:46,916 - Fetched team info for dj2ryohk633q1zp from https://api.thesports.com/v1/football/team/additional/list with params: {'user': 'thenecpt', 'secret': '0c55322e8e196d6ef9066fa4252cf386', 'uuid': 'dj2ryohk633q1zp'}
2025-05-01 00:39:47,169 - Fetched team info for vjxm8gh8vk7r6od from https://api.thesports.com/v1/football/team/additional/list with params: {'user': 'thenecpt', 'secret': '0c55322e8e196d6ef9066fa4252cf386', 'uuid': 'vjxm8gh8vk7r6od'}
2025-05-01 00:39:47,403 - Fetched competition info for v2y8m4zhgxoql07 from https://api.thesports.com/v1/football/competition/additional/list with params: {'user': 'thenecpt', 'secret': '0c55322e8e196d6ef9066fa4252cf386', 'uuid': 'v2y8m4zhgxoql07'}
2025-05-01 00:39:48,020 - Fetched match odds for zp5rzgh58npdq82 from https://api.thesports.com/v1/football/odds/history with params: {'user': 'thenecpt', 'secret': '0c55322e8e196d6ef9066fa4252cf386', 'uuid': 'zp5rzgh58npdq82'}
2025-05-01 04:39:52,674 - Fetched live matches from https://api.thesports.com/v1/football/match/detail_live with params: {'user': 'thenecpt', 'secret': '0c55322e8e196d6ef9066fa4252cf386'}
2025-05-01 04:39:52,903 - Fetched match details for y39mp1h6vg6kmoj from https://api.thesports.com/v1/football/match/recent/list with params: {'user': 'thenecpt', 'secret': '0c55322e8e196d6ef9066fa4252cf386', 'uuid': 'y39mp1h6vg6kmoj'}
2025-05-01 04:39:54,138 - Fetched match odds for y39mp1h6vg6kmoj from https://api.thesports.com/v1/football/odds/history with params: {'user': 'thenecpt', 'secret': '0c55322e8e196d6ef9066fa4252cf386', 'uuid': 'y39mp1h6vg6kmoj'}
2025-05-01 04:39:54,405 - Fetched match details for 8yomo4h3wkj8q0j from https://api.thesports.com/v1/football/match/recent/list with params: {'user': 'thenecpt', 'secret': '0c55322e8e196d6ef9066fa4252cf386', 'uuid': '8yomo4h3wkj8q0j'}
2025-05-01 04:39:54,700 - Fetched match odds for 8yomo4h3wkj8q0j from https://api.thesports.com/v1/football/odds/history with params: {'user': 'thenecpt', 'secret': '0c55322e8e196d6ef9066fa4252cf386', 'uuid': '8yomo4h3wkj8q0j'}
2025-05-01 04:39:54,929 - Fetched match details for 318q66hw9y87qo9 from https://api.thesports.com/v1/football/match/recent/list with params: {'user': 'thenecpt', 'secret': '0c55322e8e196d6ef9066fa4252cf386', 'uuid': '318q66hw9y87qo9'}
2025-05-01 04:39:55,354 - Fetched match odds for 318q66hw9y87qo9 from https://api.thesports.com/v1/football/odds/history with params: {'user': 'thenecpt', 'secret': '0c55322e8e196d6ef9066fa4252cf386', 'uuid': '318q66hw9y87qo9'}
2025-05-01 04:39:55,588 - Fetched match details for x7lm7phzl3o6m2w from https://api.thesports.com/v1/football/match/recent/list with params: {'user': 'thenecpt', 'secret': '0c55322e8e196d6ef9066fa4252cf386', 'uuid': 'x7lm7phzl3o6m2w'}
2025-05-01 04:39:56,611 - Fetched match odds for x7lm7phzl3o6m2w from https://api.thesports.com/v1/football/odds/history with params: {'user': 'thenecpt', 'secret': '0c55322e8e196d6ef9066fa4252cf386', 'uuid': 'x7lm7phzl3o6m2w'}
2025-05-01 04:39:56,864 - Fetched match details for y0or5jh8x38lqwz from https://api.thesports.com/v1/football/match/recent/list with params: {'user': 'thenecpt', 'secret': '0c55322e8e196d6ef9066fa4252cf386', 'uuid': 'y0or5jh8x38lqwz'}
2025-05-01 04:39:57,376 - Fetched match odds for y0or5jh8x38lqwz from https://api.thesports.com/v1/football/odds/history with params: {'user': 'thenecpt', 'secret': '0c55322e8e196d6ef9066fa4252cf386', 'uuid': 'y0or5jh8x38lqwz'}
2025-05-01 04:39:57,610 - Fetched match details for zp5rzgh58npdq82 from https://api.thesports.com/v1/football/match/recent/list with params: {'user': 'thenecpt', 'secret': '0c55322e8e196d6ef9066fa4252cf386', 'uuid': 'zp5rzgh58npdq82'}
2025-05-01 04:39:58,098 - Fetched match odds for zp5rzgh58npdq82 from https://api.thesports.com/v1/football/odds/history with params: {'user': 'thenecpt', 'secret': '0c55322e8e196d6ef9066fa4252cf386', 'uuid': 'zp5rzgh58npdq82'}
2025-05-01 00:40:18,259 - Fetched live matches from https://api.thesports.com/v1/football/match/detail_live with params: {'user': 'thenecpt', 'secret': '0c55322e8e196d6ef9066fa4252cf386'}
2025-05-01 00:40:18,572 - Fetched match details for y39mp1h6vg6kmoj from https://api.thesports.com/v1/football/match/recent/list with params: {'user': 'thenecpt', 'secret': '0c55322e8e196d6ef9066fa4252cf386', 'uuid': 'y39mp1h6vg6kmoj'}
2025-05-01 00:40:19,548 - Fetched match odds for y39mp1h6vg6kmoj from https://api.thesports.com/v1/football/odds/history with params: {'user': 'thenecpt', 'secret': '0c55322e8e196d6ef9066fa4252cf386', 'uuid': 'y39mp1h6vg6kmoj'}
2025-05-01 00:40:19,787 - Fetched match details for 8yomo4h3wkj8q0j from https://api.thesports.com/v1/football/match/recent/list with params: {'user': 'thenecpt', 'secret': '0c55322e8e196d6ef9066fa4252cf386', 'uuid': '8yomo4h3wkj8q0j'}
2025-05-01 00:40:20,083 - Fetched match odds for 8yomo4h3wkj8q0j from https://api.thesports.com/v1/football/odds/history with params: {'user': 'thenecpt', 'secret': '0c55322e8e196d6ef9066fa4252cf386', 'uuid': '8yomo4h3wkj8q0j'}
2025-05-01 00:40:20,321 - Fetched match details for 318q66hw9y87qo9 from https://api.thesports.com/v1/football/match/recent/list with params: {'user': 'thenecpt', 'secret': '0c55322e8e196d6ef9066fa4252cf386', 'uuid': '318q66hw9y87qo9'}
2025-05-01 00:40:20,571 - Fetched match odds for 318q66hw9y87qo9 from https://api.thesports.com/v1/football/odds/history with params: {'user': 'thenecpt', 'secret': '0c55322e8e196d6ef9066fa4252cf386', 'uuid': '318q66hw9y87qo9'}
2025-05-01 00:40:20,805 - Fetched match details for x7lm7phzl3o6m2w from https://api.thesports.com/v1/football/match/recent/list with params: {'user': 'thenecpt', 'secret': '0c55322e8e196d6ef9066fa4252cf386', 'uuid': 'x7lm7phzl3o6m2w'}
2025-05-01 00:40:21,796 - Fetched match odds for x7lm7phzl3o6m2w from https://api.thesports.com/v1/football/odds/history with params: {'user': 'thenecpt', 'secret': '0c55322e8e196d6ef9066fa4252cf386', 'uuid': 'x7lm7phzl3o6m2w'}
2025-05-01 00:40:22,029 - Fetched match details for y0or5jh8x38lqwz from https://api.thesports.com/v1/football/match/recent/list with params: {'user': 'thenecpt', 'secret': '0c55322e8e196d6ef9066fa4252cf386', 'uuid': 'y0or5jh8x38lqwz'}
2025-05-01 00:40:22,624 - Fetched match odds for y0or5jh8x38lqwz from https://api.thesports.com/v1/football/odds/history with params: {'user': 'thenecpt', 'secret': '0c55322e8e196d6ef9066fa4252cf386', 'uuid': 'y0or5jh8x38lqwz'}
2025-05-01 00:40:22,862 - Fetched match details for zp5rzgh58npdq82 from https://api.thesports.com/v1/football/match/recent/list with params: {'user': 'thenecpt', 'secret': '0c55322e8e196d6ef9066fa4252cf386', 'uuid': 'zp5rzgh58npdq82'}
2025-05-01 00:40:23,223 - Fetched match odds for zp5rzgh58npdq82 from https://api.thesports.com/v1/football/odds/history with params: {'user': 'thenecpt', 'secret': '0c55322e8e196d6ef9066fa4252cf386', 'uuid': 'zp5rzgh58npdq82'}
2025-05-01 04:40:28,332 - Fetched live matches from https://api.thesports.com/v1/football/match/detail_live with params: {'user': 'thenecpt', 'secret': '0c55322e8e196d6ef9066fa4252cf386'}
2025-05-01 04:40:28,564 - Fetched match details for y39mp1h6vg6kmoj from https://api.thesports.com/v1/football/match/recent/list with params: {'user': 'thenecpt', 'secret': '0c55322e8e196d6ef9066fa4252cf386', 'uuid': 'y39mp1h6vg6kmoj'}
2025-05-01 04:40:29,461 - Fetched match odds for y39mp1h6vg6kmoj from https://api.thesports.com/v1/football/odds/history with params: {'user': 'thenecpt', 'secret': '0c55322e8e196d6ef9066fa4252cf386', 'uuid': 'y39mp1h6vg6kmoj'}
2025-05-01 04:40:29,733 - Fetched match details for 8yomo4h3wkj8q0j from https://api.thesports.com/v1/football/match/recent/list with params: {'user': 'thenecpt', 'secret': '0c55322e8e196d6ef9066fa4252cf386', 'uuid': '8yomo4h3wkj8q0j'}
2025-05-01 04:40:30,059 - Fetched match odds for 8yomo4h3wkj8q0j from https://api.thesports.com/v1/football/odds/history with params: {'user': 'thenecpt', 'secret': '0c55322e8e196d6ef9066fa4252cf386', 'uuid': '8yomo4h3wkj8q0j'}
2025-05-01 04:40:30,360 - Fetched match details for 318q66hw9y87qo9 from https://api.thesports.com/v1/football/match/recent/list with params: {'user': 'thenecpt', 'secret': '0c55322e8e196d6ef9066fa4252cf386', 'uuid': '318q66hw9y87qo9'}
2025-05-01 04:40:30,681 - Fetched match odds for 318q66hw9y87qo9 from https://api.thesports.com/v1/football/odds/history with params: {'user': 'thenecpt', 'secret': '0c55322e8e196d6ef9066fa4252cf386', 'uuid': '318q66hw9y87qo9'}
2025-05-01 04:40:30,915 - Fetched match details for y0or5jh8x38lqwz from https://api.thesports.com/v1/football/match/recent/list with params: {'user': 'thenecpt', 'secret': '0c55322e8e196d6ef9066fa4252cf386', 'uuid': 'y0or5jh8x38lqwz'}
2025-05-01 04:40:31,296 - Fetched match odds for y0or5jh8x38lqwz from https://api.thesports.com/v1/football/odds/history with params: {'user': 'thenecpt', 'secret': '0c55322e8e196d6ef9066fa4252cf386', 'uuid': 'y0or5jh8x38lqwz'}
2025-05-01 04:40:31,531 - Fetched match details for zp5rzgh58npdq82 from https://api.thesports.com/v1/football/match/recent/list with params: {'user': 'thenecpt', 'secret': '0c55322e8e196d6ef9066fa4252cf386', 'uuid': 'zp5rzgh58npdq82'}
2025-05-01 04:40:31,870 - Fetched match odds for zp5rzgh58npdq82 from https://api.thesports.com/v1/football/odds/history with params: {'user': 'thenecpt', 'secret': '0c55322e8e196d6ef9066fa4252cf386', 'uuid': 'zp5rzgh58npdq82'}
2025-05-01 00:40:53,460 - Fetched live matches from https://api.thesports.com/v1/football/match/detail_live with params: {'user': 'thenecpt', 'secret': '0c55322e8e196d6ef9066fa4252cf386'}
2025-05-01 00:40:53,696 - Fetched match details for y39mp1h6vg6kmoj from https://api.thesports.com/v1/football/match/recent/list with params: {'user': 'thenecpt', 'secret': '0c55322e8e196d6ef9066fa4252cf386', 'uuid': 'y39mp1h6vg6kmoj'}
2025-05-01 00:40:54,832 - Fetched match odds for y39mp1h6vg6kmoj from https://api.thesports.com/v1/football/odds/history with params: {'user': 'thenecpt', 'secret': '0c55322e8e196d6ef9066fa4252cf386', 'uuid': 'y39mp1h6vg6kmoj'}
2025-05-01 00:40:55,125 - Fetched match details for 8yomo4h3wkj8q0j from https://api.thesports.com/v1/football/match/recent/list with params: {'user': 'thenecpt', 'secret': '0c55322e8e196d6ef9066fa4252cf386', 'uuid': '8yomo4h3wkj8q0j'}
2025-05-01 00:40:55,412 - Fetched match odds for 8yomo4h3wkj8q0j from https://api.thesports.com/v1/football/odds/history with params: {'user': 'thenecpt', 'secret': '0c55322e8e196d6ef9066fa4252cf386', 'uuid': '8yomo4h3wkj8q0j'}
2025-05-01 00:40:55,806 - Fetched match details for 318q66hw9y87qo9 from https://api.thesports.com/v1/football/match/recent/list with params: {'user': 'thenecpt', 'secret': '0c55322e8e196d6ef9066fa4252cf386', 'uuid': '318q66hw9y87qo9'}
2025-05-01 00:40:56,065 - Fetched match odds for 318q66hw9y87qo9 from https://api.thesports.com/v1/football/odds/history with params: {'user': 'thenecpt', 'secret': '0c55322e8e196d6ef9066fa4252cf386', 'uuid': '318q66hw9y87qo9'}
2025-05-01 00:40:56,303 - Fetched match details for y0or5jh8x38lqwz from https://api.thesports.com/v1/football/match/recent/list with params: {'user': 'thenecpt', 'secret': '0c55322e8e196d6ef9066fa4252cf386', 'uuid': 'y0or5jh8x38lqwz'}
2025-05-01 00:40:56,917 - Fetched match odds for y0or5jh8x38lqwz from https://api.thesports.com/v1/football/odds/history with params: {'user': 'thenecpt', 'secret': '0c55322e8e196d6ef9066fa4252cf386', 'uuid': 'y0or5jh8x38lqwz'}
2025-05-01 00:40:57,295 - Fetched match details for zp5rzgh58npdq82 from https://api.thesports.com/v1/football/match/recent/list with params: {'user': 'thenecpt', 'secret': '0c55322e8e196d6ef9066fa4252cf386', 'uuid': 'zp5rzgh58npdq82'}
2025-05-01 00:40:58,060 - Fetched match odds for zp5rzgh58npdq82 from https://api.thesports.com/v1/football/odds/history with params: {'user': 'thenecpt', 'secret': '0c55322e8e196d6ef9066fa4252cf386', 'uuid': 'zp5rzgh58npdq82'}
2025-05-01 04:41:02,105 - Fetched live matches from https://api.thesports.com/v1/football/match/detail_live with params: {'user': 'thenecpt', 'secret': '0c55322e8e196d6ef9066fa4252cf386'}
2025-05-01 04:41:02,361 - Fetched match details for y39mp1h6vg6kmoj from https://api.thesports.com/v1/football/match/recent/list with params: {'user': 'thenecpt', 'secret': '0c55322e8e196d6ef9066fa4252cf386', 'uuid': 'y39mp1h6vg6kmoj'}
2025-05-01 04:41:02,890 - Fetched match odds for y39mp1h6vg6kmoj from https://api.thesports.com/v1/football/odds/history with params: {'user': 'thenecpt', 'secret': '0c55322e8e196d6ef9066fa4252cf386', 'uuid': 'y39mp1h6vg6kmoj'}
2025-05-01 04:41:03,440 - Fetched match details for 8yomo4h3wkj8q0j from https://api.thesports.com/v1/football/match/recent/list with params: {'user': 'thenecpt', 'secret': '0c55322e8e196d6ef9066fa4252cf386', 'uuid': '8yomo4h3wkj8q0j'}
2025-05-01 04:41:04,295 - Fetched match odds for 8yomo4h3wkj8q0j from https://api.thesports.com/v1/football/odds/history with params: {'user': 'thenecpt', 'secret': '0c55322e8e196d6ef9066fa4252cf386', 'uuid': '8yomo4h3wkj8q0j'}
2025-05-01 04:41:04,539 - Fetched match details for 318q66hw9y87qo9 from https://api.thesports.com/v1/football/match/recent/list with params: {'user': 'thenecpt', 'secret': '0c55322e8e196d6ef9066fa4252cf386', 'uuid': '318q66hw9y87qo9'}
2025-05-01 04:41:04,792 - Fetched match odds for 318q66hw9y87qo9 from https://api.thesports.com/v1/football/odds/history with params: {'user': 'thenecpt', 'secret': '0c55322e8e196d6ef9066fa4252cf386', 'uuid': '318q66hw9y87qo9'}
2025-05-01 04:41:05,034 - Fetched match details for y0or5jh8x38lqwz from https://api.thesports.com/v1/football/match/recent/list with params: {'user': 'thenecpt', 'secret': '0c55322e8e196d6ef9066fa4252cf386', 'uuid': 'y0or5jh8x38lqwz'}
2025-05-01 04:41:05,491 - Fetched match odds for y0or5jh8x38lqwz from https://api.thesports.com/v1/football/odds/history with params: {'user': 'thenecpt', 'secret': '0c55322e8e196d6ef9066fa4252cf386', 'uuid': 'y0or5jh8x38lqwz'}
2025-05-01 04:41:05,739 - Fetched match details for zp5rzgh58npdq82 from https://api.thesports.com/v1/football/match/recent/list with params: {'user': 'thenecpt', 'secret': '0c55322e8e196d6ef9066fa4252cf386', 'uuid': 'zp5rzgh58npdq82'}
2025-05-01 04:41:06,479 - Fetched match odds for zp5rzgh58npdq82 from https://api.thesports.com/v1/football/odds/history with params: {'user': 'thenecpt', 'secret': '0c55322e8e196d6ef9066fa4252cf386', 'uuid': 'zp5rzgh58npdq82'}
2025-05-01 00:41:28,298 - Fetched live matches from https://api.thesports.com/v1/football/match/detail_live with params: {'user': 'thenecpt', 'secret': '0c55322e8e196d6ef9066fa4252cf386'}
2025-05-01 00:41:28,776 - Fetched match details for y39mp1h6vg6kmoj from https://api.thesports.com/v1/football/match/recent/list with params: {'user': 'thenecpt', 'secret': '0c55322e8e196d6ef9066fa4252cf386', 'uuid': 'y39mp1h6vg6kmoj'}
2025-05-01 00:41:29,822 - Fetched match odds for y39mp1h6vg6kmoj from https://api.thesports.com/v1/football/odds/history with params: {'user': 'thenecpt', 'secret': '0c55322e8e196d6ef9066fa4252cf386', 'uuid': 'y39mp1h6vg6kmoj'}
2025-05-01 00:41:30,056 - Fetched match details for 8yomo4h3wkj8q0j from https://api.thesports.com/v1/football/match/recent/list with params: {'user': 'thenecpt', 'secret': '0c55322e8e196d6ef9066fa4252cf386', 'uuid': '8yomo4h3wkj8q0j'}
2025-05-01 00:41:30,376 - Fetched match odds for 8yomo4h3wkj8q0j from https://api.thesports.com/v1/football/odds/history with params: {'user': 'thenecpt', 'secret': '0c55322e8e196d6ef9066fa4252cf386', 'uuid': '8yomo4h3wkj8q0j'}
2025-05-01 00:41:30,615 - Fetched match details for 318q66hw9y87qo9 from https://api.thesports.com/v1/football/match/recent/list with params: {'user': 'thenecpt', 'secret': '0c55322e8e196d6ef9066fa4252cf386', 'uuid': '318q66hw9y87qo9'}
2025-05-01 00:41:30,869 - Fetched match odds for 318q66hw9y87qo9 from https://api.thesports.com/v1/football/odds/history with params: {'user': 'thenecpt', 'secret': '0c55322e8e196d6ef9066fa4252cf386', 'uuid': '318q66hw9y87qo9'}
2025-05-01 00:41:31,120 - Fetched match details for y0or5jh8x38lqwz from https://api.thesports.com/v1/football/match/recent/list with params: {'user': 'thenecpt', 'secret': '0c55322e8e196d6ef9066fa4252cf386', 'uuid': 'y0or5jh8x38lqwz'}
2025-05-01 00:41:31,592 - Fetched match odds for y0or5jh8x38lqwz from https://api.thesports.com/v1/football/odds/history with params: {'user': 'thenecpt', 'secret': '0c55322e8e196d6ef9066fa4252cf386', 'uuid': 'y0or5jh8x38lqwz'}
2025-05-01 00:41:31,855 - Fetched match details for zp5rzgh58npdq82 from https://api.thesports.com/v1/football/match/recent/list with params: {'user': 'thenecpt', 'secret': '0c55322e8e196d6ef9066fa4252cf386', 'uuid': 'zp5rzgh58npdq82'}
2025-05-01 00:41:32,238 - Fetched match odds for zp5rzgh58npdq82 from https://api.thesports.com/v1/football/odds/history with params: {'user': 'thenecpt', 'secret': '0c55322e8e196d6ef9066fa4252cf386', 'uuid': 'zp5rzgh58npdq82'}
2025-05-01 04:41:36,726 - Fetched live matches from https://api.thesports.com/v1/football/match/detail_live with params: {'user': 'thenecpt', 'secret': '0c55322e8e196d6ef9066fa4252cf386'}
2025-05-01 04:41:36,965 - Fetched match details for y39mp1h6vg6kmoj from https://api.thesports.com/v1/football/match/recent/list with params: {'user': 'thenecpt', 'secret': '0c55322e8e196d6ef9066fa4252cf386', 'uuid': 'y39mp1h6vg6kmoj'}
2025-05-01 04:41:38,204 - Fetched match odds for y39mp1h6vg6kmoj from https://api.thesports.com/v1/football/odds/history with params: {'user': 'thenecpt', 'secret': '0c55322e8e196d6ef9066fa4252cf386', 'uuid': 'y39mp1h6vg6kmoj'}
2025-05-01 04:41:38,443 - Fetched match details for 8yomo4h3wkj8q0j from https://api.thesports.com/v1/football/match/recent/list with params: {'user': 'thenecpt', 'secret': '0c55322e8e196d6ef9066fa4252cf386', 'uuid': '8yomo4h3wkj8q0j'}
2025-05-01 04:41:38,747 - Fetched match odds for 8yomo4h3wkj8q0j from https://api.thesports.com/v1/football/odds/history with params: {'user': 'thenecpt', 'secret': '0c55322e8e196d6ef9066fa4252cf386', 'uuid': '8yomo4h3wkj8q0j'}
2025-05-01 04:41:39,051 - Fetched match details for 318q66hw9y87qo9 from https://api.thesports.com/v1/football/match/recent/list with params: {'user': 'thenecpt', 'secret': '0c55322e8e196d6ef9066fa4252cf386', 'uuid': '318q66hw9y87qo9'}
2025-05-01 04:41:39,305 - Fetched match odds for 318q66hw9y87qo9 from https://api.thesports.com/v1/football/odds/history with params: {'user': 'thenecpt', 'secret': '0c55322e8e196d6ef9066fa4252cf386', 'uuid': '318q66hw9y87qo9'}
2025-05-01 04:41:39,537 - Fetched match details for y0or5jh8x38lqwz from https://api.thesports.com/v1/football/match/recent/list with params: {'user': 'thenecpt', 'secret': '0c55322e8e196d6ef9066fa4252cf386', 'uuid': 'y0or5jh8x38lqwz'}
2025-05-01 04:41:39,997 - Fetched match odds for y0or5jh8x38lqwz from https://api.thesports.com/v1/football/odds/history with params: {'user': 'thenecpt', 'secret': '0c55322e8e196d6ef9066fa4252cf386', 'uuid': 'y0or5jh8x38lqwz'}
2025-05-01 04:41:40,233 - Fetched match details for zp5rzgh58npdq82 from https://api.thesports.com/v1/football/match/recent/list with params: {'user': 'thenecpt', 'secret': '0c55322e8e196d6ef9066fa4252cf386', 'uuid': 'zp5rzgh58npdq82'}
2025-05-01 04:41:41,007 - Fetched match odds for zp5rzgh58npdq82 from https://api.thesports.com/v1/football/odds/history with params: {'user': 'thenecpt', 'secret': '0c55322e8e196d6ef9066fa4252cf386', 'uuid': 'zp5rzgh58npdq82'}
2025-05-01 00:42:02,513 - Fetched live matches from https://api.thesports.com/v1/football/match/detail_live with params: {'user': 'thenecpt', 'secret': '0c55322e8e196d6ef9066fa4252cf386'}
2025-05-01 00:42:02,874 - Fetched match details for y39mp1h6vg6kmoj from https://api.thesports.com/v1/football/match/recent/list with params: {'user': 'thenecpt', 'secret': '0c55322e8e196d6ef9066fa4252cf386', 'uuid': 'y39mp1h6vg6kmoj'}
2025-05-01 00:42:03,750 - Fetched match odds for y39mp1h6vg6kmoj from https://api.thesports.com/v1/football/odds/history with params: {'user': 'thenecpt', 'secret': '0c55322e8e196d6ef9066fa4252cf386', 'uuid': 'y39mp1h6vg6kmoj'}
2025-05-01 00:42:03,992 - Fetched match details for 8yomo4h3wkj8q0j from https://api.thesports.com/v1/football/match/recent/list with params: {'user': 'thenecpt', 'secret': '0c55322e8e196d6ef9066fa4252cf386', 'uuid': '8yomo4h3wkj8q0j'}
2025-05-01 00:42:04,308 - Fetched match odds for 8yomo4h3wkj8q0j from https://api.thesports.com/v1/football/odds/history with params: {'user': 'thenecpt', 'secret': '0c55322e8e196d6ef9066fa4252cf386', 'uuid': '8yomo4h3wkj8q0j'}
2025-05-01 00:42:04,695 - Fetched match details for 318q66hw9y87qo9 from https://api.thesports.com/v1/football/match/recent/list with params: {'user': 'thenecpt', 'secret': '0c55322e8e196d6ef9066fa4252cf386', 'uuid': '318q66hw9y87qo9'}
2025-05-01 00:42:04,947 - Fetched match odds for 318q66hw9y87qo9 from https://api.thesports.com/v1/football/odds/history with params: {'user': 'thenecpt', 'secret': '0c55322e8e196d6ef9066fa4252cf386', 'uuid': '318q66hw9y87qo9'}
2025-05-01 00:42:05,202 - Fetched match details for y0or5jh8x38lqwz from https://api.thesports.com/v1/football/match/recent/list with params: {'user': 'thenecpt', 'secret': '0c55322e8e196d6ef9066fa4252cf386', 'uuid': 'y0or5jh8x38lqwz'}
2025-05-01 00:42:05,630 - Fetched match odds for y0or5jh8x38lqwz from https://api.thesports.com/v1/football/odds/history with params: {'user': 'thenecpt', 'secret': '0c55322e8e196d6ef9066fa4252cf386', 'uuid': 'y0or5jh8x38lqwz'}
2025-05-01 00:42:05,895 - Fetched match details for zp5rzgh58npdq82 from https://api.thesports.com/v1/football/match/recent/list with params: {'user': 'thenecpt', 'secret': '0c55322e8e196d6ef9066fa4252cf386', 'uuid': 'zp5rzgh58npdq82'}
2025-05-01 00:42:06,291 - Fetched match odds for zp5rzgh58npdq82 from https://api.thesports.com/v1/football/odds/history with params: {'user': 'thenecpt', 'secret': '0c55322e8e196d6ef9066fa4252cf386', 'uuid': 'zp5rzgh58npdq82'}
2025-05-01 04:42:11,242 - Fetched live matches from https://api.thesports.com/v1/football/match/detail_live with params: {'user': 'thenecpt', 'secret': '0c55322e8e196d6ef9066fa4252cf386'}
2025-05-01 04:42:11,512 - Fetched match details for 8yomo4h3wkj8q0j from https://api.thesports.com/v1/football/match/recent/list with params: {'user': 'thenecpt', 'secret': '0c55322e8e196d6ef9066fa4252cf386', 'uuid': '8yomo4h3wkj8q0j'}
2025-05-01 04:42:11,811 - Fetched match odds for 8yomo4h3wkj8q0j from https://api.thesports.com/v1/football/odds/history with params: {'user': 'thenecpt', 'secret': '0c55322e8e196d6ef9066fa4252cf386', 'uuid': '8yomo4h3wkj8q0j'}
2025-05-01 04:42:12,041 - Fetched match details for 318q66hw9y87qo9 from https://api.thesports.com/v1/football/match/recent/list with params: {'user': 'thenecpt', 'secret': '0c55322e8e196d6ef9066fa4252cf386', 'uuid': '318q66hw9y87qo9'}
2025-05-01 04:42:12,296 - Fetched match odds for 318q66hw9y87qo9 from https://api.thesports.com/v1/football/odds/history with params: {'user': 'thenecpt', 'secret': '0c55322e8e196d6ef9066fa4252cf386', 'uuid': '318q66hw9y87qo9'}
2025-05-01 04:42:12,558 - Fetched match details for y0or5jh8x38lqwz from https://api.thesports.com/v1/football/match/recent/list with params: {'user': 'thenecpt', 'secret': '0c55322e8e196d6ef9066fa4252cf386', 'uuid': 'y0or5jh8x38lqwz'}
2025-05-01 04:42:12,991 - Fetched match odds for y0or5jh8x38lqwz from https://api.thesports.com/v1/football/odds/history with params: {'user': 'thenecpt', 'secret': '0c55322e8e196d6ef9066fa4252cf386', 'uuid': 'y0or5jh8x38lqwz'}
2025-05-01 04:42:13,238 - Fetched match details for zp5rzgh58npdq82 from https://api.thesports.com/v1/football/match/recent/list with params: {'user': 'thenecpt', 'secret': '0c55322e8e196d6ef9066fa4252cf386', 'uuid': 'zp5rzgh58npdq82'}
2025-05-01 04:42:13,663 - Fetched match odds for zp5rzgh58npdq82 from https://api.thesports.com/v1/football/odds/history with params: {'user': 'thenecpt', 'secret': '0c55322e8e196d6ef9066fa4252cf386', 'uuid': 'zp5rzgh58npdq82'}
2025-05-01 00:42:36,527 - Fetched live matches from https://api.thesports.com/v1/football/match/detail_live with params: {'user': 'thenecpt', 'secret': '0c55322e8e196d6ef9066fa4252cf386'}
2025-05-01 00:42:36,808 - Fetched match details for 8yomo4h3wkj8q0j from https://api.thesports.com/v1/football/match/recent/list with params: {'user': 'thenecpt', 'secret': '0c55322e8e196d6ef9066fa4252cf386', 'uuid': '8yomo4h3wkj8q0j'}
2025-05-01 00:42:37,089 - Fetched match odds for 8yomo4h3wkj8q0j from https://api.thesports.com/v1/football/odds/history with params: {'user': 'thenecpt', 'secret': '0c55322e8e196d6ef9066fa4252cf386', 'uuid': '8yomo4h3wkj8q0j'}
2025-05-01 00:42:37,319 - Fetched match details for 318q66hw9y87qo9 from https://api.thesports.com/v1/football/match/recent/list with params: {'user': 'thenecpt', 'secret': '0c55322e8e196d6ef9066fa4252cf386', 'uuid': '318q66hw9y87qo9'}
2025-05-01 00:42:37,579 - Fetched match odds for 318q66hw9y87qo9 from https://api.thesports.com/v1/football/odds/history with params: {'user': 'thenecpt', 'secret': '0c55322e8e196d6ef9066fa4252cf386', 'uuid': '318q66hw9y87qo9'}
2025-05-01 00:42:37,847 - Fetched match details for y0or5jh8x38lqwz from https://api.thesports.com/v1/football/match/recent/list with params: {'user': 'thenecpt', 'secret': '0c55322e8e196d6ef9066fa4252cf386', 'uuid': 'y0or5jh8x38lqwz'}
2025-05-01 00:42:38,302 - Fetched match odds for y0or5jh8x38lqwz from https://api.thesports.com/v1/football/odds/history with params: {'user': 'thenecpt', 'secret': '0c55322e8e196d6ef9066fa4252cf386', 'uuid': 'y0or5jh8x38lqwz'}
2025-05-01 00:42:38,558 - Fetched match details for zp5rzgh58npdq82 from https://api.thesports.com/v1/football/match/recent/list with params: {'user': 'thenecpt', 'secret': '0c55322e8e196d6ef9066fa4252cf386', 'uuid': 'zp5rzgh58npdq82'}
2025-05-01 00:42:38,944 - Fetched match odds for zp5rzgh58npdq82 from https://api.thesports.com/v1/football/odds/history with params: {'user': 'thenecpt', 'secret': '0c55322e8e196d6ef9066fa4252cf386', 'uuid': 'zp5rzgh58npdq82'}
2025-05-01 04:42:43,905 - Fetched live matches from https://api.thesports.com/v1/football/match/detail_live with params: {'user': 'thenecpt', 'secret': '0c55322e8e196d6ef9066fa4252cf386'}
2025-05-01 04:42:44,138 - Fetched match details for 8yomo4h3wkj8q0j from https://api.thesports.com/v1/football/match/recent/list with params: {'user': 'thenecpt', 'secret': '0c55322e8e196d6ef9066fa4252cf386', 'uuid': '8yomo4h3wkj8q0j'}
2025-05-01 04:42:44,426 - Fetched match odds for 8yomo4h3wkj8q0j from https://api.thesports.com/v1/football/odds/history with params: {'user': 'thenecpt', 'secret': '0c55322e8e196d6ef9066fa4252cf386', 'uuid': '8yomo4h3wkj8q0j'}
2025-05-01 04:42:44,664 - Fetched match details for 318q66hw9y87qo9 from https://api.thesports.com/v1/football/match/recent/list with params: {'user': 'thenecpt', 'secret': '0c55322e8e196d6ef9066fa4252cf386', 'uuid': '318q66hw9y87qo9'}
2025-05-01 04:42:45,027 - Fetched match odds for 318q66hw9y87qo9 from https://api.thesports.com/v1/football/odds/history with params: {'user': 'thenecpt', 'secret': '0c55322e8e196d6ef9066fa4252cf386', 'uuid': '318q66hw9y87qo9'}
2025-05-01 04:42:45,389 - Fetched match details for y0or5jh8x38lqwz from https://api.thesports.com/v1/football/match/recent/list with params: {'user': 'thenecpt', 'secret': '0c55322e8e196d6ef9066fa4252cf386', 'uuid': 'y0or5jh8x38lqwz'}
2025-05-01 04:42:46,005 - Fetched match odds for y0or5jh8x38lqwz from https://api.thesports.com/v1/football/odds/history with params: {'user': 'thenecpt', 'secret': '0c55322e8e196d6ef9066fa4252cf386', 'uuid': 'y0or5jh8x38lqwz'}
2025-05-01 04:42:46,241 - Fetched match details for zp5rzgh58npdq82 from https://api.thesports.com/v1/football/match/recent/list with params: {'user': 'thenecpt', 'secret': '0c55322e8e196d6ef9066fa4252cf386', 'uuid': 'zp5rzgh58npdq82'}
2025-05-01 04:42:46,564 - Fetched match odds for zp5rzgh58npdq82 from https://api.thesports.com/v1/football/odds/history with params: {'user': 'thenecpt', 'secret': '0c55322e8e196d6ef9066fa4252cf386', 'uuid': 'zp5rzgh58npdq82'}
2025-05-01 00:43:09,208 - Fetched live matches from https://api.thesports.com/v1/football/match/detail_live with params: {'user': 'thenecpt', 'secret': '0c55322e8e196d6ef9066fa4252cf386'}
2025-05-01 00:43:09,441 - Fetched match details for 8yomo4h3wkj8q0j from https://api.thesports.com/v1/football/match/recent/list with params: {'user': 'thenecpt', 'secret': '0c55322e8e196d6ef9066fa4252cf386', 'uuid': '8yomo4h3wkj8q0j'}
2025-05-01 00:43:09,751 - Fetched match odds for 8yomo4h3wkj8q0j from https://api.thesports.com/v1/football/odds/history with params: {'user': 'thenecpt', 'secret': '0c55322e8e196d6ef9066fa4252cf386', 'uuid': '8yomo4h3wkj8q0j'}
2025-05-01 00:43:10,007 - Fetched match details for 318q66hw9y87qo9 from https://api.thesports.com/v1/football/match/recent/list with params: {'user': 'thenecpt', 'secret': '0c55322e8e196d6ef9066fa4252cf386', 'uuid': '318q66hw9y87qo9'}
2025-05-01 00:43:10,260 - Fetched match odds for 318q66hw9y87qo9 from https://api.thesports.com/v1/football/odds/history with params: {'user': 'thenecpt', 'secret': '0c55322e8e196d6ef9066fa4252cf386', 'uuid': '318q66hw9y87qo9'}
2025-05-01 00:43:10,510 - Fetched match details for 318q66hw5jv3qo9 from https://api.thesports.com/v1/football/match/recent/list with params: {'user': 'thenecpt', 'secret': '0c55322e8e196d6ef9066fa4252cf386', 'uuid': '318q66hw5jv3qo9'}
2025-05-01 00:43:10,808 - Fetched team info for x7lm7phkj6lm2wd from https://api.thesports.com/v1/football/team/additional/list with params: {'user': 'thenecpt', 'secret': '0c55322e8e196d6ef9066fa4252cf386', 'uuid': 'x7lm7phkj6lm2wd'}
2025-05-01 00:43:11,044 - Fetched team info for dn1m1ghe098moep from https://api.thesports.com/v1/football/team/additional/list with params: {'user': 'thenecpt', 'secret': '0c55322e8e196d6ef9066fa4252cf386', 'uuid': 'dn1m1ghe098moep'}
2025-05-01 00:43:11,505 - Fetched competition info for 56ypq3nhzogmd7o from https://api.thesports.com/v1/football/competition/additional/list with params: {'user': 'thenecpt', 'secret': '0c55322e8e196d6ef9066fa4252cf386', 'uuid': '56ypq3nhzogmd7o'}
2025-05-01 00:43:11,736 - Fetched match odds for 318q66hw5jv3qo9 from https://api.thesports.com/v1/football/odds/history with params: {'user': 'thenecpt', 'secret': '0c55322e8e196d6ef9066fa4252cf386', 'uuid': '318q66hw5jv3qo9'}
2025-05-01 00:43:11,981 - Fetched match details for y0or5jh8x38lqwz from https://api.thesports.com/v1/football/match/recent/list with params: {'user': 'thenecpt', 'secret': '0c55322e8e196d6ef9066fa4252cf386', 'uuid': 'y0or5jh8x38lqwz'}
2025-05-01 00:43:12,359 - Fetched match odds for y0or5jh8x38lqwz from https://api.thesports.com/v1/football/odds/history with params: {'user': 'thenecpt', 'secret': '0c55322e8e196d6ef9066fa4252cf386', 'uuid': 'y0or5jh8x38lqwz'}
2025-05-01 00:43:12,623 - Fetched match details for zp5rzgh58npdq82 from https://api.thesports.com/v1/football/match/recent/list with params: {'user': 'thenecpt', 'secret': '0c55322e8e196d6ef9066fa4252cf386', 'uuid': 'zp5rzgh58npdq82'}
2025-05-01 00:43:12,997 - Fetched match odds for zp5rzgh58npdq82 from https://api.thesports.com/v1/football/odds/history with params: {'user': 'thenecpt', 'secret': '0c55322e8e196d6ef9066fa4252cf386', 'uuid': 'zp5rzgh58npdq82'}
2025-05-01 04:43:16,807 - Fetched live matches from https://api.thesports.com/v1/football/match/detail_live with params: {'user': 'thenecpt', 'secret': '0c55322e8e196d6ef9066fa4252cf386'}
2025-05-01 04:43:17,044 - Fetched match details for 8yomo4h3wkj8q0j from https://api.thesports.com/v1/football/match/recent/list with params: {'user': 'thenecpt', 'secret': '0c55322e8e196d6ef9066fa4252cf386', 'uuid': '8yomo4h3wkj8q0j'}
2025-05-01 04:43:17,389 - Fetched match odds for 8yomo4h3wkj8q0j from https://api.thesports.com/v1/football/odds/history with params: {'user': 'thenecpt', 'secret': '0c55322e8e196d6ef9066fa4252cf386', 'uuid': '8yomo4h3wkj8q0j'}
2025-05-01 04:43:17,668 - Fetched match details for 318q66hw9y87qo9 from https://api.thesports.com/v1/football/match/recent/list with params: {'user': 'thenecpt', 'secret': '0c55322e8e196d6ef9066fa4252cf386', 'uuid': '318q66hw9y87qo9'}
2025-05-01 04:43:18,025 - Fetched match odds for 318q66hw9y87qo9 from https://api.thesports.com/v1/football/odds/history with params: {'user': 'thenecpt', 'secret': '0c55322e8e196d6ef9066fa4252cf386', 'uuid': '318q66hw9y87qo9'}
2025-05-01 04:43:18,347 - Fetched match details for 318q66hw5jv3qo9 from https://api.thesports.com/v1/football/match/recent/list with params: {'user': 'thenecpt', 'secret': '0c55322e8e196d6ef9066fa4252cf386', 'uuid': '318q66hw5jv3qo9'}
2025-05-01 04:43:18,580 - Fetched team info for x7lm7phkj6lm2wd from https://api.thesports.com/v1/football/team/additional/list with params: {'user': 'thenecpt', 'secret': '0c55322e8e196d6ef9066fa4252cf386', 'uuid': 'x7lm7phkj6lm2wd'}
2025-05-01 04:43:18,815 - Fetched team info for dn1m1ghe098moep from https://api.thesports.com/v1/football/team/additional/list with params: {'user': 'thenecpt', 'secret': '0c55322e8e196d6ef9066fa4252cf386', 'uuid': 'dn1m1ghe098moep'}
2025-05-01 04:43:19,081 - Fetched competition info for 56ypq3nhzogmd7o from https://api.thesports.com/v1/football/competition/additional/list with params: {'user': 'thenecpt', 'secret': '0c55322e8e196d6ef9066fa4252cf386', 'uuid': '56ypq3nhzogmd7o'}
2025-05-01 04:43:19,311 - Fetched match odds for 318q66hw5jv3qo9 from https://api.thesports.com/v1/football/odds/history with params: {'user': 'thenecpt', 'secret': '0c55322e8e196d6ef9066fa4252cf386', 'uuid': '318q66hw5jv3qo9'}
2025-05-01 04:43:19,539 - Fetched match details for y0or5jh8x38lqwz from https://api.thesports.com/v1/football/match/recent/list with params: {'user': 'thenecpt', 'secret': '0c55322e8e196d6ef9066fa4252cf386', 'uuid': 'y0or5jh8x38lqwz'}
2025-05-01 04:43:20,792 - Fetched match odds for y0or5jh8x38lqwz from https://api.thesports.com/v1/football/odds/history with params: {'user': 'thenecpt', 'secret': '0c55322e8e196d6ef9066fa4252cf386', 'uuid': 'y0or5jh8x38lqwz'}
2025-05-01 04:43:21,027 - Fetched match details for zp5rzgh58npdq82 from https://api.thesports.com/v1/football/match/recent/list with params: {'user': 'thenecpt', 'secret': '0c55322e8e196d6ef9066fa4252cf386', 'uuid': 'zp5rzgh58npdq82'}
2025-05-01 04:43:21,490 - Fetched match odds for zp5rzgh58npdq82 from https://api.thesports.com/v1/football/odds/history with params: {'user': 'thenecpt', 'secret': '0c55322e8e196d6ef9066fa4252cf386', 'uuid': 'zp5rzgh58npdq82'}
2025-05-01 00:43:43,263 - Fetched live matches from https://api.thesports.com/v1/football/match/detail_live with params: {'user': 'thenecpt', 'secret': '0c55322e8e196d6ef9066fa4252cf386'}
2025-05-01 00:43:43,491 - Fetched match details for 318q66hw9y87qo9 from https://api.thesports.com/v1/football/match/recent/list with params: {'user': 'thenecpt', 'secret': '0c55322e8e196d6ef9066fa4252cf386', 'uuid': '318q66hw9y87qo9'}
2025-05-01 00:43:43,745 - Fetched match odds for 318q66hw9y87qo9 from https://api.thesports.com/v1/football/odds/history with params: {'user': 'thenecpt', 'secret': '0c55322e8e196d6ef9066fa4252cf386', 'uuid': '318q66hw9y87qo9'}
2025-05-01 00:43:44,021 - Fetched match details for 318q66hw5jv3qo9 from https://api.thesports.com/v1/football/match/recent/list with params: {'user': 'thenecpt', 'secret': '0c55322e8e196d6ef9066fa4252cf386', 'uuid': '318q66hw5jv3qo9'}
2025-05-01 00:43:44,256 - Fetched match odds for 318q66hw5jv3qo9 from https://api.thesports.com/v1/football/odds/history with params: {'user': 'thenecpt', 'secret': '0c55322e8e196d6ef9066fa4252cf386', 'uuid': '318q66hw5jv3qo9'}
2025-05-01 00:43:44,509 - Fetched match details for y0or5jh8x38lqwz from https://api.thesports.com/v1/football/match/recent/list with params: {'user': 'thenecpt', 'secret': '0c55322e8e196d6ef9066fa4252cf386', 'uuid': 'y0or5jh8x38lqwz'}
2025-05-01 00:43:45,117 - Fetched match odds for y0or5jh8x38lqwz from https://api.thesports.com/v1/football/odds/history with params: {'user': 'thenecpt', 'secret': '0c55322e8e196d6ef9066fa4252cf386', 'uuid': 'y0or5jh8x38lqwz'}
2025-05-01 00:43:45,382 - Fetched match details for zp5rzgh58npdq82 from https://api.thesports.com/v1/football/match/recent/list with params: {'user': 'thenecpt', 'secret': '0c55322e8e196d6ef9066fa4252cf386', 'uuid': 'zp5rzgh58npdq82'}
2025-05-01 00:43:45,727 - Fetched match odds for zp5rzgh58npdq82 from https://api.thesports.com/v1/football/odds/history with params: {'user': 'thenecpt', 'secret': '0c55322e8e196d6ef9066fa4252cf386', 'uuid': 'zp5rzgh58npdq82'}
2025-05-01 04:43:51,726 - Fetched live matches from https://api.thesports.com/v1/football/match/detail_live with params: {'user': 'thenecpt', 'secret': '0c55322e8e196d6ef9066fa4252cf386'}
2025-05-01 04:43:51,953 - Fetched match details for 318q66hw9y87qo9 from https://api.thesports.com/v1/football/match/recent/list with params: {'user': 'thenecpt', 'secret': '0c55322e8e196d6ef9066fa4252cf386', 'uuid': '318q66hw9y87qo9'}
2025-05-01 04:43:52,452 - Fetched match odds for 318q66hw9y87qo9 from https://api.thesports.com/v1/football/odds/history with params: {'user': 'thenecpt', 'secret': '0c55322e8e196d6ef9066fa4252cf386', 'uuid': '318q66hw9y87qo9'}
2025-05-01 04:43:52,685 - Fetched match details for 318q66hw5jv3qo9 from https://api.thesports.com/v1/football/match/recent/list with params: {'user': 'thenecpt', 'secret': '0c55322e8e196d6ef9066fa4252cf386', 'uuid': '318q66hw5jv3qo9'}
2025-05-01 04:43:52,911 - Fetched match odds for 318q66hw5jv3qo9 from https://api.thesports.com/v1/football/odds/history with params: {'user': 'thenecpt', 'secret': '0c55322e8e196d6ef9066fa4252cf386', 'uuid': '318q66hw5jv3qo9'}
2025-05-01 04:43:53,177 - Fetched match details for y0or5jh8x38lqwz from https://api.thesports.com/v1/football/match/recent/list with params: {'user': 'thenecpt', 'secret': '0c55322e8e196d6ef9066fa4252cf386', 'uuid': 'y0or5jh8x38lqwz'}
2025-05-01 04:43:53,898 - Fetched match odds for y0or5jh8x38lqwz from https://api.thesports.com/v1/football/odds/history with params: {'user': 'thenecpt', 'secret': '0c55322e8e196d6ef9066fa4252cf386', 'uuid': 'y0or5jh8x38lqwz'}
2025-05-01 04:43:54,151 - Fetched match details for zp5rzgh58npdq82 from https://api.thesports.com/v1/football/match/recent/list with params: {'user': 'thenecpt', 'secret': '0c55322e8e196d6ef9066fa4252cf386', 'uuid': 'zp5rzgh58npdq82'}
2025-05-01 04:43:54,490 - Fetched match odds for zp5rzgh58npdq82 from https://api.thesports.com/v1/football/odds/history with params: {'user': 'thenecpt', 'secret': '0c55322e8e196d6ef9066fa4252cf386', 'uuid': 'zp5rzgh58npdq82'}
2025-05-01 00:44:15,963 - Fetched live matches from https://api.thesports.com/v1/football/match/detail_live with params: {'user': 'thenecpt', 'secret': '0c55322e8e196d6ef9066fa4252cf386'}
2025-05-01 00:44:16,214 - Fetched match details for 318q66hw9y87qo9 from https://api.thesports.com/v1/football/match/recent/list with params: {'user': 'thenecpt', 'secret': '0c55322e8e196d6ef9066fa4252cf386', 'uuid': '318q66hw9y87qo9'}
2025-05-01 00:44:16,463 - Fetched match odds for 318q66hw9y87qo9 from https://api.thesports.com/v1/football/odds/history with params: {'user': 'thenecpt', 'secret': '0c55322e8e196d6ef9066fa4252cf386', 'uuid': '318q66hw9y87qo9'}
2025-05-01 00:44:16,881 - Fetched match details for 318q66hw5jv3qo9 from https://api.thesports.com/v1/football/match/recent/list with params: {'user': 'thenecpt', 'secret': '0c55322e8e196d6ef9066fa4252cf386', 'uuid': '318q66hw5jv3qo9'}
2025-05-01 00:44:17,119 - Fetched match odds for 318q66hw5jv3qo9 from https://api.thesports.com/v1/football/odds/history with params: {'user': 'thenecpt', 'secret': '0c55322e8e196d6ef9066fa4252cf386', 'uuid': '318q66hw5jv3qo9'}
2025-05-01 00:44:17,347 - Fetched match details for y0or5jh8x38lqwz from https://api.thesports.com/v1/football/match/recent/list with params: {'user': 'thenecpt', 'secret': '0c55322e8e196d6ef9066fa4252cf386', 'uuid': 'y0or5jh8x38lqwz'}
2025-05-01 00:44:17,748 - Fetched match odds for y0or5jh8x38lqwz from https://api.thesports.com/v1/football/odds/history with params: {'user': 'thenecpt', 'secret': '0c55322e8e196d6ef9066fa4252cf386', 'uuid': 'y0or5jh8x38lqwz'}
2025-05-01 00:44:17,982 - Fetched match details for zp5rzgh58npdq82 from https://api.thesports.com/v1/football/match/recent/list with params: {'user': 'thenecpt', 'secret': '0c55322e8e196d6ef9066fa4252cf386', 'uuid': 'zp5rzgh58npdq82'}
2025-05-01 00:44:18,519 - Fetched match odds for zp5rzgh58npdq82 from https://api.thesports.com/v1/football/odds/history with params: {'user': 'thenecpt', 'secret': '0c55322e8e196d6ef9066fa4252cf386', 'uuid': 'zp5rzgh58npdq82'}
2025-05-01 04:44:24,755 - Fetched live matches from https://api.thesports.com/v1/football/match/detail_live with params: {'user': 'thenecpt', 'secret': '0c55322e8e196d6ef9066fa4252cf386'}
2025-05-01 04:44:24,982 - Fetched match details for 318q66hw9y87qo9 from https://api.thesports.com/v1/football/match/recent/list with params: {'user': 'thenecpt', 'secret': '0c55322e8e196d6ef9066fa4252cf386', 'uuid': '318q66hw9y87qo9'}
2025-05-01 04:44:25,352 - Fetched match odds for 318q66hw9y87qo9 from https://api.thesports.com/v1/football/odds/history with params: {'user': 'thenecpt', 'secret': '0c55322e8e196d6ef9066fa4252cf386', 'uuid': '318q66hw9y87qo9'}
2025-05-01 04:44:25,603 - Fetched match details for 318q66hw5jv3qo9 from https://api.thesports.com/v1/football/match/recent/list with params: {'user': 'thenecpt', 'secret': '0c55322e8e196d6ef9066fa4252cf386', 'uuid': '318q66hw5jv3qo9'}
2025-05-01 04:44:25,835 - Fetched match odds for 318q66hw5jv3qo9 from https://api.thesports.com/v1/football/odds/history with params: {'user': 'thenecpt', 'secret': '0c55322e8e196d6ef9066fa4252cf386', 'uuid': '318q66hw5jv3qo9'}
2025-05-01 04:44:26,086 - Fetched match details for zp5rzgh58npdq82 from https://api.thesports.com/v1/football/match/recent/list with params: {'user': 'thenecpt', 'secret': '0c55322e8e196d6ef9066fa4252cf386', 'uuid': 'zp5rzgh58npdq82'}
2025-05-01 04:44:26,440 - Fetched match odds for zp5rzgh58npdq82 from https://api.thesports.com/v1/football/odds/history with params: {'user': 'thenecpt', 'secret': '0c55322e8e196d6ef9066fa4252cf386', 'uuid': 'zp5rzgh58npdq82'}
2025-05-01 00:44:48,754 - Fetched live matches from https://api.thesports.com/v1/football/match/detail_live with params: {'user': 'thenecpt', 'secret': '0c55322e8e196d6ef9066fa4252cf386'}
2025-05-01 00:44:48,984 - Fetched match details for 318q66hw9y87qo9 from https://api.thesports.com/v1/football/match/recent/list with params: {'user': 'thenecpt', 'secret': '0c55322e8e196d6ef9066fa4252cf386', 'uuid': '318q66hw9y87qo9'}
2025-05-01 00:44:49,229 - Fetched match odds for 318q66hw9y87qo9 from https://api.thesports.com/v1/football/odds/history with params: {'user': 'thenecpt', 'secret': '0c55322e8e196d6ef9066fa4252cf386', 'uuid': '318q66hw9y87qo9'}
2025-05-01 00:44:49,458 - Fetched match details for 318q66hw5jv3qo9 from https://api.thesports.com/v1/football/match/recent/list with params: {'user': 'thenecpt', 'secret': '0c55322e8e196d6ef9066fa4252cf386', 'uuid': '318q66hw5jv3qo9'}
2025-05-01 00:44:49,688 - Fetched match odds for 318q66hw5jv3qo9 from https://api.thesports.com/v1/football/odds/history with params: {'user': 'thenecpt', 'secret': '0c55322e8e196d6ef9066fa4252cf386', 'uuid': '318q66hw5jv3qo9'}
2025-05-01 00:44:49,926 - Fetched match details for zp5rzgh58npdq82 from https://api.thesports.com/v1/football/match/recent/list with params: {'user': 'thenecpt', 'secret': '0c55322e8e196d6ef9066fa4252cf386', 'uuid': 'zp5rzgh58npdq82'}
2025-05-01 00:44:50,290 - Fetched match odds for zp5rzgh58npdq82 from https://api.thesports.com/v1/football/odds/history with params: {'user': 'thenecpt', 'secret': '0c55322e8e196d6ef9066fa4252cf386', 'uuid': 'zp5rzgh58npdq82'}
2025-05-01 04:44:56,681 - Fetched live matches from https://api.thesports.com/v1/football/match/detail_live with params: {'user': 'thenecpt', 'secret': '0c55322e8e196d6ef9066fa4252cf386'}
2025-05-01 04:44:56,919 - Fetched match details for 318q66hw9y87qo9 from https://api.thesports.com/v1/football/match/recent/list with params: {'user': 'thenecpt', 'secret': '0c55322e8e196d6ef9066fa4252cf386', 'uuid': '318q66hw9y87qo9'}
2025-05-01 04:44:57,193 - Fetched match odds for 318q66hw9y87qo9 from https://api.thesports.com/v1/football/odds/history with params: {'user': 'thenecpt', 'secret': '0c55322e8e196d6ef9066fa4252cf386', 'uuid': '318q66hw9y87qo9'}
2025-05-01 04:44:57,423 - Fetched match details for 318q66hw5jv3qo9 from https://api.thesports.com/v1/football/match/recent/list with params: {'user': 'thenecpt', 'secret': '0c55322e8e196d6ef9066fa4252cf386', 'uuid': '318q66hw5jv3qo9'}
2025-05-01 04:44:57,650 - Fetched match odds for 318q66hw5jv3qo9 from https://api.thesports.com/v1/football/odds/history with params: {'user': 'thenecpt', 'secret': '0c55322e8e196d6ef9066fa4252cf386', 'uuid': '318q66hw5jv3qo9'}
2025-05-01 04:44:57,879 - Fetched match details for zp5rzgh58npdq82 from https://api.thesports.com/v1/football/match/recent/list with params: {'user': 'thenecpt', 'secret': '0c55322e8e196d6ef9066fa4252cf386', 'uuid': 'zp5rzgh58npdq82'}
2025-05-01 04:44:58,553 - Fetched match odds for zp5rzgh58npdq82 from https://api.thesports.com/v1/football/odds/history with params: {'user': 'thenecpt', 'secret': '0c55322e8e196d6ef9066fa4252cf386', 'uuid': 'zp5rzgh58npdq82'}
2025-05-01 00:45:20,526 - Fetched live matches from https://api.thesports.com/v1/football/match/detail_live with params: {'user': 'thenecpt', 'secret': '0c55322e8e196d6ef9066fa4252cf386'}
2025-05-01 00:45:20,756 - Fetched match details for 318q66hw9y87qo9 from https://api.thesports.com/v1/football/match/recent/list with params: {'user': 'thenecpt', 'secret': '0c55322e8e196d6ef9066fa4252cf386', 'uuid': '318q66hw9y87qo9'}
2025-05-01 00:45:21,018 - Fetched match odds for 318q66hw9y87qo9 from https://api.thesports.com/v1/football/odds/history with params: {'user': 'thenecpt', 'secret': '0c55322e8e196d6ef9066fa4252cf386', 'uuid': '318q66hw9y87qo9'}
2025-05-01 00:45:21,247 - Fetched match details for 318q66hw5jv3qo9 from https://api.thesports.com/v1/football/match/recent/list with params: {'user': 'thenecpt', 'secret': '0c55322e8e196d6ef9066fa4252cf386', 'uuid': '318q66hw5jv3qo9'}
2025-05-01 00:45:21,477 - Fetched match odds for 318q66hw5jv3qo9 from https://api.thesports.com/v1/football/odds/history with params: {'user': 'thenecpt', 'secret': '0c55322e8e196d6ef9066fa4252cf386', 'uuid': '318q66hw5jv3qo9'}
2025-05-01 00:45:21,712 - Fetched match details for zp5rzgh58npdq82 from https://api.thesports.com/v1/football/match/recent/list with params: {'user': 'thenecpt', 'secret': '0c55322e8e196d6ef9066fa4252cf386', 'uuid': 'zp5rzgh58npdq82'}
2025-05-01 00:45:22,091 - Fetched match odds for zp5rzgh58npdq82 from https://api.thesports.com/v1/football/odds/history with params: {'user': 'thenecpt', 'secret': '0c55322e8e196d6ef9066fa4252cf386', 'uuid': 'zp5rzgh58npdq82'}
2025-05-01 04:45:28,789 - Fetched live matches from https://api.thesports.com/v1/football/match/detail_live with params: {'user': 'thenecpt', 'secret': '0c55322e8e196d6ef9066fa4252cf386'}
2025-05-01 04:45:29,032 - Fetched match details for 318q66hw9y87qo9 from https://api.thesports.com/v1/football/match/recent/list with params: {'user': 'thenecpt', 'secret': '0c55322e8e196d6ef9066fa4252cf386', 'uuid': '318q66hw9y87qo9'}
2025-05-01 04:45:29,275 - Fetched match odds for 318q66hw9y87qo9 from https://api.thesports.com/v1/football/odds/history with params: {'user': 'thenecpt', 'secret': '0c55322e8e196d6ef9066fa4252cf386', 'uuid': '318q66hw9y87qo9'}
2025-05-01 04:45:29,577 - Fetched match details for 318q66hw5jv3qo9 from https://api.thesports.com/v1/football/match/recent/list with params: {'user': 'thenecpt', 'secret': '0c55322e8e196d6ef9066fa4252cf386', 'uuid': '318q66hw5jv3qo9'}
2025-05-01 04:45:29,808 - Fetched match odds for 318q66hw5jv3qo9 from https://api.thesports.com/v1/football/odds/history with params: {'user': 'thenecpt', 'secret': '0c55322e8e196d6ef9066fa4252cf386', 'uuid': '318q66hw5jv3qo9'}
2025-05-01 04:45:30,040 - Fetched match details for zp5rzgh58npdq82 from https://api.thesports.com/v1/football/match/recent/list with params: {'user': 'thenecpt', 'secret': '0c55322e8e196d6ef9066fa4252cf386', 'uuid': 'zp5rzgh58npdq82'}
2025-05-01 04:45:30,368 - Fetched match odds for zp5rzgh58npdq82 from https://api.thesports.com/v1/football/odds/history with params: {'user': 'thenecpt', 'secret': '0c55322e8e196d6ef9066fa4252cf386', 'uuid': 'zp5rzgh58npdq82'}
2025-05-01 00:45:52,335 - Fetched live matches from https://api.thesports.com/v1/football/match/detail_live with params: {'user': 'thenecpt', 'secret': '0c55322e8e196d6ef9066fa4252cf386'}
2025-05-01 00:45:52,572 - Fetched match details for 318q66hw9y87qo9 from https://api.thesports.com/v1/football/match/recent/list with params: {'user': 'thenecpt', 'secret': '0c55322e8e196d6ef9066fa4252cf386', 'uuid': '318q66hw9y87qo9'}
2025-05-01 00:45:52,819 - Fetched match odds for 318q66hw9y87qo9 from https://api.thesports.com/v1/football/odds/history with params: {'user': 'thenecpt', 'secret': '0c55322e8e196d6ef9066fa4252cf386', 'uuid': '318q66hw9y87qo9'}
2025-05-01 00:45:53,052 - Fetched match details for 318q66hw5jv3qo9 from https://api.thesports.com/v1/football/match/recent/list with params: {'user': 'thenecpt', 'secret': '0c55322e8e196d6ef9066fa4252cf386', 'uuid': '318q66hw5jv3qo9'}
2025-05-01 00:45:53,286 - Fetched match odds for 318q66hw5jv3qo9 from https://api.thesports.com/v1/football/odds/history with params: {'user': 'thenecpt', 'secret': '0c55322e8e196d6ef9066fa4252cf386', 'uuid': '318q66hw5jv3qo9'}
2025-05-01 00:45:53,520 - Fetched match details for zp5rzgh58npdq82 from https://api.thesports.com/v1/football/match/recent/list with params: {'user': 'thenecpt', 'secret': '0c55322e8e196d6ef9066fa4252cf386', 'uuid': 'zp5rzgh58npdq82'}
2025-05-01 00:45:53,878 - Fetched match odds for zp5rzgh58npdq82 from https://api.thesports.com/v1/football/odds/history with params: {'user': 'thenecpt', 'secret': '0c55322e8e196d6ef9066fa4252cf386', 'uuid': 'zp5rzgh58npdq82'}
2025-05-01 04:46:00,609 - Fetched live matches from https://api.thesports.com/v1/football/match/detail_live with params: {'user': 'thenecpt', 'secret': '0c55322e8e196d6ef9066fa4252cf386'}
2025-05-01 04:46:00,991 - Fetched match details for 318q66hw9y87qo9 from https://api.thesports.com/v1/football/match/recent/list with params: {'user': 'thenecpt', 'secret': '0c55322e8e196d6ef9066fa4252cf386', 'uuid': '318q66hw9y87qo9'}
2025-05-01 04:46:01,281 - Fetched match odds for 318q66hw9y87qo9 from https://api.thesports.com/v1/football/odds/history with params: {'user': 'thenecpt', 'secret': '0c55322e8e196d6ef9066fa4252cf386', 'uuid': '318q66hw9y87qo9'}
2025-05-01 04:46:01,755 - Fetched match details for 318q66hw5jv3qo9 from https://api.thesports.com/v1/football/match/recent/list with params: {'user': 'thenecpt', 'secret': '0c55322e8e196d6ef9066fa4252cf386', 'uuid': '318q66hw5jv3qo9'}
2025-05-01 04:46:02,021 - Fetched match odds for 318q66hw5jv3qo9 from https://api.thesports.com/v1/football/odds/history with params: {'user': 'thenecpt', 'secret': '0c55322e8e196d6ef9066fa4252cf386', 'uuid': '318q66hw5jv3qo9'}
2025-05-01 04:46:02,254 - Fetched match details for zp5rzgh58npdq82 from https://api.thesports.com/v1/football/match/recent/list with params: {'user': 'thenecpt', 'secret': '0c55322e8e196d6ef9066fa4252cf386', 'uuid': 'zp5rzgh58npdq82'}
2025-05-01 04:46:02,619 - Fetched match odds for zp5rzgh58npdq82 from https://api.thesports.com/v1/football/odds/history with params: {'user': 'thenecpt', 'secret': '0c55322e8e196d6ef9066fa4252cf386', 'uuid': 'zp5rzgh58npdq82'}
2025-05-01 00:46:24,112 - Fetched live matches from https://api.thesports.com/v1/football/match/detail_live with params: {'user': 'thenecpt', 'secret': '0c55322e8e196d6ef9066fa4252cf386'}
2025-05-01 00:46:24,341 - Fetched match details for 318q66hw9y87qo9 from https://api.thesports.com/v1/football/match/recent/list with params: {'user': 'thenecpt', 'secret': '0c55322e8e196d6ef9066fa4252cf386', 'uuid': '318q66hw9y87qo9'}
2025-05-01 00:46:24,595 - Fetched match odds for 318q66hw9y87qo9 from https://api.thesports.com/v1/football/odds/history with params: {'user': 'thenecpt', 'secret': '0c55322e8e196d6ef9066fa4252cf386', 'uuid': '318q66hw9y87qo9'}
2025-05-01 00:46:24,834 - Fetched match details for 318q66hw5jv3qo9 from https://api.thesports.com/v1/football/match/recent/list with params: {'user': 'thenecpt', 'secret': '0c55322e8e196d6ef9066fa4252cf386', 'uuid': '318q66hw5jv3qo9'}
2025-05-01 00:46:25,065 - Fetched match odds for 318q66hw5jv3qo9 from https://api.thesports.com/v1/football/odds/history with params: {'user': 'thenecpt', 'secret': '0c55322e8e196d6ef9066fa4252cf386', 'uuid': '318q66hw5jv3qo9'}
2025-05-01 00:46:25,294 - Fetched match details for zp5rzgh58npdq82 from https://api.thesports.com/v1/football/match/recent/list with params: {'user': 'thenecpt', 'secret': '0c55322e8e196d6ef9066fa4252cf386', 'uuid': 'zp5rzgh58npdq82'}
2025-05-01 00:46:25,643 - Fetched match odds for zp5rzgh58npdq82 from https://api.thesports.com/v1/football/odds/history with params: {'user': 'thenecpt', 'secret': '0c55322e8e196d6ef9066fa4252cf386', 'uuid': 'zp5rzgh58npdq82'}
2025-05-01 04:46:32,854 - Fetched live matches from https://api.thesports.com/v1/football/match/detail_live with params: {'user': 'thenecpt', 'secret': '0c55322e8e196d6ef9066fa4252cf386'}
2025-05-01 04:46:33,092 - Fetched match details for 318q66hw5jv3qo9 from https://api.thesports.com/v1/football/match/recent/list with params: {'user': 'thenecpt', 'secret': '0c55322e8e196d6ef9066fa4252cf386', 'uuid': '318q66hw5jv3qo9'}
2025-05-01 04:46:33,319 - Fetched match odds for 318q66hw5jv3qo9 from https://api.thesports.com/v1/football/odds/history with params: {'user': 'thenecpt', 'secret': '0c55322e8e196d6ef9066fa4252cf386', 'uuid': '318q66hw5jv3qo9'}
2025-05-01 04:46:33,827 - Fetched match details for zp5rzgh58npdq82 from https://api.thesports.com/v1/football/match/recent/list with params: {'user': 'thenecpt', 'secret': '0c55322e8e196d6ef9066fa4252cf386', 'uuid': 'zp5rzgh58npdq82'}
2025-05-01 04:46:34,390 - Fetched match odds for zp5rzgh58npdq82 from https://api.thesports.com/v1/football/odds/history with params: {'user': 'thenecpt', 'secret': '0c55322e8e196d6ef9066fa4252cf386', 'uuid': 'zp5rzgh58npdq82'}
2025-05-01 00:46:55,881 - Fetched live matches from https://api.thesports.com/v1/football/match/detail_live with params: {'user': 'thenecpt', 'secret': '0c55322e8e196d6ef9066fa4252cf386'}
2025-05-01 00:46:56,109 - Fetched match details for 318q66hw5jv3qo9 from https://api.thesports.com/v1/football/match/recent/list with params: {'user': 'thenecpt', 'secret': '0c55322e8e196d6ef9066fa4252cf386', 'uuid': '318q66hw5jv3qo9'}
2025-05-01 00:46:56,344 - Fetched match odds for 318q66hw5jv3qo9 from https://api.thesports.com/v1/football/odds/history with params: {'user': 'thenecpt', 'secret': '0c55322e8e196d6ef9066fa4252cf386', 'uuid': '318q66hw5jv3qo9'}
2025-05-01 00:46:56,574 - Fetched match details for zp5rzgh58npdq82 from https://api.thesports.com/v1/football/match/recent/list with params: {'user': 'thenecpt', 'secret': '0c55322e8e196d6ef9066fa4252cf386', 'uuid': 'zp5rzgh58npdq82'}
2025-05-01 00:46:56,915 - Fetched match odds for zp5rzgh58npdq82 from https://api.thesports.com/v1/football/odds/history with params: {'user': 'thenecpt', 'secret': '0c55322e8e196d6ef9066fa4252cf386', 'uuid': 'zp5rzgh58npdq82'}
2025-05-01 04:47:04,623 - Fetched live matches from https://api.thesports.com/v1/football/match/detail_live with params: {'user': 'thenecpt', 'secret': '0c55322e8e196d6ef9066fa4252cf386'}
2025-05-01 04:47:04,853 - Fetched match details for 318q66hw5jv3qo9 from https://api.thesports.com/v1/football/match/recent/list with params: {'user': 'thenecpt', 'secret': '0c55322e8e196d6ef9066fa4252cf386', 'uuid': '318q66hw5jv3qo9'}
2025-05-01 04:47:05,083 - Fetched match odds for 318q66hw5jv3qo9 from https://api.thesports.com/v1/football/odds/history with params: {'user': 'thenecpt', 'secret': '0c55322e8e196d6ef9066fa4252cf386', 'uuid': '318q66hw5jv3qo9'}
2025-05-01 04:47:05,345 - Fetched match details for zp5rzgh58npdq82 from https://api.thesports.com/v1/football/match/recent/list with params: {'user': 'thenecpt', 'secret': '0c55322e8e196d6ef9066fa4252cf386', 'uuid': 'zp5rzgh58npdq82'}
2025-05-01 04:47:05,768 - Fetched match odds for zp5rzgh58npdq82 from https://api.thesports.com/v1/football/odds/history with params: {'user': 'thenecpt', 'secret': '0c55322e8e196d6ef9066fa4252cf386', 'uuid': 'zp5rzgh58npdq82'}
2025-05-01 00:47:27,152 - Fetched live matches from https://api.thesports.com/v1/football/match/detail_live with params: {'user': 'thenecpt', 'secret': '0c55322e8e196d6ef9066fa4252cf386'}
2025-05-01 00:47:27,571 - Fetched match details for 318q66hw5jv3qo9 from https://api.thesports.com/v1/football/match/recent/list with params: {'user': 'thenecpt', 'secret': '0c55322e8e196d6ef9066fa4252cf386', 'uuid': '318q66hw5jv3qo9'}
2025-05-01 00:47:27,801 - Fetched match odds for 318q66hw5jv3qo9 from https://api.thesports.com/v1/football/odds/history with params: {'user': 'thenecpt', 'secret': '0c55322e8e196d6ef9066fa4252cf386', 'uuid': '318q66hw5jv3qo9'}
2025-05-01 00:47:28,033 - Fetched match details for zp5rzgh58npdq82 from https://api.thesports.com/v1/football/match/recent/list with params: {'user': 'thenecpt', 'secret': '0c55322e8e196d6ef9066fa4252cf386', 'uuid': 'zp5rzgh58npdq82'}
2025-05-01 00:47:28,386 - Fetched match odds for zp5rzgh58npdq82 from https://api.thesports.com/v1/football/odds/history with params: {'user': 'thenecpt', 'secret': '0c55322e8e196d6ef9066fa4252cf386', 'uuid': 'zp5rzgh58npdq82'}
2025-05-01 04:47:36,002 - Fetched live matches from https://api.thesports.com/v1/football/match/detail_live with params: {'user': 'thenecpt', 'secret': '0c55322e8e196d6ef9066fa4252cf386'}
2025-05-01 04:47:36,231 - Fetched match details for 318q66hw5jv3qo9 from https://api.thesports.com/v1/football/match/recent/list with params: {'user': 'thenecpt', 'secret': '0c55322e8e196d6ef9066fa4252cf386', 'uuid': '318q66hw5jv3qo9'}
2025-05-01 04:47:36,559 - Fetched match odds for 318q66hw5jv3qo9 from https://api.thesports.com/v1/football/odds/history with params: {'user': 'thenecpt', 'secret': '0c55322e8e196d6ef9066fa4252cf386', 'uuid': '318q66hw5jv3qo9'}
2025-05-01 04:47:36,816 - Fetched match details for zp5rzgh58npdq82 from https://api.thesports.com/v1/football/match/recent/list with params: {'user': 'thenecpt', 'secret': '0c55322e8e196d6ef9066fa4252cf386', 'uuid': 'zp5rzgh58npdq82'}
2025-05-01 04:47:37,660 - Fetched match odds for zp5rzgh58npdq82 from https://api.thesports.com/v1/football/odds/history with params: {'user': 'thenecpt', 'secret': '0c55322e8e196d6ef9066fa4252cf386', 'uuid': 'zp5rzgh58npdq82'}
2025-05-01 00:47:52,355 - Fetched country data from https://api.thesports.com/v1/football/country/list with params: {'user': 'thenecpt', 'secret': '0c55322e8e196d6ef9066fa4252cf386'}
2025-05-01 00:47:52,588 - Fetched live matches from https://api.thesports.com/v1/football/match/detail_live with params: {'user': 'thenecpt', 'secret': '0c55322e8e196d6ef9066fa4252cf386'}
2025-05-01 00:47:52,818 - Fetched match details for 318q66hw5jv3qo9 from https://api.thesports.com/v1/football/match/recent/list with params: {'user': 'thenecpt', 'secret': '0c55322e8e196d6ef9066fa4252cf386', 'uuid': '318q66hw5jv3qo9'}
2025-05-01 00:47:53,047 - Fetched team info for x7lm7phkj6lm2wd from https://api.thesports.com/v1/football/team/additional/list with params: {'user': 'thenecpt', 'secret': '0c55322e8e196d6ef9066fa4252cf386', 'uuid': 'x7lm7phkj6lm2wd'}
2025-05-01 00:47:53,278 - Fetched team info for dn1m1ghe098moep from https://api.thesports.com/v1/football/team/additional/list with params: {'user': 'thenecpt', 'secret': '0c55322e8e196d6ef9066fa4252cf386', 'uuid': 'dn1m1ghe098moep'}
2025-05-01 00:47:53,511 - Fetched competition info for 56ypq3nhzogmd7o from https://api.thesports.com/v1/football/competition/additional/list with params: {'user': 'thenecpt', 'secret': '0c55322e8e196d6ef9066fa4252cf386', 'uuid': '56ypq3nhzogmd7o'}
2025-05-01 00:47:53,743 - Fetched match odds for 318q66hw5jv3qo9 from https://api.thesports.com/v1/football/odds/history with params: {'user': 'thenecpt', 'secret': '0c55322e8e196d6ef9066fa4252cf386', 'uuid': '318q66hw5jv3qo9'}
2025-05-01 00:47:53,980 - Fetched match details for zp5rzgh58npdq82 from https://api.thesports.com/v1/football/match/recent/list with params: {'user': 'thenecpt', 'secret': '0c55322e8e196d6ef9066fa4252cf386', 'uuid': 'zp5rzgh58npdq82'}
2025-05-01 00:47:54,274 - Fetched team info for dj2ryohk633q1zp from https://api.thesports.com/v1/football/team/additional/list with params: {'user': 'thenecpt', 'secret': '0c55322e8e196d6ef9066fa4252cf386', 'uuid': 'dj2ryohk633q1zp'}
2025-05-01 00:47:54,506 - Fetched team info for vjxm8gh8vk7r6od from https://api.thesports.com/v1/football/team/additional/list with params: {'user': 'thenecpt', 'secret': '0c55322e8e196d6ef9066fa4252cf386', 'uuid': 'vjxm8gh8vk7r6od'}
2025-05-01 00:47:54,733 - Fetched competition info for v2y8m4zhgxoql07 from https://api.thesports.com/v1/football/competition/additional/list with params: {'user': 'thenecpt', 'secret': '0c55322e8e196d6ef9066fa4252cf386', 'uuid': 'v2y8m4zhgxoql07'}
2025-05-01 00:47:55,595 - Fetched match odds for zp5rzgh58npdq82 from https://api.thesports.com/v1/football/odds/history with params: {'user': 'thenecpt', 'secret': '0c55322e8e196d6ef9066fa4252cf386', 'uuid': 'zp5rzgh58npdq82'}
2025-05-01 04:48:07,924 - Fetched live matches from https://api.thesports.com/v1/football/match/detail_live with params: {'user': 'thenecpt', 'secret': '0c55322e8e196d6ef9066fa4252cf386'}
2025-05-01 04:48:08,217 - Fetched match details for 318q66hw5jv3qo9 from https://api.thesports.com/v1/football/match/recent/list with params: {'user': 'thenecpt', 'secret': '0c55322e8e196d6ef9066fa4252cf386', 'uuid': '318q66hw5jv3qo9'}
2025-05-01 04:48:08,459 - Fetched match odds for 318q66hw5jv3qo9 from https://api.thesports.com/v1/football/odds/history with params: {'user': 'thenecpt', 'secret': '0c55322e8e196d6ef9066fa4252cf386', 'uuid': '318q66hw5jv3qo9'}
2025-05-01 04:48:08,700 - Fetched match details for zp5rzgh58npdq82 from https://api.thesports.com/v1/football/match/recent/list with params: {'user': 'thenecpt', 'secret': '0c55322e8e196d6ef9066fa4252cf386', 'uuid': 'zp5rzgh58npdq82'}
2025-05-01 04:48:09,087 - Fetched match odds for zp5rzgh58npdq82 from https://api.thesports.com/v1/football/odds/history with params: {'user': 'thenecpt', 'secret': '0c55322e8e196d6ef9066fa4252cf386', 'uuid': 'zp5rzgh58npdq82'}
2025-05-01 00:48:25,831 - Fetched live matches from https://api.thesports.com/v1/football/match/detail_live with params: {'user': 'thenecpt', 'secret': '0c55322e8e196d6ef9066fa4252cf386'}
2025-05-01 00:48:26,060 - Fetched match details for 318q66hw5jv3qo9 from https://api.thesports.com/v1/football/match/recent/list with params: {'user': 'thenecpt', 'secret': '0c55322e8e196d6ef9066fa4252cf386', 'uuid': '318q66hw5jv3qo9'}
2025-05-01 00:48:26,295 - Fetched match odds for 318q66hw5jv3qo9 from https://api.thesports.com/v1/football/odds/history with params: {'user': 'thenecpt', 'secret': '0c55322e8e196d6ef9066fa4252cf386', 'uuid': '318q66hw5jv3qo9'}
2025-05-01 00:48:26,533 - Fetched match details for 23xmvkh6v38yqg8 from https://api.thesports.com/v1/football/match/recent/list with params: {'user': 'thenecpt', 'secret': '0c55322e8e196d6ef9066fa4252cf386', 'uuid': '23xmvkh6v38yqg8'}
2025-05-01 00:48:26,758 - Fetched team info for 9vjxm8ghznjr6od from https://api.thesports.com/v1/football/team/additional/list with params: {'user': 'thenecpt', 'secret': '0c55322e8e196d6ef9066fa4252cf386', 'uuid': '9vjxm8ghznjr6od'}
2025-05-01 00:48:26,986 - Fetched team info for gy0or5jh243qwzv from https://api.thesports.com/v1/football/team/additional/list with params: {'user': 'thenecpt', 'secret': '0c55322e8e196d6ef9066fa4252cf386', 'uuid': 'gy0or5jh243qwzv'}
2025-05-01 00:48:27,222 - Fetched competition info for v2y8m4zhv6ql074 from https://api.thesports.com/v1/football/competition/additional/list with params: {'user': 'thenecpt', 'secret': '0c55322e8e196d6ef9066fa4252cf386', 'uuid': 'v2y8m4zhv6ql074'}
2025-05-01 00:48:27,588 - Fetched match odds for 23xmvkh6v38yqg8 from https://api.thesports.com/v1/football/odds/history with params: {'user': 'thenecpt', 'secret': '0c55322e8e196d6ef9066fa4252cf386', 'uuid': '23xmvkh6v38yqg8'}
2025-05-01 00:48:27,827 - Fetched match details for zp5rzgh58npdq82 from https://api.thesports.com/v1/football/match/recent/list with params: {'user': 'thenecpt', 'secret': '0c55322e8e196d6ef9066fa4252cf386', 'uuid': 'zp5rzgh58npdq82'}
2025-05-01 00:48:28,627 - Fetched match odds for zp5rzgh58npdq82 from https://api.thesports.com/v1/football/odds/history with params: {'user': 'thenecpt', 'secret': '0c55322e8e196d6ef9066fa4252cf386', 'uuid': 'zp5rzgh58npdq82'}
2025-05-01 04:48:39,345 - Fetched live matches from https://api.thesports.com/v1/football/match/detail_live with params: {'user': 'thenecpt', 'secret': '0c55322e8e196d6ef9066fa4252cf386'}
2025-05-01 04:48:39,573 - Fetched match details for 318q66hw5jv3qo9 from https://api.thesports.com/v1/football/match/recent/list with params: {'user': 'thenecpt', 'secret': '0c55322e8e196d6ef9066fa4252cf386', 'uuid': '318q66hw5jv3qo9'}
2025-05-01 04:48:39,803 - Fetched match odds for 318q66hw5jv3qo9 from https://api.thesports.com/v1/football/odds/history with params: {'user': 'thenecpt', 'secret': '0c55322e8e196d6ef9066fa4252cf386', 'uuid': '318q66hw5jv3qo9'}
2025-05-01 04:48:40,032 - Fetched match details for 23xmvkh6v38yqg8 from https://api.thesports.com/v1/football/match/recent/list with params: {'user': 'thenecpt', 'secret': '0c55322e8e196d6ef9066fa4252cf386', 'uuid': '23xmvkh6v38yqg8'}
2025-05-01 04:48:40,441 - Fetched match odds for 23xmvkh6v38yqg8 from https://api.thesports.com/v1/football/odds/history with params: {'user': 'thenecpt', 'secret': '0c55322e8e196d6ef9066fa4252cf386', 'uuid': '23xmvkh6v38yqg8'}
2025-05-01 04:48:40,689 - Fetched match details for zp5rzgh58npdq82 from https://api.thesports.com/v1/football/match/recent/list with params: {'user': 'thenecpt', 'secret': '0c55322e8e196d6ef9066fa4252cf386', 'uuid': 'zp5rzgh58npdq82'}
2025-05-01 04:48:41,294 - Fetched match odds for zp5rzgh58npdq82 from https://api.thesports.com/v1/football/odds/history with params: {'user': 'thenecpt', 'secret': '0c55322e8e196d6ef9066fa4252cf386', 'uuid': 'zp5rzgh58npdq82'}
2025-05-01 00:48:58,865 - Fetched live matches from https://api.thesports.com/v1/football/match/detail_live with params: {'user': 'thenecpt', 'secret': '0c55322e8e196d6ef9066fa4252cf386'}
2025-05-01 00:48:59,090 - Fetched match details for x7lm7phzl3o6m2w from https://api.thesports.com/v1/football/match/recent/list with params: {'user': 'thenecpt', 'secret': '0c55322e8e196d6ef9066fa4252cf386', 'uuid': 'x7lm7phzl3o6m2w'}
2025-05-01 00:48:59,317 - Fetched team info for y0or5jh4njpqwzv from https://api.thesports.com/v1/football/team/additional/list with params: {'user': 'thenecpt', 'secret': '0c55322e8e196d6ef9066fa4252cf386', 'uuid': 'y0or5jh4njpqwzv'}
2025-05-01 00:48:59,716 - Fetched team info for 9vjxm8ghzggr6od from https://api.thesports.com/v1/football/team/additional/list with params: {'user': 'thenecpt', 'secret': '0c55322e8e196d6ef9066fa4252cf386', 'uuid': '9vjxm8ghzggr6od'}
2025-05-01 00:48:59,946 - Fetched competition info for v2y8m4zhydql074 from https://api.thesports.com/v1/football/competition/additional/list with params: {'user': 'thenecpt', 'secret': '0c55322e8e196d6ef9066fa4252cf386', 'uuid': 'v2y8m4zhydql074'}
2025-05-01 00:49:01,060 - Fetched match odds for x7lm7phzl3o6m2w from https://api.thesports.com/v1/football/odds/history with params: {'user': 'thenecpt', 'secret': '0c55322e8e196d6ef9066fa4252cf386', 'uuid': 'x7lm7phzl3o6m2w'}
2025-05-01 00:49:01,299 - Fetched match details for 318q66hw5jv3qo9 from https://api.thesports.com/v1/football/match/recent/list with params: {'user': 'thenecpt', 'secret': '0c55322e8e196d6ef9066fa4252cf386', 'uuid': '318q66hw5jv3qo9'}
2025-05-01 00:49:01,628 - Fetched match odds for 318q66hw5jv3qo9 from https://api.thesports.com/v1/football/odds/history with params: {'user': 'thenecpt', 'secret': '0c55322e8e196d6ef9066fa4252cf386', 'uuid': '318q66hw5jv3qo9'}
2025-05-01 00:49:01,926 - Fetched match details for 23xmvkh6v38yqg8 from https://api.thesports.com/v1/football/match/recent/list with params: {'user': 'thenecpt', 'secret': '0c55322e8e196d6ef9066fa4252cf386', 'uuid': '23xmvkh6v38yqg8'}
2025-05-01 00:49:02,545 - Fetched match odds for 23xmvkh6v38yqg8 from https://api.thesports.com/v1/football/odds/history with params: {'user': 'thenecpt', 'secret': '0c55322e8e196d6ef9066fa4252cf386', 'uuid': '23xmvkh6v38yqg8'}
2025-05-01 00:49:02,785 - Fetched match details for zp5rzgh58npdq82 from https://api.thesports.com/v1/football/match/recent/list with params: {'user': 'thenecpt', 'secret': '0c55322e8e196d6ef9066fa4252cf386', 'uuid': 'zp5rzgh58npdq82'}
2025-05-01 00:49:03,650 - Fetched match odds for zp5rzgh58npdq82 from https://api.thesports.com/v1/football/odds/history with params: {'user': 'thenecpt', 'secret': '0c55322e8e196d6ef9066fa4252cf386', 'uuid': 'zp5rzgh58npdq82'}
2025-05-01 04:49:11,533 - Fetched live matches from https://api.thesports.com/v1/football/match/detail_live with params: {'user': 'thenecpt', 'secret': '0c55322e8e196d6ef9066fa4252cf386'}
2025-05-01 04:49:11,768 - Fetched match details for x7lm7phzl3o6m2w from https://api.thesports.com/v1/football/match/recent/list with params: {'user': 'thenecpt', 'secret': '0c55322e8e196d6ef9066fa4252cf386', 'uuid': 'x7lm7phzl3o6m2w'}
2025-05-01 04:49:12,137 - Fetched match odds for x7lm7phzl3o6m2w from https://api.thesports.com/v1/football/odds/history with params: {'user': 'thenecpt', 'secret': '0c55322e8e196d6ef9066fa4252cf386', 'uuid': 'x7lm7phzl3o6m2w'}
2025-05-01 04:49:12,376 - Fetched match details for 318q66hw5jv3qo9 from https://api.thesports.com/v1/football/match/recent/list with params: {'user': 'thenecpt', 'secret': '0c55322e8e196d6ef9066fa4252cf386', 'uuid': '318q66hw5jv3qo9'}
2025-05-01 04:49:12,641 - Fetched match odds for 318q66hw5jv3qo9 from https://api.thesports.com/v1/football/odds/history with params: {'user': 'thenecpt', 'secret': '0c55322e8e196d6ef9066fa4252cf386', 'uuid': '318q66hw5jv3qo9'}
2025-05-01 04:49:12,873 - Fetched match details for 23xmvkh6v38yqg8 from https://api.thesports.com/v1/football/match/recent/list with params: {'user': 'thenecpt', 'secret': '0c55322e8e196d6ef9066fa4252cf386', 'uuid': '23xmvkh6v38yqg8'}
2025-05-01 04:49:13,477 - Fetched match odds for 23xmvkh6v38yqg8 from https://api.thesports.com/v1/football/odds/history with params: {'user': 'thenecpt', 'secret': '0c55322e8e196d6ef9066fa4252cf386', 'uuid': '23xmvkh6v38yqg8'}
2025-05-01 00:49:33,885 - Fetched live matches from https://api.thesports.com/v1/football/match/detail_live with params: {'user': 'thenecpt', 'secret': '0c55322e8e196d6ef9066fa4252cf386'}
2025-05-01 00:49:34,116 - Fetched match details for x7lm7phzl3o6m2w from https://api.thesports.com/v1/football/match/recent/list with params: {'user': 'thenecpt', 'secret': '0c55322e8e196d6ef9066fa4252cf386', 'uuid': 'x7lm7phzl3o6m2w'}
2025-05-01 00:49:35,017 - Fetched match odds for x7lm7phzl3o6m2w from https://api.thesports.com/v1/football/odds/history with params: {'user': 'thenecpt', 'secret': '0c55322e8e196d6ef9066fa4252cf386', 'uuid': 'x7lm7phzl3o6m2w'}
2025-05-01 00:49:35,263 - Fetched match details for 318q66hw5jv3qo9 from https://api.thesports.com/v1/football/match/recent/list with params: {'user': 'thenecpt', 'secret': '0c55322e8e196d6ef9066fa4252cf386', 'uuid': '318q66hw5jv3qo9'}
2025-05-01 00:49:35,491 - Fetched match odds for 318q66hw5jv3qo9 from https://api.thesports.com/v1/football/odds/history with params: {'user': 'thenecpt', 'secret': '0c55322e8e196d6ef9066fa4252cf386', 'uuid': '318q66hw5jv3qo9'}
2025-05-01 00:49:35,722 - Fetched match details for 23xmvkh6v38yqg8 from https://api.thesports.com/v1/football/match/recent/list with params: {'user': 'thenecpt', 'secret': '0c55322e8e196d6ef9066fa4252cf386', 'uuid': '23xmvkh6v38yqg8'}
2025-05-01 00:49:36,686 - Fetched match odds for 23xmvkh6v38yqg8 from https://api.thesports.com/v1/football/odds/history with params: {'user': 'thenecpt', 'secret': '0c55322e8e196d6ef9066fa4252cf386', 'uuid': '23xmvkh6v38yqg8'}
