

================================================================================
FETCH TIMESTAMP: 2025-04-30 10:37:35 ET
================================================================================

Fetching country data...
Fetching live matches...

===== FOUND 80 LIVE FOOTBALL MATCHES =====

Last updated: 2025-04-30 14:36:36
==================================================
MATCH #1 OF 80
==================================================

----- MATCH SUMMARY -----
Error processing match 6ypq3nhv62k4md7: 'US/Eastern'
==================================================
MATCH #2 OF 80
==================================================

----- MATCH SUMMARY -----
Error processing match 1l4rjnh9yv82m7v: 'US/Eastern'
==================================================
MATCH #3 OF 80
==================================================

----- MATCH SUMMARY -----
Error processing match vjxm8ghlkw80r6o: 'US/Eastern'
==================================================
MATCH #4 OF 80
==================================================

----- MATCH SUMMARY -----
Error processing match pxwrxlhypdnlryk: 'US/Eastern'
==================================================
MATCH #5 OF 80
==================================================

----- MATCH SUMMARY -----
Error processing match 318q66hxzljpqo9: 'US/Eastern'
==================================================
MATCH #6 OF 80
==================================================

----- MATCH SUMMARY -----
Error processing match vjxm8ghev56lr6o: 'US/Eastern'
==================================================
MATCH #7 OF 80
==================================================

----- MATCH SUMMARY -----
Error processing match 3glrw7hnkdxwqdy: 'US/Eastern'
==================================================
MATCH #8 OF 80
==================================================

----- MATCH SUMMARY -----
Error processing match 4jwq2ghnolnlm0v: 'US/Eastern'
==================================================
MATCH #9 OF 80
==================================================

----- MATCH SUMMARY -----
Error processing match ednm9whw8158ryo: 'US/Eastern'
==================================================
MATCH #10 OF 80
==================================================

----- MATCH SUMMARY -----
Error processing match l5ergph40g75r8k: 'US/Eastern'
==================================================
MATCH #11 OF 80
==================================================

----- MATCH SUMMARY -----
Error processing match jw2r09hk48g7rz8: 'US/Eastern'
==================================================
MATCH #12 OF 80
==================================================

----- MATCH SUMMARY -----
Error processing match 8yomo4h3nkxoq0j: 'US/Eastern'
==================================================
MATCH #13 OF 80
==================================================

----- MATCH SUMMARY -----
Error processing match l7oqdehow26jr51: 'US/Eastern'
==================================================
MATCH #14 OF 80
==================================================

----- MATCH SUMMARY -----
Error processing match y0or5jhnpej5qwz: 'US/Eastern'
==================================================
MATCH #15 OF 80
==================================================

----- MATCH SUMMARY -----
Error processing match vjxm8ghevd97r6o: 'US/Eastern'
==================================================
MATCH #16 OF 80
==================================================

----- MATCH SUMMARY -----
Error processing match x7lm7phjgyndm2w: 'US/Eastern'
==================================================
MATCH #17 OF 80
==================================================

----- MATCH SUMMARY -----
Error processing match 2y8m4zh6le18ql0: 'US/Eastern'
==================================================
MATCH #18 OF 80
==================================================

----- MATCH SUMMARY -----
Error processing match jw2r09h2zljdrz8: 'US/Eastern'
==================================================
MATCH #19 OF 80
==================================================

----- MATCH SUMMARY -----
Error processing match dj2ryoh1okg6q1z: 'US/Eastern'
==================================================
MATCH #20 OF 80
==================================================

----- MATCH SUMMARY -----
Error processing match 2y8m4zh6o38oql0: 'US/Eastern'
==================================================
MATCH #21 OF 80
==================================================

----- MATCH SUMMARY -----
Error processing match 1l4rjnh9yvlpm7v: 'US/Eastern'
==================================================
MATCH #22 OF 80
==================================================

----- MATCH SUMMARY -----
Error processing match ednm9whw8lg7ryo: 'US/Eastern'
==================================================
MATCH #23 OF 80
==================================================

----- MATCH SUMMARY -----
Error processing match l5ergph40jnxr8k: 'US/Eastern'
==================================================
MATCH #24 OF 80
==================================================

----- MATCH SUMMARY -----
Error processing match jw2r09hk4dwzrz8: 'US/Eastern'
==================================================
MATCH #25 OF 80
==================================================

----- MATCH SUMMARY -----
Error processing match zp5rzghgy8x6q82: 'US/Eastern'
==================================================
MATCH #26 OF 80
==================================================

----- MATCH SUMMARY -----
Error processing match dn1m1gh2dgngmoe: 'US/Eastern'
==================================================
MATCH #27 OF 80
==================================================

----- MATCH SUMMARY -----
Error processing match k82rekhwdjoprep: 'US/Eastern'
==================================================
MATCH #28 OF 80
==================================================

----- MATCH SUMMARY -----
Error processing match l5ergphwj7egr8k: 'US/Eastern'
==================================================
MATCH #29 OF 80
==================================================

----- MATCH SUMMARY -----
Error processing match pxwrxlhyp87lryk: 'US/Eastern'
==================================================
MATCH #30 OF 80
==================================================

----- MATCH SUMMARY -----
Error processing match 3glrw7hnk209qdy: 'US/Eastern'
==================================================
MATCH #31 OF 80
==================================================

----- MATCH SUMMARY -----
Error processing match x7lm7phzd2p8m2w: 'US/Eastern'
==================================================
MATCH #32 OF 80
==================================================

----- MATCH SUMMARY -----
Error processing match y0or5jh8xdg1qwz: 'US/Eastern'
==================================================
MATCH #33 OF 80
==================================================

----- MATCH SUMMARY -----
Error processing match pxwrxlh50njxryk: 'US/Eastern'
==================================================
MATCH #34 OF 80
==================================================

----- MATCH SUMMARY -----
Error processing match jw2r09hk48jerz8: 'US/Eastern'
==================================================
MATCH #35 OF 80
==================================================

----- MATCH SUMMARY -----
Error processing match y0or5jh8xz37qwz: 'US/Eastern'
==================================================
MATCH #36 OF 80
==================================================

----- MATCH SUMMARY -----
Error processing match vjxm8ghev7e9r6o: 'US/Eastern'
==================================================
MATCH #37 OF 80
==================================================

----- MATCH SUMMARY -----
Error processing match x7lm7phjg2j8m2w: 'US/Eastern'
==================================================
MATCH #38 OF 80
==================================================

----- MATCH SUMMARY -----
Error processing match y0or5jh8xw8oqwz: 'US/Eastern'
==================================================
MATCH #39 OF 80
==================================================

----- MATCH SUMMARY -----
Error processing match n54qllhn5wnpqvy: 'US/Eastern'
==================================================
MATCH #40 OF 80
==================================================

----- MATCH SUMMARY -----
Error processing match 23xmvkh6vl68qg8: 'US/Eastern'
==================================================
MATCH #41 OF 80
==================================================

----- MATCH SUMMARY -----
Error processing match zp5rzghgydggq82: 'US/Eastern'
==================================================
MATCH #42 OF 80
==================================================

----- MATCH SUMMARY -----
Error processing match 1l4rjnh9yd9nm7v: 'US/Eastern'
==================================================
MATCH #43 OF 80
==================================================

----- MATCH SUMMARY -----
Error processing match l5ergphwd1vlr8k: 'US/Eastern'
==================================================
MATCH #44 OF 80
==================================================

----- MATCH SUMMARY -----
Error processing match 6ypq3nh38714md7: 'US/Eastern'
==================================================
MATCH #45 OF 80
==================================================

----- MATCH SUMMARY -----
Error processing match 23xmvkh825k4qg8: 'US/Eastern'
==================================================
MATCH #46 OF 80
==================================================

----- MATCH SUMMARY -----
Error processing match 2y8m4zh50o84ql0: 'US/Eastern'
==================================================
MATCH #47 OF 80
==================================================

----- MATCH SUMMARY -----
Error processing match dj2ryohlv8dvq1z: 'US/Eastern'
==================================================
MATCH #48 OF 80
==================================================

----- MATCH SUMMARY -----
Error processing match 2y8m4zh50l43ql0: 'US/Eastern'
==================================================
MATCH #49 OF 80
==================================================

----- MATCH SUMMARY -----
Error processing match 8yomo4h1en5kq0j: 'US/Eastern'
==================================================
MATCH #50 OF 80
==================================================

----- MATCH SUMMARY -----
Error processing match y0or5jhnvw5jqwz: 'US/Eastern'
==================================================
MATCH #51 OF 80
==================================================

----- MATCH SUMMARY -----
Error processing match pxwrxlhyp64oryk: 'US/Eastern'
==================================================
MATCH #52 OF 80
==================================================

----- MATCH SUMMARY -----
Error processing match 3glrw7hnkx82qdy: 'US/Eastern'
==================================================
MATCH #53 OF 80
==================================================

----- MATCH SUMMARY -----
Error processing match vjxm8ghevn11r6o: 'US/Eastern'
==================================================
MATCH #54 OF 80
==================================================

----- MATCH SUMMARY -----
Error processing match x7lm7phjgl61m2w: 'US/Eastern'
==================================================
MATCH #55 OF 80
==================================================

----- MATCH SUMMARY -----
Error processing match y0or5jh8xvpvqwz: 'US/Eastern'
==================================================
MATCH #56 OF 80
==================================================

----- MATCH SUMMARY -----
Error processing match y39mp1hzzdxdmoj: 'US/Eastern'
==================================================
MATCH #57 OF 80
==================================================

----- MATCH SUMMARY -----
Error processing match 1l4rjnh9yv7zm7v: 'US/Eastern'
==================================================
MATCH #58 OF 80
==================================================

----- MATCH SUMMARY -----
Error processing match y39mp1hzg57vmoj: 'US/Eastern'
==================================================
MATCH #59 OF 80
==================================================

----- MATCH SUMMARY -----
Error processing match 4jwq2ghnolpjm0v: 'US/Eastern'
==================================================
MATCH #60 OF 80
==================================================

----- MATCH SUMMARY -----
Error processing match 4wyrn4hxpeg4q86: 'US/Eastern'
==================================================
MATCH #61 OF 80
==================================================

----- MATCH SUMMARY -----
Error processing match l5ergphwx3gnr8k: 'US/Eastern'
==================================================
MATCH #62 OF 80
==================================================

----- MATCH SUMMARY -----
Error processing match 4wyrn4h6z307q86: 'US/Eastern'
==================================================
MATCH #63 OF 80
==================================================

----- MATCH SUMMARY -----
Error processing match l5ergph40gl3r8k: 'US/Eastern'
==================================================
MATCH #64 OF 80
==================================================

----- MATCH SUMMARY -----
Error processing match 4jwq2ghewy38m0v: 'US/Eastern'
==================================================
MATCH #65 OF 80
==================================================

----- MATCH SUMMARY -----
Error processing match x7lm7phzy0gvm2w: 'US/Eastern'
==================================================
MATCH #66 OF 80
==================================================

----- MATCH SUMMARY -----
Error processing match 4wyrn4h6zjyzq86: 'US/Eastern'
==================================================
MATCH #67 OF 80
==================================================

----- MATCH SUMMARY -----
Error processing match l5ergph40zkor8k: 'US/Eastern'
==================================================
MATCH #68 OF 80
==================================================

----- MATCH SUMMARY -----
Error processing match jw2r09hk4e5nrz8: 'US/Eastern'
==================================================
MATCH #69 OF 80
==================================================

----- MATCH SUMMARY -----
Error processing match l7oqdehgyvj4r51: 'US/Eastern'
==================================================
MATCH #70 OF 80
==================================================

----- MATCH SUMMARY -----
Error processing match 23xmvkh821e1qg8: 'US/Eastern'
==================================================
MATCH #71 OF 80
==================================================

----- MATCH SUMMARY -----
Error processing match 318q66hw5l9lqo9: 'US/Eastern'
==================================================
MATCH #72 OF 80
==================================================

----- MATCH SUMMARY -----
Error processing match 318q66hxzenjqo9: 'US/Eastern'
==================================================
MATCH #73 OF 80
==================================================

----- MATCH SUMMARY -----
Error processing match dn1m1ghlvjk1moe: 'US/Eastern'
==================================================
MATCH #74 OF 80
==================================================

----- MATCH SUMMARY -----
Error processing match y39mp1hzgx4jmoj: 'US/Eastern'
==================================================
MATCH #75 OF 80
==================================================

----- MATCH SUMMARY -----
Error processing match dn1m1ghlvdkdmoe: 'US/Eastern'
==================================================
MATCH #76 OF 80
==================================================

----- MATCH SUMMARY -----
Error processing match 318q66hw9y87qo9: 'US/Eastern'
==================================================
MATCH #77 OF 80
==================================================

----- MATCH SUMMARY -----
Error processing match y39mp1h6vn9lmoj: 'US/Eastern'
==================================================
MATCH #78 OF 80
==================================================

----- MATCH SUMMARY -----
Error processing match 318q66hw5jv3qo9: 'US/Eastern'
==================================================
MATCH #79 OF 80
==================================================

----- MATCH SUMMARY -----
Error processing match y0or5jh8x38lqwz: 'US/Eastern'
==================================================
MATCH #80 OF 80
==================================================

----- MATCH SUMMARY -----
Error processing match zp5rzgh58npdq82: 'US/Eastern'
==================================================
END OF LIVE MATCH DATA - 80 MATCHES DISPLAYED
==================================================
Refreshing in 30 seconds... (Press Ctrl+C to exit)

================================================================================


================================================================================
FETCH TIMESTAMP: 2025-04-30 10:39:22 ET
================================================================================

Fetching country data...
Fetching live matches...

===== FOUND 81 LIVE FOOTBALL MATCHES =====

Last updated: 2025-04-30 14:38:06
==================================================
MATCH #1 OF 81
==================================================

----- MATCH SUMMARY -----
Error processing match dn1m1gh256ndmoe: 'US/Eastern'
==================================================
MATCH #2 OF 81
==================================================

----- MATCH SUMMARY -----
Error processing match pxwrxlh58e18ryk: 'US/Eastern'
==================================================
MATCH #3 OF 81
==================================================

----- MATCH SUMMARY -----
Error processing match 6ypq3nhv62k4md7: 'US/Eastern'
==================================================
MATCH #4 OF 81
==================================================

----- MATCH SUMMARY -----
Error processing match 1l4rjnh9yv82m7v: 'US/Eastern'
==================================================
MATCH #5 OF 81
==================================================

----- MATCH SUMMARY -----
Error processing match vjxm8ghlkw80r6o: 'US/Eastern'
==================================================
MATCH #6 OF 81
==================================================

----- MATCH SUMMARY -----
Error processing match pxwrxlhypdnlryk: 'US/Eastern'
==================================================
MATCH #7 OF 81
==================================================

----- MATCH SUMMARY -----
Error processing match 318q66hxzljpqo9: 'US/Eastern'
==================================================
MATCH #8 OF 81
==================================================

----- MATCH SUMMARY -----
Error processing match vjxm8ghev56lr6o: 'US/Eastern'
==================================================
MATCH #9 OF 81
==================================================

----- MATCH SUMMARY -----
Error processing match 3glrw7hnkdxwqdy: 'US/Eastern'
==================================================
MATCH #10 OF 81
==================================================

----- MATCH SUMMARY -----
Error processing match 4jwq2ghnolnlm0v: 'US/Eastern'
==================================================
MATCH #11 OF 81
==================================================

----- MATCH SUMMARY -----
Error processing match ednm9whw8158ryo: 'US/Eastern'
==================================================
MATCH #12 OF 81
==================================================

----- MATCH SUMMARY -----
Error processing match l5ergph40g75r8k: 'US/Eastern'
==================================================
MATCH #13 OF 81
==================================================

----- MATCH SUMMARY -----
Error processing match jw2r09hk48g7rz8: 'US/Eastern'
==================================================
MATCH #14 OF 81
==================================================

----- MATCH SUMMARY -----
Error processing match 8yomo4h3nkxoq0j: 'US/Eastern'
==================================================
MATCH #15 OF 81
==================================================

----- MATCH SUMMARY -----
Error processing match l7oqdehow26jr51: 'US/Eastern'
==================================================
MATCH #16 OF 81
==================================================

----- MATCH SUMMARY -----
Error processing match y0or5jhnpej5qwz: 'US/Eastern'
==================================================
MATCH #17 OF 81
==================================================

----- MATCH SUMMARY -----
Error processing match vjxm8ghevd97r6o: 'US/Eastern'
==================================================
MATCH #18 OF 81
==================================================

----- MATCH SUMMARY -----
Error processing match x7lm7phjgyndm2w: 'US/Eastern'
==================================================
MATCH #19 OF 81
==================================================

----- MATCH SUMMARY -----
Error processing match 2y8m4zh6le18ql0: 'US/Eastern'
==================================================
MATCH #20 OF 81
==================================================

----- MATCH SUMMARY -----
Error processing match jw2r09h2zljdrz8: 'US/Eastern'
==================================================
MATCH #21 OF 81
==================================================

----- MATCH SUMMARY -----
Error processing match dj2ryoh1okg6q1z: 'US/Eastern'
==================================================
MATCH #22 OF 81
==================================================

----- MATCH SUMMARY -----
Error processing match 2y8m4zh6o38oql0: 'US/Eastern'
==================================================
MATCH #23 OF 81
==================================================

----- MATCH SUMMARY -----
Error processing match 1l4rjnh9yvlpm7v: 'US/Eastern'
==================================================
MATCH #24 OF 81
==================================================

----- MATCH SUMMARY -----
Error processing match ednm9whw8lg7ryo: 'US/Eastern'
==================================================
MATCH #25 OF 81
==================================================

----- MATCH SUMMARY -----
Error processing match l5ergph40jnxr8k: 'US/Eastern'
==================================================
MATCH #26 OF 81
==================================================

----- MATCH SUMMARY -----
Error processing match jw2r09hk4dwzrz8: 'US/Eastern'
==================================================
MATCH #27 OF 81
==================================================

----- MATCH SUMMARY -----
Error processing match zp5rzghgy8x6q82: 'US/Eastern'
==================================================
MATCH #28 OF 81
==================================================

----- MATCH SUMMARY -----
Error processing match dn1m1gh2dgngmoe: 'US/Eastern'
==================================================
MATCH #29 OF 81
==================================================

----- MATCH SUMMARY -----
Error processing match k82rekhwdjoprep: 'US/Eastern'
==================================================
MATCH #30 OF 81
==================================================

----- MATCH SUMMARY -----
Error processing match l5ergphwj7egr8k: 'US/Eastern'
==================================================
MATCH #31 OF 81
==================================================

----- MATCH SUMMARY -----
Error processing match pxwrxlhyp87lryk: 'US/Eastern'
==================================================
MATCH #32 OF 81
==================================================

----- MATCH SUMMARY -----
Error processing match 3glrw7hnk209qdy: 'US/Eastern'
==================================================
MATCH #33 OF 81
==================================================

----- MATCH SUMMARY -----
Error processing match x7lm7phzd2p8m2w: 'US/Eastern'
==================================================
MATCH #34 OF 81
==================================================

----- MATCH SUMMARY -----
Error processing match y0or5jh8xdg1qwz: 'US/Eastern'
==================================================
MATCH #35 OF 81
==================================================

----- MATCH SUMMARY -----
Error processing match pxwrxlh50njxryk: 'US/Eastern'
==================================================
MATCH #36 OF 81
==================================================

----- MATCH SUMMARY -----
Error processing match jw2r09hk48jerz8: 'US/Eastern'
==================================================
MATCH #37 OF 81
==================================================

----- MATCH SUMMARY -----
Error processing match y0or5jh8xz37qwz: 'US/Eastern'
==================================================
MATCH #38 OF 81
==================================================

----- MATCH SUMMARY -----
Error processing match vjxm8ghev7e9r6o: 'US/Eastern'
==================================================
MATCH #39 OF 81
==================================================

----- MATCH SUMMARY -----
Error processing match x7lm7phjg2j8m2w: 'US/Eastern'
==================================================
MATCH #40 OF 81
==================================================

----- MATCH SUMMARY -----
Error processing match y0or5jh8xw8oqwz: 'US/Eastern'
==================================================
MATCH #41 OF 81
==================================================

----- MATCH SUMMARY -----
Error processing match n54qllhn5wnpqvy: 'US/Eastern'
==================================================
MATCH #42 OF 81
==================================================

----- MATCH SUMMARY -----
Error processing match 23xmvkh6vl68qg8: 'US/Eastern'
==================================================
MATCH #43 OF 81
==================================================

----- MATCH SUMMARY -----
Error processing match zp5rzghgydggq82: 'US/Eastern'
==================================================
MATCH #44 OF 81
==================================================

----- MATCH SUMMARY -----
Error processing match 1l4rjnh9yd9nm7v: 'US/Eastern'
==================================================
MATCH #45 OF 81
==================================================

----- MATCH SUMMARY -----
Error processing match l5ergphwd1vlr8k: 'US/Eastern'
==================================================
MATCH #46 OF 81
==================================================

----- MATCH SUMMARY -----
Error processing match 6ypq3nh38714md7: 'US/Eastern'
==================================================
MATCH #47 OF 81
==================================================

----- MATCH SUMMARY -----
Error processing match 23xmvkh825k4qg8: 'US/Eastern'
==================================================
MATCH #48 OF 81
==================================================

----- MATCH SUMMARY -----
Error processing match 2y8m4zh50o84ql0: 'US/Eastern'
==================================================
MATCH #49 OF 81
==================================================

----- MATCH SUMMARY -----
Error processing match dj2ryohlv8dvq1z: 'US/Eastern'
==================================================
MATCH #50 OF 81
==================================================

----- MATCH SUMMARY -----
Error processing match 2y8m4zh50l43ql0: 'US/Eastern'
==================================================
MATCH #51 OF 81
==================================================

----- MATCH SUMMARY -----
Error processing match 8yomo4h1en5kq0j: 'US/Eastern'
==================================================
MATCH #52 OF 81
==================================================

----- MATCH SUMMARY -----
Error processing match y0or5jhnvw5jqwz: 'US/Eastern'
==================================================
MATCH #53 OF 81
==================================================

----- MATCH SUMMARY -----
Error processing match pxwrxlhyp64oryk: 'US/Eastern'
==================================================
MATCH #54 OF 81
==================================================

----- MATCH SUMMARY -----
Error processing match 3glrw7hnkx82qdy: 'US/Eastern'
==================================================
MATCH #55 OF 81
==================================================

----- MATCH SUMMARY -----
Error processing match vjxm8ghevn11r6o: 'US/Eastern'
==================================================
MATCH #56 OF 81
==================================================

----- MATCH SUMMARY -----
Error processing match x7lm7phjgl61m2w: 'US/Eastern'
==================================================
MATCH #57 OF 81
==================================================

----- MATCH SUMMARY -----
Error processing match y0or5jh8xvpvqwz: 'US/Eastern'
==================================================
MATCH #58 OF 81
==================================================

----- MATCH SUMMARY -----
Error processing match y39mp1hzzdxdmoj: 'US/Eastern'
==================================================
MATCH #59 OF 81
==================================================

----- MATCH SUMMARY -----
Error processing match 1l4rjnh9yv7zm7v: 'US/Eastern'
==================================================
MATCH #60 OF 81
==================================================

----- MATCH SUMMARY -----
Error processing match y39mp1hzg57vmoj: 'US/Eastern'
==================================================
MATCH #61 OF 81
==================================================

----- MATCH SUMMARY -----
Error processing match 4jwq2ghnolpjm0v: 'US/Eastern'
==================================================
MATCH #62 OF 81
==================================================

----- MATCH SUMMARY -----
Error processing match 4wyrn4hxpeg4q86: 'US/Eastern'
==================================================
MATCH #63 OF 81
==================================================

----- MATCH SUMMARY -----
Error processing match l5ergphwx3gnr8k: 'US/Eastern'
==================================================
MATCH #64 OF 81
==================================================

----- MATCH SUMMARY -----
Error processing match 4wyrn4h6z307q86: 'US/Eastern'
==================================================
MATCH #65 OF 81
==================================================

----- MATCH SUMMARY -----
Error processing match l5ergph40gl3r8k: 'US/Eastern'
==================================================
MATCH #66 OF 81
==================================================

----- MATCH SUMMARY -----
Error processing match 4jwq2ghewy38m0v: 'US/Eastern'
==================================================
MATCH #67 OF 81
==================================================

----- MATCH SUMMARY -----
Error processing match x7lm7phzy0gvm2w: 'US/Eastern'
==================================================
MATCH #68 OF 81
==================================================

----- MATCH SUMMARY -----
Error processing match 4wyrn4h6zjyzq86: 'US/Eastern'
==================================================
MATCH #69 OF 81
==================================================

----- MATCH SUMMARY -----
Error processing match l5ergph40zkor8k: 'US/Eastern'
==================================================
MATCH #70 OF 81
==================================================

----- MATCH SUMMARY -----
Error processing match jw2r09hk4e5nrz8: 'US/Eastern'
==================================================
MATCH #71 OF 81
==================================================

----- MATCH SUMMARY -----
Error processing match l7oqdehgyvj4r51: 'US/Eastern'
==================================================
MATCH #72 OF 81
==================================================

----- MATCH SUMMARY -----
Error processing match 23xmvkh821e1qg8: 'US/Eastern'
==================================================
MATCH #73 OF 81
==================================================

----- MATCH SUMMARY -----
Error processing match 318q66hw5l9lqo9: 'US/Eastern'
==================================================
MATCH #74 OF 81
==================================================

----- MATCH SUMMARY -----
Error processing match dn1m1ghlvjk1moe: 'US/Eastern'
==================================================
MATCH #75 OF 81
==================================================

----- MATCH SUMMARY -----
Error processing match pxwrxlhypxj8ryk: 'US/Eastern'
==================================================
MATCH #76 OF 81
==================================================

----- MATCH SUMMARY -----
Error processing match y39mp1hzgx4jmoj: 'US/Eastern'
==================================================
MATCH #77 OF 81
==================================================

----- MATCH SUMMARY -----
Error processing match dn1m1ghlvdkdmoe: 'US/Eastern'
==================================================
MATCH #78 OF 81
==================================================

----- MATCH SUMMARY -----
Error processing match 318q66hw9y87qo9: 'US/Eastern'
==================================================
MATCH #79 OF 81
==================================================

----- MATCH SUMMARY -----
Error processing match y39mp1h6vn9lmoj: 'US/Eastern'
==================================================
MATCH #80 OF 81
==================================================

----- MATCH SUMMARY -----
Error processing match 318q66hw5jv3qo9: 'US/Eastern'
==================================================
MATCH #81 OF 81
==================================================

----- MATCH SUMMARY -----
Error processing match zp5rzgh58npdq82: 'US/Eastern'
==================================================
END OF LIVE MATCH DATA - 81 MATCHES DISPLAYED
==================================================
Refreshing in 30 seconds... (Press Ctrl+C to exit)

================================================================================


================================================================================
FETCH TIMESTAMP: 2025-04-30 10:39:53 ET
================================================================================

Fetching country data...
Fetching live matches...
Error in main function: 'US/Eastern'

================================================================================


================================================================================
FETCH TIMESTAMP: 2025-04-30 10:42:26 ET
================================================================================

Fetching country data...
Fetching live matches...

===== FOUND 78 LIVE FOOTBALL MATCHES =====

Last updated: 2025-04-30 14:40:43
==================================================
MATCH #1 OF 78
==================================================

----- MATCH SUMMARY -----
Error processing match dn1m1gh256ndmoe: 'US/Eastern'
==================================================
MATCH #2 OF 78
==================================================

----- MATCH SUMMARY -----
Error processing match pxwrxlh58e18ryk: 'US/Eastern'
==================================================
MATCH #3 OF 78
==================================================

----- MATCH SUMMARY -----
Error processing match 6ypq3nhv62k4md7: 'US/Eastern'
==================================================
MATCH #4 OF 78
==================================================

----- MATCH SUMMARY -----
Error processing match 1l4rjnh9yv82m7v: 'US/Eastern'
==================================================
MATCH #5 OF 78
==================================================

----- MATCH SUMMARY -----
Error processing match vjxm8ghlkw80r6o: 'US/Eastern'
==================================================
MATCH #6 OF 78
==================================================

----- MATCH SUMMARY -----
Error processing match pxwrxlhypdnlryk: 'US/Eastern'
==================================================
MATCH #7 OF 78
==================================================

----- MATCH SUMMARY -----
Error processing match 318q66hxzljpqo9: 'US/Eastern'
==================================================
MATCH #8 OF 78
==================================================

----- MATCH SUMMARY -----
Error processing match vjxm8ghev56lr6o: 'US/Eastern'
==================================================
MATCH #9 OF 78
==================================================

----- MATCH SUMMARY -----
Error processing match 3glrw7hnkdxwqdy: 'US/Eastern'
==================================================
MATCH #10 OF 78
==================================================

----- MATCH SUMMARY -----
Error processing match 4jwq2ghnolnlm0v: 'US/Eastern'
==================================================
MATCH #11 OF 78
==================================================

----- MATCH SUMMARY -----
Error processing match ednm9whw8158ryo: 'US/Eastern'
==================================================
MATCH #12 OF 78
==================================================

----- MATCH SUMMARY -----
Error processing match l5ergph40g75r8k: 'US/Eastern'
==================================================
MATCH #13 OF 78
==================================================

----- MATCH SUMMARY -----
Error processing match jw2r09hk48g7rz8: 'US/Eastern'
==================================================
MATCH #14 OF 78
==================================================

----- MATCH SUMMARY -----
Error processing match 8yomo4h3nkxoq0j: 'US/Eastern'
==================================================
MATCH #15 OF 78
==================================================

----- MATCH SUMMARY -----
Error processing match l7oqdehow26jr51: 'US/Eastern'
==================================================
MATCH #16 OF 78
==================================================

----- MATCH SUMMARY -----
Error processing match y0or5jhnpej5qwz: 'US/Eastern'
==================================================
MATCH #17 OF 78
==================================================

----- MATCH SUMMARY -----
Error processing match vjxm8ghevd97r6o: 'US/Eastern'
==================================================
MATCH #18 OF 78
==================================================

----- MATCH SUMMARY -----
Error processing match x7lm7phjgyndm2w: 'US/Eastern'
==================================================
MATCH #19 OF 78
==================================================

----- MATCH SUMMARY -----
Error processing match 2y8m4zh6le18ql0: 'US/Eastern'
==================================================
MATCH #20 OF 78
==================================================

----- MATCH SUMMARY -----
Error processing match jw2r09h2zljdrz8: 'US/Eastern'
==================================================
MATCH #21 OF 78
==================================================

----- MATCH SUMMARY -----
Error processing match dj2ryoh1okg6q1z: 'US/Eastern'
==================================================
MATCH #22 OF 78
==================================================

----- MATCH SUMMARY -----
Error processing match 2y8m4zh6o38oql0: 'US/Eastern'
==================================================
MATCH #23 OF 78
==================================================

----- MATCH SUMMARY -----
Error processing match 1l4rjnh9yvlpm7v: 'US/Eastern'
==================================================
MATCH #24 OF 78
==================================================

----- MATCH SUMMARY -----
Error processing match ednm9whw8lg7ryo: 'US/Eastern'
==================================================
MATCH #25 OF 78
==================================================

----- MATCH SUMMARY -----
Error processing match l5ergph40jnxr8k: 'US/Eastern'
==================================================
MATCH #26 OF 78
==================================================

----- MATCH SUMMARY -----
Error processing match jw2r09hk4dwzrz8: 'US/Eastern'
==================================================
MATCH #27 OF 78
==================================================

----- MATCH SUMMARY -----
Error processing match zp5rzghgy8x6q82: 'US/Eastern'
==================================================
MATCH #28 OF 78
==================================================

----- MATCH SUMMARY -----
Error processing match dn1m1gh2dgngmoe: 'US/Eastern'
==================================================
MATCH #29 OF 78
==================================================

----- MATCH SUMMARY -----
Error processing match k82rekhwdjoprep: 'US/Eastern'
==================================================
MATCH #30 OF 78
==================================================

----- MATCH SUMMARY -----
Error processing match l5ergphwj7egr8k: 'US/Eastern'
==================================================
MATCH #31 OF 78
==================================================

----- MATCH SUMMARY -----
Error processing match pxwrxlhyp87lryk: 'US/Eastern'
==================================================
MATCH #32 OF 78
==================================================

----- MATCH SUMMARY -----
Error processing match 3glrw7hnk209qdy: 'US/Eastern'
==================================================
MATCH #33 OF 78
==================================================

----- MATCH SUMMARY -----
Error processing match x7lm7phzd2p8m2w: 'US/Eastern'
==================================================
MATCH #34 OF 78
==================================================

----- MATCH SUMMARY -----
Error processing match y0or5jh8xdg1qwz: 'US/Eastern'
==================================================
MATCH #35 OF 78
==================================================

----- MATCH SUMMARY -----
Error processing match pxwrxlh50njxryk: 'US/Eastern'
==================================================
MATCH #36 OF 78
==================================================

----- MATCH SUMMARY -----
Error processing match jw2r09hk48jerz8: 'US/Eastern'
==================================================
MATCH #37 OF 78
==================================================

----- MATCH SUMMARY -----
Error processing match y0or5jh8xz37qwz: 'US/Eastern'
==================================================
MATCH #38 OF 78
==================================================

----- MATCH SUMMARY -----
Error processing match vjxm8ghev7e9r6o: 'US/Eastern'
==================================================
MATCH #39 OF 78
==================================================

----- MATCH SUMMARY -----
Error processing match x7lm7phjg2j8m2w: 'US/Eastern'
==================================================
MATCH #40 OF 78
==================================================

----- MATCH SUMMARY -----
Error processing match y0or5jh8xw8oqwz: 'US/Eastern'
==================================================
MATCH #41 OF 78
==================================================

----- MATCH SUMMARY -----
Error processing match n54qllhn5wnpqvy: 'US/Eastern'
==================================================
MATCH #42 OF 78
==================================================

----- MATCH SUMMARY -----
Error processing match 23xmvkh6vl68qg8: 'US/Eastern'
==================================================
MATCH #43 OF 78
==================================================

----- MATCH SUMMARY -----
Error processing match zp5rzghgydggq82: 'US/Eastern'
==================================================
MATCH #44 OF 78
==================================================

----- MATCH SUMMARY -----
Error processing match 1l4rjnh9yd9nm7v: 'US/Eastern'
==================================================
MATCH #45 OF 78
==================================================

----- MATCH SUMMARY -----
Error processing match l5ergphwd1vlr8k: 'US/Eastern'
==================================================
MATCH #46 OF 78
==================================================

----- MATCH SUMMARY -----
Error processing match 6ypq3nh38714md7: 'US/Eastern'
==================================================
MATCH #47 OF 78
==================================================

----- MATCH SUMMARY -----
Error processing match 23xmvkh825k4qg8: 'US/Eastern'
==================================================
MATCH #48 OF 78
==================================================

----- MATCH SUMMARY -----
Error processing match 2y8m4zh50o84ql0: 'US/Eastern'
==================================================
MATCH #49 OF 78
==================================================

----- MATCH SUMMARY -----
Error processing match dj2ryohlv8dvq1z: 'US/Eastern'
==================================================
MATCH #50 OF 78
==================================================

----- MATCH SUMMARY -----
Error processing match 2y8m4zh50l43ql0: 'US/Eastern'
==================================================
MATCH #51 OF 78
==================================================

----- MATCH SUMMARY -----
Error processing match 8yomo4h1en5kq0j: 'US/Eastern'
==================================================
MATCH #52 OF 78
==================================================

----- MATCH SUMMARY -----
Error processing match y0or5jhnvw5jqwz: 'US/Eastern'
==================================================
MATCH #53 OF 78
==================================================

----- MATCH SUMMARY -----
Error processing match pxwrxlhyp64oryk: 'US/Eastern'
==================================================
MATCH #54 OF 78
==================================================

----- MATCH SUMMARY -----
Error processing match 3glrw7hnkx82qdy: 'US/Eastern'
==================================================
MATCH #55 OF 78
==================================================

----- MATCH SUMMARY -----
Error processing match vjxm8ghevn11r6o: 'US/Eastern'
==================================================
MATCH #56 OF 78
==================================================

----- MATCH SUMMARY -----
Error processing match x7lm7phjgl61m2w: 'US/Eastern'
==================================================
MATCH #57 OF 78
==================================================

----- MATCH SUMMARY -----
Error processing match y0or5jh8xvpvqwz: 'US/Eastern'
==================================================
MATCH #58 OF 78
==================================================

----- MATCH SUMMARY -----
Error processing match y39mp1hzzdxdmoj: 'US/Eastern'
==================================================
MATCH #59 OF 78
==================================================

----- MATCH SUMMARY -----
Error processing match 1l4rjnh9yv7zm7v: 'US/Eastern'
==================================================
MATCH #60 OF 78
==================================================

----- MATCH SUMMARY -----
Error processing match y39mp1hzg57vmoj: 'US/Eastern'
==================================================
MATCH #61 OF 78
==================================================

----- MATCH SUMMARY -----
Error processing match 4jwq2ghnolpjm0v: 'US/Eastern'
==================================================
MATCH #62 OF 78
==================================================

----- MATCH SUMMARY -----
Error processing match 4wyrn4hxpeg4q86: 'US/Eastern'
==================================================
MATCH #63 OF 78
==================================================

----- MATCH SUMMARY -----
Error processing match l5ergphwx3gnr8k: 'US/Eastern'
==================================================
MATCH #64 OF 78
==================================================

----- MATCH SUMMARY -----
Error processing match 4wyrn4h6z307q86: 'US/Eastern'
==================================================
MATCH #65 OF 78
==================================================

----- MATCH SUMMARY -----
Error processing match l5ergph40gl3r8k: 'US/Eastern'
==================================================
MATCH #66 OF 78
==================================================

----- MATCH SUMMARY -----
Error processing match 4jwq2ghewy38m0v: 'US/Eastern'
==================================================
MATCH #67 OF 78
==================================================

----- MATCH SUMMARY -----
Error processing match x7lm7phzy0gvm2w: 'US/Eastern'
==================================================
MATCH #68 OF 78
==================================================

----- MATCH SUMMARY -----
Error processing match 4wyrn4h6zjyzq86: 'US/Eastern'
==================================================
MATCH #69 OF 78
==================================================

----- MATCH SUMMARY -----
Error processing match l5ergph40zkor8k: 'US/Eastern'
==================================================
MATCH #70 OF 78
==================================================

----- MATCH SUMMARY -----
Error processing match jw2r09hk4e5nrz8: 'US/Eastern'
==================================================
MATCH #71 OF 78
==================================================

----- MATCH SUMMARY -----
Error processing match l7oqdehgyvj4r51: 'US/Eastern'
==================================================
MATCH #72 OF 78
==================================================

----- MATCH SUMMARY -----
Error processing match 23xmvkh821e1qg8: 'US/Eastern'
==================================================
MATCH #73 OF 78
==================================================

----- MATCH SUMMARY -----
Error processing match 318q66hw5l9lqo9: 'US/Eastern'
==================================================
MATCH #74 OF 78
==================================================

----- MATCH SUMMARY -----
Error processing match pxwrxlhypxj8ryk: 'US/Eastern'
==================================================
MATCH #75 OF 78
==================================================

----- MATCH SUMMARY -----
Error processing match l5ergphwx99jr8k: 'US/Eastern'
==================================================
MATCH #76 OF 78
==================================================

----- MATCH SUMMARY -----
Error processing match dn1m1ghlvdkdmoe: 'US/Eastern'
==================================================
MATCH #77 OF 78
==================================================

----- MATCH SUMMARY -----
Error processing match 318q66hw5jv3qo9: 'US/Eastern'
==================================================
MATCH #78 OF 78
==================================================

----- MATCH SUMMARY -----
Error processing match zp5rzgh58npdq82: 'US/Eastern'
==================================================
END OF LIVE MATCH DATA - 78 MATCHES DISPLAYED
==================================================
Refreshing in 30 seconds... (Press Ctrl+C to exit)

================================================================================


================================================================================
FETCH TIMESTAMP: 2025-04-30 10:47:32 ET
================================================================================

Fetching country data...
Fetching country data...
Fetching live matches...

===== FOUND 80 LIVE FOOTBALL MATCHES =====

Last updated: 2025-04-30 14:45:10
==================================================
MATCH #1 OF 80
==================================================

----- MATCH SUMMARY -----
Timestamp: 2025-04-30 10:45:12 ET
Competition ID: kdj2ryohjn7q1zp
Competition: Cameroon Elite two (Cameroon)
Match: Union Abong-Mbang vs Tonnerre Yaounde
Score: 0 - 0 (HT: 0 - 0)
Status: First half (Status ID: 2)

--- MATCH BETTING ODDS ---


--- MATCH ENVIRONMENT ---
No environment data available for this match


==================================================
MATCH #2 OF 80
==================================================

----- MATCH SUMMARY -----
Timestamp: 2025-04-30 10:45:14 ET
Competition ID: kdj2ryohjn7q1zp
Competition: Cameroon Elite two (Cameroon)
Match: Isohsa Limbe vs Bafmeng United
Score: 0 - 0 (HT: 0 - 0)
Status: Abandoned (Status ID: 13)

--- MATCH BETTING ODDS ---


--- MATCH ENVIRONMENT ---
No environment data available for this match


==================================================
MATCH #3 OF 80
==================================================

----- MATCH SUMMARY -----
Timestamp: 2025-04-30 10:45:16 ET
Competition ID: j1l4rjnhxpvm7vx
Competition: Indian Super Cup (India)
Match: Mumbai City FC  vs Jamshedpur FC
Score: 0 - 0 (HT: 0 - 0)
Status: First half (Status ID: 2)

--- MATCH BETTING ODDS ---
ML (Money Line):
Time: 4 min | Home: +220 | Draw: +260 | Away: +105

SPREAD (Asia Handicap):
Time: 4 min | Home: +100 | Handicap: -0.25 | Away: -125

Over/Under:
Time: 4 min | Over: -112 | Line: 2.5 | Under: -103

--- MATCH ENVIRONMENT ---
Weather: Sunny
Wind: 5.3m/s
Humidity: 69%


==================================================
MATCH #4 OF 80
==================================================

----- MATCH SUMMARY -----
Timestamp: 2025-04-30 10:45:18 ET
Competition ID: kdj2ryohjn7q1zp
Competition: Cameroon Elite two (Cameroon)
Match: Eding Sport FC vs FAP Yaounde
Score: 0 - 0 (HT: 0 - 0)
Status: First half (Status ID: 2)

--- MATCH BETTING ODDS ---
ML (Money Line):
Time: pre-match min | Home: +300 | Draw: +175 | Away: -105 (Closest time to minutes 4-6 available: pre-match)

SPREAD (Asia Handicap):
Time: 4 min | Home: -114 | Handicap: -0.5 | Away: -118

Over/Under:
Time: 4 min | Over: +100 | Line: 2.0 | Under: -130

--- MATCH ENVIRONMENT ---
No environment data available for this match


==================================================
MATCH #5 OF 80
==================================================

----- MATCH SUMMARY -----
Timestamp: 2025-04-30 10:45:21 ET
Competition ID: 9vjxm8gh5lr6odg
Competition: Slovak 2.Liga (Slovakia)
Match: FC Artmedia Petrzalka vs MSK Zilina B
Score: 1 - 0 (HT: 1 - 0)
Status: First half (Status ID: 2)

--- MATCH BETTING ODDS ---

SPREAD (Asia Handicap):
Time: 4 min | Home: -114 | Handicap: 0.75 | Away: -122

Over/Under:
Time: 4 min | Over: -119 | Line: 4.0 | Under: -116

--- MATCH ENVIRONMENT ---
No environment data available for this match


==================================================
MATCH #6 OF 80
==================================================

----- MATCH SUMMARY -----
Timestamp: 2025-04-30 10:45:22 ET
Competition ID: l965mkyh4jdr1ge
Competition: Argentine Reserve League (Argentina)
Match: Acassuso Reserves vs Deportivo Liniers Reserves
Score: 0 - 0 (HT: 0 - 0)
Status: First half (Status ID: 2)

--- MATCH BETTING ODDS ---
ML (Money Line):
Time: 4 min | Home: -120 | Draw: +240 | Away: +275

SPREAD (Asia Handicap):
Time: 4 min | Home: -111 | Handicap: 0.5 | Away: -111

Over/Under:
Time: 4 min | Over: +102 | Line: 2.5 | Under: -130

--- MATCH ENVIRONMENT ---
No environment data available for this match


==================================================
MATCH #7 OF 80
==================================================

----- MATCH SUMMARY -----
Timestamp: 2025-04-30 10:45:25 ET
Competition ID: v2y8m4zhg91ql07
Competition: Greek Amateur Cup (Greece)
Match: Kyanos Astir Varis vs Aris Voulas FC
Score: 0 - 1 (HT: 0 - 1)
Status: First half (Status ID: 2)

--- MATCH BETTING ODDS ---
ML (Money Line):
Time: 5 min | Home: -152 | Draw: +275 | Away: +375

SPREAD (Asia Handicap):
Time: 6 min | Home: -133 | Handicap: 0.75 | Away: -111

Over/Under:
Time: 4 min | Over: -122 | Line: 2.5 | Under: -123

--- MATCH ENVIRONMENT ---
No environment data available for this match


==================================================
MATCH #8 OF 80
==================================================

----- MATCH SUMMARY -----
Timestamp: 2025-04-30 10:45:27 ET
Competition ID: z8yomo4h7vvq0j6
Competition: Uzbekistan Cup (Uzbekistan)
Match: Neftchi Fargona vs Fergana University
Score: 1 - 0 (HT: 1 - 0)
Status: First half (Status ID: 2)

--- MATCH BETTING ODDS ---
ML (Money Line):
Time: 4 min | Home: -455 | Draw: +500 | Away: +800

SPREAD (Asia Handicap):
Time: 4 min | Home: -125 | Handicap: 1.75 | Away: +100

Over/Under:
Time: 4 min | Over: -118 | Line: 2.75 | Under: -105

--- MATCH ENVIRONMENT ---
Weather: Partially cloudy
Wind: 4.3m/s
Humidity: 37%


==================================================
MATCH #9 OF 80
==================================================

----- MATCH SUMMARY -----
Timestamp: 2025-04-30 10:45:29 ET
Competition ID: 9dn1m1ghe56moep
Competition: North Macedonia Women's League (North Macedonia)
Match: ZFK Skopje 2014 (w) vs ZFK Atletiko Bitola (W)
Score: 0 - 0 (HT: 0 - 0)
Status: First half (Status ID: 2)

--- MATCH BETTING ODDS ---
ML (Money Line):
Time: 4 min | Home: -909 | Draw: +650 | Away: +1200

SPREAD (Asia Handicap):
Time: 5 min | Home: -115 | Handicap: 2.5 | Away: -130

Over/Under:
Time: 4 min | Over: -103 | Line: 3.25 | Under: -122

--- MATCH ENVIRONMENT ---
No environment data available for this match


==================================================
MATCH #10 OF 80
==================================================

----- MATCH SUMMARY -----
Timestamp: 2025-04-30 10:45:30 ET
Competition ID: l965mkyh4jdr1ge
Competition: Argentine Reserve League (Argentina)
Match: Defensores de Belgrano Reserves vs Gimnasia Mendoza Reserves
Score: 0 - 2 (HT: 0 - 2)
Status: First half (Status ID: 2)

--- MATCH BETTING ODDS ---
ML (Money Line):
Time: 3 min | Home: -111 | Draw: +220 | Away: +300 (Closest time to minutes 4-6 available: 3)

SPREAD (Asia Handicap):
Time: 4 min | Home: -111 | Handicap: 0.5 | Away: -114

Over/Under:
Time: 4 min | Over: -108 | Line: 2.25 | Under: -130

--- MATCH ENVIRONMENT ---
No environment data available for this match


==================================================
MATCH #11 OF 80
==================================================

----- MATCH SUMMARY -----
Timestamp: 2025-04-30 10:45:32 ET
Competition ID: l965mkyh4jdr1ge
Competition: Argentine Reserve League (Argentina)
Match: Temperley Reserves vs Chacarita Juniors Reserves
Score: 0 - 0 (HT: 0 - 0)
Status: First half (Status ID: 2)

--- MATCH BETTING ODDS ---
ML (Money Line):
Time: 4 min | Home: -105 | Draw: +225 | Away: +260

SPREAD (Asia Handicap):
Time: 4 min | Home: +100 | Handicap: 0.5 | Away: -125

Over/Under:
Time: 4 min | Over: -125 | Line: 2.0 | Under: +100

--- MATCH ENVIRONMENT ---
No environment data available for this match


==================================================
MATCH #12 OF 80
==================================================

----- MATCH SUMMARY -----
Timestamp: 2025-04-30 10:45:33 ET
Competition ID: l965mkyh4jdr1ge
Competition: Argentine Reserve League (Argentina)
Match: CA Lugano Reserves vs Berazategui Reserves
Score: 0 - 0 (HT: 0 - 0)
Status: First half (Status ID: 2)

--- MATCH BETTING ODDS ---
ML (Money Line):
Time: 3 min | Home: +200 | Draw: +225 | Away: +120 (Closest time to minutes 4-6 available: 3)

SPREAD (Asia Handicap):
Time: 4 min | Home: -130 | Handicap: -0.25 | Away: -108

Over/Under:
Time: 4 min | Over: -118 | Line: 2.5 | Under: -118

--- MATCH ENVIRONMENT ---
Weather: Sunny
Wind: 2.9m/s
Humidity: 61%


==================================================
MATCH #13 OF 80
==================================================

----- MATCH SUMMARY -----
Timestamp: 2025-04-30 10:45:35 ET
Competition ID: l965mkyh4jdr1ge
Competition: Argentine Reserve League (Argentina)
Match: Real Pilar Reserves vs Deportivo Merlo Reserves
Score: 0 - 0 (HT: 0 - 0)
Status: First half (Status ID: 2)

--- MATCH BETTING ODDS ---
ML (Money Line):
Time: 6 min | Home: +130 | Draw: +240 | Away: +175

SPREAD (Asia Handicap):
Time: 4 min | Home: -104 | Handicap: 0.25 | Away: -130

Over/Under:
Time: 4 min | Over: -122 | Line: 2.25 | Under: -103

--- MATCH ENVIRONMENT ---
No environment data available for this match


==================================================
MATCH #14 OF 80
==================================================

----- MATCH SUMMARY -----
Timestamp: 2025-04-30 10:45:37 ET
Competition ID: 56ypq3nh01nmd7o
Competition: Egyptian Premier League (Egypt)
Match: Haras El Hodood vs Pyramids FC
Score: 0 - 1 (HT: 0 - 1)
Status: First half (Status ID: 2)

--- MATCH BETTING ODDS ---
ML (Money Line):
Time: 4 min | Home: +650 | Draw: +275 | Away: -200

SPREAD (Asia Handicap):
Time: 4 min | Home: -103 | Handicap: -1.0 | Away: -122

Over/Under:
Time: 4 min | Over: +100 | Line: 2.25 | Under: -125

--- MATCH ENVIRONMENT ---
Weather: Partially cloudy
Wind: 6.1m/s
Humidity: 69%


==================================================
MATCH #15 OF 80
==================================================

----- MATCH SUMMARY -----
Timestamp: 2025-04-30 10:45:39 ET
Competition ID: kdj2ryohjn7q1zp
Competition: Cameroon Elite two (Cameroon)
Match: Djiko FC de Bandjoun vs Fovu de Baham
Score: 0 - 0 (HT: 0 - 0)
Status: Not started (Status ID: 1)

--- MATCH BETTING ODDS ---


--- MATCH ENVIRONMENT ---
No environment data available for this match


==================================================
MATCH #16 OF 80
==================================================

----- MATCH SUMMARY -----
Timestamp: 2025-04-30 10:45:40 ET
Competition ID: 9k82rekhokorepz
Competition: Namibia Premier League (Namibia)
Match: Young Africans Sports Club vs Mighty Gunners
Score: 0 - 0 (HT: 0 - 0)
Status: Abandoned (Status ID: 13)

--- MATCH BETTING ODDS ---


--- MATCH ENVIRONMENT ---
No environment data available for this match


==================================================
MATCH #17 OF 80
==================================================

----- MATCH SUMMARY -----
Timestamp: 2025-04-30 10:45:41 ET
Competition ID: e4wyrn4hdzvq86p
Competition: Poland Liga 3 (Poland)
Match: Polonia Lidzbark vs Sieradz
Score: 0 - 0 (HT: 0 - 0)
Status: First half (Status ID: 2)

--- MATCH BETTING ODDS ---


--- MATCH ENVIRONMENT ---
No environment data available for this match


==================================================
MATCH #18 OF 80
==================================================

----- MATCH SUMMARY -----
Timestamp: 2025-04-30 10:45:43 ET
Competition ID: e4wyrn4hdzvq86p
Competition: Poland Liga 3 (Poland)
Match: Warta Gorzów Wielkopolski vs Lechia Zielona Gora
Score: 0 - 0 (HT: 0 - 0)
Status: First half (Status ID: 2)

--- MATCH BETTING ODDS ---
ML (Money Line):
Time: 4 min | Home: +125 | Draw: +260 | Away: +162

SPREAD (Asia Handicap):
Time: 4 min | Home: -152 | Handicap: 0.0 | Away: +102

Over/Under:
Time: 4 min | Over: -103 | Line: 2.75 | Under: -122

--- MATCH ENVIRONMENT ---
No environment data available for this match


==================================================
MATCH #19 OF 80
==================================================

----- MATCH SUMMARY -----
Timestamp: 2025-04-30 10:45:45 ET
Competition ID: v2y8m4zhw4ql074
Competition: Romanian Liga II (Romania)
Match: Steaua Bucuresti vs FK Csikszereda Miercurea Ciuc
Score: 0 - 0 (HT: 0 - 0)
Status: First half (Status ID: 2)

--- MATCH BETTING ODDS ---
ML (Money Line):
Time: 4 min | Home: +160 | Draw: +162 | Away: +210

SPREAD (Asia Handicap):
Time: 4 min | Home: -133 | Handicap: 0.0 | Away: +105

Over/Under:
Time: 4 min | Over: +102 | Line: 2.0 | Under: -130

--- MATCH ENVIRONMENT ---
Weather: Sunny
Wind: 1.2m/s
Humidity: 31%


==================================================
MATCH #20 OF 80
==================================================

----- MATCH SUMMARY -----
Timestamp: 2025-04-30 10:45:46 ET
Competition ID: 9dn1m1gh84pmoep
Competition: Portuguese U23 League (Portugal)
Match: Benfica U23 vs Vizela U23
Score: 1 - 1 (HT: 1 - 1)
Status: First half (Status ID: 2)

--- MATCH BETTING ODDS ---
ML (Money Line):
Time: 4 min | Home: -152 | Draw: +300 | Away: +300

SPREAD (Asia Handicap):
Time: 4 min | Home: -122 | Handicap: 0.75 | Away: -103

Over/Under:
Time: 4 min | Over: -118 | Line: 3.0 | Under: -105

--- MATCH ENVIRONMENT ---
Weather: Partially cloudy
Wind: 3.7m/s
Humidity: 64%


==================================================
MATCH #21 OF 80
==================================================

----- MATCH SUMMARY -----
Timestamp: 2025-04-30 10:45:48 ET
Competition ID: 9dn1m1gh84pmoep
Competition: Portuguese U23 League (Portugal)
Match: Gil Vicente U23 vs Estoril U23
Score: 1 - 0 (HT: 1 - 0)
Status: First half (Status ID: 2)

--- MATCH BETTING ODDS ---
ML (Money Line):
Time: 4 min | Home: +125 | Draw: +260 | Away: +175

SPREAD (Asia Handicap):
Time: 4 min | Home: +100 | Handicap: 0.25 | Away: -125

Over/Under:
Time: 4 min | Over: -114 | Line: 2.75 | Under: -106

--- MATCH ENVIRONMENT ---
Weather: Unknown (10)
Wind: 4.5m/s
Humidity: 93%


==================================================
MATCH #22 OF 80
==================================================

----- MATCH SUMMARY -----
Timestamp: 2025-04-30 10:45:50 ET
Competition ID: 9dn1m1gh84pmoep
Competition: Portuguese U23 League (Portugal)
Match: Sporting CP U23 vs Estrela FC U23
Score: 0 - 0 (HT: 0 - 0)
Status: First half (Status ID: 2)

--- MATCH BETTING ODDS ---
ML (Money Line):
Time: 4 min | Home: -164 | Draw: +275 | Away: +375

SPREAD (Asia Handicap):
Time: 4 min | Home: -125 | Handicap: 0.75 | Away: +100

Over/Under:
Time: 4 min | Over: -105 | Line: 2.5 | Under: -118

--- MATCH ENVIRONMENT ---
Weather: Partially cloudy
Wind: 3.7m/s
Humidity: 64%


==================================================
MATCH #23 OF 80
==================================================

----- MATCH SUMMARY -----
Timestamp: 2025-04-30 10:45:52 ET
Competition ID: p4jwq2ghv1vm0ve
Competition: Rwandan Cup (Rwanda)
Match: APR FC vs Police(RWA)
Score: 1 - 0 (HT: 1 - 0)
Status: First half (Status ID: 2)

--- MATCH BETTING ODDS ---
ML (Money Line):
Time: 5 min | Home: -175 | Draw: +225 | Away: +550

SPREAD (Asia Handicap):
Time: 4 min | Home: -105 | Handicap: 1.0 | Away: -141

Over/Under:
Time: 4 min | Over: -103 | Line: 2.0 | Under: -122

--- MATCH ENVIRONMENT ---
Weather: Partially cloudy
Wind: 2.0m/s
Humidity: 78%


==================================================
MATCH #24 OF 80
==================================================

----- MATCH SUMMARY -----
Timestamp: 2025-04-30 10:45:53 ET
Competition ID: kjw2r09hl1wrz84
Competition: Tunisian Professional League 2 (Tunisia)
Match: CS.Hammam-Lif vs Megrine
Score: 0 - 0 (HT: 0 - 0)
Status: First half (Status ID: 2)

--- MATCH BETTING ODDS ---

SPREAD (Asia Handicap):
Time: 21 min | Home: +121 | Handicap: -0.5 | Away: -182 (Closest time to minutes 4-6 available: 21)

Over/Under:
Time: 18 min | Over: -132 | Line: 2.25 | Under: -114 (Closest time to minutes 4-6 available: 18)

--- MATCH ENVIRONMENT ---
No environment data available for this match


==================================================
MATCH #25 OF 80
==================================================

----- MATCH SUMMARY -----
Timestamp: 2025-04-30 10:45:56 ET
Competition ID: kjw2r09hl1wrz84
Competition: Tunisian Professional League 2 (Tunisia)
Match: Croissant Msaken vs Stade Africain Menzel Bourguib
Score: 0 - 0 (HT: 0 - 0)
Status: First half (Status ID: 2)

--- MATCH BETTING ODDS ---

SPREAD (Asia Handicap):
Time: 4 min | Home: -122 | Handicap: 0.5 | Away: +100

Over/Under:
Time: 4 min | Over: -112 | Line: 1.5 | Under: -110

--- MATCH ENVIRONMENT ---
Weather: Partially cloudy
Wind: 8.1m/s
Humidity: 44%


==================================================
MATCH #26 OF 80
==================================================

----- MATCH SUMMARY -----
Timestamp: 2025-04-30 10:45:57 ET
Competition ID: kjw2r09hl1wrz84
Competition: Tunisian Professional League 2 (Tunisia)
Match: AS Kasserine vs AS jelma
Score: 1 - 0 (HT: 1 - 0)
Status: First half (Status ID: 2)

--- MATCH BETTING ODDS ---

Over/Under:
Time: pre-match min | Over: +160 | Line: 2.5 | Under: -244 (Closest time to minutes 4-6 available: pre-match)

--- MATCH ENVIRONMENT ---
No environment data available for this match


==================================================
MATCH #27 OF 80
==================================================

----- MATCH SUMMARY -----
Timestamp: 2025-04-30 10:45:59 ET
Competition ID: kn54qllhey9qvy9
Competition: Egyptian Division 2 (Egypt)
Match: Team FC Cairo vs Al Nasr Cairo
Score: 1 - 1 (HT: 1 - 1)
Status: Half-time break (Status ID: 3)

--- MATCH BETTING ODDS ---
ML (Money Line):
Time: 11 min | Home: +162 | Draw: +250 | Away: +137 (Closest time to minutes 4-6 available: 11)

SPREAD (Asia Handicap):
Time: 11 min | Home: -139 | Handicap: 0.75 | Away: +107 (Closest time to minutes 4-6 available: 11)

Over/Under:
Time: 11 min | Over: -122 | Line: 3.0 | Under: -103 (Closest time to minutes 4-6 available: 11)

--- MATCH ENVIRONMENT ---
No environment data available for this match


==================================================
MATCH #28 OF 80
==================================================

----- MATCH SUMMARY -----
Timestamp: 2025-04-30 10:46:00 ET
Competition ID: kn54qllhey9qvy9
Competition: Egyptian Division 2 (Egypt)
Match: Aswan vs El Mansoura
Score: 1 - 1 (HT: 1 - 1)
Status: Half-time break (Status ID: 3)

--- MATCH BETTING ODDS ---
ML (Money Line):
Time: 4 min | Home: +187 | Draw: +220 | Away: +137

SPREAD (Asia Handicap):
Time: 4 min | Home: -133 | Handicap: 0.75 | Away: +105

Over/Under:
Time: 4 min | Over: -130 | Line: 3.0 | Under: +102

--- MATCH ENVIRONMENT ---
Weather: Sunny
Wind: 3.7m/s
Humidity: 9%


==================================================
MATCH #29 OF 80
==================================================

----- MATCH SUMMARY -----
Timestamp: 2025-04-30 10:46:03 ET
Competition ID: kn54qllhey9qvy9
Competition: Egyptian Division 2 (Egypt)
Match: Olympic El Qanal vs Proxy SC
Score: 1 - 0 (HT: 1 - 0)
Status: Second half (Status ID: 4)

--- MATCH BETTING ODDS ---
ML (Money Line):
Time: 4 min | Home: +160 | Draw: +175 | Away: +175

SPREAD (Asia Handicap):
Time: 4 min | Home: -110 | Handicap: 0.0 | Away: -110

Over/Under:
Time: 4 min | Over: -130 | Line: 1.75 | Under: +102

--- MATCH ENVIRONMENT ---
Weather: Partially cloudy
Wind: 13.m/s
Humidity: 32%


==================================================
MATCH #30 OF 80
==================================================

----- MATCH SUMMARY -----
Timestamp: 2025-04-30 10:46:06 ET
Competition ID: kn54qllhey9qvy9
Competition: Egyptian Division 2 (Egypt)
Match: Asyut Petroleum vs Abou Qir Fertilizers SC
Score: 1 - 1 (HT: 1 - 1)
Status: Second half (Status ID: 4)

--- MATCH BETTING ODDS ---
ML (Money Line):
Time: 4 min | Home: +350 | Draw: +210 | Away: -125

SPREAD (Asia Handicap):
Time: 4 min | Home: +100 | Handicap: -0.5 | Away: -125

Over/Under:
Time: 4 min | Over: -118 | Line: 2.0 | Under: -105

--- MATCH ENVIRONMENT ---
Weather: Partially cloudy
Wind: 10.m/s
Humidity: 24%


==================================================
MATCH #31 OF 80
==================================================

----- MATCH SUMMARY -----
Timestamp: 2025-04-30 10:46:08 ET
Competition ID: kn54qllhey9qvy9
Competition: Egyptian Division 2 (Egypt)
Match: Dayrot vs Gazl Kafr Eldwar
Score: 0 - 1 (HT: 0 - 1)
Status: Half-time break (Status ID: 3)

--- MATCH BETTING ODDS ---
ML (Money Line):
Time: 4 min | Home: +130 | Draw: +175 | Away: +240

SPREAD (Asia Handicap):
Time: 4 min | Home: +100 | Handicap: 0.25 | Away: -125

Over/Under:
Time: 4 min | Over: -122 | Line: 1.5 | Under: -103

--- MATCH ENVIRONMENT ---
Weather: Unknown (8)
Wind: 9.7m/s
Humidity: 34%


==================================================
MATCH #32 OF 80
==================================================

----- MATCH SUMMARY -----
Timestamp: 2025-04-30 10:46:09 ET
Competition ID: e4wyrn4hdzvq86p
Competition: Poland Liga 3 (Poland)
Match: Star Starachowice vs Lewart Lubartow
Score: 4 - 0 (HT: 4 - 0)
Status: Second half (Status ID: 4)

--- MATCH BETTING ODDS ---
ML (Money Line):
Time: 4 min | Home: -303 | Draw: +400 | Away: +600

SPREAD (Asia Handicap):
Time: 4 min | Home: -118 | Handicap: 1.5 | Away: -105

Over/Under:
Time: 4 min | Over: -109 | Line: 3.25 | Under: -115

--- MATCH ENVIRONMENT ---
Weather: Partially cloudy
Wind: 4.1m/s
Humidity: 34%


==================================================
MATCH #33 OF 80
==================================================

----- MATCH SUMMARY -----
Timestamp: 2025-04-30 10:46:11 ET
Competition ID: kn54qllhey9qvy9
Competition: Egyptian Division 2 (Egypt)
Match: Baladiyat El Mahalla vs La Viena
Score: 0 - 0 (HT: 0 - 0)
Status: Second half (Status ID: 4)

--- MATCH BETTING ODDS ---
ML (Money Line):
Time: 5 min | Home: +150 | Draw: +175 | Away: +200

SPREAD (Asia Handicap):
Time: 4 min | Home: -141 | Handicap: 0.0 | Away: +105

Over/Under:
Time: 4 min | Over: -115 | Line: 1.75 | Under: -109

--- MATCH ENVIRONMENT ---
Weather: Partially cloudy
Wind: 7.1m/s
Humidity: 55%


==================================================
MATCH #34 OF 80
==================================================

----- MATCH SUMMARY -----
Timestamp: 2025-04-30 10:46:13 ET
Competition ID: vl7oqdehn11r510
Competition: Tunisian Cup (Tunisia)
Match: J.S. Kairouanaise vs ES du Sahel
Score: 0 - 0 (HT: 0 - 0)
Status: Second half (Status ID: 4)

--- MATCH BETTING ODDS ---
ML (Money Line):
Time: 4 min | Home: +500 | Draw: +220 | Away: -152

SPREAD (Asia Handicap):
Time: 4 min | Home: -109 | Handicap: -0.75 | Away: -115

Over/Under:
Time: 4 min | Over: -103 | Line: 2.0 | Under: -122

--- MATCH ENVIRONMENT ---
Weather: Sunny
Wind: 2.0m/s
Humidity: 30%


==================================================
MATCH #35 OF 80
==================================================

----- MATCH SUMMARY -----
Timestamp: 2025-04-30 10:46:15 ET
Competition ID: jednm9whkg3ryox
Competition: South Africa First League (South Africa)
Match: Milford vs Pretoria Callies
Score: 0 - 1 (HT: 0 - 0)
Status: Second half (Status ID: 4)

--- MATCH BETTING ODDS ---
ML (Money Line):
Time: 4 min | Home: -152 | Draw: +260 | Away: +350

SPREAD (Asia Handicap):
Time: 4 min | Home: -123 | Handicap: 0.5 | Away: -112

Over/Under:
Time: 4 min | Over: -133 | Line: 2.0 | Under: +105

--- MATCH ENVIRONMENT ---
Weather: Partially cloudy
Wind: 2.6m/s
Humidity: 78%


==================================================
MATCH #36 OF 80
==================================================

----- MATCH SUMMARY -----
Timestamp: 2025-04-30 10:46:16 ET
Competition ID: 9k82rekh332repz
Competition: Estonian U19 league (Estonia)
Match: JK Trans Narva U19 vs FC Flora Tallinn U19
Score: 0 - 0 (HT: 0 - 0)
Status: Second half (Status ID: 4)

--- MATCH BETTING ODDS ---
ML (Money Line):
Time: 4 min | Home: +250 | Draw: +450 | Away: -175

SPREAD (Asia Handicap):
Time: 4 min | Home: -109 | Handicap: -1.0 | Away: -115

Over/Under:
Time: 4 min | Over: -118 | Line: 4.25 | Under: -105

--- MATCH ENVIRONMENT ---
Weather: Foggy
Wind: 4.3m/s
Humidity: 74%


==================================================
MATCH #37 OF 80
==================================================

----- MATCH SUMMARY -----
Timestamp: 2025-04-30 10:46:18 ET
Competition ID: kdj2ryohpeq1zpg
Competition: Armenian First League (Armenia)
Match: Urartu II vs BKMA II
Score: 1 - 1 (HT: 0 - 1)
Status: Second half (Status ID: 4)

--- MATCH BETTING ODDS ---

Over/Under:
Time: pre-match min | Over: -250 | Line: 2.5 | Under: +160 (Closest time to minutes 4-6 available: pre-match)

--- MATCH ENVIRONMENT ---
No environment data available for this match


==================================================
MATCH #38 OF 80
==================================================

----- MATCH SUMMARY -----
Timestamp: 2025-04-30 10:46:20 ET
Competition ID: 4zp5rzgh7loq82w
Competition: Zimbabwe Premier Soccer League (Zimbabwe)
Match: CAPS United vs FC Platinum
Score: 1 - 2 (HT: 0 - 1)
Status: Second half (Status ID: 4)

--- MATCH BETTING ODDS ---
ML (Money Line):
Time: 4 min | Home: +110 | Draw: +175 | Away: +300

SPREAD (Asia Handicap):
Time: 4 min | Home: -125 | Handicap: 0.25 | Away: +100

Over/Under:
Time: 4 min | Over: -130 | Line: 1.5 | Under: +102

--- MATCH ENVIRONMENT ---
Weather: Partially cloudy
Wind: 4.8m/s
Humidity: 46%


==================================================
MATCH #39 OF 80
==================================================

----- MATCH SUMMARY -----
Timestamp: 2025-04-30 10:46:21 ET
Competition ID: 4zp5rzgh7loq82w
Competition: Zimbabwe Premier Soccer League (Zimbabwe)
Match: Chicken Inn vs TelOne fc
Score: 0 - 0 (HT: 0 - 0)
Status: Second half (Status ID: 4)

--- MATCH BETTING ODDS ---
ML (Money Line):
Time: 5 min | Home: +160 | Draw: +160 | Away: +210

SPREAD (Asia Handicap):
Time: 4 min | Home: -143 | Handicap: 0.0 | Away: +110

Over/Under:
Time: 4 min | Over: -125 | Line: 1.5 | Under: +100

--- MATCH ENVIRONMENT ---
Weather: Sunny
Wind: 3.7m/s
Humidity: 35%


==================================================
MATCH #40 OF 80
==================================================

----- MATCH SUMMARY -----
Timestamp: 2025-04-30 10:46:22 ET
Competition ID: 4zp5rzgh7loq82w
Competition: Zimbabwe Premier Soccer League (Zimbabwe)
Match: GreenFuel vs Dynamos FC
Score: 0 - 0 (HT: 0 - 0)
Status: Second half (Status ID: 4)

--- MATCH BETTING ODDS ---


--- MATCH ENVIRONMENT ---
No environment data available for this match


==================================================
MATCH #41 OF 80
==================================================

----- MATCH SUMMARY -----
Timestamp: 2025-04-30 10:46:23 ET
Competition ID: 4zp5rzgh7loq82w
Competition: Zimbabwe Premier Soccer League (Zimbabwe)
Match: Kwekwe United vs Simba Bhora
Score: 1 - 1 (HT: 0 - 1)
Status: Second half (Status ID: 4)

--- MATCH BETTING ODDS ---


--- MATCH ENVIRONMENT ---
No environment data available for this match


==================================================
MATCH #42 OF 80
==================================================

----- MATCH SUMMARY -----
Timestamp: 2025-04-30 10:46:25 ET
Competition ID: 4zp5rzgh7loq82w
Competition: Zimbabwe Premier Soccer League (Zimbabwe)
Match: Ngezi Platinum vs Yadah FC
Score: 1 - 2 (HT: 0 - 1)
Status: Second half (Status ID: 4)

--- MATCH BETTING ODDS ---


--- MATCH ENVIRONMENT ---
No environment data available for this match


==================================================
MATCH #43 OF 80
==================================================

----- MATCH SUMMARY -----
Timestamp: 2025-04-30 10:46:26 ET
Competition ID: 4zp5rzgh7loq82w
Competition: Zimbabwe Premier Soccer League (Zimbabwe)
Match: Triangle FC vs ZPC Kariba
Score: 1 - 1 (HT: 0 - 1)
Status: Second half (Status ID: 4)

--- MATCH BETTING ODDS ---


--- MATCH ENVIRONMENT ---
No environment data available for this match


==================================================
MATCH #44 OF 80
==================================================

----- MATCH SUMMARY -----
Timestamp: 2025-04-30 10:46:27 ET
Competition ID: 4zp5rzgh7loq82w
Competition: Zimbabwe Premier Soccer League (Zimbabwe)
Match: Highlanders vs Bikita Minerals FC
Score: 1 - 0 (HT: 1 - 0)
Status: Second half (Status ID: 4)

--- MATCH BETTING ODDS ---
ML (Money Line):
Time: 4 min | Home: -125 | Draw: +240 | Away: +300

SPREAD (Asia Handicap):
Time: 4 min | Home: -122 | Handicap: 0.5 | Away: -103

Over/Under:
Time: 4 min | Over: -115 | Line: 2.0 | Under: -109

--- MATCH ENVIRONMENT ---
Weather: Sunny
Wind: 3.7m/s
Humidity: 35%


==================================================
MATCH #45 OF 80
==================================================

----- MATCH SUMMARY -----
Timestamp: 2025-04-30 10:46:29 ET
Competition ID: 9vjxm8ghgy0r6od
Competition: Uganda Premier League (Uganda)
Match: Airtel Kitara FC vs Wakiso Giants FC
Score: 0 - 0 (HT: 0 - 0)
Status: Second half (Status ID: 4)

--- MATCH BETTING ODDS ---

SPREAD (Asia Handicap):
Time: 4 min | Home: -112 | Handicap: 1.25 | Away: -115

Over/Under:
Time: 4 min | Over: -112 | Line: 2.25 | Under: -115

--- MATCH ENVIRONMENT ---
Weather: Windy
Wind: 3.1m/s
Humidity: 59%


==================================================
MATCH #46 OF 80
==================================================

----- MATCH SUMMARY -----
Timestamp: 2025-04-30 10:46:32 ET
Competition ID: jednm9whg03ryox
Competition: Italian Campionato Primavera 2 (Italy)
Match: AlbinoLeffe Youth vs Padova U19
Score: 3 - 1 (HT: 1 - 1)
Status: Second half (Status ID: 4)

--- MATCH BETTING ODDS ---
ML (Money Line):
Time: 4 min | Home: +200 | Draw: +260 | Away: +110

SPREAD (Asia Handicap):
Time: 4 min | Home: -105 | Handicap: -0.25 | Away: -118

Over/Under:
Time: 4 min | Over: -109 | Line: 3.0 | Under: -115

--- MATCH ENVIRONMENT ---
Weather: Sunny
Wind: 3.7m/s
Humidity: 45%


==================================================
MATCH #47 OF 80
==================================================

----- MATCH SUMMARY -----
Timestamp: 2025-04-30 10:46:33 ET
Competition ID: 9vjxm8ghgy0r6od
Competition: Uganda Premier League (Uganda)
Match: Bright Stars vs Express FC
Score: 0 - 1 (HT: 0 - 0)
Status: Second half (Status ID: 4)

--- MATCH BETTING ODDS ---

SPREAD (Asia Handicap):
Time: 4 min | Home: -125 | Handicap: 0.0 | Away: -104

Over/Under:
Time: 4 min | Over: -122 | Line: 2.75 | Under: -106

--- MATCH ENVIRONMENT ---
Weather: Partially cloudy
Wind: 1.2m/s
Humidity: 56%


==================================================
MATCH #48 OF 80
==================================================

----- MATCH SUMMARY -----
Timestamp: 2025-04-30 10:46:35 ET
Competition ID: jednm9whk0ryox8
Competition: International Friendly (Unknown Country)
Match: Hungary (w) U17 vs Czech Republic (w) U17
Score: 1 - 1 (HT: 1 - 1)
Status: Second half (Status ID: 4)

--- MATCH BETTING ODDS ---


--- MATCH ENVIRONMENT ---
No environment data available for this match


==================================================
MATCH #49 OF 80
==================================================

----- MATCH SUMMARY -----
Timestamp: 2025-04-30 10:46:37 ET
Competition ID: 56ypq3nhll6md7o
Competition: South Africa Women's League (South Africa)
Match: First Touch Academy (w) vs UCT (w)
Score: 1 - 1 (HT: 1 - 0)
Status: Second half (Status ID: 4)

--- MATCH BETTING ODDS ---
ML (Money Line):
Time: 4 min | Home: -152 | Draw: +275 | Away: +350

SPREAD (Asia Handicap):
Time: 4 min | Home: -130 | Handicap: 0.75 | Away: -108

Over/Under:
Time: 4 min | Over: -119 | Line: 2.75 | Under: -116

--- MATCH ENVIRONMENT ---
Weather: Sunny
Wind: 5.3m/s
Humidity: 44%


==================================================
MATCH #50 OF 80
==================================================

----- MATCH SUMMARY -----
Timestamp: 2025-04-30 10:46:38 ET
Competition ID: 56ypq3nhll6md7o
Competition: South Africa Women's League (South Africa)
Match: Johannesburg Uni (w) vs Royal AM FC (W)
Score: 3 - 0 (HT: 1 - 0)
Status: Second half (Status ID: 4)

--- MATCH BETTING ODDS ---
ML (Money Line):
Time: 4 min | Home: -1111 | Draw: +750 | Away: +2200

SPREAD (Asia Handicap):
Time: 4 min | Home: -105 | Handicap: 2.5 | Away: -118

Over/Under:
Time: 4 min | Over: -105 | Line: 3.25 | Under: -118

--- MATCH ENVIRONMENT ---
Weather: Partially cloudy
Wind: 4.3m/s
Humidity: 45%


==================================================
MATCH #51 OF 80
==================================================

----- MATCH SUMMARY -----
Timestamp: 2025-04-30 10:46:39 ET
Competition ID: 56ypq3nhll6md7o
Competition: South Africa Women's League (South Africa)
Match: University of Pretoria (W) vs TUT FC (w)
Score: 0 - 0 (HT: 0 - 0)
Status: Abandoned (Status ID: 13)

--- MATCH BETTING ODDS ---
ML (Money Line):
Time: pre-match min | Home: +145 | Draw: +200 | Away: +162 (Closest time to minutes 4-6 available: pre-match)

SPREAD (Asia Handicap):
Time: pre-match min | Home: -122 | Handicap: 0.0 | Away: -103 (Closest time to minutes 4-6 available: pre-match)

Over/Under:
Time: pre-match min | Over: -111 | Line: 2.25 | Under: -111 (Closest time to minutes 4-6 available: pre-match)

--- MATCH ENVIRONMENT ---
Weather: Sunny
Wind: 3.7m/s
Humidity: 52%


==================================================
MATCH #52 OF 80
==================================================

----- MATCH SUMMARY -----
Timestamp: 2025-04-30 10:46:42 ET
Competition ID: kn54qllh40qvy9d
Competition: Kazakhstan Premier League (Kazakhstan)
Match: FK Atyrau vs FC Astana
Score: 0 - 2 (HT: 0 - 1)
Status: Second half (Status ID: 4)

--- MATCH BETTING ODDS ---
ML (Money Line):
Time: 4 min | Home: +500 | Draw: +375 | Away: -250

SPREAD (Asia Handicap):
Time: 4 min | Home: -103 | Handicap: -1.25 | Away: -122

Over/Under:
Time: 4 min | Over: -125 | Line: 2.75 | Under: +100

--- MATCH ENVIRONMENT ---
Weather: Partially cloudy
Wind: 3.7m/s
Humidity: 24%


==================================================
MATCH #53 OF 80
==================================================

----- MATCH SUMMARY -----
Timestamp: 2025-04-30 10:46:44 ET
Competition ID: 9dn1m1ghl1moepl
Competition: Turkish Third League (Turkey)
Match: Yeni Amasya Spor vs Mazidagi Fosfatspo
Score: 0 - 3 (HT: 0 - 0)
Status: Second half (Status ID: 4)

--- MATCH BETTING ODDS ---
ML (Money Line):
Time: 4 min | Home: +110 | Draw: +220 | Away: +220

SPREAD (Asia Handicap):
Time: 4 min | Home: -115 | Handicap: 0.25 | Away: -109

Over/Under:
Time: 4 min | Over: +100 | Line: 2.25 | Under: -125

--- MATCH ENVIRONMENT ---
Weather: Cloudy
Wind: 4.8m/s
Humidity: 49%


==================================================
MATCH #54 OF 80
==================================================

----- MATCH SUMMARY -----
Timestamp: 2025-04-30 10:46:46 ET
Competition ID: 9dn1m1ghl1moepl
Competition: Turkish Third League (Turkey)
Match: Kutahyaspor vs Duzcespor
Score: 2 - 1 (HT: 1 - 0)
Status: Second half (Status ID: 4)

--- MATCH BETTING ODDS ---
ML (Money Line):
Time: 4 min | Home: +137 | Draw: +240 | Away: +175

SPREAD (Asia Handicap):
Time: 4 min | Home: -108 | Handicap: 0.25 | Away: -130

Over/Under:
Time: 4 min | Over: -118 | Line: 2.25 | Under: -105

--- MATCH ENVIRONMENT ---
Weather: Foggy
Wind: 3.7m/s
Humidity: 53%


==================================================
MATCH #55 OF 80
==================================================

----- MATCH SUMMARY -----
Timestamp: 2025-04-30 10:46:48 ET
Competition ID: 9dn1m1ghl1moepl
Competition: Turkish Third League (Turkey)
Match: Kucukcekmece vs Corluspor
Score: 0 - 0 (HT: 0 - 0)
Status: Second half (Status ID: 4)

--- MATCH BETTING ODDS ---
ML (Money Line):
Time: 4 min | Home: +125 | Draw: +240 | Away: +175

SPREAD (Asia Handicap):
Time: 4 min | Home: +100 | Handicap: 0.25 | Away: -125

Over/Under:
Time: 4 min | Over: -108 | Line: 2.5 | Under: -120

--- MATCH ENVIRONMENT ---
Weather: Cloudy
Wind: 11.m/s
Humidity: 61%


==================================================
MATCH #56 OF 80
==================================================

----- MATCH SUMMARY -----
Timestamp: 2025-04-30 10:46:49 ET
Competition ID: 9dn1m1ghl1moepl
Competition: Turkish Third League (Turkey)
Match: Silivrispor vs Tire 2021 FK
Score: 0 - 0 (HT: 0 - 0)
Status: Second half (Status ID: 4)

--- MATCH BETTING ODDS ---
ML (Money Line):
Time: 5 min | Home: +105 | Draw: +220 | Away: +240

SPREAD (Asia Handicap):
Time: 4 min | Home: -130 | Handicap: 0.25 | Away: -104

Over/Under:
Time: 4 min | Over: -130 | Line: 2.25 | Under: +102

--- MATCH ENVIRONMENT ---
Weather: Cloudy
Wind: 11.m/s
Humidity: 63%


==================================================
MATCH #57 OF 80
==================================================

----- MATCH SUMMARY -----
Timestamp: 2025-04-30 10:46:50 ET
Competition ID: 9dn1m1ghl1moepl
Competition: Turkish Third League (Turkey)
Match: Zonguldak vs Kahramanmaras Bld
Score: 0 - 0 (HT: 0 - 0)
Status: Second half (Status ID: 4)

--- MATCH BETTING ODDS ---
ML (Money Line):
Time: 4 min | Home: +140 | Draw: +210 | Away: +187

SPREAD (Asia Handicap):
Time: 4 min | Home: -125 | Handicap: 0.0 | Away: -104

Over/Under:
Time: 4 min | Over: -118 | Line: 2.25 | Under: -110

--- MATCH ENVIRONMENT ---
Weather: Partially cloudy
Wind: 6.1m/s
Humidity: 77%


==================================================
MATCH #58 OF 80
==================================================

----- MATCH SUMMARY -----
Timestamp: 2025-04-30 10:46:53 ET
Competition ID: 8y39mp1hpxmojxg
Competition: Danish U19 Youth League (Denmark)
Match: Esbjerg U19 vs Randers Freja U19
Score: 1 - 2 (HT: 1 - 0)
Status: Second half (Status ID: 4)

--- MATCH BETTING ODDS ---
ML (Money Line):
Time: 4 min | Home: +162 | Draw: +260 | Away: +130

SPREAD (Asia Handicap):
Time: 4 min | Home: -125 | Handicap: -0.25 | Away: +100

Over/Under:
Time: 4 min | Over: -115 | Line: 3.0 | Under: -109

--- MATCH ENVIRONMENT ---
Weather: Sunny
Wind: 5.8m/s
Humidity: 74%


==================================================
MATCH #59 OF 80
==================================================

----- MATCH SUMMARY -----
Timestamp: 2025-04-30 10:46:54 ET
Competition ID: 56ypq3nhepnmd7o
Competition: IRQ D2 (Iraq)
Match: Al Fahad vs Al Sinaah
Score: 1 - 0 (HT: 0 - 0)
Status: Second half (Status ID: 4)

--- MATCH BETTING ODDS ---
ML (Money Line):
Time: 4 min | Home: -105 | Draw: +210 | Away: +275

SPREAD (Asia Handicap):
Time: 5 min | Home: +102 | Handicap: 0.5 | Away: -130

Over/Under:
Time: 4 min | Over: -118 | Line: 1.75 | Under: -105

--- MATCH ENVIRONMENT ---
No environment data available for this match


==================================================
MATCH #60 OF 80
==================================================

----- MATCH SUMMARY -----
Timestamp: 2025-04-30 10:46:56 ET
Competition ID: yl5ergphvnlr8k0
Competition: Cameroon Elite One (Cameroon)
Match: Canon Yaounde vs Colombe du Dja et Lobo
Score: 0 - 0 (HT: 0 - 0)
Status: Postponed (Status ID: 9)

--- MATCH BETTING ODDS ---


--- MATCH ENVIRONMENT ---
No environment data available for this match


==================================================
MATCH #61 OF 80
==================================================

----- MATCH SUMMARY -----
Timestamp: 2025-04-30 10:46:57 ET
Competition ID: e4wyrn4hdzvq86p
Competition: Poland Liga 3 (Poland)
Match: Cracovia II vs GKS Glinik Gorlice
Score: 2 - 1 (HT: 1 - 0)
Status: Second half (Status ID: 4)

--- MATCH BETTING ODDS ---
ML (Money Line):
Time: 4 min | Home: -303 | Draw: +450 | Away: +550

SPREAD (Asia Handicap):
Time: 4 min | Home: -122 | Handicap: 1.5 | Away: -103

Over/Under:
Time: 4 min | Over: +102 | Line: 3.25 | Under: -130

--- MATCH ENVIRONMENT ---
Weather: Partially cloudy
Wind: 3.1m/s
Humidity: 32%


==================================================
MATCH #62 OF 80
==================================================

----- MATCH SUMMARY -----
Timestamp: 2025-04-30 10:46:59 ET
Competition ID: yl5ergphvnlr8k0
Competition: Cameroon Elite One (Cameroon)
Match: Union Douala vs Panthere Sportive du Nde
Score: 0 - 0 (HT: 0 - 0)
Status: Postponed (Status ID: 9)

--- MATCH BETTING ODDS ---


--- MATCH ENVIRONMENT ---
No environment data available for this match


==================================================
MATCH #63 OF 80
==================================================

----- MATCH SUMMARY -----
Timestamp: 2025-04-30 10:47:00 ET
Competition ID: yl5ergphvnlr8k0
Competition: Cameroon Elite One (Cameroon)
Match: Bamboutos de vs Coton Sport
Score: 0 - 0 (HT: 0 - 0)
Status: Abandoned (Status ID: 13)

--- MATCH BETTING ODDS ---


--- MATCH ENVIRONMENT ---
No environment data available for this match


==================================================
MATCH #64 OF 80
==================================================

----- MATCH SUMMARY -----
Timestamp: 2025-04-30 10:47:02 ET
Competition ID: p3glrw7hwylqdyj
Competition: Lebanese Premier League (Lebanon)
Match: Al Nejmeh SC vs CS Sagesse
Score: 0 - 0 (HT: 0 - 0)
Status: Abandoned (Status ID: 13)

--- MATCH BETTING ODDS ---
ML (Money Line):
Time: pre-match min | Home: -125 | Draw: +240 | Away: +275 (Closest time to minutes 4-6 available: pre-match)

SPREAD (Asia Handicap):
Time: pre-match min | Home: -118 | Handicap: 0.5 | Away: -105 (Closest time to minutes 4-6 available: pre-match)

Over/Under:
Time: pre-match min | Over: +102 | Line: 2.25 | Under: -130 (Closest time to minutes 4-6 available: pre-match)

--- MATCH ENVIRONMENT ---
No environment data available for this match


==================================================
MATCH #65 OF 80
==================================================

----- MATCH SUMMARY -----
Timestamp: 2025-04-30 10:47:04 ET
Competition ID: 56ypq3nhepnmd7o
Competition: IRQ D2 (Iraq)
Match: Peshmerga Sulaymaniya SC vs Masafi Al-Junoob
Score: 1 - 0 (HT: 0 - 0)
Status: Second half (Status ID: 4)

--- MATCH BETTING ODDS ---
ML (Money Line):
Time: 4 min | Home: +160 | Draw: +175 | Away: +200

SPREAD (Asia Handicap):
Time: 7 min | Home: +108 | Handicap: 0.25 | Away: -161 (Closest time to minutes 4-6 available: 7)

Over/Under:
Time: 4 min | Over: +105 | Line: 2.0 | Under: -133

--- MATCH ENVIRONMENT ---
No environment data available for this match


==================================================
MATCH #66 OF 80
==================================================

----- MATCH SUMMARY -----
Timestamp: 2025-04-30 10:47:06 ET
Competition ID: 9vjxm8ghgy0r6od
Competition: Uganda Premier League (Uganda)
Match: Mbarara City vs NEC FC Bugolobi
Score: 1 - 1 (HT: 0 - 0)
Status: Second half (Status ID: 4)

--- MATCH BETTING ODDS ---
ML (Money Line):
Time: 4 min | Home: +550 | Draw: +250 | Away: -189

SPREAD (Asia Handicap):
Time: 4 min | Home: -125 | Handicap: -1.0 | Away: +100

Over/Under:
Time: 4 min | Over: -111 | Line: 2.0 | Under: -111

--- MATCH ENVIRONMENT ---
Weather: Partially cloudy
Wind: 5.1m/s
Humidity: 75%


==================================================
MATCH #67 OF 80
==================================================

----- MATCH SUMMARY -----
Timestamp: 2025-04-30 10:47:08 ET
Competition ID: yl5ergphvnlr8k0
Competition: Cameroon Elite One (Cameroon)
Match: PWD de Bamenda vs Les Astres FC
Score: 0 - 0 (HT: 0 - 0)
Status: Postponed (Status ID: 9)

--- MATCH BETTING ODDS ---


--- MATCH ENVIRONMENT ---
No environment data available for this match


==================================================
MATCH #68 OF 80
==================================================

----- MATCH SUMMARY -----
Timestamp: 2025-04-30 10:47:09 ET
Competition ID: 56ypq3nhepnmd7o
Competition: IRQ D2 (Iraq)
Match: Kadhimiya SC vs Naft Al-Wassat SC
Score: 1 - 0 (HT: 0 - 0)
Status: Second half (Status ID: 4)

--- MATCH BETTING ODDS ---
ML (Money Line):
Time: 4 min | Home: -164 | Draw: +240 | Away: +450

SPREAD (Asia Handicap):
Time: 4 min | Home: -118 | Handicap: 0.75 | Away: -105

Over/Under:
Time: 4 min | Over: +102 | Line: 2.0 | Under: -130

--- MATCH ENVIRONMENT ---
Weather: Sunny
Wind: 3.2m/s
Humidity: 19%


==================================================
MATCH #69 OF 80
==================================================

----- MATCH SUMMARY -----
Timestamp: 2025-04-30 10:47:11 ET
Competition ID: 56ypq3nhepnmd7o
Competition: IRQ D2 (Iraq)
Match: Al-Masafi vs Al Gharraf
Score: 1 - 1 (HT: 0 - 0)
Status: Second half (Status ID: 4)

--- MATCH BETTING ODDS ---
ML (Money Line):
Time: 4 min | Home: +200 | Draw: +210 | Away: +130

SPREAD (Asia Handicap):
Time: 4 min | Home: +112 | Handicap: 0.0 | Away: -169

Over/Under:
Time: 4 min | Over: +102 | Line: 2.25 | Under: -130

--- MATCH ENVIRONMENT ---
Weather: Sunny
Wind: 3.2m/s
Humidity: 20%


==================================================
MATCH #70 OF 80
==================================================

----- MATCH SUMMARY -----
Timestamp: 2025-04-30 10:47:13 ET
Competition ID: 56ypq3nhepnmd7o
Competition: IRQ D2 (Iraq)
Match: Al Ramadi vs Al Bahri
Score: 0 - 0 (HT: 0 - 0)
Status: Abandoned (Status ID: 13)

--- MATCH BETTING ODDS ---
ML (Money Line):
Time: pre-match min | Home: +190 | Draw: +155 | Away: +162 (Closest time to minutes 4-6 available: pre-match)

SPREAD (Asia Handicap):
Time: pre-match min | Home: +100 | Handicap: 0.0 | Away: -125 (Closest time to minutes 4-6 available: pre-match)

Over/Under:
Time: pre-match min | Over: -111 | Line: 1.75 | Under: -111 (Closest time to minutes 4-6 available: pre-match)

--- MATCH ENVIRONMENT ---
Weather: Sunny
Wind: 3.2m/s
Humidity: 13%


==================================================
MATCH #71 OF 80
==================================================

----- MATCH SUMMARY -----
Timestamp: 2025-04-30 10:47:15 ET
Competition ID: 56ypq3nhepnmd7o
Competition: IRQ D2 (Iraq)
Match: Amanat Baghdad vs Afak SC
Score: 1 - 1 (HT: 1 - 0)
Status: Second half (Status ID: 4)

--- MATCH BETTING ODDS ---
ML (Money Line):
Time: 4 min | Home: -125 | Draw: +220 | Away: +350

SPREAD (Asia Handicap):
Time: 4 min | Home: -122 | Handicap: 0.5 | Away: -103

Over/Under:
Time: 4 min | Over: -105 | Line: 2.0 | Under: -118

--- MATCH ENVIRONMENT ---
Weather: Sunny
Wind: 3.2m/s
Humidity: 19%


==================================================
MATCH #72 OF 80
==================================================

----- MATCH SUMMARY -----
Timestamp: 2025-04-30 10:47:16 ET
Competition ID: 9vjxm8ghgy0r6od
Competition: Uganda Premier League (Uganda)
Match: Mbale Heroes vs Ma Lu
Score: 0 - 1 (HT: 0 - 1)
Status: Second half (Status ID: 4)

--- MATCH BETTING ODDS ---

SPREAD (Asia Handicap):
Time: 4 min | Home: -101 | Handicap: -0.5 | Away: -128

Over/Under:
Time: 4 min | Over: -128 | Line: 2.5 | Under: -116

--- MATCH ENVIRONMENT ---
Weather: Cloudy
Wind: 3.7m/s
Humidity: 57%


==================================================
MATCH #73 OF 80
==================================================

----- MATCH SUMMARY -----
Timestamp: 2025-04-30 10:47:18 ET
Competition ID: 9dn1m1gh8zomoep
Competition: Kenya Football League (Kenya)
Match: Darajani Gogo vs MOFA FC
Score: 3 - 0 (HT: 3 - 0)
Status: Second half (Status ID: 4)

--- MATCH BETTING ODDS ---
ML (Money Line):
Time: 4 min | Home: -303 | Draw: +375 | Away: +650

SPREAD (Asia Handicap):
Time: 4 min | Home: -125 | Handicap: 0.25 | Away: +100

Over/Under:
Time: 4 min | Over: +102 | Line: 3.25 | Under: -130

--- MATCH ENVIRONMENT ---
Weather: Partially cloudy
Wind: 5.6m/s
Humidity: 57%


==================================================
MATCH #74 OF 80
==================================================

----- MATCH SUMMARY -----
Timestamp: 2025-04-30 10:47:19 ET
Competition ID: p3glrw7hwylqdyj
Competition: Lebanese Premier League (Lebanon)
Match: Tadamon SC Sour vs Al Ansar SC
Score: 0 - 0 (HT: 0 - 0)
Status: Finished (Status ID: 8)

--- MATCH BETTING ODDS ---
ML (Money Line):
Time: 4 min | Home: +1100 | Draw: +750 | Away: -833

SPREAD (Asia Handicap):
Time: 4 min | Home: -133 | Handicap: -2.25 | Away: -111

Over/Under:
Time: 4 min | Over: -149 | Line: 2.5 | Under: +100

--- MATCH ENVIRONMENT ---
Weather: Windy
Wind: 5.1m/s
Humidity: 35%


==================================================
MATCH #75 OF 80
==================================================

----- MATCH SUMMARY -----
Timestamp: 2025-04-30 10:47:21 ET
Competition ID: kdj2ryohpeq1zpg
Competition: Armenian First League (Armenia)
Match: Lernayin Artsakh vs Bentonit Idzhevan
Score: 1 - 3 (HT: 1 - 0)
Status: Finished (Status ID: 8)

--- MATCH BETTING ODDS ---

Over/Under:
Time: pre-match min | Over: -222 | Line: 2.5 | Under: +144 (Closest time to minutes 4-6 available: pre-match)

--- MATCH ENVIRONMENT ---
No environment data available for this match


==================================================
MATCH #76 OF 80
==================================================

----- MATCH SUMMARY -----
Timestamp: 2025-04-30 10:47:22 ET
Competition ID: kdj2ryohpeq1zpg
Competition: Armenian First League (Armenia)
Match: Shirak Gjumri B vs Andranik
Score: 2 - 2 (HT: 1 - 1)
Status: Finished (Status ID: 8)

--- MATCH BETTING ODDS ---


--- MATCH ENVIRONMENT ---
No environment data available for this match


==================================================
MATCH #77 OF 80
==================================================

----- MATCH SUMMARY -----
Timestamp: 2025-04-30 10:47:26 ET
Competition ID: z318q66hl1qo9jd
Competition: Japanese J1 League (Japan)
Match: Cerezo Osaka vs Machida Zelvia
Score: 1 - 2 (HT: 0 - 0)
Status: Finished (Status ID: 8)

--- MATCH BETTING ODDS ---
ML (Money Line):
Time: 4 min | Home: +210 | Draw: +200 | Away: +140

SPREAD (Asia Handicap):
Time: 4 min | Home: -139 | Handicap: -0.25 | Away: +107

Over/Under:
Time: 4 min | Over: -125 | Line: 2.0 | Under: +100

--- MATCH ENVIRONMENT ---
Weather: Partially cloudy
Wind: 8.7m/s
Humidity: 55%


==================================================
MATCH #78 OF 80
==================================================

----- MATCH SUMMARY -----
Timestamp: 2025-04-30 10:47:28 ET
Competition ID: v2y8m4zhydql074
Competition: Uruguay Primera Division (Uruguay)
Match: Montevideo City Torque vs Montevideo Wanderers FC
Score: 0 - 0 (HT: 0 - 0)
Status: Finished (Status ID: 8)

--- MATCH BETTING ODDS ---
ML (Money Line):
Time: 4 min | Home: +160 | Draw: +210 | Away: +175

SPREAD (Asia Handicap):
Time: 4 min | Home: -122 | Handicap: 0.0 | Away: -104

Over/Under:
Time: 4 min | Over: -108 | Line: 2.25 | Under: -115

--- MATCH ENVIRONMENT ---
Weather: Partially cloudy
Wind: 1.8m/s
Humidity: 88%


==================================================
MATCH #79 OF 80
==================================================

----- MATCH SUMMARY -----
Timestamp: 2025-04-30 10:47:30 ET
Competition ID: 56ypq3nhzogmd7o
Competition: Portuguese Champions Nacional Juniores A 2 (Portugal)
Match: Vitoria SC Guimaraes U19 vs Tondela U19
Score: 1 - 2 (HT: 0 - 1)
Status: Finished (Status ID: 8)

--- MATCH BETTING ODDS ---
ML (Money Line):
Time: pre-match min | Home: +15000 | Draw: +2200 | Away: -10000 (Closest time to minutes 4-6 available: pre-match)

SPREAD (Asia Handicap):
Time: pre-match min | Home: -333 | Handicap: 0.0 | Away: +245 (Closest time to minutes 4-6 available: pre-match)

Over/Under:
Time: pre-match min | Over: +900 | Line: 3.5 | Under: -1667 (Closest time to minutes 4-6 available: pre-match)

--- MATCH ENVIRONMENT ---
Weather: Foggy
Wind: 3.7m/s
Humidity: 91%


==================================================
MATCH #80 OF 80
==================================================

----- MATCH SUMMARY -----
Timestamp: 2025-04-30 10:47:32 ET
Competition ID: v2y8m4zhv6ql074
Competition: Israel Leumit League (Israel)
Match: Hapoel Ramat Gan vs Maccabi Herzliya
Score: 2 - 0 (HT: 2 - 0)
Status: Finished (Status ID: 8)

--- MATCH BETTING ODDS ---
ML (Money Line):
Time: 4 min | Home: -105 | Draw: +300 | Away: +210

SPREAD (Asia Handicap):
Time: 4 min | Home: -130 | Handicap: 0.25 | Away: +102

Over/Under:
Time: 4 min | Over: -125 | Line: 2.75 | Under: +100

--- MATCH ENVIRONMENT ---
Weather: Sunny
Wind: 8.4m/s
Humidity: 40%


==================================================
END OF LIVE MATCH DATA - 80 MATCHES DISPLAYED
==================================================
Refreshing in 30 seconds... (Press Ctrl+C to exit)

================================================================================


================================================================================
FETCH TIMESTAMP: 2025-04-30 10:49:49 ET
================================================================================

Fetching country data...
Fetching country data...
Fetching live matches...

===== FOUND 80 LIVE FOOTBALL MATCHES =====

Last updated: 2025-04-30 14:48:03
==================================================
MATCH #1 OF 80
==================================================

----- MATCH SUMMARY -----
Timestamp: 2025-04-30 10:48:05 ET
Competition ID: kdj2ryohjn7q1zp
Competition: Cameroon Elite two (Cameroon)
Match: Union Abong-Mbang vs Tonnerre Yaounde
Score: 0 - 0 (HT: 0 - 0)
Status: First half (Status ID: 2)

--- MATCH BETTING ODDS ---


--- MATCH ENVIRONMENT ---
No environment data available for this match


==================================================
MATCH #2 OF 80
==================================================

----- MATCH SUMMARY -----
Timestamp: 2025-04-30 10:48:06 ET
Competition ID: kdj2ryohjn7q1zp
Competition: Cameroon Elite two (Cameroon)
Match: Isohsa Limbe vs Bafmeng United
Score: 0 - 0 (HT: 0 - 0)
Status: Abandoned (Status ID: 13)

--- MATCH BETTING ODDS ---


--- MATCH ENVIRONMENT ---
No environment data available for this match


==================================================
MATCH #3 OF 80
==================================================

----- MATCH SUMMARY -----
Timestamp: 2025-04-30 10:48:08 ET
Competition ID: j1l4rjnhxpvm7vx
Competition: Indian Super Cup (India)
Match: Mumbai City FC  vs Jamshedpur FC
Score: 0 - 0 (HT: 0 - 0)
Status: First half (Status ID: 2)

--- MATCH BETTING ODDS ---
ML (Money Line):
Time: 4 min | Home: +220 | Draw: +260 | Away: +105

SPREAD (Asia Handicap):
Time: 4 min | Home: +100 | Handicap: -0.25 | Away: -125

Over/Under:
Time: 4 min | Over: -112 | Line: 2.5 | Under: -103

--- MATCH ENVIRONMENT ---
Weather: Sunny
Wind: 5.3m/s
Humidity: 69%


==================================================
MATCH #4 OF 80
==================================================

----- MATCH SUMMARY -----
Timestamp: 2025-04-30 10:48:09 ET
Competition ID: kdj2ryohjn7q1zp
Competition: Cameroon Elite two (Cameroon)
Match: Eding Sport FC vs FAP Yaounde
Score: 0 - 0 (HT: 0 - 0)
Status: First half (Status ID: 2)

--- MATCH BETTING ODDS ---
ML (Money Line):
Time: pre-match min | Home: +300 | Draw: +175 | Away: -105 (Closest time to minutes 4-6 available: pre-match)

SPREAD (Asia Handicap):
Time: 4 min | Home: -114 | Handicap: -0.5 | Away: -118

Over/Under:
Time: 4 min | Over: +100 | Line: 2.0 | Under: -130

--- MATCH ENVIRONMENT ---
No environment data available for this match


==================================================
MATCH #5 OF 80
==================================================

----- MATCH SUMMARY -----
Timestamp: 2025-04-30 10:48:11 ET
Competition ID: 9vjxm8gh5lr6odg
Competition: Slovak 2.Liga (Slovakia)
Match: FC Artmedia Petrzalka vs MSK Zilina B
Score: 1 - 0 (HT: 1 - 0)
Status: First half (Status ID: 2)

--- MATCH BETTING ODDS ---

SPREAD (Asia Handicap):
Time: 4 min | Home: -114 | Handicap: 0.75 | Away: -122

Over/Under:
Time: 4 min | Over: -119 | Line: 4.0 | Under: -116

--- MATCH ENVIRONMENT ---
No environment data available for this match


==================================================
MATCH #6 OF 80
==================================================

----- MATCH SUMMARY -----
Timestamp: 2025-04-30 10:48:13 ET
Competition ID: l965mkyh4jdr1ge
Competition: Argentine Reserve League (Argentina)
Match: Acassuso Reserves vs Deportivo Liniers Reserves
Score: 0 - 0 (HT: 0 - 0)
Status: First half (Status ID: 2)

--- MATCH BETTING ODDS ---
ML (Money Line):
Time: 4 min | Home: -120 | Draw: +240 | Away: +275

SPREAD (Asia Handicap):
Time: 4 min | Home: -111 | Handicap: 0.5 | Away: -111

Over/Under:
Time: 4 min | Over: +102 | Line: 2.5 | Under: -130

--- MATCH ENVIRONMENT ---
No environment data available for this match


==================================================
MATCH #7 OF 80
==================================================

----- MATCH SUMMARY -----
Timestamp: 2025-04-30 10:48:15 ET
Competition ID: v2y8m4zhg91ql07
Competition: Greek Amateur Cup (Greece)
Match: Kyanos Astir Varis vs Aris Voulas FC
Score: 1 - 1 (HT: 1 - 1)
Status: First half (Status ID: 2)

--- MATCH BETTING ODDS ---
ML (Money Line):
Time: 5 min | Home: -152 | Draw: +275 | Away: +375

SPREAD (Asia Handicap):
Time: 6 min | Home: -133 | Handicap: 0.75 | Away: -111

Over/Under:
Time: 4 min | Over: -122 | Line: 2.5 | Under: -123

--- MATCH ENVIRONMENT ---
No environment data available for this match


==================================================
MATCH #8 OF 80
==================================================

----- MATCH SUMMARY -----
Timestamp: 2025-04-30 10:48:17 ET
Competition ID: z8yomo4h7vvq0j6
Competition: Uzbekistan Cup (Uzbekistan)
Match: Neftchi Fargona vs Fergana University
Score: 1 - 0 (HT: 1 - 0)
Status: First half (Status ID: 2)

--- MATCH BETTING ODDS ---
ML (Money Line):
Time: 4 min | Home: -455 | Draw: +500 | Away: +800

SPREAD (Asia Handicap):
Time: 4 min | Home: -125 | Handicap: 1.75 | Away: +100

Over/Under:
Time: 4 min | Over: -118 | Line: 2.75 | Under: -105

--- MATCH ENVIRONMENT ---
Weather: Partially cloudy
Wind: 4.3m/s
Humidity: 37%


==================================================
MATCH #9 OF 80
==================================================

----- MATCH SUMMARY -----
Timestamp: 2025-04-30 10:48:18 ET
Competition ID: 9dn1m1ghe56moep
Competition: North Macedonia Women's League (North Macedonia)
Match: ZFK Skopje 2014 (w) vs ZFK Atletiko Bitola (W)
Score: 0 - 0 (HT: 0 - 0)
Status: First half (Status ID: 2)

--- MATCH BETTING ODDS ---
ML (Money Line):
Time: 4 min | Home: -909 | Draw: +650 | Away: +1200

SPREAD (Asia Handicap):
Time: 5 min | Home: -115 | Handicap: 2.5 | Away: -130

Over/Under:
Time: 4 min | Over: -103 | Line: 3.25 | Under: -122

--- MATCH ENVIRONMENT ---
No environment data available for this match


==================================================
MATCH #10 OF 80
==================================================

----- MATCH SUMMARY -----
Timestamp: 2025-04-30 10:48:20 ET
Competition ID: l965mkyh4jdr1ge
Competition: Argentine Reserve League (Argentina)
Match: Defensores de Belgrano Reserves vs Gimnasia Mendoza Reserves
Score: 0 - 2 (HT: 0 - 2)
Status: First half (Status ID: 2)

--- MATCH BETTING ODDS ---
ML (Money Line):
Time: 3 min | Home: -111 | Draw: +220 | Away: +300 (Closest time to minutes 4-6 available: 3)

SPREAD (Asia Handicap):
Time: 4 min | Home: -111 | Handicap: 0.5 | Away: -114

Over/Under:
Time: 4 min | Over: -108 | Line: 2.25 | Under: -130

--- MATCH ENVIRONMENT ---
No environment data available for this match


==================================================
MATCH #11 OF 80
==================================================

----- MATCH SUMMARY -----
Timestamp: 2025-04-30 10:48:21 ET
Competition ID: l965mkyh4jdr1ge
Competition: Argentine Reserve League (Argentina)
Match: Temperley Reserves vs Chacarita Juniors Reserves
Score: 0 - 0 (HT: 0 - 0)
Status: First half (Status ID: 2)

--- MATCH BETTING ODDS ---
ML (Money Line):
Time: 4 min | Home: -105 | Draw: +225 | Away: +260

SPREAD (Asia Handicap):
Time: 4 min | Home: +100 | Handicap: 0.5 | Away: -125

Over/Under:
Time: 4 min | Over: -125 | Line: 2.0 | Under: +100

--- MATCH ENVIRONMENT ---
No environment data available for this match


==================================================
MATCH #12 OF 80
==================================================

----- MATCH SUMMARY -----
Timestamp: 2025-04-30 10:48:22 ET
Competition ID: l965mkyh4jdr1ge
Competition: Argentine Reserve League (Argentina)
Match: CA Lugano Reserves vs Berazategui Reserves
Score: 0 - 0 (HT: 0 - 0)
Status: First half (Status ID: 2)

--- MATCH BETTING ODDS ---
ML (Money Line):
Time: 3 min | Home: +200 | Draw: +225 | Away: +120 (Closest time to minutes 4-6 available: 3)

SPREAD (Asia Handicap):
Time: 4 min | Home: -130 | Handicap: -0.25 | Away: -108

Over/Under:
Time: 4 min | Over: -118 | Line: 2.5 | Under: -118

--- MATCH ENVIRONMENT ---
Weather: Sunny
Wind: 2.9m/s
Humidity: 61%


==================================================
MATCH #13 OF 80
==================================================

----- MATCH SUMMARY -----
Timestamp: 2025-04-30 10:48:23 ET
Competition ID: l965mkyh4jdr1ge
Competition: Argentine Reserve League (Argentina)
Match: Real Pilar Reserves vs Deportivo Merlo Reserves
Score: 0 - 0 (HT: 0 - 0)
Status: First half (Status ID: 2)

--- MATCH BETTING ODDS ---
ML (Money Line):
Time: 6 min | Home: +130 | Draw: +240 | Away: +175

SPREAD (Asia Handicap):
Time: 4 min | Home: -104 | Handicap: 0.25 | Away: -130

Over/Under:
Time: 4 min | Over: -122 | Line: 2.25 | Under: -103

--- MATCH ENVIRONMENT ---
No environment data available for this match


==================================================
MATCH #14 OF 80
==================================================

----- MATCH SUMMARY -----
Timestamp: 2025-04-30 10:48:25 ET
Competition ID: 56ypq3nh01nmd7o
Competition: Egyptian Premier League (Egypt)
Match: Haras El Hodood vs Pyramids FC
Score: 0 - 1 (HT: 0 - 1)
Status: First half (Status ID: 2)

--- MATCH BETTING ODDS ---
ML (Money Line):
Time: 4 min | Home: +650 | Draw: +275 | Away: -200

SPREAD (Asia Handicap):
Time: 4 min | Home: -103 | Handicap: -1.0 | Away: -122

Over/Under:
Time: 4 min | Over: +100 | Line: 2.25 | Under: -125

--- MATCH ENVIRONMENT ---
Weather: Partially cloudy
Wind: 6.1m/s
Humidity: 69%


==================================================
MATCH #15 OF 80
==================================================

----- MATCH SUMMARY -----
Timestamp: 2025-04-30 10:48:26 ET
Competition ID: kdj2ryohjn7q1zp
Competition: Cameroon Elite two (Cameroon)
Match: Djiko FC de Bandjoun vs Fovu de Baham
Score: 0 - 0 (HT: 0 - 0)
Status: Abandoned (Status ID: 13)

--- MATCH BETTING ODDS ---


--- MATCH ENVIRONMENT ---
No environment data available for this match


==================================================
MATCH #16 OF 80
==================================================

----- MATCH SUMMARY -----
Timestamp: 2025-04-30 10:48:27 ET
Competition ID: 9k82rekhokorepz
Competition: Namibia Premier League (Namibia)
Match: Young Africans Sports Club vs Mighty Gunners
Score: 0 - 0 (HT: 0 - 0)
Status: Abandoned (Status ID: 13)

--- MATCH BETTING ODDS ---


--- MATCH ENVIRONMENT ---
No environment data available for this match


==================================================
MATCH #17 OF 80
==================================================

----- MATCH SUMMARY -----
Timestamp: 2025-04-30 10:48:28 ET
Competition ID: e4wyrn4hdzvq86p
Competition: Poland Liga 3 (Poland)
Match: Polonia Lidzbark vs Sieradz
Score: 0 - 0 (HT: 0 - 0)
Status: First half (Status ID: 2)

--- MATCH BETTING ODDS ---


--- MATCH ENVIRONMENT ---
No environment data available for this match


==================================================
MATCH #18 OF 80
==================================================

----- MATCH SUMMARY -----
Timestamp: 2025-04-30 10:48:29 ET
Competition ID: e4wyrn4hdzvq86p
Competition: Poland Liga 3 (Poland)
Match: Warta Gorzów Wielkopolski vs Lechia Zielona Gora
Score: 0 - 0 (HT: 0 - 0)
Status: Half-time break (Status ID: 3)

--- MATCH BETTING ODDS ---
ML (Money Line):
Time: 4 min | Home: +125 | Draw: +260 | Away: +162

SPREAD (Asia Handicap):
Time: 4 min | Home: -152 | Handicap: 0.0 | Away: +102

Over/Under:
Time: 4 min | Over: -103 | Line: 2.75 | Under: -122

--- MATCH ENVIRONMENT ---
No environment data available for this match


==================================================
MATCH #19 OF 80
==================================================

----- MATCH SUMMARY -----
Timestamp: 2025-04-30 10:48:31 ET
Competition ID: v2y8m4zhw4ql074
Competition: Romanian Liga II (Romania)
Match: Steaua Bucuresti vs FK Csikszereda Miercurea Ciuc
Score: 0 - 0 (HT: 0 - 0)
Status: Half-time break (Status ID: 3)

--- MATCH BETTING ODDS ---
ML (Money Line):
Time: 4 min | Home: +160 | Draw: +162 | Away: +210

SPREAD (Asia Handicap):
Time: 4 min | Home: -133 | Handicap: 0.0 | Away: +105

Over/Under:
Time: 4 min | Over: +102 | Line: 2.0 | Under: -130

--- MATCH ENVIRONMENT ---
Weather: Sunny
Wind: 1.2m/s
Humidity: 31%


==================================================
MATCH #20 OF 80
==================================================

----- MATCH SUMMARY -----
Timestamp: 2025-04-30 10:48:33 ET
Competition ID: 9dn1m1gh84pmoep
Competition: Portuguese U23 League (Portugal)
Match: Benfica U23 vs Vizela U23
Score: 1 - 1 (HT: 1 - 1)
Status: First half (Status ID: 2)

--- MATCH BETTING ODDS ---
ML (Money Line):
Time: 4 min | Home: -152 | Draw: +300 | Away: +300

SPREAD (Asia Handicap):
Time: 4 min | Home: -122 | Handicap: 0.75 | Away: -103

Over/Under:
Time: 4 min | Over: -118 | Line: 3.0 | Under: -105

--- MATCH ENVIRONMENT ---
Weather: Partially cloudy
Wind: 3.7m/s
Humidity: 64%


==================================================
MATCH #21 OF 80
==================================================

----- MATCH SUMMARY -----
Timestamp: 2025-04-30 10:48:35 ET
Competition ID: 9dn1m1gh84pmoep
Competition: Portuguese U23 League (Portugal)
Match: Gil Vicente U23 vs Estoril U23
Score: 1 - 0 (HT: 1 - 0)
Status: First half (Status ID: 2)

--- MATCH BETTING ODDS ---
ML (Money Line):
Time: 4 min | Home: +125 | Draw: +260 | Away: +175

SPREAD (Asia Handicap):
Time: 4 min | Home: +100 | Handicap: 0.25 | Away: -125

Over/Under:
Time: 4 min | Over: -114 | Line: 2.75 | Under: -106

--- MATCH ENVIRONMENT ---
Weather: Unknown (10)
Wind: 4.5m/s
Humidity: 93%


==================================================
MATCH #22 OF 80
==================================================

----- MATCH SUMMARY -----
Timestamp: 2025-04-30 10:48:36 ET
Competition ID: 9dn1m1gh84pmoep
Competition: Portuguese U23 League (Portugal)
Match: Sporting CP U23 vs Estrela FC U23
Score: 0 - 0 (HT: 0 - 0)
Status: Half-time break (Status ID: 3)

--- MATCH BETTING ODDS ---
ML (Money Line):
Time: 4 min | Home: -164 | Draw: +275 | Away: +375

SPREAD (Asia Handicap):
Time: 4 min | Home: -125 | Handicap: 0.75 | Away: +100

Over/Under:
Time: 4 min | Over: -105 | Line: 2.5 | Under: -118

--- MATCH ENVIRONMENT ---
Weather: Partially cloudy
Wind: 3.7m/s
Humidity: 64%


==================================================
MATCH #23 OF 80
==================================================

----- MATCH SUMMARY -----
Timestamp: 2025-04-30 10:48:38 ET
Competition ID: p4jwq2ghv1vm0ve
Competition: Rwandan Cup (Rwanda)
Match: APR FC vs Police(RWA)
Score: 1 - 0 (HT: 1 - 0)
Status: First half (Status ID: 2)

--- MATCH BETTING ODDS ---
ML (Money Line):
Time: 5 min | Home: -175 | Draw: +225 | Away: +550

SPREAD (Asia Handicap):
Time: 4 min | Home: -105 | Handicap: 1.0 | Away: -141

Over/Under:
Time: 4 min | Over: -103 | Line: 2.0 | Under: -122

--- MATCH ENVIRONMENT ---
Weather: Partially cloudy
Wind: 2.0m/s
Humidity: 78%


==================================================
MATCH #24 OF 80
==================================================

----- MATCH SUMMARY -----
Timestamp: 2025-04-30 10:48:40 ET
Competition ID: kjw2r09hl1wrz84
Competition: Tunisian Professional League 2 (Tunisia)
Match: CS.Hammam-Lif vs Megrine
Score: 0 - 0 (HT: 0 - 0)
Status: First half (Status ID: 2)

--- MATCH BETTING ODDS ---

SPREAD (Asia Handicap):
Time: 21 min | Home: +121 | Handicap: -0.5 | Away: -182 (Closest time to minutes 4-6 available: 21)

Over/Under:
Time: 18 min | Over: -132 | Line: 2.25 | Under: -114 (Closest time to minutes 4-6 available: 18)

--- MATCH ENVIRONMENT ---
No environment data available for this match


==================================================
MATCH #25 OF 80
==================================================

----- MATCH SUMMARY -----
Timestamp: 2025-04-30 10:48:41 ET
Competition ID: kjw2r09hl1wrz84
Competition: Tunisian Professional League 2 (Tunisia)
Match: Croissant Msaken vs Stade Africain Menzel Bourguib
Score: 0 - 0 (HT: 0 - 0)
Status: First half (Status ID: 2)

--- MATCH BETTING ODDS ---

SPREAD (Asia Handicap):
Time: 4 min | Home: -122 | Handicap: 0.5 | Away: +100

Over/Under:
Time: 4 min | Over: -112 | Line: 1.5 | Under: -110

--- MATCH ENVIRONMENT ---
Weather: Partially cloudy
Wind: 8.1m/s
Humidity: 44%


==================================================
MATCH #26 OF 80
==================================================

----- MATCH SUMMARY -----
Timestamp: 2025-04-30 10:48:42 ET
Competition ID: kjw2r09hl1wrz84
Competition: Tunisian Professional League 2 (Tunisia)
Match: AS Kasserine vs AS jelma
Score: 1 - 0 (HT: 1 - 0)
Status: First half (Status ID: 2)

--- MATCH BETTING ODDS ---

Over/Under:
Time: pre-match min | Over: +160 | Line: 2.5 | Under: -244 (Closest time to minutes 4-6 available: pre-match)

--- MATCH ENVIRONMENT ---
No environment data available for this match


==================================================
MATCH #27 OF 80
==================================================

----- MATCH SUMMARY -----
Timestamp: 2025-04-30 10:48:44 ET
Competition ID: kn54qllhey9qvy9
Competition: Egyptian Division 2 (Egypt)
Match: Team FC Cairo vs Al Nasr Cairo
Score: 1 - 1 (HT: 1 - 1)
Status: Second half (Status ID: 4)

--- MATCH BETTING ODDS ---
ML (Money Line):
Time: 11 min | Home: +162 | Draw: +250 | Away: +137 (Closest time to minutes 4-6 available: 11)

SPREAD (Asia Handicap):
Time: 11 min | Home: -139 | Handicap: 0.75 | Away: +107 (Closest time to minutes 4-6 available: 11)

Over/Under:
Time: 11 min | Over: -122 | Line: 3.0 | Under: -103 (Closest time to minutes 4-6 available: 11)

--- MATCH ENVIRONMENT ---
No environment data available for this match


==================================================
MATCH #28 OF 80
==================================================

----- MATCH SUMMARY -----
Timestamp: 2025-04-30 10:48:45 ET
Competition ID: kn54qllhey9qvy9
Competition: Egyptian Division 2 (Egypt)
Match: Aswan vs El Mansoura
Score: 1 - 1 (HT: 1 - 1)
Status: Second half (Status ID: 4)

--- MATCH BETTING ODDS ---
ML (Money Line):
Time: 4 min | Home: +187 | Draw: +220 | Away: +137

SPREAD (Asia Handicap):
Time: 4 min | Home: -133 | Handicap: 0.75 | Away: +105

Over/Under:
Time: 4 min | Over: -130 | Line: 3.0 | Under: +102

--- MATCH ENVIRONMENT ---
Weather: Sunny
Wind: 3.7m/s
Humidity: 9%


==================================================
MATCH #29 OF 80
==================================================

----- MATCH SUMMARY -----
Timestamp: 2025-04-30 10:48:46 ET
Competition ID: kn54qllhey9qvy9
Competition: Egyptian Division 2 (Egypt)
Match: Olympic El Qanal vs Proxy SC
Score: 1 - 0 (HT: 1 - 0)
Status: Second half (Status ID: 4)

--- MATCH BETTING ODDS ---
ML (Money Line):
Time: 4 min | Home: +160 | Draw: +175 | Away: +175

SPREAD (Asia Handicap):
Time: 4 min | Home: -110 | Handicap: 0.0 | Away: -110

Over/Under:
Time: 4 min | Over: -130 | Line: 1.75 | Under: +102

--- MATCH ENVIRONMENT ---
Weather: Partially cloudy
Wind: 13.m/s
Humidity: 32%


==================================================
MATCH #30 OF 80
==================================================

----- MATCH SUMMARY -----
Timestamp: 2025-04-30 10:48:48 ET
Competition ID: kn54qllhey9qvy9
Competition: Egyptian Division 2 (Egypt)
Match: Asyut Petroleum vs Abou Qir Fertilizers SC
Score: 1 - 1 (HT: 1 - 1)
Status: Second half (Status ID: 4)

--- MATCH BETTING ODDS ---
ML (Money Line):
Time: 4 min | Home: +350 | Draw: +210 | Away: -125

SPREAD (Asia Handicap):
Time: 4 min | Home: +100 | Handicap: -0.5 | Away: -125

Over/Under:
Time: 4 min | Over: -118 | Line: 2.0 | Under: -105

--- MATCH ENVIRONMENT ---
Weather: Partially cloudy
Wind: 10.m/s
Humidity: 24%


==================================================
MATCH #31 OF 80
==================================================

----- MATCH SUMMARY -----
Timestamp: 2025-04-30 10:48:49 ET
Competition ID: kn54qllhey9qvy9
Competition: Egyptian Division 2 (Egypt)
Match: Dayrot vs Gazl Kafr Eldwar
Score: 0 - 1 (HT: 0 - 1)
Status: Second half (Status ID: 4)

--- MATCH BETTING ODDS ---
ML (Money Line):
Time: 4 min | Home: +130 | Draw: +175 | Away: +240

SPREAD (Asia Handicap):
Time: 4 min | Home: +100 | Handicap: 0.25 | Away: -125

Over/Under:
Time: 4 min | Over: -122 | Line: 1.5 | Under: -103

--- MATCH ENVIRONMENT ---
Weather: Unknown (8)
Wind: 9.7m/s
Humidity: 34%


==================================================
MATCH #32 OF 80
==================================================

----- MATCH SUMMARY -----
Timestamp: 2025-04-30 10:48:50 ET
Competition ID: e4wyrn4hdzvq86p
Competition: Poland Liga 3 (Poland)
Match: Star Starachowice vs Lewart Lubartow
Score: 4 - 0 (HT: 4 - 0)
Status: Second half (Status ID: 4)

--- MATCH BETTING ODDS ---
ML (Money Line):
Time: 4 min | Home: -303 | Draw: +400 | Away: +600

SPREAD (Asia Handicap):
Time: 4 min | Home: -118 | Handicap: 1.5 | Away: -105

Over/Under:
Time: 4 min | Over: -109 | Line: 3.25 | Under: -115

--- MATCH ENVIRONMENT ---
Weather: Partially cloudy
Wind: 4.1m/s
Humidity: 34%


==================================================
MATCH #33 OF 80
==================================================

----- MATCH SUMMARY -----
Timestamp: 2025-04-30 10:48:51 ET
Competition ID: kn54qllhey9qvy9
Competition: Egyptian Division 2 (Egypt)
Match: Baladiyat El Mahalla vs La Viena
Score: 0 - 0 (HT: 0 - 0)
Status: Second half (Status ID: 4)

--- MATCH BETTING ODDS ---
ML (Money Line):
Time: 5 min | Home: +150 | Draw: +175 | Away: +200

SPREAD (Asia Handicap):
Time: 4 min | Home: -141 | Handicap: 0.0 | Away: +105

Over/Under:
Time: 4 min | Over: -115 | Line: 1.75 | Under: -109

--- MATCH ENVIRONMENT ---
Weather: Partially cloudy
Wind: 7.1m/s
Humidity: 55%


==================================================
MATCH #34 OF 80
==================================================

----- MATCH SUMMARY -----
Timestamp: 2025-04-30 10:48:52 ET
Competition ID: vl7oqdehn11r510
Competition: Tunisian Cup (Tunisia)
Match: J.S. Kairouanaise vs ES du Sahel
Score: 0 - 0 (HT: 0 - 0)
Status: Second half (Status ID: 4)

--- MATCH BETTING ODDS ---
ML (Money Line):
Time: 4 min | Home: +500 | Draw: +220 | Away: -152

SPREAD (Asia Handicap):
Time: 4 min | Home: -109 | Handicap: -0.75 | Away: -115

Over/Under:
Time: 4 min | Over: -103 | Line: 2.0 | Under: -122

--- MATCH ENVIRONMENT ---
Weather: Sunny
Wind: 2.0m/s
Humidity: 30%


==================================================
MATCH #35 OF 80
==================================================

----- MATCH SUMMARY -----
Timestamp: 2025-04-30 10:48:54 ET
Competition ID: jednm9whkg3ryox
Competition: South Africa First League (South Africa)
Match: Milford vs Pretoria Callies
Score: 0 - 1 (HT: 0 - 0)
Status: Second half (Status ID: 4)

--- MATCH BETTING ODDS ---
ML (Money Line):
Time: 4 min | Home: -152 | Draw: +260 | Away: +350

SPREAD (Asia Handicap):
Time: 4 min | Home: -123 | Handicap: 0.5 | Away: -112

Over/Under:
Time: 4 min | Over: -133 | Line: 2.0 | Under: +105

--- MATCH ENVIRONMENT ---
Weather: Partially cloudy
Wind: 2.6m/s
Humidity: 78%


==================================================
MATCH #36 OF 80
==================================================

----- MATCH SUMMARY -----
Timestamp: 2025-04-30 10:48:55 ET
Competition ID: 9k82rekh332repz
Competition: Estonian U19 league (Estonia)
Match: JK Trans Narva U19 vs FC Flora Tallinn U19
Score: 0 - 0 (HT: 0 - 0)
Status: Second half (Status ID: 4)

--- MATCH BETTING ODDS ---
ML (Money Line):
Time: 4 min | Home: +250 | Draw: +450 | Away: -175

SPREAD (Asia Handicap):
Time: 4 min | Home: -109 | Handicap: -1.0 | Away: -115

Over/Under:
Time: 4 min | Over: -118 | Line: 4.25 | Under: -105

--- MATCH ENVIRONMENT ---
Weather: Foggy
Wind: 4.3m/s
Humidity: 74%


==================================================
MATCH #37 OF 80
==================================================

----- MATCH SUMMARY -----
Timestamp: 2025-04-30 10:48:57 ET
Competition ID: kdj2ryohpeq1zpg
Competition: Armenian First League (Armenia)
Match: Urartu II vs BKMA II
Score: 1 - 1 (HT: 0 - 1)
Status: Second half (Status ID: 4)

--- MATCH BETTING ODDS ---

Over/Under:
Time: pre-match min | Over: -250 | Line: 2.5 | Under: +160 (Closest time to minutes 4-6 available: pre-match)

--- MATCH ENVIRONMENT ---
No environment data available for this match


==================================================
MATCH #38 OF 80
==================================================

----- MATCH SUMMARY -----
Timestamp: 2025-04-30 10:48:58 ET
Competition ID: 4zp5rzgh7loq82w
Competition: Zimbabwe Premier Soccer League (Zimbabwe)
Match: CAPS United vs FC Platinum
Score: 1 - 2 (HT: 0 - 1)
Status: Second half (Status ID: 4)

--- MATCH BETTING ODDS ---
ML (Money Line):
Time: 4 min | Home: +110 | Draw: +175 | Away: +300

SPREAD (Asia Handicap):
Time: 4 min | Home: -125 | Handicap: 0.25 | Away: +100

Over/Under:
Time: 4 min | Over: -130 | Line: 1.5 | Under: +102

--- MATCH ENVIRONMENT ---
Weather: Partially cloudy
Wind: 4.8m/s
Humidity: 46%


==================================================
MATCH #39 OF 80
==================================================

----- MATCH SUMMARY -----
Timestamp: 2025-04-30 10:48:59 ET
Competition ID: 4zp5rzgh7loq82w
Competition: Zimbabwe Premier Soccer League (Zimbabwe)
Match: Chicken Inn vs TelOne fc
Score: 0 - 0 (HT: 0 - 0)
Status: Second half (Status ID: 4)

--- MATCH BETTING ODDS ---
ML (Money Line):
Time: 5 min | Home: +160 | Draw: +160 | Away: +210

SPREAD (Asia Handicap):
Time: 4 min | Home: -143 | Handicap: 0.0 | Away: +110

Over/Under:
Time: 4 min | Over: -125 | Line: 1.5 | Under: +100

--- MATCH ENVIRONMENT ---
Weather: Sunny
Wind: 3.7m/s
Humidity: 35%


==================================================
MATCH #40 OF 80
==================================================

----- MATCH SUMMARY -----
Timestamp: 2025-04-30 10:49:00 ET
Competition ID: 4zp5rzgh7loq82w
Competition: Zimbabwe Premier Soccer League (Zimbabwe)
Match: GreenFuel vs Dynamos FC
Score: 0 - 0 (HT: 0 - 0)
Status: Second half (Status ID: 4)

--- MATCH BETTING ODDS ---


--- MATCH ENVIRONMENT ---
No environment data available for this match


==================================================
MATCH #41 OF 80
==================================================

----- MATCH SUMMARY -----
Timestamp: 2025-04-30 10:49:02 ET
Competition ID: 4zp5rzgh7loq82w
Competition: Zimbabwe Premier Soccer League (Zimbabwe)
Match: Kwekwe United vs Simba Bhora
Score: 1 - 1 (HT: 0 - 1)
Status: Second half (Status ID: 4)

--- MATCH BETTING ODDS ---


--- MATCH ENVIRONMENT ---
No environment data available for this match


==================================================
MATCH #42 OF 80
==================================================

----- MATCH SUMMARY -----
Timestamp: 2025-04-30 10:49:03 ET
Competition ID: 4zp5rzgh7loq82w
Competition: Zimbabwe Premier Soccer League (Zimbabwe)
Match: Ngezi Platinum vs Yadah FC
Score: 1 - 2 (HT: 0 - 1)
Status: Second half (Status ID: 4)

--- MATCH BETTING ODDS ---


--- MATCH ENVIRONMENT ---
No environment data available for this match


==================================================
MATCH #43 OF 80
==================================================

----- MATCH SUMMARY -----
Timestamp: 2025-04-30 10:49:04 ET
Competition ID: 4zp5rzgh7loq82w
Competition: Zimbabwe Premier Soccer League (Zimbabwe)
Match: Triangle FC vs ZPC Kariba
Score: 1 - 1 (HT: 0 - 1)
Status: Second half (Status ID: 4)

--- MATCH BETTING ODDS ---


--- MATCH ENVIRONMENT ---
No environment data available for this match


==================================================
MATCH #44 OF 80
==================================================

----- MATCH SUMMARY -----
Timestamp: 2025-04-30 10:49:05 ET
Competition ID: 4zp5rzgh7loq82w
Competition: Zimbabwe Premier Soccer League (Zimbabwe)
Match: Highlanders vs Bikita Minerals FC
Score: 1 - 0 (HT: 1 - 0)
Status: Second half (Status ID: 4)

--- MATCH BETTING ODDS ---
ML (Money Line):
Time: 4 min | Home: -125 | Draw: +240 | Away: +300

SPREAD (Asia Handicap):
Time: 4 min | Home: -122 | Handicap: 0.5 | Away: -103

Over/Under:
Time: 4 min | Over: -115 | Line: 2.0 | Under: -109

--- MATCH ENVIRONMENT ---
Weather: Sunny
Wind: 3.7m/s
Humidity: 35%


==================================================
MATCH #45 OF 80
==================================================

----- MATCH SUMMARY -----
Timestamp: 2025-04-30 10:49:07 ET
Competition ID: 9vjxm8ghgy0r6od
Competition: Uganda Premier League (Uganda)
Match: Airtel Kitara FC vs Wakiso Giants FC
Score: 0 - 0 (HT: 0 - 0)
Status: Finished (Status ID: 8)

--- MATCH BETTING ODDS ---

SPREAD (Asia Handicap):
Time: 4 min | Home: -112 | Handicap: 1.25 | Away: -115

Over/Under:
Time: 4 min | Over: -112 | Line: 2.25 | Under: -115

--- MATCH ENVIRONMENT ---
Weather: Windy
Wind: 3.1m/s
Humidity: 59%


==================================================
MATCH #46 OF 80
==================================================

----- MATCH SUMMARY -----
Timestamp: 2025-04-30 10:49:08 ET
Competition ID: jednm9whg03ryox
Competition: Italian Campionato Primavera 2 (Italy)
Match: AlbinoLeffe Youth vs Padova U19
Score: 3 - 1 (HT: 1 - 1)
Status: Second half (Status ID: 4)

--- MATCH BETTING ODDS ---
ML (Money Line):
Time: 4 min | Home: +200 | Draw: +260 | Away: +110

SPREAD (Asia Handicap):
Time: 4 min | Home: -105 | Handicap: -0.25 | Away: -118

Over/Under:
Time: 4 min | Over: -109 | Line: 3.0 | Under: -115

--- MATCH ENVIRONMENT ---
Weather: Sunny
Wind: 3.7m/s
Humidity: 45%


==================================================
MATCH #47 OF 80
==================================================

----- MATCH SUMMARY -----
Timestamp: 2025-04-30 10:49:09 ET
Competition ID: 9vjxm8ghgy0r6od
Competition: Uganda Premier League (Uganda)
Match: Bright Stars vs Express FC
Score: 0 - 1 (HT: 0 - 0)
Status: Second half (Status ID: 4)

--- MATCH BETTING ODDS ---

SPREAD (Asia Handicap):
Time: 4 min | Home: -125 | Handicap: 0.0 | Away: -104

Over/Under:
Time: 4 min | Over: -122 | Line: 2.75 | Under: -106

--- MATCH ENVIRONMENT ---
Weather: Partially cloudy
Wind: 1.2m/s
Humidity: 56%


==================================================
MATCH #48 OF 80
==================================================

----- MATCH SUMMARY -----
Timestamp: 2025-04-30 10:49:10 ET
Competition ID: jednm9whk0ryox8
Competition: International Friendly (Unknown Country)
Match: Hungary (w) U17 vs Czech Republic (w) U17
Score: 1 - 1 (HT: 1 - 1)
Status: Second half (Status ID: 4)

--- MATCH BETTING ODDS ---


--- MATCH ENVIRONMENT ---
No environment data available for this match


==================================================
MATCH #49 OF 80
==================================================

----- MATCH SUMMARY -----
Timestamp: 2025-04-30 10:49:11 ET
Competition ID: 56ypq3nhll6md7o
Competition: South Africa Women's League (South Africa)
Match: First Touch Academy (w) vs UCT (w)
Score: 2 - 1 (HT: 1 - 0)
Status: Second half (Status ID: 4)

--- MATCH BETTING ODDS ---
ML (Money Line):
Time: 4 min | Home: -152 | Draw: +275 | Away: +350

SPREAD (Asia Handicap):
Time: 4 min | Home: -130 | Handicap: 0.75 | Away: -108

Over/Under:
Time: 4 min | Over: -119 | Line: 2.75 | Under: -116

--- MATCH ENVIRONMENT ---
Weather: Sunny
Wind: 5.3m/s
Humidity: 44%


==================================================
MATCH #50 OF 80
==================================================

----- MATCH SUMMARY -----
Timestamp: 2025-04-30 10:49:13 ET
Competition ID: 56ypq3nhll6md7o
Competition: South Africa Women's League (South Africa)
Match: Johannesburg Uni (w) vs Royal AM FC (W)
Score: 3 - 0 (HT: 1 - 0)
Status: Second half (Status ID: 4)

--- MATCH BETTING ODDS ---
ML (Money Line):
Time: 4 min | Home: -1111 | Draw: +750 | Away: +2200

SPREAD (Asia Handicap):
Time: 4 min | Home: -105 | Handicap: 2.5 | Away: -118

Over/Under:
Time: 4 min | Over: -105 | Line: 3.25 | Under: -118

--- MATCH ENVIRONMENT ---
Weather: Partially cloudy
Wind: 4.3m/s
Humidity: 45%


==================================================
MATCH #51 OF 80
==================================================

----- MATCH SUMMARY -----
Timestamp: 2025-04-30 10:49:14 ET
Competition ID: 56ypq3nhll6md7o
Competition: South Africa Women's League (South Africa)
Match: University of Pretoria (W) vs TUT FC (w)
Score: 0 - 0 (HT: 0 - 0)
Status: Abandoned (Status ID: 13)

--- MATCH BETTING ODDS ---
ML (Money Line):
Time: pre-match min | Home: +145 | Draw: +200 | Away: +162 (Closest time to minutes 4-6 available: pre-match)

SPREAD (Asia Handicap):
Time: pre-match min | Home: -122 | Handicap: 0.0 | Away: -103 (Closest time to minutes 4-6 available: pre-match)

Over/Under:
Time: pre-match min | Over: -111 | Line: 2.25 | Under: -111 (Closest time to minutes 4-6 available: pre-match)

--- MATCH ENVIRONMENT ---
Weather: Sunny
Wind: 3.7m/s
Humidity: 52%


==================================================
MATCH #52 OF 80
==================================================

----- MATCH SUMMARY -----
Timestamp: 2025-04-30 10:49:15 ET
Competition ID: kn54qllh40qvy9d
Competition: Kazakhstan Premier League (Kazakhstan)
Match: FK Atyrau vs FC Astana
Score: 0 - 2 (HT: 0 - 1)
Status: Second half (Status ID: 4)

--- MATCH BETTING ODDS ---
ML (Money Line):
Time: 4 min | Home: +500 | Draw: +375 | Away: -250

SPREAD (Asia Handicap):
Time: 4 min | Home: -103 | Handicap: -1.25 | Away: -122

Over/Under:
Time: 4 min | Over: -125 | Line: 2.75 | Under: +100

--- MATCH ENVIRONMENT ---
Weather: Partially cloudy
Wind: 3.7m/s
Humidity: 24%


==================================================
MATCH #53 OF 80
==================================================

----- MATCH SUMMARY -----
Timestamp: 2025-04-30 10:49:17 ET
Competition ID: 9dn1m1ghl1moepl
Competition: Turkish Third League (Turkey)
Match: Yeni Amasya Spor vs Mazidagi Fosfatspo
Score: 0 - 3 (HT: 0 - 0)
Status: Second half (Status ID: 4)

--- MATCH BETTING ODDS ---
ML (Money Line):
Time: 4 min | Home: +110 | Draw: +220 | Away: +220

SPREAD (Asia Handicap):
Time: 4 min | Home: -115 | Handicap: 0.25 | Away: -109

Over/Under:
Time: 4 min | Over: +100 | Line: 2.25 | Under: -125

--- MATCH ENVIRONMENT ---
Weather: Cloudy
Wind: 4.8m/s
Humidity: 49%


==================================================
MATCH #54 OF 80
==================================================

----- MATCH SUMMARY -----
Timestamp: 2025-04-30 10:49:18 ET
Competition ID: 9dn1m1ghl1moepl
Competition: Turkish Third League (Turkey)
Match: Kutahyaspor vs Duzcespor
Score: 2 - 1 (HT: 1 - 0)
Status: Second half (Status ID: 4)

--- MATCH BETTING ODDS ---
ML (Money Line):
Time: 4 min | Home: +137 | Draw: +240 | Away: +175

SPREAD (Asia Handicap):
Time: 4 min | Home: -108 | Handicap: 0.25 | Away: -130

Over/Under:
Time: 4 min | Over: -118 | Line: 2.25 | Under: -105

--- MATCH ENVIRONMENT ---
Weather: Foggy
Wind: 3.7m/s
Humidity: 53%


==================================================
MATCH #55 OF 80
==================================================

----- MATCH SUMMARY -----
Timestamp: 2025-04-30 10:49:19 ET
Competition ID: 9dn1m1ghl1moepl
Competition: Turkish Third League (Turkey)
Match: Kucukcekmece vs Corluspor
Score: 0 - 0 (HT: 0 - 0)
Status: Second half (Status ID: 4)

--- MATCH BETTING ODDS ---
ML (Money Line):
Time: 4 min | Home: +125 | Draw: +240 | Away: +175

SPREAD (Asia Handicap):
Time: 4 min | Home: +100 | Handicap: 0.25 | Away: -125

Over/Under:
Time: 4 min | Over: -108 | Line: 2.5 | Under: -120

--- MATCH ENVIRONMENT ---
Weather: Cloudy
Wind: 11.m/s
Humidity: 61%


==================================================
MATCH #56 OF 80
==================================================

----- MATCH SUMMARY -----
Timestamp: 2025-04-30 10:49:20 ET
Competition ID: 9dn1m1ghl1moepl
Competition: Turkish Third League (Turkey)
Match: Silivrispor vs Tire 2021 FK
Score: 0 - 0 (HT: 0 - 0)
Status: Second half (Status ID: 4)

--- MATCH BETTING ODDS ---
ML (Money Line):
Time: 5 min | Home: +105 | Draw: +220 | Away: +240

SPREAD (Asia Handicap):
Time: 4 min | Home: -130 | Handicap: 0.25 | Away: -104

Over/Under:
Time: 4 min | Over: -130 | Line: 2.25 | Under: +102

--- MATCH ENVIRONMENT ---
Weather: Cloudy
Wind: 11.m/s
Humidity: 63%


==================================================
MATCH #57 OF 80
==================================================

----- MATCH SUMMARY -----
Timestamp: 2025-04-30 10:49:21 ET
Competition ID: 9dn1m1ghl1moepl
Competition: Turkish Third League (Turkey)
Match: Zonguldak vs Kahramanmaras Bld
Score: 0 - 0 (HT: 0 - 0)
Status: Second half (Status ID: 4)

--- MATCH BETTING ODDS ---
ML (Money Line):
Time: 4 min | Home: +140 | Draw: +210 | Away: +187

SPREAD (Asia Handicap):
Time: 4 min | Home: -125 | Handicap: 0.0 | Away: -104

Over/Under:
Time: 4 min | Over: -118 | Line: 2.25 | Under: -110

--- MATCH ENVIRONMENT ---
Weather: Partially cloudy
Wind: 6.1m/s
Humidity: 77%


==================================================
MATCH #58 OF 80
==================================================

----- MATCH SUMMARY -----
Timestamp: 2025-04-30 10:49:23 ET
Competition ID: 8y39mp1hpxmojxg
Competition: Danish U19 Youth League (Denmark)
Match: Esbjerg U19 vs Randers Freja U19
Score: 1 - 2 (HT: 1 - 0)
Status: Second half (Status ID: 4)

--- MATCH BETTING ODDS ---
ML (Money Line):
Time: 4 min | Home: +162 | Draw: +260 | Away: +130

SPREAD (Asia Handicap):
Time: 4 min | Home: -125 | Handicap: -0.25 | Away: +100

Over/Under:
Time: 4 min | Over: -115 | Line: 3.0 | Under: -109

--- MATCH ENVIRONMENT ---
Weather: Sunny
Wind: 5.8m/s
Humidity: 74%


==================================================
MATCH #59 OF 80
==================================================

----- MATCH SUMMARY -----
Timestamp: 2025-04-30 10:49:24 ET
Competition ID: 56ypq3nhepnmd7o
Competition: IRQ D2 (Iraq)
Match: Al Fahad vs Al Sinaah
Score: 1 - 0 (HT: 0 - 0)
Status: Second half (Status ID: 4)

--- MATCH BETTING ODDS ---
ML (Money Line):
Time: 4 min | Home: -105 | Draw: +210 | Away: +275

SPREAD (Asia Handicap):
Time: 5 min | Home: +102 | Handicap: 0.5 | Away: -130

Over/Under:
Time: 4 min | Over: -118 | Line: 1.75 | Under: -105

--- MATCH ENVIRONMENT ---
No environment data available for this match


==================================================
MATCH #60 OF 80
==================================================

----- MATCH SUMMARY -----
Timestamp: 2025-04-30 10:49:26 ET
Competition ID: yl5ergphvnlr8k0
Competition: Cameroon Elite One (Cameroon)
Match: Canon Yaounde vs Colombe du Dja et Lobo
Score: 0 - 0 (HT: 0 - 0)
Status: Postponed (Status ID: 9)

--- MATCH BETTING ODDS ---


--- MATCH ENVIRONMENT ---
No environment data available for this match


==================================================
MATCH #61 OF 80
==================================================

----- MATCH SUMMARY -----
Timestamp: 2025-04-30 10:49:27 ET
Competition ID: e4wyrn4hdzvq86p
Competition: Poland Liga 3 (Poland)
Match: Cracovia II vs GKS Glinik Gorlice
Score: 2 - 1 (HT: 1 - 0)
Status: Second half (Status ID: 4)

--- MATCH BETTING ODDS ---
ML (Money Line):
Time: 4 min | Home: -303 | Draw: +450 | Away: +550

SPREAD (Asia Handicap):
Time: 4 min | Home: -122 | Handicap: 1.5 | Away: -103

Over/Under:
Time: 4 min | Over: +102 | Line: 3.25 | Under: -130

--- MATCH ENVIRONMENT ---
Weather: Partially cloudy
Wind: 3.1m/s
Humidity: 32%


==================================================
MATCH #62 OF 80
==================================================

----- MATCH SUMMARY -----
Timestamp: 2025-04-30 10:49:28 ET
Competition ID: yl5ergphvnlr8k0
Competition: Cameroon Elite One (Cameroon)
Match: Union Douala vs Panthere Sportive du Nde
Score: 0 - 0 (HT: 0 - 0)
Status: Postponed (Status ID: 9)

--- MATCH BETTING ODDS ---


--- MATCH ENVIRONMENT ---
No environment data available for this match


==================================================
MATCH #63 OF 80
==================================================

----- MATCH SUMMARY -----
Timestamp: 2025-04-30 10:49:29 ET
Competition ID: yl5ergphvnlr8k0
Competition: Cameroon Elite One (Cameroon)
Match: Bamboutos de vs Coton Sport
Score: 0 - 0 (HT: 0 - 0)
Status: Abandoned (Status ID: 13)

--- MATCH BETTING ODDS ---


--- MATCH ENVIRONMENT ---
No environment data available for this match


==================================================
MATCH #64 OF 80
==================================================

----- MATCH SUMMARY -----
Timestamp: 2025-04-30 10:49:30 ET
Competition ID: p3glrw7hwylqdyj
Competition: Lebanese Premier League (Lebanon)
Match: Al Nejmeh SC vs CS Sagesse
Score: 0 - 0 (HT: 0 - 0)
Status: Abandoned (Status ID: 13)

--- MATCH BETTING ODDS ---
ML (Money Line):
Time: pre-match min | Home: -125 | Draw: +240 | Away: +275 (Closest time to minutes 4-6 available: pre-match)

SPREAD (Asia Handicap):
Time: pre-match min | Home: -118 | Handicap: 0.5 | Away: -105 (Closest time to minutes 4-6 available: pre-match)

Over/Under:
Time: pre-match min | Over: +102 | Line: 2.25 | Under: -130 (Closest time to minutes 4-6 available: pre-match)

--- MATCH ENVIRONMENT ---
No environment data available for this match


==================================================
MATCH #65 OF 80
==================================================

----- MATCH SUMMARY -----
Timestamp: 2025-04-30 10:49:31 ET
Competition ID: 56ypq3nhepnmd7o
Competition: IRQ D2 (Iraq)
Match: Peshmerga Sulaymaniya SC vs Masafi Al-Junoob
Score: 1 - 0 (HT: 0 - 0)
Status: Second half (Status ID: 4)

--- MATCH BETTING ODDS ---
ML (Money Line):
Time: 4 min | Home: +160 | Draw: +175 | Away: +200

SPREAD (Asia Handicap):
Time: 7 min | Home: +108 | Handicap: 0.25 | Away: -161 (Closest time to minutes 4-6 available: 7)

Over/Under:
Time: 4 min | Over: +105 | Line: 2.0 | Under: -133

--- MATCH ENVIRONMENT ---
No environment data available for this match


==================================================
MATCH #66 OF 80
==================================================

----- MATCH SUMMARY -----
Timestamp: 2025-04-30 10:49:32 ET
Competition ID: 9vjxm8ghgy0r6od
Competition: Uganda Premier League (Uganda)
Match: Mbarara City vs NEC FC Bugolobi
Score: 1 - 2 (HT: 0 - 0)
Status: Finished (Status ID: 8)

--- MATCH BETTING ODDS ---
ML (Money Line):
Time: 4 min | Home: +550 | Draw: +250 | Away: -189

SPREAD (Asia Handicap):
Time: 4 min | Home: -125 | Handicap: -1.0 | Away: +100

Over/Under:
Time: 4 min | Over: -111 | Line: 2.0 | Under: -111

--- MATCH ENVIRONMENT ---
Weather: Partially cloudy
Wind: 5.1m/s
Humidity: 75%


==================================================
MATCH #67 OF 80
==================================================

----- MATCH SUMMARY -----
Timestamp: 2025-04-30 10:49:33 ET
Competition ID: yl5ergphvnlr8k0
Competition: Cameroon Elite One (Cameroon)
Match: PWD de Bamenda vs Les Astres FC
Score: 0 - 0 (HT: 0 - 0)
Status: Postponed (Status ID: 9)

--- MATCH BETTING ODDS ---


--- MATCH ENVIRONMENT ---
No environment data available for this match


==================================================
MATCH #68 OF 80
==================================================

----- MATCH SUMMARY -----
Timestamp: 2025-04-30 10:49:34 ET
Competition ID: 56ypq3nhepnmd7o
Competition: IRQ D2 (Iraq)
Match: Kadhimiya SC vs Naft Al-Wassat SC
Score: 1 - 0 (HT: 0 - 0)
Status: Second half (Status ID: 4)

--- MATCH BETTING ODDS ---
ML (Money Line):
Time: 4 min | Home: -164 | Draw: +240 | Away: +450

SPREAD (Asia Handicap):
Time: 4 min | Home: -118 | Handicap: 0.75 | Away: -105

Over/Under:
Time: 4 min | Over: +102 | Line: 2.0 | Under: -130

--- MATCH ENVIRONMENT ---
Weather: Sunny
Wind: 3.2m/s
Humidity: 19%


==================================================
MATCH #69 OF 80
==================================================

----- MATCH SUMMARY -----
Timestamp: 2025-04-30 10:49:35 ET
Competition ID: 56ypq3nhepnmd7o
Competition: IRQ D2 (Iraq)
Match: Al-Masafi vs Al Gharraf
Score: 1 - 1 (HT: 0 - 0)
Status: Second half (Status ID: 4)

--- MATCH BETTING ODDS ---
ML (Money Line):
Time: 4 min | Home: +200 | Draw: +210 | Away: +130

SPREAD (Asia Handicap):
Time: 4 min | Home: +112 | Handicap: 0.0 | Away: -169

Over/Under:
Time: 4 min | Over: +102 | Line: 2.25 | Under: -130

--- MATCH ENVIRONMENT ---
Weather: Sunny
Wind: 3.2m/s
Humidity: 20%


==================================================
MATCH #70 OF 80
==================================================

----- MATCH SUMMARY -----
Timestamp: 2025-04-30 10:49:36 ET
Competition ID: 56ypq3nhepnmd7o
Competition: IRQ D2 (Iraq)
Match: Al Ramadi vs Al Bahri
Score: 0 - 0 (HT: 0 - 0)
Status: Abandoned (Status ID: 13)

--- MATCH BETTING ODDS ---
ML (Money Line):
Time: pre-match min | Home: +190 | Draw: +155 | Away: +162 (Closest time to minutes 4-6 available: pre-match)

SPREAD (Asia Handicap):
Time: pre-match min | Home: +100 | Handicap: 0.0 | Away: -125 (Closest time to minutes 4-6 available: pre-match)

Over/Under:
Time: pre-match min | Over: -111 | Line: 1.75 | Under: -111 (Closest time to minutes 4-6 available: pre-match)

--- MATCH ENVIRONMENT ---
Weather: Sunny
Wind: 3.2m/s
Humidity: 13%


==================================================
MATCH #71 OF 80
==================================================

----- MATCH SUMMARY -----
Timestamp: 2025-04-30 10:49:37 ET
Competition ID: 56ypq3nhepnmd7o
Competition: IRQ D2 (Iraq)
Match: Amanat Baghdad vs Afak SC
Score: 1 - 1 (HT: 1 - 0)
Status: Second half (Status ID: 4)

--- MATCH BETTING ODDS ---
ML (Money Line):
Time: 4 min | Home: -125 | Draw: +220 | Away: +350

SPREAD (Asia Handicap):
Time: 4 min | Home: -122 | Handicap: 0.5 | Away: -103

Over/Under:
Time: 4 min | Over: -105 | Line: 2.0 | Under: -118

--- MATCH ENVIRONMENT ---
Weather: Sunny
Wind: 3.2m/s
Humidity: 19%


==================================================
MATCH #72 OF 80
==================================================

----- MATCH SUMMARY -----
Timestamp: 2025-04-30 10:49:38 ET
Competition ID: 9vjxm8ghgy0r6od
Competition: Uganda Premier League (Uganda)
Match: Mbale Heroes vs Ma Lu
Score: 0 - 1 (HT: 0 - 1)
Status: Second half (Status ID: 4)

--- MATCH BETTING ODDS ---

SPREAD (Asia Handicap):
Time: 4 min | Home: -101 | Handicap: -0.5 | Away: -128

Over/Under:
Time: 4 min | Over: -128 | Line: 2.5 | Under: -116

--- MATCH ENVIRONMENT ---
Weather: Cloudy
Wind: 3.7m/s
Humidity: 57%


==================================================
MATCH #73 OF 80
==================================================

----- MATCH SUMMARY -----
Timestamp: 2025-04-30 10:49:39 ET
Competition ID: 9dn1m1gh8zomoep
Competition: Kenya Football League (Kenya)
Match: Darajani Gogo vs MOFA FC
Score: 4 - 0 (HT: 3 - 0)
Status: Second half (Status ID: 4)

--- MATCH BETTING ODDS ---
ML (Money Line):
Time: 4 min | Home: -303 | Draw: +375 | Away: +650

SPREAD (Asia Handicap):
Time: 4 min | Home: -125 | Handicap: 0.25 | Away: +100

Over/Under:
Time: 4 min | Over: +102 | Line: 3.25 | Under: -130

--- MATCH ENVIRONMENT ---
Weather: Partially cloudy
Wind: 5.6m/s
Humidity: 57%


==================================================
MATCH #74 OF 80
==================================================

----- MATCH SUMMARY -----
Timestamp: 2025-04-30 10:49:40 ET
Competition ID: p3glrw7hwylqdyj
Competition: Lebanese Premier League (Lebanon)
Match: Tadamon SC Sour vs Al Ansar SC
Score: 0 - 0 (HT: 0 - 0)
Status: Finished (Status ID: 8)

--- MATCH BETTING ODDS ---
ML (Money Line):
Time: 4 min | Home: +1100 | Draw: +750 | Away: -833

SPREAD (Asia Handicap):
Time: 4 min | Home: -133 | Handicap: -2.25 | Away: -111

Over/Under:
Time: 4 min | Over: -149 | Line: 2.5 | Under: +100

--- MATCH ENVIRONMENT ---
Weather: Windy
Wind: 5.1m/s
Humidity: 35%


==================================================
MATCH #75 OF 80
==================================================

----- MATCH SUMMARY -----
Timestamp: 2025-04-30 10:49:41 ET
Competition ID: kdj2ryohpeq1zpg
Competition: Armenian First League (Armenia)
Match: Shirak Gjumri B vs Andranik
Score: 2 - 2 (HT: 1 - 1)
Status: Finished (Status ID: 8)

--- MATCH BETTING ODDS ---


--- MATCH ENVIRONMENT ---
No environment data available for this match


==================================================
MATCH #76 OF 80
==================================================

----- MATCH SUMMARY -----
Timestamp: 2025-04-30 10:49:43 ET
Competition ID: z318q66hl1qo9jd
Competition: Japanese J1 League (Japan)
Match: Cerezo Osaka vs Machida Zelvia
Score: 1 - 2 (HT: 0 - 0)
Status: Finished (Status ID: 8)

--- MATCH BETTING ODDS ---
ML (Money Line):
Time: 4 min | Home: +210 | Draw: +200 | Away: +140

SPREAD (Asia Handicap):
Time: 4 min | Home: -139 | Handicap: -0.25 | Away: +107

Over/Under:
Time: 4 min | Over: -125 | Line: 2.0 | Under: +100

--- MATCH ENVIRONMENT ---
Weather: Partially cloudy
Wind: 8.7m/s
Humidity: 55%


==================================================
MATCH #77 OF 80
==================================================

----- MATCH SUMMARY -----
Timestamp: 2025-04-30 10:49:44 ET
Competition ID: l965mkyhdgr1ge4
Competition: Chilean Primera B (Chile)
Match: D. Concepcion vs Santiago Morning
Score: 3 - 0 (HT: 2 - 0)
Status: Finished (Status ID: 8)

--- MATCH BETTING ODDS ---
ML (Money Line):
Time: 4 min | Home: +137 | Draw: +200 | Away: +187

SPREAD (Asia Handicap):
Time: 4 min | Home: -101 | Handicap: 0.25 | Away: -130

Over/Under:
Time: 4 min | Over: +105 | Line: 2.25 | Under: -133

--- MATCH ENVIRONMENT ---
Weather: Sunny
Wind: 1.2m/s
Humidity: 39%


==================================================
MATCH #78 OF 80
==================================================

----- MATCH SUMMARY -----
Timestamp: 2025-04-30 10:49:46 ET
Competition ID: v2y8m4zhydql074
Competition: Uruguay Primera Division (Uruguay)
Match: Montevideo City Torque vs Montevideo Wanderers FC
Score: 0 - 0 (HT: 0 - 0)
Status: Finished (Status ID: 8)

--- MATCH BETTING ODDS ---
ML (Money Line):
Time: 4 min | Home: +160 | Draw: +210 | Away: +175

SPREAD (Asia Handicap):
Time: 4 min | Home: -122 | Handicap: 0.0 | Away: -104

Over/Under:
Time: 4 min | Over: -108 | Line: 2.25 | Under: -115

--- MATCH ENVIRONMENT ---
Weather: Partially cloudy
Wind: 1.8m/s
Humidity: 88%


==================================================
MATCH #79 OF 80
==================================================

----- MATCH SUMMARY -----
Timestamp: 2025-04-30 10:49:48 ET
Competition ID: v2y8m4zhv6ql074
Competition: Israel Leumit League (Israel)
Match: Hapoel Ramat Gan vs Maccabi Herzliya
Score: 2 - 0 (HT: 2 - 0)
Status: Finished (Status ID: 8)

--- MATCH BETTING ODDS ---
ML (Money Line):
Time: 4 min | Home: -105 | Draw: +300 | Away: +210

SPREAD (Asia Handicap):
Time: 4 min | Home: -130 | Handicap: 0.25 | Away: +102

Over/Under:
Time: 4 min | Over: -125 | Line: 2.75 | Under: +100

--- MATCH ENVIRONMENT ---
Weather: Sunny
Wind: 8.4m/s
Humidity: 40%


==================================================
MATCH #80 OF 80
==================================================

----- MATCH SUMMARY -----
Timestamp: 2025-04-30 10:49:49 ET
Competition ID: kjw2r09hj8rz84o
Competition: Italian Primavera Cup (Italy)
Match: Cagliari U19 vs AC Milan U20
Score: 3 - 0 (HT: 2 - 0)
Status: Finished (Status ID: 8)

--- MATCH BETTING ODDS ---
ML (Money Line):
Time: 4 min | Home: +240 | Draw: +240 | Away: +105

SPREAD (Asia Handicap):
Time: 4 min | Home: -139 | Handicap: -0.5 | Away: +107

Over/Under:
Time: 4 min | Over: -109 | Line: 2.5 | Under: -115

--- MATCH ENVIRONMENT ---
Weather: Sunny
Wind: 2.6m/s
Humidity: 48%


==================================================
END OF LIVE MATCH DATA - 80 MATCHES DISPLAYED
==================================================
Refreshing in 30 seconds... (Press Ctrl+C to exit)

================================================================================


================================================================================
FETCH TIMESTAMP: 2025-04-30 10:51:32 ET
================================================================================

Fetching country data...
Fetching country data...
Fetching live matches...

===== FOUND 81 LIVE FOOTBALL MATCHES =====

Last updated: 2025-04-30 14:49:53
==================================================
MATCH #1 OF 81
==================================================

----- MATCH SUMMARY -----
Timestamp: 2025-04-30 10:49:54 ET
Competition ID: kdj2ryohjn7q1zp
Competition: Cameroon Elite two (Cameroon)
Match: Union Abong-Mbang vs Tonnerre Yaounde
Score: 0 - 0 (HT: 0 - 0)
Status: First half (Status ID: 2)

--- MATCH BETTING ODDS ---


--- MATCH ENVIRONMENT ---
No environment data available for this match


==================================================
MATCH #2 OF 81
==================================================

----- MATCH SUMMARY -----
Timestamp: 2025-04-30 10:49:55 ET
Competition ID: kdj2ryohjn7q1zp
Competition: Cameroon Elite two (Cameroon)
Match: Isohsa Limbe vs Bafmeng United
Score: 0 - 0 (HT: 0 - 0)
Status: Abandoned (Status ID: 13)

--- MATCH BETTING ODDS ---


--- MATCH ENVIRONMENT ---
No environment data available for this match


==================================================
MATCH #3 OF 81
==================================================

----- MATCH SUMMARY -----
Timestamp: 2025-04-30 10:49:57 ET
Competition ID: j1l4rjnhxpvm7vx
Competition: Indian Super Cup (India)
Match: Mumbai City FC  vs Jamshedpur FC
Score: 0 - 0 (HT: 0 - 0)
Status: First half (Status ID: 2)

--- MATCH BETTING ODDS ---
ML (Money Line):
Time: 4 min | Home: +220 | Draw: +260 | Away: +105

SPREAD (Asia Handicap):
Time: 4 min | Home: +100 | Handicap: -0.25 | Away: -125

Over/Under:
Time: 4 min | Over: -112 | Line: 2.5 | Under: -103

--- MATCH ENVIRONMENT ---
Weather: Sunny
Wind: 5.3m/s
Humidity: 69%


==================================================
MATCH #4 OF 81
==================================================

----- MATCH SUMMARY -----
Timestamp: 2025-04-30 10:49:58 ET
Competition ID: kdj2ryohjn7q1zp
Competition: Cameroon Elite two (Cameroon)
Match: Eding Sport FC vs FAP Yaounde
Score: 0 - 0 (HT: 0 - 0)
Status: First half (Status ID: 2)

--- MATCH BETTING ODDS ---
ML (Money Line):
Time: pre-match min | Home: +300 | Draw: +175 | Away: -105 (Closest time to minutes 4-6 available: pre-match)

SPREAD (Asia Handicap):
Time: 4 min | Home: -114 | Handicap: -0.5 | Away: -118

Over/Under:
Time: 4 min | Over: +100 | Line: 2.0 | Under: -130

--- MATCH ENVIRONMENT ---
No environment data available for this match


==================================================
MATCH #5 OF 81
==================================================

----- MATCH SUMMARY -----
Timestamp: 2025-04-30 10:49:59 ET
Competition ID: 9vjxm8gh5lr6odg
Competition: Slovak 2.Liga (Slovakia)
Match: FC Artmedia Petrzalka vs MSK Zilina B
Score: 1 - 0 (HT: 1 - 0)
Status: First half (Status ID: 2)

--- MATCH BETTING ODDS ---

SPREAD (Asia Handicap):
Time: 4 min | Home: -114 | Handicap: 0.75 | Away: -122

Over/Under:
Time: 4 min | Over: -119 | Line: 4.0 | Under: -116

--- MATCH ENVIRONMENT ---
No environment data available for this match


==================================================
MATCH #6 OF 81
==================================================

----- MATCH SUMMARY -----
Timestamp: 2025-04-30 10:50:00 ET
Competition ID: l965mkyh4jdr1ge
Competition: Argentine Reserve League (Argentina)
Match: Acassuso Reserves vs Deportivo Liniers Reserves
Score: 0 - 0 (HT: 0 - 0)
Status: First half (Status ID: 2)

--- MATCH BETTING ODDS ---
ML (Money Line):
Time: 4 min | Home: -120 | Draw: +240 | Away: +275

SPREAD (Asia Handicap):
Time: 4 min | Home: -111 | Handicap: 0.5 | Away: -111

Over/Under:
Time: 4 min | Over: +102 | Line: 2.5 | Under: -130

--- MATCH ENVIRONMENT ---
No environment data available for this match


==================================================
MATCH #7 OF 81
==================================================

----- MATCH SUMMARY -----
Timestamp: 2025-04-30 10:50:02 ET
Competition ID: v2y8m4zhg91ql07
Competition: Greek Amateur Cup (Greece)
Match: Kyanos Astir Varis vs Aris Voulas FC
Score: 1 - 1 (HT: 1 - 1)
Status: First half (Status ID: 2)

--- MATCH BETTING ODDS ---
ML (Money Line):
Time: 5 min | Home: -152 | Draw: +275 | Away: +375

SPREAD (Asia Handicap):
Time: 6 min | Home: -133 | Handicap: 0.75 | Away: -111

Over/Under:
Time: 4 min | Over: -122 | Line: 2.5 | Under: -123

--- MATCH ENVIRONMENT ---
No environment data available for this match


==================================================
MATCH #8 OF 81
==================================================

----- MATCH SUMMARY -----
Timestamp: 2025-04-30 10:50:03 ET
Competition ID: z8yomo4h7vvq0j6
Competition: Uzbekistan Cup (Uzbekistan)
Match: Neftchi Fargona vs Fergana University
Score: 1 - 0 (HT: 1 - 0)
Status: First half (Status ID: 2)

--- MATCH BETTING ODDS ---
ML (Money Line):
Time: 4 min | Home: -455 | Draw: +500 | Away: +800

SPREAD (Asia Handicap):
Time: 4 min | Home: -125 | Handicap: 1.75 | Away: +100

Over/Under:
Time: 4 min | Over: -118 | Line: 2.75 | Under: -105

--- MATCH ENVIRONMENT ---
Weather: Partially cloudy
Wind: 4.3m/s
Humidity: 37%


==================================================
MATCH #9 OF 81
==================================================

----- MATCH SUMMARY -----
Timestamp: 2025-04-30 10:50:05 ET
Competition ID: 9dn1m1ghe56moep
Competition: North Macedonia Women's League (North Macedonia)
Match: ZFK Skopje 2014 (w) vs ZFK Atletiko Bitola (W)
Score: 1 - 0 (HT: 1 - 0)
Status: First half (Status ID: 2)

--- MATCH BETTING ODDS ---
ML (Money Line):
Time: 4 min | Home: -909 | Draw: +650 | Away: +1200

SPREAD (Asia Handicap):
Time: 5 min | Home: -115 | Handicap: 2.5 | Away: -130

Over/Under:
Time: 4 min | Over: -103 | Line: 3.25 | Under: -122

--- MATCH ENVIRONMENT ---
No environment data available for this match


==================================================
MATCH #10 OF 81
==================================================

----- MATCH SUMMARY -----
Timestamp: 2025-04-30 10:50:06 ET
Competition ID: l965mkyh4jdr1ge
Competition: Argentine Reserve League (Argentina)
Match: Defensores de Belgrano Reserves vs Gimnasia Mendoza Reserves
Score: 1 - 2 (HT: 1 - 2)
Status: First half (Status ID: 2)

--- MATCH BETTING ODDS ---
ML (Money Line):
Time: 3 min | Home: -111 | Draw: +220 | Away: +300 (Closest time to minutes 4-6 available: 3)

SPREAD (Asia Handicap):
Time: 4 min | Home: -111 | Handicap: 0.5 | Away: -114

Over/Under:
Time: 4 min | Over: -108 | Line: 2.25 | Under: -130

--- MATCH ENVIRONMENT ---
No environment data available for this match


==================================================
MATCH #11 OF 81
==================================================

----- MATCH SUMMARY -----
Timestamp: 2025-04-30 10:50:07 ET
Competition ID: l965mkyh4jdr1ge
Competition: Argentine Reserve League (Argentina)
Match: Temperley Reserves vs Chacarita Juniors Reserves
Score: 0 - 0 (HT: 0 - 0)
Status: First half (Status ID: 2)

--- MATCH BETTING ODDS ---
ML (Money Line):
Time: 4 min | Home: -105 | Draw: +225 | Away: +260

SPREAD (Asia Handicap):
Time: 4 min | Home: +100 | Handicap: 0.5 | Away: -125

Over/Under:
Time: 4 min | Over: -125 | Line: 2.0 | Under: +100

--- MATCH ENVIRONMENT ---
No environment data available for this match


==================================================
MATCH #12 OF 81
==================================================

----- MATCH SUMMARY -----
Timestamp: 2025-04-30 10:50:08 ET
Competition ID: l965mkyh4jdr1ge
Competition: Argentine Reserve League (Argentina)
Match: CA Lugano Reserves vs Berazategui Reserves
Score: 0 - 0 (HT: 0 - 0)
Status: First half (Status ID: 2)

--- MATCH BETTING ODDS ---
ML (Money Line):
Time: 3 min | Home: +200 | Draw: +225 | Away: +120 (Closest time to minutes 4-6 available: 3)

SPREAD (Asia Handicap):
Time: 4 min | Home: -130 | Handicap: -0.25 | Away: -108

Over/Under:
Time: 4 min | Over: -118 | Line: 2.5 | Under: -118

--- MATCH ENVIRONMENT ---
Weather: Sunny
Wind: 2.9m/s
Humidity: 61%


==================================================
MATCH #13 OF 81
==================================================

----- MATCH SUMMARY -----
Timestamp: 2025-04-30 10:50:09 ET
Competition ID: l965mkyh4jdr1ge
Competition: Argentine Reserve League (Argentina)
Match: Real Pilar Reserves vs Deportivo Merlo Reserves
Score: 0 - 0 (HT: 0 - 0)
Status: First half (Status ID: 2)

--- MATCH BETTING ODDS ---
ML (Money Line):
Time: 6 min | Home: +130 | Draw: +240 | Away: +175

SPREAD (Asia Handicap):
Time: 4 min | Home: -104 | Handicap: 0.25 | Away: -130

Over/Under:
Time: 4 min | Over: -122 | Line: 2.25 | Under: -103

--- MATCH ENVIRONMENT ---
No environment data available for this match


==================================================
MATCH #14 OF 81
==================================================

----- MATCH SUMMARY -----
Timestamp: 2025-04-30 10:50:11 ET
Competition ID: 56ypq3nh01nmd7o
Competition: Egyptian Premier League (Egypt)
Match: Haras El Hodood vs Pyramids FC
Score: 0 - 1 (HT: 0 - 1)
Status: Half-time break (Status ID: 3)

--- MATCH BETTING ODDS ---
ML (Money Line):
Time: 4 min | Home: +650 | Draw: +275 | Away: -200

SPREAD (Asia Handicap):
Time: 4 min | Home: -103 | Handicap: -1.0 | Away: -122

Over/Under:
Time: 4 min | Over: +100 | Line: 2.25 | Under: -125

--- MATCH ENVIRONMENT ---
Weather: Partially cloudy
Wind: 6.1m/s
Humidity: 69%


==================================================
MATCH #15 OF 81
==================================================

----- MATCH SUMMARY -----
Timestamp: 2025-04-30 10:50:12 ET
Competition ID: kdj2ryohjn7q1zp
Competition: Cameroon Elite two (Cameroon)
Match: Djiko FC de Bandjoun vs Fovu de Baham
Score: 0 - 0 (HT: 0 - 0)
Status: Abandoned (Status ID: 13)

--- MATCH BETTING ODDS ---


--- MATCH ENVIRONMENT ---
No environment data available for this match


==================================================
MATCH #16 OF 81
==================================================

----- MATCH SUMMARY -----
Timestamp: 2025-04-30 10:50:13 ET
Competition ID: 9k82rekhokorepz
Competition: Namibia Premier League (Namibia)
Match: Young Africans Sports Club vs Mighty Gunners
Score: 0 - 0 (HT: 0 - 0)
Status: Abandoned (Status ID: 13)

--- MATCH BETTING ODDS ---


--- MATCH ENVIRONMENT ---
No environment data available for this match


==================================================
MATCH #17 OF 81
==================================================

----- MATCH SUMMARY -----
Timestamp: 2025-04-30 10:50:14 ET
Competition ID: e4wyrn4hdzvq86p
Competition: Poland Liga 3 (Poland)
Match: Polonia Lidzbark vs Sieradz
Score: 0 - 0 (HT: 0 - 0)
Status: Half-time break (Status ID: 3)

--- MATCH BETTING ODDS ---


--- MATCH ENVIRONMENT ---
No environment data available for this match


==================================================
MATCH #18 OF 81
==================================================

----- MATCH SUMMARY -----
Timestamp: 2025-04-30 10:50:15 ET
Competition ID: e4wyrn4hdzvq86p
Competition: Poland Liga 3 (Poland)
Match: Warta Gorzów Wielkopolski vs Lechia Zielona Gora
Score: 0 - 0 (HT: 0 - 0)
Status: Half-time break (Status ID: 3)

--- MATCH BETTING ODDS ---
ML (Money Line):
Time: 4 min | Home: +125 | Draw: +260 | Away: +162

SPREAD (Asia Handicap):
Time: 4 min | Home: -152 | Handicap: 0.0 | Away: +102

Over/Under:
Time: 4 min | Over: -103 | Line: 2.75 | Under: -122

--- MATCH ENVIRONMENT ---
No environment data available for this match


==================================================
MATCH #19 OF 81
==================================================

----- MATCH SUMMARY -----
Timestamp: 2025-04-30 10:50:16 ET
Competition ID: v2y8m4zhw4ql074
Competition: Romanian Liga II (Romania)
Match: Steaua Bucuresti vs FK Csikszereda Miercurea Ciuc
Score: 0 - 0 (HT: 0 - 0)
Status: Half-time break (Status ID: 3)

--- MATCH BETTING ODDS ---
ML (Money Line):
Time: 4 min | Home: +160 | Draw: +162 | Away: +210

SPREAD (Asia Handicap):
Time: 4 min | Home: -133 | Handicap: 0.0 | Away: +105

Over/Under:
Time: 4 min | Over: +102 | Line: 2.0 | Under: -130

--- MATCH ENVIRONMENT ---
Weather: Sunny
Wind: 1.2m/s
Humidity: 31%


==================================================
MATCH #20 OF 81
==================================================

----- MATCH SUMMARY -----
Timestamp: 2025-04-30 10:50:18 ET
Competition ID: 9dn1m1gh84pmoep
Competition: Portuguese U23 League (Portugal)
Match: Benfica U23 vs Vizela U23
Score: 1 - 1 (HT: 1 - 1)
Status: First half (Status ID: 2)

--- MATCH BETTING ODDS ---
ML (Money Line):
Time: 4 min | Home: -152 | Draw: +300 | Away: +300

SPREAD (Asia Handicap):
Time: 4 min | Home: -122 | Handicap: 0.75 | Away: -103

Over/Under:
Time: 4 min | Over: -118 | Line: 3.0 | Under: -105

--- MATCH ENVIRONMENT ---
Weather: Partially cloudy
Wind: 3.7m/s
Humidity: 64%


==================================================
MATCH #21 OF 81
==================================================

----- MATCH SUMMARY -----
Timestamp: 2025-04-30 10:50:19 ET
Competition ID: 9dn1m1gh84pmoep
Competition: Portuguese U23 League (Portugal)
Match: Gil Vicente U23 vs Estoril U23
Score: 1 - 0 (HT: 1 - 0)
Status: Half-time break (Status ID: 3)

--- MATCH BETTING ODDS ---
ML (Money Line):
Time: 4 min | Home: +125 | Draw: +260 | Away: +175

SPREAD (Asia Handicap):
Time: 4 min | Home: +100 | Handicap: 0.25 | Away: -125

Over/Under:
Time: 4 min | Over: -114 | Line: 2.75 | Under: -106

--- MATCH ENVIRONMENT ---
Weather: Unknown (10)
Wind: 4.5m/s
Humidity: 93%


==================================================
MATCH #22 OF 81
==================================================

----- MATCH SUMMARY -----
Timestamp: 2025-04-30 10:50:20 ET
Competition ID: 9dn1m1gh84pmoep
Competition: Portuguese U23 League (Portugal)
Match: Sporting CP U23 vs Estrela FC U23
Score: 0 - 0 (HT: 0 - 0)
Status: Half-time break (Status ID: 3)

--- MATCH BETTING ODDS ---
ML (Money Line):
Time: 4 min | Home: -164 | Draw: +275 | Away: +375

SPREAD (Asia Handicap):
Time: 4 min | Home: -125 | Handicap: 0.75 | Away: +100

Over/Under:
Time: 4 min | Over: -105 | Line: 2.5 | Under: -118

--- MATCH ENVIRONMENT ---
Weather: Partially cloudy
Wind: 3.7m/s
Humidity: 64%


==================================================
MATCH #23 OF 81
==================================================

----- MATCH SUMMARY -----
Timestamp: 2025-04-30 10:50:21 ET
Competition ID: p4jwq2ghv1vm0ve
Competition: Rwandan Cup (Rwanda)
Match: APR FC vs Police(RWA)
Score: 1 - 0 (HT: 1 - 0)
Status: First half (Status ID: 2)

--- MATCH BETTING ODDS ---
ML (Money Line):
Time: 5 min | Home: -175 | Draw: +225 | Away: +550

SPREAD (Asia Handicap):
Time: 4 min | Home: -105 | Handicap: 1.0 | Away: -141

Over/Under:
Time: 4 min | Over: -103 | Line: 2.0 | Under: -122

--- MATCH ENVIRONMENT ---
Weather: Partially cloudy
Wind: 2.0m/s
Humidity: 78%


==================================================
MATCH #24 OF 81
==================================================

----- MATCH SUMMARY -----
Timestamp: 2025-04-30 10:50:22 ET
Competition ID: kjw2r09hl1wrz84
Competition: Tunisian Professional League 2 (Tunisia)
Match: CS.Hammam-Lif vs Megrine
Score: 0 - 0 (HT: 0 - 0)
Status: Half-time break (Status ID: 3)

--- MATCH BETTING ODDS ---

SPREAD (Asia Handicap):
Time: 21 min | Home: +121 | Handicap: -0.5 | Away: -182 (Closest time to minutes 4-6 available: 21)

Over/Under:
Time: 18 min | Over: -132 | Line: 2.25 | Under: -114 (Closest time to minutes 4-6 available: 18)

--- MATCH ENVIRONMENT ---
No environment data available for this match


==================================================
MATCH #25 OF 81
==================================================

----- MATCH SUMMARY -----
Timestamp: 2025-04-30 10:50:24 ET
Competition ID: kjw2r09hl1wrz84
Competition: Tunisian Professional League 2 (Tunisia)
Match: Croissant Msaken vs Stade Africain Menzel Bourguib
Score: 0 - 0 (HT: 0 - 0)
Status: Half-time break (Status ID: 3)

--- MATCH BETTING ODDS ---

SPREAD (Asia Handicap):
Time: 4 min | Home: -122 | Handicap: 0.5 | Away: +100

Over/Under:
Time: 4 min | Over: -112 | Line: 1.5 | Under: -110

--- MATCH ENVIRONMENT ---
Weather: Partially cloudy
Wind: 8.1m/s
Humidity: 44%


==================================================
MATCH #26 OF 81
==================================================

----- MATCH SUMMARY -----
Timestamp: 2025-04-30 10:50:24 ET
Competition ID: kjw2r09hl1wrz84
Competition: Tunisian Professional League 2 (Tunisia)
Match: AS Kasserine vs AS jelma
Score: 1 - 0 (HT: 1 - 0)
Status: First half (Status ID: 2)

--- MATCH BETTING ODDS ---

Over/Under:
Time: pre-match min | Over: +160 | Line: 2.5 | Under: -244 (Closest time to minutes 4-6 available: pre-match)

--- MATCH ENVIRONMENT ---
No environment data available for this match


==================================================
MATCH #27 OF 81
==================================================

----- MATCH SUMMARY -----
Timestamp: 2025-04-30 10:50:26 ET
Competition ID: kn54qllhey9qvy9
Competition: Egyptian Division 2 (Egypt)
Match: Team FC Cairo vs Al Nasr Cairo
Score: 1 - 1 (HT: 1 - 1)
Status: Second half (Status ID: 4)

--- MATCH BETTING ODDS ---
ML (Money Line):
Time: 11 min | Home: +162 | Draw: +250 | Away: +137 (Closest time to minutes 4-6 available: 11)

SPREAD (Asia Handicap):
Time: 11 min | Home: -139 | Handicap: 0.75 | Away: +107 (Closest time to minutes 4-6 available: 11)

Over/Under:
Time: 11 min | Over: -122 | Line: 3.0 | Under: -103 (Closest time to minutes 4-6 available: 11)

--- MATCH ENVIRONMENT ---
No environment data available for this match


==================================================
MATCH #28 OF 81
==================================================

----- MATCH SUMMARY -----
Timestamp: 2025-04-30 10:50:27 ET
Competition ID: kn54qllhey9qvy9
Competition: Egyptian Division 2 (Egypt)
Match: Aswan vs El Mansoura
Score: 1 - 1 (HT: 1 - 1)
Status: Second half (Status ID: 4)

--- MATCH BETTING ODDS ---
ML (Money Line):
Time: 4 min | Home: +187 | Draw: +220 | Away: +137

SPREAD (Asia Handicap):
Time: 4 min | Home: -133 | Handicap: 0.75 | Away: +105

Over/Under:
Time: 4 min | Over: -130 | Line: 3.0 | Under: +102

--- MATCH ENVIRONMENT ---
Weather: Sunny
Wind: 3.7m/s
Humidity: 9%


==================================================
MATCH #29 OF 81
==================================================

----- MATCH SUMMARY -----
Timestamp: 2025-04-30 10:50:28 ET
Competition ID: kn54qllhey9qvy9
Competition: Egyptian Division 2 (Egypt)
Match: Olympic El Qanal vs Proxy SC
Score: 1 - 0 (HT: 1 - 0)
Status: Second half (Status ID: 4)

--- MATCH BETTING ODDS ---
ML (Money Line):
Time: 4 min | Home: +160 | Draw: +175 | Away: +175

SPREAD (Asia Handicap):
Time: 4 min | Home: -110 | Handicap: 0.0 | Away: -110

Over/Under:
Time: 4 min | Over: -130 | Line: 1.75 | Under: +102

--- MATCH ENVIRONMENT ---
Weather: Partially cloudy
Wind: 13.m/s
Humidity: 32%


==================================================
MATCH #30 OF 81
==================================================

----- MATCH SUMMARY -----
Timestamp: 2025-04-30 10:50:29 ET
Competition ID: kn54qllhey9qvy9
Competition: Egyptian Division 2 (Egypt)
Match: Asyut Petroleum vs Abou Qir Fertilizers SC
Score: 1 - 1 (HT: 1 - 1)
Status: Second half (Status ID: 4)

--- MATCH BETTING ODDS ---
ML (Money Line):
Time: 4 min | Home: +350 | Draw: +210 | Away: -125

SPREAD (Asia Handicap):
Time: 4 min | Home: +100 | Handicap: -0.5 | Away: -125

Over/Under:
Time: 4 min | Over: -118 | Line: 2.0 | Under: -105

--- MATCH ENVIRONMENT ---
Weather: Partially cloudy
Wind: 10.m/s
Humidity: 24%


==================================================
MATCH #31 OF 81
==================================================

----- MATCH SUMMARY -----
Timestamp: 2025-04-30 10:50:30 ET
Competition ID: kn54qllhey9qvy9
Competition: Egyptian Division 2 (Egypt)
Match: Dayrot vs Gazl Kafr Eldwar
Score: 0 - 1 (HT: 0 - 1)
Status: Second half (Status ID: 4)

--- MATCH BETTING ODDS ---
ML (Money Line):
Time: 4 min | Home: +130 | Draw: +175 | Away: +240

SPREAD (Asia Handicap):
Time: 4 min | Home: +100 | Handicap: 0.25 | Away: -125

Over/Under:
Time: 4 min | Over: -122 | Line: 1.5 | Under: -103

--- MATCH ENVIRONMENT ---
Weather: Unknown (8)
Wind: 9.7m/s
Humidity: 34%


==================================================
MATCH #32 OF 81
==================================================

----- MATCH SUMMARY -----
Timestamp: 2025-04-30 10:50:31 ET
Competition ID: e4wyrn4hdzvq86p
Competition: Poland Liga 3 (Poland)
Match: Star Starachowice vs Lewart Lubartow
Score: 4 - 0 (HT: 4 - 0)
Status: Second half (Status ID: 4)

--- MATCH BETTING ODDS ---
ML (Money Line):
Time: 4 min | Home: -303 | Draw: +400 | Away: +600

SPREAD (Asia Handicap):
Time: 4 min | Home: -118 | Handicap: 1.5 | Away: -105

Over/Under:
Time: 4 min | Over: -109 | Line: 3.25 | Under: -115

--- MATCH ENVIRONMENT ---
Weather: Partially cloudy
Wind: 4.1m/s
Humidity: 34%


==================================================
MATCH #33 OF 81
==================================================

----- MATCH SUMMARY -----
Timestamp: 2025-04-30 10:50:32 ET
Competition ID: kn54qllhey9qvy9
Competition: Egyptian Division 2 (Egypt)
Match: Baladiyat El Mahalla vs La Viena
Score: 0 - 0 (HT: 0 - 0)
Status: Second half (Status ID: 4)

--- MATCH BETTING ODDS ---
ML (Money Line):
Time: 5 min | Home: +150 | Draw: +175 | Away: +200

SPREAD (Asia Handicap):
Time: 4 min | Home: -141 | Handicap: 0.0 | Away: +105

Over/Under:
Time: 4 min | Over: -115 | Line: 1.75 | Under: -109

--- MATCH ENVIRONMENT ---
Weather: Partially cloudy
Wind: 7.1m/s
Humidity: 55%


==================================================
MATCH #34 OF 81
==================================================

----- MATCH SUMMARY -----
Timestamp: 2025-04-30 10:50:34 ET
Competition ID: vl7oqdehn11r510
Competition: Tunisian Cup (Tunisia)
Match: J.S. Kairouanaise vs ES du Sahel
Score: 0 - 0 (HT: 0 - 0)
Status: Second half (Status ID: 4)

--- MATCH BETTING ODDS ---
ML (Money Line):
Time: 4 min | Home: +500 | Draw: +220 | Away: -152

SPREAD (Asia Handicap):
Time: 4 min | Home: -109 | Handicap: -0.75 | Away: -115

Over/Under:
Time: 4 min | Over: -103 | Line: 2.0 | Under: -122

--- MATCH ENVIRONMENT ---
Weather: Sunny
Wind: 2.0m/s
Humidity: 30%


==================================================
MATCH #35 OF 81
==================================================

----- MATCH SUMMARY -----
Timestamp: 2025-04-30 10:50:35 ET
Competition ID: jednm9whkg3ryox
Competition: South Africa First League (South Africa)
Match: Milford vs Pretoria Callies
Score: 0 - 1 (HT: 0 - 0)
Status: Second half (Status ID: 4)

--- MATCH BETTING ODDS ---
ML (Money Line):
Time: 4 min | Home: -152 | Draw: +260 | Away: +350

SPREAD (Asia Handicap):
Time: 4 min | Home: -123 | Handicap: 0.5 | Away: -112

Over/Under:
Time: 4 min | Over: -133 | Line: 2.0 | Under: +105

--- MATCH ENVIRONMENT ---
Weather: Sunny
Wind: 1.5m/s
Humidity: 74%


==================================================
MATCH #36 OF 81
==================================================

----- MATCH SUMMARY -----
Timestamp: 2025-04-30 10:50:37 ET
Competition ID: 9k82rekh332repz
Competition: Estonian U19 league (Estonia)
Match: JK Trans Narva U19 vs FC Flora Tallinn U19
Score: 0 - 0 (HT: 0 - 0)
Status: Second half (Status ID: 4)

--- MATCH BETTING ODDS ---
ML (Money Line):
Time: 4 min | Home: +250 | Draw: +450 | Away: -175

SPREAD (Asia Handicap):
Time: 4 min | Home: -109 | Handicap: -1.0 | Away: -115

Over/Under:
Time: 4 min | Over: -118 | Line: 4.25 | Under: -105

--- MATCH ENVIRONMENT ---
Weather: Cloudy
Wind: 4.3m/s
Humidity: 72%


==================================================
MATCH #37 OF 81
==================================================

----- MATCH SUMMARY -----
Timestamp: 2025-04-30 10:50:38 ET
Competition ID: kdj2ryohpeq1zpg
Competition: Armenian First League (Armenia)
Match: Urartu II vs BKMA II
Score: 1 - 1 (HT: 0 - 1)
Status: Second half (Status ID: 4)

--- MATCH BETTING ODDS ---

Over/Under:
Time: pre-match min | Over: -250 | Line: 2.5 | Under: +160 (Closest time to minutes 4-6 available: pre-match)

--- MATCH ENVIRONMENT ---
No environment data available for this match


==================================================
MATCH #38 OF 81
==================================================

----- MATCH SUMMARY -----
Timestamp: 2025-04-30 10:50:39 ET
Competition ID: 4zp5rzgh7loq82w
Competition: Zimbabwe Premier Soccer League (Zimbabwe)
Match: CAPS United vs FC Platinum
Score: 1 - 2 (HT: 0 - 1)
Status: Second half (Status ID: 4)

--- MATCH BETTING ODDS ---
ML (Money Line):
Time: 4 min | Home: +110 | Draw: +175 | Away: +300

SPREAD (Asia Handicap):
Time: 4 min | Home: -125 | Handicap: 0.25 | Away: +100

Over/Under:
Time: 4 min | Over: -130 | Line: 1.5 | Under: +102

--- MATCH ENVIRONMENT ---
Weather: Snowy
Wind: 8.7m/s
Humidity: 51%


==================================================
MATCH #39 OF 81
==================================================

----- MATCH SUMMARY -----
Timestamp: 2025-04-30 10:50:41 ET
Competition ID: 4zp5rzgh7loq82w
Competition: Zimbabwe Premier Soccer League (Zimbabwe)
Match: Chicken Inn vs TelOne fc
Score: 0 - 0 (HT: 0 - 0)
Status: Second half (Status ID: 4)

--- MATCH BETTING ODDS ---
ML (Money Line):
Time: 5 min | Home: +160 | Draw: +160 | Away: +210

SPREAD (Asia Handicap):
Time: 4 min | Home: -143 | Handicap: 0.0 | Away: +110

Over/Under:
Time: 4 min | Over: -125 | Line: 1.5 | Under: +100

--- MATCH ENVIRONMENT ---
Weather: Sunny
Wind: 3.7m/s
Humidity: 35%


==================================================
MATCH #40 OF 81
==================================================

----- MATCH SUMMARY -----
Timestamp: 2025-04-30 10:50:41 ET
Competition ID: 4zp5rzgh7loq82w
Competition: Zimbabwe Premier Soccer League (Zimbabwe)
Match: GreenFuel vs Dynamos FC
Score: 0 - 0 (HT: 0 - 0)
Status: Second half (Status ID: 4)

--- MATCH BETTING ODDS ---


--- MATCH ENVIRONMENT ---
No environment data available for this match


==================================================
MATCH #41 OF 81
==================================================

----- MATCH SUMMARY -----
Timestamp: 2025-04-30 10:50:42 ET
Competition ID: 4zp5rzgh7loq82w
Competition: Zimbabwe Premier Soccer League (Zimbabwe)
Match: Kwekwe United vs Simba Bhora
Score: 1 - 1 (HT: 0 - 1)
Status: Second half (Status ID: 4)

--- MATCH BETTING ODDS ---


--- MATCH ENVIRONMENT ---
No environment data available for this match


==================================================
MATCH #42 OF 81
==================================================

----- MATCH SUMMARY -----
Timestamp: 2025-04-30 10:50:43 ET
Competition ID: 4zp5rzgh7loq82w
Competition: Zimbabwe Premier Soccer League (Zimbabwe)
Match: Ngezi Platinum vs Yadah FC
Score: 1 - 2 (HT: 0 - 1)
Status: Second half (Status ID: 4)

--- MATCH BETTING ODDS ---


--- MATCH ENVIRONMENT ---
No environment data available for this match


==================================================
MATCH #43 OF 81
==================================================

----- MATCH SUMMARY -----
Timestamp: 2025-04-30 10:50:44 ET
Competition ID: 4zp5rzgh7loq82w
Competition: Zimbabwe Premier Soccer League (Zimbabwe)
Match: Triangle FC vs ZPC Kariba
Score: 1 - 1 (HT: 0 - 1)
Status: Second half (Status ID: 4)

--- MATCH BETTING ODDS ---


--- MATCH ENVIRONMENT ---
No environment data available for this match


==================================================
MATCH #44 OF 81
==================================================

----- MATCH SUMMARY -----
Timestamp: 2025-04-30 10:50:45 ET
Competition ID: 4zp5rzgh7loq82w
Competition: Zimbabwe Premier Soccer League (Zimbabwe)
Match: Highlanders vs Bikita Minerals FC
Score: 1 - 0 (HT: 1 - 0)
Status: Second half (Status ID: 4)

--- MATCH BETTING ODDS ---
ML (Money Line):
Time: 4 min | Home: -125 | Draw: +240 | Away: +300

SPREAD (Asia Handicap):
Time: 4 min | Home: -122 | Handicap: 0.5 | Away: -103

Over/Under:
Time: 4 min | Over: -115 | Line: 2.0 | Under: -109

--- MATCH ENVIRONMENT ---
Weather: Sunny
Wind: 3.7m/s
Humidity: 35%


==================================================
MATCH #45 OF 81
==================================================

----- MATCH SUMMARY -----
Timestamp: 2025-04-30 10:50:46 ET
Competition ID: 9vjxm8ghgy0r6od
Competition: Uganda Premier League (Uganda)
Match: Airtel Kitara FC vs Wakiso Giants FC
Score: 0 - 0 (HT: 0 - 0)
Status: Finished (Status ID: 8)

--- MATCH BETTING ODDS ---

SPREAD (Asia Handicap):
Time: 4 min | Home: -112 | Handicap: 1.25 | Away: -115

Over/Under:
Time: 4 min | Over: -112 | Line: 2.25 | Under: -115

--- MATCH ENVIRONMENT ---
Weather: Windy
Wind: 3.1m/s
Humidity: 59%


==================================================
MATCH #46 OF 81
==================================================

----- MATCH SUMMARY -----
Timestamp: 2025-04-30 10:50:48 ET
Competition ID: jednm9whg03ryox
Competition: Italian Campionato Primavera 2 (Italy)
Match: AlbinoLeffe Youth vs Padova U19
Score: 3 - 1 (HT: 1 - 1)
Status: Finished (Status ID: 8)

--- MATCH BETTING ODDS ---
ML (Money Line):
Time: 4 min | Home: +200 | Draw: +260 | Away: +110

SPREAD (Asia Handicap):
Time: 4 min | Home: -105 | Handicap: -0.25 | Away: -118

Over/Under:
Time: 4 min | Over: -109 | Line: 3.0 | Under: -115

--- MATCH ENVIRONMENT ---
Weather: Sunny
Wind: 3.7m/s
Humidity: 47%


==================================================
MATCH #47 OF 81
==================================================

----- MATCH SUMMARY -----
Timestamp: 2025-04-30 10:50:49 ET
Competition ID: 9vjxm8ghgy0r6od
Competition: Uganda Premier League (Uganda)
Match: Bright Stars vs Express FC
Score: 0 - 1 (HT: 0 - 0)
Status: Second half (Status ID: 4)

--- MATCH BETTING ODDS ---

SPREAD (Asia Handicap):
Time: 4 min | Home: -125 | Handicap: 0.0 | Away: -104

Over/Under:
Time: 4 min | Over: -122 | Line: 2.75 | Under: -106

--- MATCH ENVIRONMENT ---
Weather: Partially cloudy
Wind: 1.2m/s
Humidity: 56%


==================================================
MATCH #48 OF 81
==================================================

----- MATCH SUMMARY -----
Timestamp: 2025-04-30 10:50:50 ET
Competition ID: jednm9whk0ryox8
Competition: International Friendly (Unknown Country)
Match: Hungary (w) U17 vs Czech Republic (w) U17
Score: 1 - 1 (HT: 1 - 1)
Status: Second half (Status ID: 4)

--- MATCH BETTING ODDS ---


--- MATCH ENVIRONMENT ---
No environment data available for this match


==================================================
MATCH #49 OF 81
==================================================

----- MATCH SUMMARY -----
Timestamp: 2025-04-30 10:50:52 ET
Competition ID: 56ypq3nhll6md7o
Competition: South Africa Women's League (South Africa)
Match: First Touch Academy (w) vs UCT (w)
Score: 2 - 1 (HT: 1 - 0)
Status: Second half (Status ID: 4)

--- MATCH BETTING ODDS ---
ML (Money Line):
Time: 4 min | Home: -152 | Draw: +275 | Away: +350

SPREAD (Asia Handicap):
Time: 4 min | Home: -130 | Handicap: 0.75 | Away: -108

Over/Under:
Time: 4 min | Over: -119 | Line: 2.75 | Under: -116

--- MATCH ENVIRONMENT ---
Weather: Sunny
Wind: 4.3m/s
Humidity: 37%


==================================================
MATCH #50 OF 81
==================================================

----- MATCH SUMMARY -----
Timestamp: 2025-04-30 10:50:53 ET
Competition ID: 56ypq3nhll6md7o
Competition: South Africa Women's League (South Africa)
Match: Johannesburg Uni (w) vs Royal AM FC (W)
Score: 3 - 0 (HT: 1 - 0)
Status: Second half (Status ID: 4)

--- MATCH BETTING ODDS ---
ML (Money Line):
Time: 4 min | Home: -1111 | Draw: +750 | Away: +2200

SPREAD (Asia Handicap):
Time: 4 min | Home: -105 | Handicap: 2.5 | Away: -118

Over/Under:
Time: 4 min | Over: -105 | Line: 3.25 | Under: -118

--- MATCH ENVIRONMENT ---
Weather: Cloudy
Wind: 5.8m/s
Humidity: 40%


==================================================
MATCH #51 OF 81
==================================================

----- MATCH SUMMARY -----
Timestamp: 2025-04-30 10:50:54 ET
Competition ID: 56ypq3nhll6md7o
Competition: South Africa Women's League (South Africa)
Match: University of Pretoria (W) vs TUT FC (w)
Score: 0 - 0 (HT: 0 - 0)
Status: Abandoned (Status ID: 13)

--- MATCH BETTING ODDS ---
ML (Money Line):
Time: pre-match min | Home: +145 | Draw: +200 | Away: +162 (Closest time to minutes 4-6 available: pre-match)

SPREAD (Asia Handicap):
Time: pre-match min | Home: -122 | Handicap: 0.0 | Away: -103 (Closest time to minutes 4-6 available: pre-match)

Over/Under:
Time: pre-match min | Over: -111 | Line: 2.25 | Under: -111 (Closest time to minutes 4-6 available: pre-match)

--- MATCH ENVIRONMENT ---
Weather: Sunny
Wind: 3.7m/s
Humidity: 52%


==================================================
MATCH #52 OF 81
==================================================

----- MATCH SUMMARY -----
Timestamp: 2025-04-30 10:50:56 ET
Competition ID: kn54qllh40qvy9d
Competition: Kazakhstan Premier League (Kazakhstan)
Match: FK Atyrau vs FC Astana
Score: 0 - 2 (HT: 0 - 1)
Status: Second half (Status ID: 4)

--- MATCH BETTING ODDS ---
ML (Money Line):
Time: 4 min | Home: +500 | Draw: +375 | Away: -250

SPREAD (Asia Handicap):
Time: 4 min | Home: -103 | Handicap: -1.25 | Away: -122

Over/Under:
Time: 4 min | Over: -125 | Line: 2.75 | Under: +100

--- MATCH ENVIRONMENT ---
Weather: Partially cloudy
Wind: 3.7m/s
Humidity: 25%


==================================================
MATCH #53 OF 81
==================================================

----- MATCH SUMMARY -----
Timestamp: 2025-04-30 10:50:57 ET
Competition ID: 9dn1m1ghl1moepl
Competition: Turkish Third League (Turkey)
Match: Yeni Amasya Spor vs Mazidagi Fosfatspo
Score: 0 - 3 (HT: 0 - 0)
Status: Second half (Status ID: 4)

--- MATCH BETTING ODDS ---
ML (Money Line):
Time: 4 min | Home: +110 | Draw: +220 | Away: +220

SPREAD (Asia Handicap):
Time: 4 min | Home: -115 | Handicap: 0.25 | Away: -109

Over/Under:
Time: 4 min | Over: +100 | Line: 2.25 | Under: -125

--- MATCH ENVIRONMENT ---
Weather: Cloudy
Wind: 4.8m/s
Humidity: 49%


==================================================
MATCH #54 OF 81
==================================================

----- MATCH SUMMARY -----
Timestamp: 2025-04-30 10:50:58 ET
Competition ID: 9dn1m1ghl1moepl
Competition: Turkish Third League (Turkey)
Match: Kutahyaspor vs Duzcespor
Score: 2 - 1 (HT: 1 - 0)
Status: Second half (Status ID: 4)

--- MATCH BETTING ODDS ---
ML (Money Line):
Time: 4 min | Home: +137 | Draw: +240 | Away: +175

SPREAD (Asia Handicap):
Time: 4 min | Home: -108 | Handicap: 0.25 | Away: -130

Over/Under:
Time: 4 min | Over: -118 | Line: 2.25 | Under: -105

--- MATCH ENVIRONMENT ---
Weather: Partially cloudy
Wind: 3.7m/s
Humidity: 53%


==================================================
MATCH #55 OF 81
==================================================

----- MATCH SUMMARY -----
Timestamp: 2025-04-30 10:50:59 ET
Competition ID: 9dn1m1ghl1moepl
Competition: Turkish Third League (Turkey)
Match: Kucukcekmece vs Corluspor
Score: 0 - 0 (HT: 0 - 0)
Status: Second half (Status ID: 4)

--- MATCH BETTING ODDS ---
ML (Money Line):
Time: 4 min | Home: +125 | Draw: +240 | Away: +175

SPREAD (Asia Handicap):
Time: 4 min | Home: +100 | Handicap: 0.25 | Away: -125

Over/Under:
Time: 4 min | Over: -108 | Line: 2.5 | Under: -120

--- MATCH ENVIRONMENT ---
Weather: Cloudy
Wind: 11.m/s
Humidity: 61%


==================================================
MATCH #56 OF 81
==================================================

----- MATCH SUMMARY -----
Timestamp: 2025-04-30 10:51:02 ET
Competition ID: 9dn1m1ghl1moepl
Competition: Turkish Third League (Turkey)
Match: Silivrispor vs Tire 2021 FK
Score: 0 - 0 (HT: 0 - 0)
Status: Second half (Status ID: 4)

--- MATCH BETTING ODDS ---
ML (Money Line):
Time: 5 min | Home: +105 | Draw: +220 | Away: +240

SPREAD (Asia Handicap):
Time: 4 min | Home: -130 | Handicap: 0.25 | Away: -104

Over/Under:
Time: 4 min | Over: -130 | Line: 2.25 | Under: +102

--- MATCH ENVIRONMENT ---
Weather: Partially cloudy
Wind: 11.m/s
Humidity: 63%


==================================================
MATCH #57 OF 81
==================================================

----- MATCH SUMMARY -----
Timestamp: 2025-04-30 10:51:03 ET
Competition ID: 9dn1m1ghl1moepl
Competition: Turkish Third League (Turkey)
Match: Zonguldak vs Kahramanmaras Bld
Score: 0 - 0 (HT: 0 - 0)
Status: Second half (Status ID: 4)

--- MATCH BETTING ODDS ---
ML (Money Line):
Time: 4 min | Home: +140 | Draw: +210 | Away: +187

SPREAD (Asia Handicap):
Time: 4 min | Home: -125 | Handicap: 0.0 | Away: -104

Over/Under:
Time: 4 min | Over: -118 | Line: 2.25 | Under: -110

--- MATCH ENVIRONMENT ---
Weather: Partially cloudy
Wind: 6.1m/s
Humidity: 77%


==================================================
MATCH #58 OF 81
==================================================

----- MATCH SUMMARY -----
Timestamp: 2025-04-30 10:51:05 ET
Competition ID: 8y39mp1hpxmojxg
Competition: Danish U19 Youth League (Denmark)
Match: Esbjerg U19 vs Randers Freja U19
Score: 1 - 2 (HT: 1 - 0)
Status: Second half (Status ID: 4)

--- MATCH BETTING ODDS ---
ML (Money Line):
Time: 4 min | Home: +162 | Draw: +260 | Away: +130

SPREAD (Asia Handicap):
Time: 4 min | Home: -125 | Handicap: -0.25 | Away: +100

Over/Under:
Time: 4 min | Over: -115 | Line: 3.0 | Under: -109

--- MATCH ENVIRONMENT ---
Weather: Sunny
Wind: 5.8m/s
Humidity: 77%


==================================================
MATCH #59 OF 81
==================================================

----- MATCH SUMMARY -----
Timestamp: 2025-04-30 10:51:06 ET
Competition ID: 56ypq3nhepnmd7o
Competition: IRQ D2 (Iraq)
Match: Al Fahad vs Al Sinaah
Score: 1 - 0 (HT: 0 - 0)
Status: Second half (Status ID: 4)

--- MATCH BETTING ODDS ---
ML (Money Line):
Time: 4 min | Home: -105 | Draw: +210 | Away: +275

SPREAD (Asia Handicap):
Time: 5 min | Home: +102 | Handicap: 0.5 | Away: -130

Over/Under:
Time: 4 min | Over: -118 | Line: 1.75 | Under: -105

--- MATCH ENVIRONMENT ---
No environment data available for this match


==================================================
MATCH #60 OF 81
==================================================

----- MATCH SUMMARY -----
Timestamp: 2025-04-30 10:51:08 ET
Competition ID: yl5ergphvnlr8k0
Competition: Cameroon Elite One (Cameroon)
Match: Canon Yaounde vs Colombe du Dja et Lobo
Score: 0 - 0 (HT: 0 - 0)
Status: Postponed (Status ID: 9)

--- MATCH BETTING ODDS ---


--- MATCH ENVIRONMENT ---
No environment data available for this match


==================================================
MATCH #61 OF 81
==================================================

----- MATCH SUMMARY -----
Timestamp: 2025-04-30 10:51:09 ET
Competition ID: e4wyrn4hdzvq86p
Competition: Poland Liga 3 (Poland)
Match: Cracovia II vs GKS Glinik Gorlice
Score: 2 - 1 (HT: 1 - 0)
Status: Second half (Status ID: 4)

--- MATCH BETTING ODDS ---
ML (Money Line):
Time: 4 min | Home: -303 | Draw: +450 | Away: +550

SPREAD (Asia Handicap):
Time: 4 min | Home: -122 | Handicap: 1.5 | Away: -103

Over/Under:
Time: 4 min | Over: +102 | Line: 3.25 | Under: -130

--- MATCH ENVIRONMENT ---
Weather: Partially cloudy
Wind: 3.1m/s
Humidity: 33%


==================================================
MATCH #62 OF 81
==================================================

----- MATCH SUMMARY -----
Timestamp: 2025-04-30 10:51:10 ET
Competition ID: yl5ergphvnlr8k0
Competition: Cameroon Elite One (Cameroon)
Match: Union Douala vs Panthere Sportive du Nde
Score: 0 - 0 (HT: 0 - 0)
Status: Postponed (Status ID: 9)

--- MATCH BETTING ODDS ---


--- MATCH ENVIRONMENT ---
No environment data available for this match


==================================================
MATCH #63 OF 81
==================================================

----- MATCH SUMMARY -----
Timestamp: 2025-04-30 10:51:11 ET
Competition ID: yl5ergphvnlr8k0
Competition: Cameroon Elite One (Cameroon)
Match: Bamboutos de vs Coton Sport
Score: 0 - 0 (HT: 0 - 0)
Status: Abandoned (Status ID: 13)

--- MATCH BETTING ODDS ---


--- MATCH ENVIRONMENT ---
No environment data available for this match


==================================================
MATCH #64 OF 81
==================================================

----- MATCH SUMMARY -----
Timestamp: 2025-04-30 10:51:12 ET
Competition ID: p3glrw7hwylqdyj
Competition: Lebanese Premier League (Lebanon)
Match: Al Nejmeh SC vs CS Sagesse
Score: 0 - 0 (HT: 0 - 0)
Status: Abandoned (Status ID: 13)

--- MATCH BETTING ODDS ---
ML (Money Line):
Time: pre-match min | Home: -125 | Draw: +240 | Away: +275 (Closest time to minutes 4-6 available: pre-match)

SPREAD (Asia Handicap):
Time: pre-match min | Home: -118 | Handicap: 0.5 | Away: -105 (Closest time to minutes 4-6 available: pre-match)

Over/Under:
Time: pre-match min | Over: +102 | Line: 2.25 | Under: -130 (Closest time to minutes 4-6 available: pre-match)

--- MATCH ENVIRONMENT ---
No environment data available for this match


==================================================
MATCH #65 OF 81
==================================================

----- MATCH SUMMARY -----
Timestamp: 2025-04-30 10:51:13 ET
Competition ID: 56ypq3nhepnmd7o
Competition: IRQ D2 (Iraq)
Match: Peshmerga Sulaymaniya SC vs Masafi Al-Junoob
Score: 1 - 0 (HT: 0 - 0)
Status: Second half (Status ID: 4)

--- MATCH BETTING ODDS ---
ML (Money Line):
Time: 4 min | Home: +160 | Draw: +175 | Away: +200

SPREAD (Asia Handicap):
Time: 7 min | Home: +108 | Handicap: 0.25 | Away: -161 (Closest time to minutes 4-6 available: 7)

Over/Under:
Time: 4 min | Over: +105 | Line: 2.0 | Under: -133

--- MATCH ENVIRONMENT ---
No environment data available for this match


==================================================
MATCH #66 OF 81
==================================================

----- MATCH SUMMARY -----
Timestamp: 2025-04-30 10:51:14 ET
Competition ID: 9vjxm8ghgy0r6od
Competition: Uganda Premier League (Uganda)
Match: Mbarara City vs NEC FC Bugolobi
Score: 1 - 2 (HT: 0 - 0)
Status: Finished (Status ID: 8)

--- MATCH BETTING ODDS ---
ML (Money Line):
Time: 4 min | Home: +550 | Draw: +250 | Away: -189

SPREAD (Asia Handicap):
Time: 4 min | Home: -125 | Handicap: -1.0 | Away: +100

Over/Under:
Time: 4 min | Over: -111 | Line: 2.0 | Under: -111

--- MATCH ENVIRONMENT ---
Weather: Snowy
Wind: 4.3m/s
Humidity: 71%


==================================================
MATCH #67 OF 81
==================================================

----- MATCH SUMMARY -----
Timestamp: 2025-04-30 10:51:15 ET
Competition ID: yl5ergphvnlr8k0
Competition: Cameroon Elite One (Cameroon)
Match: PWD de Bamenda vs Les Astres FC
Score: 0 - 0 (HT: 0 - 0)
Status: Postponed (Status ID: 9)

--- MATCH BETTING ODDS ---


--- MATCH ENVIRONMENT ---
No environment data available for this match


==================================================
MATCH #68 OF 81
==================================================

----- MATCH SUMMARY -----
Timestamp: 2025-04-30 10:51:16 ET
Competition ID: 56ypq3nhepnmd7o
Competition: IRQ D2 (Iraq)
Match: Kadhimiya SC vs Naft Al-Wassat SC
Score: 1 - 0 (HT: 0 - 0)
Status: Second half (Status ID: 4)

--- MATCH BETTING ODDS ---
ML (Money Line):
Time: 4 min | Home: -164 | Draw: +240 | Away: +450

SPREAD (Asia Handicap):
Time: 4 min | Home: -118 | Handicap: 0.75 | Away: -105

Over/Under:
Time: 4 min | Over: +102 | Line: 2.0 | Under: -130

--- MATCH ENVIRONMENT ---
Weather: Sunny
Wind: 3.2m/s
Humidity: 19%


==================================================
MATCH #69 OF 81
==================================================

----- MATCH SUMMARY -----
Timestamp: 2025-04-30 10:51:17 ET
Competition ID: 56ypq3nhepnmd7o
Competition: IRQ D2 (Iraq)
Match: Al-Masafi vs Al Gharraf
Score: 1 - 1 (HT: 0 - 0)
Status: Second half (Status ID: 4)

--- MATCH BETTING ODDS ---
ML (Money Line):
Time: 4 min | Home: +200 | Draw: +210 | Away: +130

SPREAD (Asia Handicap):
Time: 4 min | Home: +112 | Handicap: 0.0 | Away: -169

Over/Under:
Time: 4 min | Over: +102 | Line: 2.25 | Under: -130

--- MATCH ENVIRONMENT ---
Weather: Sunny
Wind: 3.2m/s
Humidity: 20%


==================================================
MATCH #70 OF 81
==================================================

----- MATCH SUMMARY -----
Timestamp: 2025-04-30 10:51:18 ET
Competition ID: 56ypq3nhepnmd7o
Competition: IRQ D2 (Iraq)
Match: Al Ramadi vs Al Bahri
Score: 0 - 0 (HT: 0 - 0)
Status: Abandoned (Status ID: 13)

--- MATCH BETTING ODDS ---
ML (Money Line):
Time: pre-match min | Home: +190 | Draw: +155 | Away: +162 (Closest time to minutes 4-6 available: pre-match)

SPREAD (Asia Handicap):
Time: pre-match min | Home: +100 | Handicap: 0.0 | Away: -125 (Closest time to minutes 4-6 available: pre-match)

Over/Under:
Time: pre-match min | Over: -111 | Line: 1.75 | Under: -111 (Closest time to minutes 4-6 available: pre-match)

--- MATCH ENVIRONMENT ---
Weather: Sunny
Wind: 3.2m/s
Humidity: 13%


==================================================
MATCH #71 OF 81
==================================================

----- MATCH SUMMARY -----
Timestamp: 2025-04-30 10:51:19 ET
Competition ID: 56ypq3nhepnmd7o
Competition: IRQ D2 (Iraq)
Match: Amanat Baghdad vs Afak SC
Score: 1 - 1 (HT: 1 - 0)
Status: Second half (Status ID: 4)

--- MATCH BETTING ODDS ---
ML (Money Line):
Time: 4 min | Home: -125 | Draw: +220 | Away: +350

SPREAD (Asia Handicap):
Time: 4 min | Home: -122 | Handicap: 0.5 | Away: -103

Over/Under:
Time: 4 min | Over: -105 | Line: 2.0 | Under: -118

--- MATCH ENVIRONMENT ---
Weather: Sunny
Wind: 3.2m/s
Humidity: 19%


==================================================
MATCH #72 OF 81
==================================================

----- MATCH SUMMARY -----
Timestamp: 2025-04-30 10:51:20 ET
Competition ID: 9vjxm8ghgy0r6od
Competition: Uganda Premier League (Uganda)
Match: Mbale Heroes vs Ma Lu
Score: 0 - 1 (HT: 0 - 1)
Status: Finished (Status ID: 8)

--- MATCH BETTING ODDS ---

SPREAD (Asia Handicap):
Time: 4 min | Home: -101 | Handicap: -0.5 | Away: -128

Over/Under:
Time: 4 min | Over: -128 | Line: 2.5 | Under: -116

--- MATCH ENVIRONMENT ---
Weather: Cloudy
Wind: 3.7m/s
Humidity: 59%


==================================================
MATCH #73 OF 81
==================================================

----- MATCH SUMMARY -----
Timestamp: 2025-04-30 10:51:21 ET
Competition ID: 9dn1m1gh8zomoep
Competition: Kenya Football League (Kenya)
Match: Darajani Gogo vs MOFA FC
Score: 4 - 0 (HT: 3 - 0)
Status: Second half (Status ID: 4)

--- MATCH BETTING ODDS ---
ML (Money Line):
Time: 4 min | Home: -303 | Draw: +375 | Away: +650

SPREAD (Asia Handicap):
Time: 4 min | Home: -125 | Handicap: 0.25 | Away: +100

Over/Under:
Time: 4 min | Over: +102 | Line: 3.25 | Under: -130

--- MATCH ENVIRONMENT ---
Weather: Partially cloudy
Wind: 5.6m/s
Humidity: 57%


==================================================
MATCH #74 OF 81
==================================================

----- MATCH SUMMARY -----
Timestamp: 2025-04-30 10:51:22 ET
Competition ID: p3glrw7hwylqdyj
Competition: Lebanese Premier League (Lebanon)
Match: Tadamon SC Sour vs Al Ansar SC
Score: 0 - 0 (HT: 0 - 0)
Status: Finished (Status ID: 8)

--- MATCH BETTING ODDS ---
ML (Money Line):
Time: 4 min | Home: +1100 | Draw: +750 | Away: -833

SPREAD (Asia Handicap):
Time: 4 min | Home: -133 | Handicap: -2.25 | Away: -111

Over/Under:
Time: 4 min | Over: -149 | Line: 2.5 | Under: +100

--- MATCH ENVIRONMENT ---
Weather: Windy
Wind: 5.1m/s
Humidity: 35%


==================================================
MATCH #75 OF 81
==================================================

----- MATCH SUMMARY -----
Timestamp: 2025-04-30 10:51:23 ET
Competition ID: kdj2ryohpeq1zpg
Competition: Armenian First League (Armenia)
Match: Shirak Gjumri B vs Andranik
Score: 2 - 2 (HT: 1 - 1)
Status: Finished (Status ID: 8)

--- MATCH BETTING ODDS ---


--- MATCH ENVIRONMENT ---
No environment data available for this match


==================================================
MATCH #76 OF 81
==================================================

----- MATCH SUMMARY -----
Timestamp: 2025-04-30 10:51:25 ET
Competition ID: l965mkyhdgr1ge4
Competition: Chilean Primera B (Chile)
Match: D. Concepcion vs Santiago Morning
Score: 3 - 0 (HT: 2 - 0)
Status: Finished (Status ID: 8)

--- MATCH BETTING ODDS ---
ML (Money Line):
Time: 4 min | Home: +137 | Draw: +200 | Away: +187

SPREAD (Asia Handicap):
Time: 4 min | Home: -101 | Handicap: 0.25 | Away: -130

Over/Under:
Time: 4 min | Over: +105 | Line: 2.25 | Under: -133

--- MATCH ENVIRONMENT ---
Weather: Sunny
Wind: 1.2m/s
Humidity: 39%


==================================================
MATCH #77 OF 81
==================================================

----- MATCH SUMMARY -----
Timestamp: 2025-04-30 10:51:26 ET
Competition ID: 9k82rekhgorepzj
Competition: Turkish First League (Turkey)
Match: Adanaspor vs Genclerbirligi
Score: 0 - 5 (HT: 0 - 1)
Status: Finished (Status ID: 8)

--- MATCH BETTING ODDS ---
ML (Money Line):
Time: 4 min | Home: +1600 | Draw: +900 | Away: -1000

SPREAD (Asia Handicap):
Time: 4 min | Home: -115 | Handicap: -2.75 | Away: -109

Over/Under:
Time: 4 min | Over: +100 | Line: 4.25 | Under: -125

--- MATCH ENVIRONMENT ---
Weather: Partially cloudy
Wind: 5.3m/s
Humidity: 53%


==================================================
MATCH #78 OF 81
==================================================

----- MATCH SUMMARY -----
Timestamp: 2025-04-30 10:51:27 ET
Competition ID: yl5ergphd2r8k0o
Competition: Moldova Division 2 (Moldova)
Match: Saxan Ceadir Lunga vs FC Ursidos Stauceni
Score: 1 - 1 (HT: 0 - 1)
Status: Finished (Status ID: 8)

--- MATCH BETTING ODDS ---

SPREAD (Asia Handicap):
Time: 7 min | Home: -127 | Handicap: 0.5 | Away: -118 (Closest time to minutes 4-6 available: 7)

Over/Under:
Time: 4 min | Over: -154 | Line: 2.5 | Under: +110

--- MATCH ENVIRONMENT ---
No environment data available for this match


==================================================
MATCH #79 OF 81
==================================================

----- MATCH SUMMARY -----
Timestamp: 2025-04-30 10:51:29 ET
Competition ID: v2y8m4zhydql074
Competition: Uruguay Primera Division (Uruguay)
Match: Montevideo City Torque vs Montevideo Wanderers FC
Score: 0 - 0 (HT: 0 - 0)
Status: Finished (Status ID: 8)

--- MATCH BETTING ODDS ---
ML (Money Line):
Time: 4 min | Home: +160 | Draw: +210 | Away: +175

SPREAD (Asia Handicap):
Time: 4 min | Home: -122 | Handicap: 0.0 | Away: -104

Over/Under:
Time: 4 min | Over: -108 | Line: 2.25 | Under: -115

--- MATCH ENVIRONMENT ---
Weather: Partially cloudy
Wind: 1.8m/s
Humidity: 88%


==================================================
MATCH #80 OF 81
==================================================

----- MATCH SUMMARY -----
Timestamp: 2025-04-30 10:51:30 ET
Competition ID: v2y8m4zhv6ql074
Competition: Israel Leumit League (Israel)
Match: Hapoel Ramat Gan vs Maccabi Herzliya
Score: 2 - 0 (HT: 2 - 0)
Status: Finished (Status ID: 8)

--- MATCH BETTING ODDS ---
ML (Money Line):
Time: 4 min | Home: -105 | Draw: +300 | Away: +210

SPREAD (Asia Handicap):
Time: 4 min | Home: -130 | Handicap: 0.25 | Away: +102

Over/Under:
Time: 4 min | Over: -125 | Line: 2.75 | Under: +100

--- MATCH ENVIRONMENT ---
Weather: Sunny
Wind: 8.4m/s
Humidity: 40%


==================================================
MATCH #81 OF 81
==================================================

----- MATCH SUMMARY -----
Timestamp: 2025-04-30 10:51:32 ET
Competition ID: kjw2r09hj8rz84o
Competition: Italian Primavera Cup (Italy)
Match: Cagliari U19 vs AC Milan U20
Score: 3 - 0 (HT: 2 - 0)
Status: Finished (Status ID: 8)

--- MATCH BETTING ODDS ---
ML (Money Line):
Time: 4 min | Home: +240 | Draw: +240 | Away: +105

SPREAD (Asia Handicap):
Time: 4 min | Home: -139 | Handicap: -0.5 | Away: +107

Over/Under:
Time: 4 min | Over: -109 | Line: 2.5 | Under: -115

--- MATCH ENVIRONMENT ---
Weather: Sunny
Wind: 2.6m/s
Humidity: 48%


==================================================
END OF LIVE MATCH DATA - 81 MATCHES DISPLAYED
==================================================
Refreshing in 30 seconds... (Press Ctrl+C to exit)

================================================================================


================================================================================
FETCH TIMESTAMP: 2025-04-30 10:52:10 ET
================================================================================


================================================================================


================================================================================
FETCH TIMESTAMP: 2025-04-30 10:53:56 ET
================================================================================

Fetching country data...
Fetching country data...
Fetching live matches...

===== FOUND 79 LIVE FOOTBALL MATCHES =====

Last updated: 2025-04-30 14:52:51
==================================================
MATCH #1 OF 79
==================================================

----- MATCH SUMMARY -----
Timestamp: 2025-04-30 10:52:52 ET
Competition ID: kdj2ryohjn7q1zp
Competition: Cameroon Elite two (Cameroon)
Match: Union Abong-Mbang vs Tonnerre Yaounde
Score: 0 - 0 (HT: 0 - 0)
Status: First half (Status ID: 2)

--- MATCH BETTING ODDS ---


--- MATCH ENVIRONMENT ---
No environment data available for this match


==================================================
MATCH #2 OF 79
==================================================

----- MATCH SUMMARY -----
Timestamp: 2025-04-30 10:52:53 ET
Competition ID: kdj2ryohjn7q1zp
Competition: Cameroon Elite two (Cameroon)
Match: Isohsa Limbe vs Bafmeng United
Score: 0 - 0 (HT: 0 - 0)
Status: Abandoned (Status ID: 13)

--- MATCH BETTING ODDS ---


--- MATCH ENVIRONMENT ---
No environment data available for this match


==================================================
MATCH #3 OF 79
==================================================

----- MATCH SUMMARY -----
Timestamp: 2025-04-30 10:52:55 ET
Competition ID: j1l4rjnhxpvm7vx
Competition: Indian Super Cup (India)
Match: Mumbai City FC  vs Jamshedpur FC
Score: 0 - 0 (HT: 0 - 0)
Status: First half (Status ID: 2)

--- MATCH BETTING ODDS ---
ML (Money Line):
Time: 4 min | Home: +220 | Draw: +260 | Away: +105

SPREAD (Asia Handicap):
Time: 4 min | Home: +100 | Handicap: -0.25 | Away: -125

Over/Under:
Time: 4 min | Over: -112 | Line: 2.5 | Under: -103

--- MATCH ENVIRONMENT ---
Weather: Sunny
Wind: 5.3m/s
Humidity: 69%


==================================================
MATCH #4 OF 79
==================================================

----- MATCH SUMMARY -----
Timestamp: 2025-04-30 10:52:56 ET
Competition ID: kdj2ryohjn7q1zp
Competition: Cameroon Elite two (Cameroon)
Match: Eding Sport FC vs FAP Yaounde
Score: 0 - 0 (HT: 0 - 0)
Status: First half (Status ID: 2)

--- MATCH BETTING ODDS ---
ML (Money Line):
Time: pre-match min | Home: +300 | Draw: +175 | Away: -105 (Closest time to minutes 4-6 available: pre-match)

SPREAD (Asia Handicap):
Time: 4 min | Home: -114 | Handicap: -0.5 | Away: -118

Over/Under:
Time: 4 min | Over: +100 | Line: 2.0 | Under: -130

--- MATCH ENVIRONMENT ---
No environment data available for this match


==================================================
MATCH #5 OF 79
==================================================

----- MATCH SUMMARY -----
Timestamp: 2025-04-30 10:52:57 ET
Competition ID: 9vjxm8gh5lr6odg
Competition: Slovak 2.Liga (Slovakia)
Match: FC Artmedia Petrzalka vs MSK Zilina B
Score: 1 - 0 (HT: 1 - 0)
Status: First half (Status ID: 2)

--- MATCH BETTING ODDS ---

SPREAD (Asia Handicap):
Time: 4 min | Home: -114 | Handicap: 0.75 | Away: -122

Over/Under:
Time: 4 min | Over: -119 | Line: 4.0 | Under: -116

--- MATCH ENVIRONMENT ---
Weather: Sunny
Wind: 1.8m/s
Humidity: 32%


==================================================
MATCH #6 OF 79
==================================================

----- MATCH SUMMARY -----
Timestamp: 2025-04-30 10:52:58 ET
Competition ID: l965mkyh4jdr1ge
Competition: Argentine Reserve League (Argentina)
Match: Acassuso Reserves vs Deportivo Liniers Reserves
Score: 0 - 0 (HT: 0 - 0)
Status: First half (Status ID: 2)

--- MATCH BETTING ODDS ---
ML (Money Line):
Time: 4 min | Home: -120 | Draw: +240 | Away: +275

SPREAD (Asia Handicap):
Time: 4 min | Home: -111 | Handicap: 0.5 | Away: -111

Over/Under:
Time: 4 min | Over: +102 | Line: 2.5 | Under: -130

--- MATCH ENVIRONMENT ---
No environment data available for this match


==================================================
MATCH #7 OF 79
==================================================

----- MATCH SUMMARY -----
Timestamp: 2025-04-30 10:52:59 ET
Competition ID: v2y8m4zhg91ql07
Competition: Greek Amateur Cup (Greece)
Match: Kyanos Astir Varis vs Aris Voulas FC
Score: 1 - 1 (HT: 1 - 1)
Status: First half (Status ID: 2)

--- MATCH BETTING ODDS ---
ML (Money Line):
Time: 5 min | Home: -152 | Draw: +275 | Away: +375

SPREAD (Asia Handicap):
Time: 6 min | Home: -133 | Handicap: 0.75 | Away: -111

Over/Under:
Time: 4 min | Over: -122 | Line: 2.5 | Under: -123

--- MATCH ENVIRONMENT ---
No environment data available for this match


==================================================
MATCH #8 OF 79
==================================================

----- MATCH SUMMARY -----
Timestamp: 2025-04-30 10:53:02 ET
Competition ID: z8yomo4h7vvq0j6
Competition: Uzbekistan Cup (Uzbekistan)
Match: Neftchi Fargona vs Fergana University
Score: 2 - 0 (HT: 2 - 0)
Status: First half (Status ID: 2)

--- MATCH BETTING ODDS ---
ML (Money Line):
Time: 4 min | Home: -455 | Draw: +500 | Away: +800

SPREAD (Asia Handicap):
Time: 4 min | Home: -125 | Handicap: 1.75 | Away: +100

Over/Under:
Time: 4 min | Over: -118 | Line: 2.75 | Under: -105

--- MATCH ENVIRONMENT ---
Weather: Partially cloudy
Wind: 4.3m/s
Humidity: 37%


==================================================
MATCH #9 OF 79
==================================================

----- MATCH SUMMARY -----
Timestamp: 2025-04-30 10:53:03 ET
Competition ID: 9dn1m1ghe56moep
Competition: North Macedonia Women's League (North Macedonia)
Match: ZFK Skopje 2014 (w) vs ZFK Atletiko Bitola (W)
Score: 1 - 0 (HT: 1 - 0)
Status: First half (Status ID: 2)

--- MATCH BETTING ODDS ---
ML (Money Line):
Time: 4 min | Home: -909 | Draw: +650 | Away: +1200

SPREAD (Asia Handicap):
Time: 5 min | Home: -115 | Handicap: 2.5 | Away: -130

Over/Under:
Time: 4 min | Over: -103 | Line: 3.25 | Under: -122

--- MATCH ENVIRONMENT ---
No environment data available for this match


==================================================
MATCH #10 OF 79
==================================================

----- MATCH SUMMARY -----
Timestamp: 2025-04-30 10:53:04 ET
Competition ID: l965mkyh4jdr1ge
Competition: Argentine Reserve League (Argentina)
Match: Defensores de Belgrano Reserves vs Gimnasia Mendoza Reserves
Score: 1 - 2 (HT: 1 - 2)
Status: First half (Status ID: 2)

--- MATCH BETTING ODDS ---
ML (Money Line):
Time: 3 min | Home: -111 | Draw: +220 | Away: +300 (Closest time to minutes 4-6 available: 3)

SPREAD (Asia Handicap):
Time: 4 min | Home: -111 | Handicap: 0.5 | Away: -114

Over/Under:
Time: 4 min | Over: -108 | Line: 2.25 | Under: -130

--- MATCH ENVIRONMENT ---
No environment data available for this match


==================================================
MATCH #11 OF 79
==================================================

----- MATCH SUMMARY -----
Timestamp: 2025-04-30 10:53:05 ET
Competition ID: l965mkyh4jdr1ge
Competition: Argentine Reserve League (Argentina)
Match: Temperley Reserves vs Chacarita Juniors Reserves
Score: 0 - 0 (HT: 0 - 0)
Status: Half-time break (Status ID: 3)

--- MATCH BETTING ODDS ---
ML (Money Line):
Time: 4 min | Home: -105 | Draw: +225 | Away: +260

SPREAD (Asia Handicap):
Time: 4 min | Home: +100 | Handicap: 0.5 | Away: -125

Over/Under:
Time: 4 min | Over: -125 | Line: 2.0 | Under: +100

--- MATCH ENVIRONMENT ---
No environment data available for this match


==================================================
MATCH #12 OF 79
==================================================

----- MATCH SUMMARY -----
Timestamp: 2025-04-30 10:53:06 ET
Competition ID: l965mkyh4jdr1ge
Competition: Argentine Reserve League (Argentina)
Match: CA Lugano Reserves vs Berazategui Reserves
Score: 0 - 0 (HT: 0 - 0)
Status: First half (Status ID: 2)

--- MATCH BETTING ODDS ---
ML (Money Line):
Time: 3 min | Home: +200 | Draw: +225 | Away: +120 (Closest time to minutes 4-6 available: 3)

SPREAD (Asia Handicap):
Time: 4 min | Home: -130 | Handicap: -0.25 | Away: -108

Over/Under:
Time: 4 min | Over: -118 | Line: 2.5 | Under: -118

--- MATCH ENVIRONMENT ---
Weather: Sunny
Wind: 2.9m/s
Humidity: 61%


==================================================
MATCH #13 OF 79
==================================================

----- MATCH SUMMARY -----
Timestamp: 2025-04-30 10:53:07 ET
Competition ID: l965mkyh4jdr1ge
Competition: Argentine Reserve League (Argentina)
Match: Real Pilar Reserves vs Deportivo Merlo Reserves
Score: 0 - 0 (HT: 0 - 0)
Status: First half (Status ID: 2)

--- MATCH BETTING ODDS ---
ML (Money Line):
Time: 6 min | Home: +130 | Draw: +240 | Away: +175

SPREAD (Asia Handicap):
Time: 4 min | Home: -104 | Handicap: 0.25 | Away: -130

Over/Under:
Time: 4 min | Over: -122 | Line: 2.25 | Under: -103

--- MATCH ENVIRONMENT ---
No environment data available for this match


==================================================
MATCH #14 OF 79
==================================================

----- MATCH SUMMARY -----
Timestamp: 2025-04-30 10:53:09 ET
Competition ID: 56ypq3nh01nmd7o
Competition: Egyptian Premier League (Egypt)
Match: Haras El Hodood vs Pyramids FC
Score: 0 - 1 (HT: 0 - 1)
Status: Half-time break (Status ID: 3)

--- MATCH BETTING ODDS ---
ML (Money Line):
Time: 4 min | Home: +650 | Draw: +275 | Away: -200

SPREAD (Asia Handicap):
Time: 4 min | Home: -103 | Handicap: -1.0 | Away: -122

Over/Under:
Time: 4 min | Over: +100 | Line: 2.25 | Under: -125

--- MATCH ENVIRONMENT ---
Weather: Partially cloudy
Wind: 6.1m/s
Humidity: 70%


==================================================
MATCH #15 OF 79
==================================================

----- MATCH SUMMARY -----
Timestamp: 2025-04-30 10:53:10 ET
Competition ID: kdj2ryohjn7q1zp
Competition: Cameroon Elite two (Cameroon)
Match: Djiko FC de Bandjoun vs Fovu de Baham
Score: 0 - 0 (HT: 0 - 0)
Status: Abandoned (Status ID: 13)

--- MATCH BETTING ODDS ---


--- MATCH ENVIRONMENT ---
No environment data available for this match


==================================================
MATCH #16 OF 79
==================================================

----- MATCH SUMMARY -----
Timestamp: 2025-04-30 10:53:11 ET
Competition ID: 9k82rekhokorepz
Competition: Namibia Premier League (Namibia)
Match: Young Africans Sports Club vs Mighty Gunners
Score: 0 - 0 (HT: 0 - 0)
Status: Abandoned (Status ID: 13)

--- MATCH BETTING ODDS ---


--- MATCH ENVIRONMENT ---
No environment data available for this match


==================================================
MATCH #17 OF 79
==================================================

----- MATCH SUMMARY -----
Timestamp: 2025-04-30 10:53:12 ET
Competition ID: e4wyrn4hdzvq86p
Competition: Poland Liga 3 (Poland)
Match: Polonia Lidzbark vs Sieradz
Score: 0 - 0 (HT: 0 - 0)
Status: Half-time break (Status ID: 3)

--- MATCH BETTING ODDS ---


--- MATCH ENVIRONMENT ---
No environment data available for this match


==================================================
MATCH #18 OF 79
==================================================

----- MATCH SUMMARY -----
Timestamp: 2025-04-30 10:53:13 ET
Competition ID: e4wyrn4hdzvq86p
Competition: Poland Liga 3 (Poland)
Match: Warta Gorzów Wielkopolski vs Lechia Zielona Gora
Score: 0 - 0 (HT: 0 - 0)
Status: Half-time break (Status ID: 3)

--- MATCH BETTING ODDS ---
ML (Money Line):
Time: 4 min | Home: +125 | Draw: +260 | Away: +162

SPREAD (Asia Handicap):
Time: 4 min | Home: -152 | Handicap: 0.0 | Away: +102

Over/Under:
Time: 4 min | Over: -103 | Line: 2.75 | Under: -122

--- MATCH ENVIRONMENT ---
No environment data available for this match


==================================================
MATCH #19 OF 79
==================================================

----- MATCH SUMMARY -----
Timestamp: 2025-04-30 10:53:15 ET
Competition ID: v2y8m4zhw4ql074
Competition: Romanian Liga II (Romania)
Match: Steaua Bucuresti vs FK Csikszereda Miercurea Ciuc
Score: 0 - 0 (HT: 0 - 0)
Status: Half-time break (Status ID: 3)

--- MATCH BETTING ODDS ---
ML (Money Line):
Time: 4 min | Home: +160 | Draw: +162 | Away: +210

SPREAD (Asia Handicap):
Time: 4 min | Home: -133 | Handicap: 0.0 | Away: +105

Over/Under:
Time: 4 min | Over: +102 | Line: 2.0 | Under: -130

--- MATCH ENVIRONMENT ---
Weather: Sunny
Wind: 1.2m/s
Humidity: 31%


==================================================
MATCH #20 OF 79
==================================================

----- MATCH SUMMARY -----
Timestamp: 2025-04-30 10:53:17 ET
Competition ID: 9dn1m1gh84pmoep
Competition: Portuguese U23 League (Portugal)
Match: Benfica U23 vs Vizela U23
Score: 1 - 1 (HT: 1 - 1)
Status: Half-time break (Status ID: 3)

--- MATCH BETTING ODDS ---
ML (Money Line):
Time: 4 min | Home: -152 | Draw: +300 | Away: +300

SPREAD (Asia Handicap):
Time: 4 min | Home: -122 | Handicap: 0.75 | Away: -103

Over/Under:
Time: 4 min | Over: -118 | Line: 3.0 | Under: -105

--- MATCH ENVIRONMENT ---
Weather: Partially cloudy
Wind: 3.7m/s
Humidity: 64%


==================================================
MATCH #21 OF 79
==================================================

----- MATCH SUMMARY -----
Timestamp: 2025-04-30 10:53:18 ET
Competition ID: 9dn1m1gh84pmoep
Competition: Portuguese U23 League (Portugal)
Match: Gil Vicente U23 vs Estoril U23
Score: 1 - 0 (HT: 1 - 0)
Status: Half-time break (Status ID: 3)

--- MATCH BETTING ODDS ---
ML (Money Line):
Time: 4 min | Home: +125 | Draw: +260 | Away: +175

SPREAD (Asia Handicap):
Time: 4 min | Home: +100 | Handicap: 0.25 | Away: -125

Over/Under:
Time: 4 min | Over: -114 | Line: 2.75 | Under: -106

--- MATCH ENVIRONMENT ---
Weather: Unknown (10)
Wind: 4.5m/s
Humidity: 93%


==================================================
MATCH #22 OF 79
==================================================

----- MATCH SUMMARY -----
Timestamp: 2025-04-30 10:53:19 ET
Competition ID: 9dn1m1gh84pmoep
Competition: Portuguese U23 League (Portugal)
Match: Sporting CP U23 vs Estrela FC U23
Score: 0 - 0 (HT: 0 - 0)
Status: Half-time break (Status ID: 3)

--- MATCH BETTING ODDS ---
ML (Money Line):
Time: 4 min | Home: -164 | Draw: +275 | Away: +375

SPREAD (Asia Handicap):
Time: 4 min | Home: -125 | Handicap: 0.75 | Away: +100

Over/Under:
Time: 4 min | Over: -105 | Line: 2.5 | Under: -118

--- MATCH ENVIRONMENT ---
Weather: Partially cloudy
Wind: 3.7m/s
Humidity: 64%


==================================================
MATCH #23 OF 79
==================================================

----- MATCH SUMMARY -----
Timestamp: 2025-04-30 10:53:21 ET
Competition ID: p4jwq2ghv1vm0ve
Competition: Rwandan Cup (Rwanda)
Match: APR FC vs Police(RWA)
Score: 1 - 0 (HT: 1 - 0)
Status: First half (Status ID: 2)

--- MATCH BETTING ODDS ---
ML (Money Line):
Time: 5 min | Home: -175 | Draw: +225 | Away: +550

SPREAD (Asia Handicap):
Time: 4 min | Home: -105 | Handicap: 1.0 | Away: -141

Over/Under:
Time: 4 min | Over: -103 | Line: 2.0 | Under: -122

--- MATCH ENVIRONMENT ---
Weather: Snowy
Wind: 2.6m/s
Humidity: 79%


==================================================
MATCH #24 OF 79
==================================================

----- MATCH SUMMARY -----
Timestamp: 2025-04-30 10:53:22 ET
Competition ID: kjw2r09hl1wrz84
Competition: Tunisian Professional League 2 (Tunisia)
Match: CS.Hammam-Lif vs Megrine
Score: 0 - 0 (HT: 0 - 0)
Status: Half-time break (Status ID: 3)

--- MATCH BETTING ODDS ---

SPREAD (Asia Handicap):
Time: 21 min | Home: +121 | Handicap: -0.5 | Away: -182 (Closest time to minutes 4-6 available: 21)

Over/Under:
Time: 18 min | Over: -132 | Line: 2.25 | Under: -114 (Closest time to minutes 4-6 available: 18)

--- MATCH ENVIRONMENT ---
No environment data available for this match


==================================================
MATCH #25 OF 79
==================================================

----- MATCH SUMMARY -----
Timestamp: 2025-04-30 10:53:23 ET
Competition ID: kjw2r09hl1wrz84
Competition: Tunisian Professional League 2 (Tunisia)
Match: Croissant Msaken vs Stade Africain Menzel Bourguib
Score: 0 - 0 (HT: 0 - 0)
Status: Half-time break (Status ID: 3)

--- MATCH BETTING ODDS ---

SPREAD (Asia Handicap):
Time: 4 min | Home: -122 | Handicap: 0.5 | Away: +100

Over/Under:
Time: 4 min | Over: -112 | Line: 1.5 | Under: -110

--- MATCH ENVIRONMENT ---
Weather: Partially cloudy
Wind: 8.1m/s
Humidity: 45%


==================================================
MATCH #26 OF 79
==================================================

----- MATCH SUMMARY -----
Timestamp: 2025-04-30 10:53:24 ET
Competition ID: kjw2r09hl1wrz84
Competition: Tunisian Professional League 2 (Tunisia)
Match: AS Kasserine vs AS jelma
Score: 1 - 0 (HT: 1 - 0)
Status: Half-time break (Status ID: 3)

--- MATCH BETTING ODDS ---

Over/Under:
Time: pre-match min | Over: +160 | Line: 2.5 | Under: -244 (Closest time to minutes 4-6 available: pre-match)

--- MATCH ENVIRONMENT ---
No environment data available for this match


==================================================
MATCH #27 OF 79
==================================================

----- MATCH SUMMARY -----
Timestamp: 2025-04-30 10:53:25 ET
Competition ID: kn54qllhey9qvy9
Competition: Egyptian Division 2 (Egypt)
Match: Team FC Cairo vs Al Nasr Cairo
Score: 1 - 1 (HT: 1 - 1)
Status: Second half (Status ID: 4)

--- MATCH BETTING ODDS ---
ML (Money Line):
Time: 11 min | Home: +162 | Draw: +250 | Away: +137 (Closest time to minutes 4-6 available: 11)

SPREAD (Asia Handicap):
Time: 11 min | Home: -139 | Handicap: 0.75 | Away: +107 (Closest time to minutes 4-6 available: 11)

Over/Under:
Time: 11 min | Over: -122 | Line: 3.0 | Under: -103 (Closest time to minutes 4-6 available: 11)

--- MATCH ENVIRONMENT ---
No environment data available for this match


==================================================
MATCH #28 OF 79
==================================================

----- MATCH SUMMARY -----
Timestamp: 2025-04-30 10:53:27 ET
Competition ID: kn54qllhey9qvy9
Competition: Egyptian Division 2 (Egypt)
Match: Aswan vs El Mansoura
Score: 1 - 1 (HT: 1 - 1)
Status: Second half (Status ID: 4)

--- MATCH BETTING ODDS ---
ML (Money Line):
Time: 4 min | Home: +187 | Draw: +220 | Away: +137

SPREAD (Asia Handicap):
Time: 4 min | Home: -133 | Handicap: 0.75 | Away: +105

Over/Under:
Time: 4 min | Over: -130 | Line: 3.0 | Under: +102

--- MATCH ENVIRONMENT ---
Weather: Sunny
Wind: 3.7m/s
Humidity: 9%


==================================================
MATCH #29 OF 79
==================================================

----- MATCH SUMMARY -----
Timestamp: 2025-04-30 10:53:28 ET
Competition ID: kn54qllhey9qvy9
Competition: Egyptian Division 2 (Egypt)
Match: Olympic El Qanal vs Proxy SC
Score: 1 - 0 (HT: 1 - 0)
Status: Second half (Status ID: 4)

--- MATCH BETTING ODDS ---
ML (Money Line):
Time: 4 min | Home: +160 | Draw: +175 | Away: +175

SPREAD (Asia Handicap):
Time: 4 min | Home: -110 | Handicap: 0.0 | Away: -110

Over/Under:
Time: 4 min | Over: -130 | Line: 1.75 | Under: +102

--- MATCH ENVIRONMENT ---
Weather: Partially cloudy
Wind: 13.m/s
Humidity: 33%


==================================================
MATCH #30 OF 79
==================================================

----- MATCH SUMMARY -----
Timestamp: 2025-04-30 10:53:30 ET
Competition ID: kn54qllhey9qvy9
Competition: Egyptian Division 2 (Egypt)
Match: Asyut Petroleum vs Abou Qir Fertilizers SC
Score: 1 - 1 (HT: 1 - 1)
Status: Second half (Status ID: 4)

--- MATCH BETTING ODDS ---
ML (Money Line):
Time: 4 min | Home: +350 | Draw: +210 | Away: -125

SPREAD (Asia Handicap):
Time: 4 min | Home: +100 | Handicap: -0.5 | Away: -125

Over/Under:
Time: 4 min | Over: -118 | Line: 2.0 | Under: -105

--- MATCH ENVIRONMENT ---
Weather: Partially cloudy
Wind: 8.7m/s
Humidity: 24%


==================================================
MATCH #31 OF 79
==================================================

----- MATCH SUMMARY -----
Timestamp: 2025-04-30 10:53:31 ET
Competition ID: kn54qllhey9qvy9
Competition: Egyptian Division 2 (Egypt)
Match: Dayrot vs Gazl Kafr Eldwar
Score: 0 - 1 (HT: 0 - 1)
Status: Second half (Status ID: 4)

--- MATCH BETTING ODDS ---
ML (Money Line):
Time: 4 min | Home: +130 | Draw: +175 | Away: +240

SPREAD (Asia Handicap):
Time: 4 min | Home: +100 | Handicap: 0.25 | Away: -125

Over/Under:
Time: 4 min | Over: -122 | Line: 1.5 | Under: -103

--- MATCH ENVIRONMENT ---
Weather: Unknown (8)
Wind: 7.3m/s
Humidity: 32%


==================================================
MATCH #32 OF 79
==================================================

----- MATCH SUMMARY -----
Timestamp: 2025-04-30 10:53:32 ET
Competition ID: e4wyrn4hdzvq86p
Competition: Poland Liga 3 (Poland)
Match: Star Starachowice vs Lewart Lubartow
Score: 4 - 0 (HT: 4 - 0)
Status: Second half (Status ID: 4)

--- MATCH BETTING ODDS ---
ML (Money Line):
Time: 4 min | Home: -303 | Draw: +400 | Away: +600

SPREAD (Asia Handicap):
Time: 4 min | Home: -118 | Handicap: 1.5 | Away: -105

Over/Under:
Time: 4 min | Over: -109 | Line: 3.25 | Under: -115

--- MATCH ENVIRONMENT ---
Weather: Partially cloudy
Wind: 4.1m/s
Humidity: 34%


==================================================
MATCH #33 OF 79
==================================================

----- MATCH SUMMARY -----
Timestamp: 2025-04-30 10:53:34 ET
Competition ID: kn54qllhey9qvy9
Competition: Egyptian Division 2 (Egypt)
Match: Baladiyat El Mahalla vs La Viena
Score: 0 - 0 (HT: 0 - 0)
Status: Second half (Status ID: 4)

--- MATCH BETTING ODDS ---
ML (Money Line):
Time: 5 min | Home: +150 | Draw: +175 | Away: +200

SPREAD (Asia Handicap):
Time: 4 min | Home: -141 | Handicap: 0.0 | Away: +105

Over/Under:
Time: 4 min | Over: -115 | Line: 1.75 | Under: -109

--- MATCH ENVIRONMENT ---
Weather: Partially cloudy
Wind: 7.1m/s
Humidity: 55%


==================================================
MATCH #34 OF 79
==================================================

----- MATCH SUMMARY -----
Timestamp: 2025-04-30 10:53:35 ET
Competition ID: vl7oqdehn11r510
Competition: Tunisian Cup (Tunisia)
Match: J.S. Kairouanaise vs ES du Sahel
Score: 0 - 0 (HT: 0 - 0)
Status: Second half (Status ID: 4)

--- MATCH BETTING ODDS ---
ML (Money Line):
Time: 4 min | Home: +500 | Draw: +220 | Away: -152

SPREAD (Asia Handicap):
Time: 4 min | Home: -109 | Handicap: -0.75 | Away: -115

Over/Under:
Time: 4 min | Over: -103 | Line: 2.0 | Under: -122

--- MATCH ENVIRONMENT ---
Weather: Sunny
Wind: 2.0m/s
Humidity: 30%


==================================================
MATCH #35 OF 79
==================================================

----- MATCH SUMMARY -----
Timestamp: 2025-04-30 10:53:36 ET
Competition ID: jednm9whkg3ryox
Competition: South Africa First League (South Africa)
Match: Milford vs Pretoria Callies
Score: 0 - 1 (HT: 0 - 0)
Status: Second half (Status ID: 4)

--- MATCH BETTING ODDS ---
ML (Money Line):
Time: 4 min | Home: -152 | Draw: +260 | Away: +350

SPREAD (Asia Handicap):
Time: 4 min | Home: -123 | Handicap: 0.5 | Away: -112

Over/Under:
Time: 4 min | Over: -133 | Line: 2.0 | Under: +105

--- MATCH ENVIRONMENT ---
Weather: Sunny
Wind: 1.5m/s
Humidity: 74%


==================================================
MATCH #36 OF 79
==================================================

----- MATCH SUMMARY -----
Timestamp: 2025-04-30 10:53:38 ET
Competition ID: 9k82rekh332repz
Competition: Estonian U19 league (Estonia)
Match: JK Trans Narva U19 vs FC Flora Tallinn U19
Score: 0 - 0 (HT: 0 - 0)
Status: Second half (Status ID: 4)

--- MATCH BETTING ODDS ---
ML (Money Line):
Time: 4 min | Home: +250 | Draw: +450 | Away: -175

SPREAD (Asia Handicap):
Time: 4 min | Home: -109 | Handicap: -1.0 | Away: -115

Over/Under:
Time: 4 min | Over: -118 | Line: 4.25 | Under: -105

--- MATCH ENVIRONMENT ---
Weather: Cloudy
Wind: 4.3m/s
Humidity: 72%


==================================================
MATCH #37 OF 79
==================================================

----- MATCH SUMMARY -----
Timestamp: 2025-04-30 10:53:39 ET
Competition ID: kdj2ryohpeq1zpg
Competition: Armenian First League (Armenia)
Match: Urartu II vs BKMA II
Score: 1 - 1 (HT: 0 - 1)
Status: Finished (Status ID: 8)

--- MATCH BETTING ODDS ---

Over/Under:
Time: pre-match min | Over: -250 | Line: 2.5 | Under: +160 (Closest time to minutes 4-6 available: pre-match)

--- MATCH ENVIRONMENT ---
No environment data available for this match


==================================================
MATCH #38 OF 79
==================================================

----- MATCH SUMMARY -----
Timestamp: 2025-04-30 10:53:40 ET
Competition ID: 4zp5rzgh7loq82w
Competition: Zimbabwe Premier Soccer League (Zimbabwe)
Match: CAPS United vs FC Platinum
Score: 1 - 2 (HT: 0 - 1)
Status: Finished (Status ID: 8)

--- MATCH BETTING ODDS ---
ML (Money Line):
Time: 4 min | Home: +110 | Draw: +175 | Away: +300

SPREAD (Asia Handicap):
Time: 4 min | Home: -125 | Handicap: 0.25 | Away: +100

Over/Under:
Time: 4 min | Over: -130 | Line: 1.5 | Under: +102

--- MATCH ENVIRONMENT ---
Weather: Snowy
Wind: 8.7m/s
Humidity: 51%


==================================================
MATCH #39 OF 79
==================================================

----- MATCH SUMMARY -----
Timestamp: 2025-04-30 10:53:41 ET
Competition ID: 4zp5rzgh7loq82w
Competition: Zimbabwe Premier Soccer League (Zimbabwe)
Match: Chicken Inn vs TelOne fc
Score: 0 - 0 (HT: 0 - 0)
Status: Second half (Status ID: 4)

--- MATCH BETTING ODDS ---
ML (Money Line):
Time: 5 min | Home: +160 | Draw: +160 | Away: +210

SPREAD (Asia Handicap):
Time: 4 min | Home: -143 | Handicap: 0.0 | Away: +110

Over/Under:
Time: 4 min | Over: -125 | Line: 1.5 | Under: +100

--- MATCH ENVIRONMENT ---
Weather: Sunny
Wind: 3.7m/s
Humidity: 35%


==================================================
MATCH #40 OF 79
==================================================

----- MATCH SUMMARY -----
Timestamp: 2025-04-30 10:53:42 ET
Competition ID: 4zp5rzgh7loq82w
Competition: Zimbabwe Premier Soccer League (Zimbabwe)
Match: GreenFuel vs Dynamos FC
Score: 0 - 0 (HT: 0 - 0)
Status: Second half (Status ID: 4)

--- MATCH BETTING ODDS ---


--- MATCH ENVIRONMENT ---
No environment data available for this match


==================================================
MATCH #41 OF 79
==================================================

----- MATCH SUMMARY -----
Timestamp: 2025-04-30 10:53:43 ET
Competition ID: 4zp5rzgh7loq82w
Competition: Zimbabwe Premier Soccer League (Zimbabwe)
Match: Kwekwe United vs Simba Bhora
Score: 1 - 1 (HT: 0 - 1)
Status: Second half (Status ID: 4)

--- MATCH BETTING ODDS ---


--- MATCH ENVIRONMENT ---
No environment data available for this match


==================================================
MATCH #42 OF 79
==================================================

----- MATCH SUMMARY -----
Timestamp: 2025-04-30 10:53:44 ET
Competition ID: 4zp5rzgh7loq82w
Competition: Zimbabwe Premier Soccer League (Zimbabwe)
Match: Ngezi Platinum vs Yadah FC
Score: 1 - 2 (HT: 0 - 1)
Status: Second half (Status ID: 4)

--- MATCH BETTING ODDS ---


--- MATCH ENVIRONMENT ---
No environment data available for this match


==================================================
MATCH #43 OF 79
==================================================

----- MATCH SUMMARY -----
Timestamp: 2025-04-30 10:53:45 ET
Competition ID: 4zp5rzgh7loq82w
Competition: Zimbabwe Premier Soccer League (Zimbabwe)
Match: Triangle FC vs ZPC Kariba
Score: 1 - 2 (HT: 0 - 1)
Status: Second half (Status ID: 4)

--- MATCH BETTING ODDS ---


--- MATCH ENVIRONMENT ---
No environment data available for this match


==================================================
MATCH #44 OF 79
==================================================

----- MATCH SUMMARY -----
Timestamp: 2025-04-30 10:53:46 ET
Competition ID: 4zp5rzgh7loq82w
Competition: Zimbabwe Premier Soccer League (Zimbabwe)
Match: Highlanders vs Bikita Minerals FC
Score: 1 - 0 (HT: 1 - 0)
Status: Finished (Status ID: 8)

--- MATCH BETTING ODDS ---
ML (Money Line):
Time: 4 min | Home: -125 | Draw: +240 | Away: +300

SPREAD (Asia Handicap):
Time: 4 min | Home: -122 | Handicap: 0.5 | Away: -103

Over/Under:
Time: 4 min | Over: -115 | Line: 2.0 | Under: -109

--- MATCH ENVIRONMENT ---
Weather: Sunny
Wind: 3.7m/s
Humidity: 35%


==================================================
MATCH #45 OF 79
==================================================

----- MATCH SUMMARY -----
Timestamp: 2025-04-30 10:53:47 ET
Competition ID: 9vjxm8ghgy0r6od
Competition: Uganda Premier League (Uganda)
Match: Airtel Kitara FC vs Wakiso Giants FC
Score: 0 - 0 (HT: 0 - 0)
Status: Finished (Status ID: 8)

--- MATCH BETTING ODDS ---

SPREAD (Asia Handicap):
Time: 4 min | Home: -112 | Handicap: 1.25 | Away: -115

Over/Under:
Time: 4 min | Over: -112 | Line: 2.25 | Under: -115

--- MATCH ENVIRONMENT ---
Weather: Windy
Wind: 3.1m/s
Humidity: 59%


==================================================
MATCH #46 OF 79
==================================================

----- MATCH SUMMARY -----
Timestamp: 2025-04-30 10:53:49 ET
Competition ID: jednm9whg03ryox
Competition: Italian Campionato Primavera 2 (Italy)
Match: AlbinoLeffe Youth vs Padova U19
Score: 3 - 1 (HT: 1 - 1)
Status: Finished (Status ID: 8)

--- MATCH BETTING ODDS ---
ML (Money Line):
Time: 4 min | Home: +200 | Draw: +260 | Away: +110

SPREAD (Asia Handicap):
Time: 4 min | Home: -105 | Handicap: -0.25 | Away: -118

Over/Under:
Time: 4 min | Over: -109 | Line: 3.0 | Under: -115

--- MATCH ENVIRONMENT ---
Weather: Sunny
Wind: 3.7m/s
Humidity: 47%


==================================================
MATCH #47 OF 79
==================================================

----- MATCH SUMMARY -----
Timestamp: 2025-04-30 10:53:50 ET
Competition ID: 9vjxm8ghgy0r6od
Competition: Uganda Premier League (Uganda)
Match: Bright Stars vs Express FC
Score: 0 - 1 (HT: 0 - 0)
Status: Finished (Status ID: 8)

--- MATCH BETTING ODDS ---

SPREAD (Asia Handicap):
Time: 4 min | Home: -125 | Handicap: 0.0 | Away: -104

Over/Under:
Time: 4 min | Over: -122 | Line: 2.75 | Under: -106

--- MATCH ENVIRONMENT ---
Weather: Partially cloudy
Wind: 1.2m/s
Humidity: 56%


==================================================
MATCH #48 OF 79
==================================================

----- MATCH SUMMARY -----
Timestamp: 2025-04-30 10:53:51 ET
Competition ID: jednm9whk0ryox8
Competition: International Friendly (Unknown Country)
Match: Hungary (w) U17 vs Czech Republic (w) U17
Score: 1 - 1 (HT: 1 - 1)
Status: Finished (Status ID: 8)

--- MATCH BETTING ODDS ---


--- MATCH ENVIRONMENT ---
No environment data available for this match


==================================================
MATCH #49 OF 79
==================================================

----- MATCH SUMMARY -----
Timestamp: 2025-04-30 10:53:52 ET
Competition ID: 56ypq3nhll6md7o
Competition: South Africa Women's League (South Africa)
Match: First Touch Academy (w) vs UCT (w)
Score: 2 - 1 (HT: 1 - 0)
Status: Second half (Status ID: 4)

--- MATCH BETTING ODDS ---
ML (Money Line):
Time: 4 min | Home: -152 | Draw: +275 | Away: +350

SPREAD (Asia Handicap):
Time: 4 min | Home: -130 | Handicap: 0.75 | Away: -108

Over/Under:
Time: 4 min | Over: -119 | Line: 2.75 | Under: -116

--- MATCH ENVIRONMENT ---
Weather: Sunny
Wind: 4.3m/s
Humidity: 37%


==================================================
MATCH #50 OF 79
==================================================

----- MATCH SUMMARY -----
Timestamp: 2025-04-30 10:53:53 ET
Competition ID: 56ypq3nhll6md7o
Competition: South Africa Women's League (South Africa)
Match: Johannesburg Uni (w) vs Royal AM FC (W)
Score: 3 - 0 (HT: 1 - 0)
Status: Second half (Status ID: 4)

--- MATCH BETTING ODDS ---
ML (Money Line):
Time: 4 min | Home: -1111 | Draw: +750 | Away: +2200

SPREAD (Asia Handicap):
Time: 4 min | Home: -105 | Handicap: 2.5 | Away: -118

Over/Under:
Time: 4 min | Over: -105 | Line: 3.25 | Under: -118

--- MATCH ENVIRONMENT ---
Weather: Cloudy
Wind: 5.8m/s
Humidity: 40%


==================================================
MATCH #51 OF 79
==================================================

----- MATCH SUMMARY -----
Timestamp: 2025-04-30 10:53:54 ET
Competition ID: 56ypq3nhll6md7o
Competition: South Africa Women's League (South Africa)
Match: University of Pretoria (W) vs TUT FC (w)
Score: 0 - 0 (HT: 0 - 0)
Status: Abandoned (Status ID: 13)

--- MATCH BETTING ODDS ---
ML (Money Line):
Time: pre-match min | Home: +145 | Draw: +200 | Away: +162 (Closest time to minutes 4-6 available: pre-match)

SPREAD (Asia Handicap):
Time: pre-match min | Home: -122 | Handicap: 0.0 | Away: -103 (Closest time to minutes 4-6 available: pre-match)

Over/Under:
Time: pre-match min | Over: -111 | Line: 2.25 | Under: -111 (Closest time to minutes 4-6 available: pre-match)

--- MATCH ENVIRONMENT ---
Weather: Sunny
Wind: 3.7m/s
Humidity: 52%


==================================================
MATCH #52 OF 79
==================================================

================================================================================


================================================================================
FETCH TIMESTAMP: 2025-04-30 10:56:09 ET
================================================================================

Fetching country data...
Fetching live matches...

===== FOUND 79 LIVE FOOTBALL MATCHES =====

Last updated: 2025-04-30 14:54:27
==================================================
MATCH #1 OF 79
==================================================

----- MATCH SUMMARY -----
Timestamp: 2025-04-30 10:54:28 ET
Competition ID: kdj2ryohjn7q1zp
Competition: Cameroon Elite two (Cameroon)
Match: Union Abong-Mbang vs Tonnerre Yaounde
Score: 0 - 0 (HT: 0 - 0)
Status: First half (Status ID: 2)

--- MATCH BETTING ODDS ---


--- MATCH ENVIRONMENT ---
No environment data available for this match


==================================================
MATCH #2 OF 79
==================================================

----- MATCH SUMMARY -----
Timestamp: 2025-04-30 10:54:29 ET
Competition ID: kdj2ryohjn7q1zp
Competition: Cameroon Elite two (Cameroon)
Match: Isohsa Limbe vs Bafmeng United
Score: 0 - 0 (HT: 0 - 0)
Status: First half (Status ID: 2)

--- MATCH BETTING ODDS ---


--- MATCH ENVIRONMENT ---
No environment data available for this match


==================================================
MATCH #3 OF 79
==================================================

----- MATCH SUMMARY -----
Timestamp: 2025-04-30 10:54:30 ET
Competition ID: j1l4rjnhxpvm7vx
Competition: Indian Super Cup (India)
Match: Mumbai City FC  vs Jamshedpur FC
Score: 0 - 0 (HT: 0 - 0)
Status: First half (Status ID: 2)

--- MATCH BETTING ODDS ---
ML (Money Line):
Time: 4 min | Home: +220 | Draw: +260 | Away: +105

SPREAD (Asia Handicap):
Time: 4 min | Home: +100 | Handicap: -0.25 | Away: -125

Over/Under:
Time: 4 min | Over: -112 | Line: 2.5 | Under: -103

--- MATCH ENVIRONMENT ---
Weather: Sunny
Wind: 5.3m/s
Humidity: 69%


==================================================
MATCH #4 OF 79
==================================================

----- MATCH SUMMARY -----
Timestamp: 2025-04-30 10:54:31 ET
Competition ID: kdj2ryohjn7q1zp
Competition: Cameroon Elite two (Cameroon)
Match: Eding Sport FC vs FAP Yaounde
Score: 0 - 0 (HT: 0 - 0)
Status: First half (Status ID: 2)

--- MATCH BETTING ODDS ---
ML (Money Line):
Time: pre-match min | Home: +300 | Draw: +175 | Away: -105 (Closest time to minutes 4-6 available: pre-match)

SPREAD (Asia Handicap):
Time: 4 min | Home: -114 | Handicap: -0.5 | Away: -118

Over/Under:
Time: 4 min | Over: +100 | Line: 2.0 | Under: -130

--- MATCH ENVIRONMENT ---
No environment data available for this match


==================================================
MATCH #5 OF 79
==================================================

----- MATCH SUMMARY -----
Timestamp: 2025-04-30 10:54:33 ET
Competition ID: 9vjxm8gh5lr6odg
Competition: Slovak 2.Liga (Slovakia)
Match: FC Artmedia Petrzalka vs MSK Zilina B
Score: 1 - 0 (HT: 1 - 0)
Status: First half (Status ID: 2)

--- MATCH BETTING ODDS ---

SPREAD (Asia Handicap):
Time: 4 min | Home: -114 | Handicap: 0.75 | Away: -122

Over/Under:
Time: 4 min | Over: -119 | Line: 4.0 | Under: -116

--- MATCH ENVIRONMENT ---
Weather: Sunny
Wind: 1.8m/s
Humidity: 32%


==================================================
MATCH #6 OF 79
==================================================

----- MATCH SUMMARY -----
Timestamp: 2025-04-30 10:54:34 ET
Competition ID: l965mkyh4jdr1ge
Competition: Argentine Reserve League (Argentina)
Match: Acassuso Reserves vs Deportivo Liniers Reserves
Score: 0 - 0 (HT: 0 - 0)
Status: First half (Status ID: 2)

--- MATCH BETTING ODDS ---
ML (Money Line):
Time: 4 min | Home: -120 | Draw: +240 | Away: +275

SPREAD (Asia Handicap):
Time: 4 min | Home: -111 | Handicap: 0.5 | Away: -111

Over/Under:
Time: 4 min | Over: +102 | Line: 2.5 | Under: -130

--- MATCH ENVIRONMENT ---
No environment data available for this match


==================================================
MATCH #7 OF 79
==================================================

----- MATCH SUMMARY -----
Timestamp: 2025-04-30 10:54:35 ET
Competition ID: v2y8m4zhg91ql07
Competition: Greek Amateur Cup (Greece)
Match: Kyanos Astir Varis vs Aris Voulas FC
Score: 1 - 1 (HT: 1 - 1)
Status: First half (Status ID: 2)

--- MATCH BETTING ODDS ---
ML (Money Line):
Time: 5 min | Home: -152 | Draw: +275 | Away: +375

SPREAD (Asia Handicap):
Time: 6 min | Home: -133 | Handicap: 0.75 | Away: -111

Over/Under:
Time: 4 min | Over: -122 | Line: 2.5 | Under: -123

--- MATCH ENVIRONMENT ---
No environment data available for this match


==================================================
MATCH #8 OF 79
==================================================

----- MATCH SUMMARY -----
Timestamp: 2025-04-30 10:54:36 ET
Competition ID: z8yomo4h7vvq0j6
Competition: Uzbekistan Cup (Uzbekistan)
Match: Neftchi Fargona vs Fergana University
Score: 2 - 0 (HT: 2 - 0)
Status: First half (Status ID: 2)

--- MATCH BETTING ODDS ---
ML (Money Line):
Time: 4 min | Home: -455 | Draw: +500 | Away: +800

SPREAD (Asia Handicap):
Time: 4 min | Home: -125 | Handicap: 1.75 | Away: +100

Over/Under:
Time: 4 min | Over: -118 | Line: 2.75 | Under: -105

--- MATCH ENVIRONMENT ---
Weather: Partially cloudy
Wind: 4.3m/s
Humidity: 37%


==================================================
MATCH #9 OF 79
==================================================

----- MATCH SUMMARY -----
Timestamp: 2025-04-30 10:54:38 ET
Competition ID: 9dn1m1ghe56moep
Competition: North Macedonia Women's League (North Macedonia)
Match: ZFK Skopje 2014 (w) vs ZFK Atletiko Bitola (W)
Score: 1 - 0 (HT: 1 - 0)
Status: First half (Status ID: 2)

--- MATCH BETTING ODDS ---
ML (Money Line):
Time: 4 min | Home: -909 | Draw: +650 | Away: +1200

SPREAD (Asia Handicap):
Time: 5 min | Home: -115 | Handicap: 2.5 | Away: -130

Over/Under:
Time: 4 min | Over: -103 | Line: 3.25 | Under: -122

--- MATCH ENVIRONMENT ---
No environment data available for this match


==================================================
MATCH #10 OF 79
==================================================

----- MATCH SUMMARY -----
Timestamp: 2025-04-30 10:54:39 ET
Competition ID: l965mkyh4jdr1ge
Competition: Argentine Reserve League (Argentina)
Match: Defensores de Belgrano Reserves vs Gimnasia Mendoza Reserves
Score: 1 - 2 (HT: 1 - 2)
Status: Half-time break (Status ID: 3)

--- MATCH BETTING ODDS ---
ML (Money Line):
Time: 3 min | Home: -111 | Draw: +220 | Away: +300 (Closest time to minutes 4-6 available: 3)

SPREAD (Asia Handicap):
Time: 4 min | Home: -111 | Handicap: 0.5 | Away: -114

Over/Under:
Time: 4 min | Over: -108 | Line: 2.25 | Under: -130

--- MATCH ENVIRONMENT ---
No environment data available for this match


==================================================
MATCH #11 OF 79
==================================================

----- MATCH SUMMARY -----
Timestamp: 2025-04-30 10:54:40 ET
Competition ID: l965mkyh4jdr1ge
Competition: Argentine Reserve League (Argentina)
Match: Temperley Reserves vs Chacarita Juniors Reserves
Score: 0 - 0 (HT: 0 - 0)
Status: Half-time break (Status ID: 3)

--- MATCH BETTING ODDS ---
ML (Money Line):
Time: 4 min | Home: -105 | Draw: +225 | Away: +260

SPREAD (Asia Handicap):
Time: 4 min | Home: +100 | Handicap: 0.5 | Away: -125

Over/Under:
Time: 4 min | Over: -125 | Line: 2.0 | Under: +100

--- MATCH ENVIRONMENT ---
No environment data available for this match


==================================================
MATCH #12 OF 79
==================================================

----- MATCH SUMMARY -----
Timestamp: 2025-04-30 10:54:41 ET
Competition ID: l965mkyh4jdr1ge
Competition: Argentine Reserve League (Argentina)
Match: CA Lugano Reserves vs Berazategui Reserves
Score: 0 - 0 (HT: 0 - 0)
Status: Half-time break (Status ID: 3)

--- MATCH BETTING ODDS ---
ML (Money Line):
Time: 3 min | Home: +200 | Draw: +225 | Away: +120 (Closest time to minutes 4-6 available: 3)

SPREAD (Asia Handicap):
Time: 4 min | Home: -130 | Handicap: -0.25 | Away: -108

Over/Under:
Time: 4 min | Over: -118 | Line: 2.5 | Under: -118

--- MATCH ENVIRONMENT ---
Weather: Sunny
Wind: 2.9m/s
Humidity: 61%


==================================================
MATCH #13 OF 79
==================================================

----- MATCH SUMMARY -----
Timestamp: 2025-04-30 10:54:42 ET
Competition ID: l965mkyh4jdr1ge
Competition: Argentine Reserve League (Argentina)
Match: Real Pilar Reserves vs Deportivo Merlo Reserves
Score: 0 - 0 (HT: 0 - 0)
Status: First half (Status ID: 2)

--- MATCH BETTING ODDS ---
ML (Money Line):
Time: 6 min | Home: +130 | Draw: +240 | Away: +175

SPREAD (Asia Handicap):
Time: 4 min | Home: -104 | Handicap: 0.25 | Away: -130

Over/Under:
Time: 4 min | Over: -122 | Line: 2.25 | Under: -103

--- MATCH ENVIRONMENT ---
No environment data available for this match


==================================================
MATCH #14 OF 79
==================================================

----- MATCH SUMMARY -----
Timestamp: 2025-04-30 10:54:44 ET
Competition ID: 56ypq3nh01nmd7o
Competition: Egyptian Premier League (Egypt)
Match: Haras El Hodood vs Pyramids FC
Score: 0 - 1 (HT: 0 - 1)
Status: Half-time break (Status ID: 3)

--- MATCH BETTING ODDS ---
ML (Money Line):
Time: 4 min | Home: +650 | Draw: +275 | Away: -200

SPREAD (Asia Handicap):
Time: 4 min | Home: -103 | Handicap: -1.0 | Away: -122

Over/Under:
Time: 4 min | Over: +100 | Line: 2.25 | Under: -125

--- MATCH ENVIRONMENT ---
Weather: Partially cloudy
Wind: 6.1m/s
Humidity: 70%


==================================================
MATCH #15 OF 79
==================================================

----- MATCH SUMMARY -----
Timestamp: 2025-04-30 10:54:45 ET
Competition ID: kdj2ryohjn7q1zp
Competition: Cameroon Elite two (Cameroon)
Match: Djiko FC de Bandjoun vs Fovu de Baham
Score: 0 - 0 (HT: 0 - 0)
Status: Abandoned (Status ID: 13)

--- MATCH BETTING ODDS ---


--- MATCH ENVIRONMENT ---
No environment data available for this match


==================================================
MATCH #16 OF 79
==================================================

----- MATCH SUMMARY -----
Timestamp: 2025-04-30 10:54:46 ET
Competition ID: 9k82rekhokorepz
Competition: Namibia Premier League (Namibia)
Match: Young Africans Sports Club vs Mighty Gunners
Score: 0 - 0 (HT: 0 - 0)
Status: Abandoned (Status ID: 13)

--- MATCH BETTING ODDS ---


--- MATCH ENVIRONMENT ---
No environment data available for this match


==================================================
MATCH #17 OF 79
==================================================

----- MATCH SUMMARY -----
Timestamp: 2025-04-30 10:54:47 ET
Competition ID: e4wyrn4hdzvq86p
Competition: Poland Liga 3 (Poland)
Match: Polonia Lidzbark vs Sieradz
Score: 0 - 0 (HT: 0 - 0)
Status: Half-time break (Status ID: 3)

--- MATCH BETTING ODDS ---


--- MATCH ENVIRONMENT ---
No environment data available for this match


==================================================
MATCH #18 OF 79
==================================================

----- MATCH SUMMARY -----
Timestamp: 2025-04-30 10:54:48 ET
Competition ID: e4wyrn4hdzvq86p
Competition: Poland Liga 3 (Poland)
Match: Warta Gorzów Wielkopolski vs Lechia Zielona Gora
Score: 0 - 0 (HT: 0 - 0)
Status: Half-time break (Status ID: 3)

--- MATCH BETTING ODDS ---
ML (Money Line):
Time: 4 min | Home: +125 | Draw: +260 | Away: +162

SPREAD (Asia Handicap):
Time: 4 min | Home: -152 | Handicap: 0.0 | Away: +102

Over/Under:
Time: 4 min | Over: -103 | Line: 2.75 | Under: -122

--- MATCH ENVIRONMENT ---
No environment data available for this match


==================================================
MATCH #19 OF 79
==================================================

----- MATCH SUMMARY -----
Timestamp: 2025-04-30 10:54:50 ET
Competition ID: v2y8m4zhw4ql074
Competition: Romanian Liga II (Romania)
Match: Steaua Bucuresti vs FK Csikszereda Miercurea Ciuc
Score: 0 - 0 (HT: 0 - 0)
Status: Half-time break (Status ID: 3)

--- MATCH BETTING ODDS ---
ML (Money Line):
Time: 4 min | Home: +160 | Draw: +162 | Away: +210

SPREAD (Asia Handicap):
Time: 4 min | Home: -133 | Handicap: 0.0 | Away: +105

Over/Under:
Time: 4 min | Over: +102 | Line: 2.0 | Under: -130

--- MATCH ENVIRONMENT ---
Weather: Sunny
Wind: 1.2m/s
Humidity: 31%


==================================================
MATCH #20 OF 79
==================================================

----- MATCH SUMMARY -----
Timestamp: 2025-04-30 10:54:52 ET
Competition ID: 9dn1m1gh84pmoep
Competition: Portuguese U23 League (Portugal)
Match: Benfica U23 vs Vizela U23
Score: 1 - 1 (HT: 1 - 1)
Status: Half-time break (Status ID: 3)

--- MATCH BETTING ODDS ---
ML (Money Line):
Time: 4 min | Home: -152 | Draw: +300 | Away: +300

SPREAD (Asia Handicap):
Time: 4 min | Home: -122 | Handicap: 0.75 | Away: -103

Over/Under:
Time: 4 min | Over: -118 | Line: 3.0 | Under: -105

--- MATCH ENVIRONMENT ---
Weather: Partially cloudy
Wind: 3.7m/s
Humidity: 64%


==================================================
MATCH #21 OF 79
==================================================

----- MATCH SUMMARY -----
Timestamp: 2025-04-30 10:54:53 ET
Competition ID: 9dn1m1gh84pmoep
Competition: Portuguese U23 League (Portugal)
Match: Gil Vicente U23 vs Estoril U23
Score: 1 - 0 (HT: 1 - 0)
Status: Half-time break (Status ID: 3)

--- MATCH BETTING ODDS ---
ML (Money Line):
Time: 4 min | Home: +125 | Draw: +260 | Away: +175

SPREAD (Asia Handicap):
Time: 4 min | Home: +100 | Handicap: 0.25 | Away: -125

Over/Under:
Time: 4 min | Over: -114 | Line: 2.75 | Under: -106

--- MATCH ENVIRONMENT ---
Weather: Unknown (10)
Wind: 4.5m/s
Humidity: 93%


==================================================
MATCH #22 OF 79
==================================================

----- MATCH SUMMARY -----
Timestamp: 2025-04-30 10:54:55 ET
Competition ID: 9dn1m1gh84pmoep
Competition: Portuguese U23 League (Portugal)
Match: Sporting CP U23 vs Estrela FC U23
Score: 0 - 0 (HT: 0 - 0)
Status: Half-time break (Status ID: 3)

--- MATCH BETTING ODDS ---
ML (Money Line):
Time: 4 min | Home: -164 | Draw: +275 | Away: +375

SPREAD (Asia Handicap):
Time: 4 min | Home: -125 | Handicap: 0.75 | Away: +100

Over/Under:
Time: 4 min | Over: -105 | Line: 2.5 | Under: -118

--- MATCH ENVIRONMENT ---
Weather: Partially cloudy
Wind: 3.7m/s
Humidity: 64%


==================================================
MATCH #23 OF 79
==================================================

----- MATCH SUMMARY -----
Timestamp: 2025-04-30 10:54:57 ET
Competition ID: p4jwq2ghv1vm0ve
Competition: Rwandan Cup (Rwanda)
Match: APR FC vs Police(RWA)
Score: 1 - 0 (HT: 1 - 0)
Status: First half (Status ID: 2)

--- MATCH BETTING ODDS ---
ML (Money Line):
Time: 5 min | Home: -175 | Draw: +225 | Away: +550

SPREAD (Asia Handicap):
Time: 4 min | Home: -105 | Handicap: 1.0 | Away: -141

Over/Under:
Time: 4 min | Over: -103 | Line: 2.0 | Under: -122

--- MATCH ENVIRONMENT ---
Weather: Snowy
Wind: 2.6m/s
Humidity: 79%


==================================================
MATCH #24 OF 79
==================================================

----- MATCH SUMMARY -----
Timestamp: 2025-04-30 10:54:58 ET
Competition ID: kjw2r09hl1wrz84
Competition: Tunisian Professional League 2 (Tunisia)
Match: CS.Hammam-Lif vs Megrine
Score: 0 - 0 (HT: 0 - 0)
Status: Half-time break (Status ID: 3)

--- MATCH BETTING ODDS ---

SPREAD (Asia Handicap):
Time: 21 min | Home: +121 | Handicap: -0.5 | Away: -182 (Closest time to minutes 4-6 available: 21)

Over/Under:
Time: 18 min | Over: -132 | Line: 2.25 | Under: -114 (Closest time to minutes 4-6 available: 18)

--- MATCH ENVIRONMENT ---
No environment data available for this match


==================================================
MATCH #25 OF 79
==================================================

----- MATCH SUMMARY -----
Timestamp: 2025-04-30 10:54:59 ET
Competition ID: kjw2r09hl1wrz84
Competition: Tunisian Professional League 2 (Tunisia)
Match: Croissant Msaken vs Stade Africain Menzel Bourguib
Score: 0 - 0 (HT: 0 - 0)
Status: Half-time break (Status ID: 3)

--- MATCH BETTING ODDS ---

SPREAD (Asia Handicap):
Time: 4 min | Home: -122 | Handicap: 0.5 | Away: +100

Over/Under:
Time: 4 min | Over: -112 | Line: 1.5 | Under: -110

--- MATCH ENVIRONMENT ---
Weather: Partially cloudy
Wind: 8.1m/s
Humidity: 45%


==================================================
MATCH #26 OF 79
==================================================

----- MATCH SUMMARY -----
Timestamp: 2025-04-30 10:55:00 ET
Competition ID: kjw2r09hl1wrz84
Competition: Tunisian Professional League 2 (Tunisia)
Match: AS Kasserine vs AS jelma
Score: 1 - 0 (HT: 1 - 0)
Status: Half-time break (Status ID: 3)

--- MATCH BETTING ODDS ---

Over/Under:
Time: pre-match min | Over: +160 | Line: 2.5 | Under: -244 (Closest time to minutes 4-6 available: pre-match)

--- MATCH ENVIRONMENT ---
No environment data available for this match


==================================================
MATCH #27 OF 79
==================================================

----- MATCH SUMMARY -----
Timestamp: 2025-04-30 10:55:02 ET
Competition ID: kn54qllhey9qvy9
Competition: Egyptian Division 2 (Egypt)
Match: Team FC Cairo vs Al Nasr Cairo
Score: 1 - 1 (HT: 1 - 1)
Status: Second half (Status ID: 4)

--- MATCH BETTING ODDS ---
ML (Money Line):
Time: 11 min | Home: +162 | Draw: +250 | Away: +137 (Closest time to minutes 4-6 available: 11)

SPREAD (Asia Handicap):
Time: 11 min | Home: -139 | Handicap: 0.75 | Away: +107 (Closest time to minutes 4-6 available: 11)

Over/Under:
Time: 11 min | Over: -122 | Line: 3.0 | Under: -103 (Closest time to minutes 4-6 available: 11)

--- MATCH ENVIRONMENT ---
No environment data available for this match


==================================================
MATCH #28 OF 79
==================================================

----- MATCH SUMMARY -----
Timestamp: 2025-04-30 10:55:04 ET
Competition ID: kn54qllhey9qvy9
Competition: Egyptian Division 2 (Egypt)
Match: Aswan vs El Mansoura
Score: 1 - 1 (HT: 1 - 1)
Status: Second half (Status ID: 4)

--- MATCH BETTING ODDS ---
ML (Money Line):
Time: 4 min | Home: +187 | Draw: +220 | Away: +137

SPREAD (Asia Handicap):
Time: 4 min | Home: -133 | Handicap: 0.75 | Away: +105

Over/Under:
Time: 4 min | Over: -130 | Line: 3.0 | Under: +102

--- MATCH ENVIRONMENT ---
Weather: Sunny
Wind: 3.7m/s
Humidity: 9%


==================================================
MATCH #29 OF 79
==================================================

----- MATCH SUMMARY -----
Timestamp: 2025-04-30 10:55:05 ET
Competition ID: kn54qllhey9qvy9
Competition: Egyptian Division 2 (Egypt)
Match: Olympic El Qanal vs Proxy SC
Score: 1 - 0 (HT: 1 - 0)
Status: Second half (Status ID: 4)

--- MATCH BETTING ODDS ---
ML (Money Line):
Time: 4 min | Home: +160 | Draw: +175 | Away: +175

SPREAD (Asia Handicap):
Time: 4 min | Home: -110 | Handicap: 0.0 | Away: -110

Over/Under:
Time: 4 min | Over: -130 | Line: 1.75 | Under: +102

--- MATCH ENVIRONMENT ---
Weather: Partially cloudy
Wind: 13.m/s
Humidity: 33%


==================================================
MATCH #30 OF 79
==================================================

----- MATCH SUMMARY -----
Timestamp: 2025-04-30 10:55:07 ET
Competition ID: kn54qllhey9qvy9
Competition: Egyptian Division 2 (Egypt)
Match: Asyut Petroleum vs Abou Qir Fertilizers SC
Score: 1 - 1 (HT: 1 - 1)
Status: Second half (Status ID: 4)

--- MATCH BETTING ODDS ---
ML (Money Line):
Time: 4 min | Home: +350 | Draw: +210 | Away: -125

SPREAD (Asia Handicap):
Time: 4 min | Home: +100 | Handicap: -0.5 | Away: -125

Over/Under:
Time: 4 min | Over: -118 | Line: 2.0 | Under: -105

--- MATCH ENVIRONMENT ---
Weather: Partially cloudy
Wind: 8.7m/s
Humidity: 24%


==================================================
MATCH #31 OF 79
==================================================

----- MATCH SUMMARY -----
Timestamp: 2025-04-30 10:55:08 ET
Competition ID: kn54qllhey9qvy9
Competition: Egyptian Division 2 (Egypt)
Match: Dayrot vs Gazl Kafr Eldwar
Score: 0 - 1 (HT: 0 - 1)
Status: Second half (Status ID: 4)

--- MATCH BETTING ODDS ---
ML (Money Line):
Time: 4 min | Home: +130 | Draw: +175 | Away: +240

SPREAD (Asia Handicap):
Time: 4 min | Home: +100 | Handicap: 0.25 | Away: -125

Over/Under:
Time: 4 min | Over: -122 | Line: 1.5 | Under: -103

--- MATCH ENVIRONMENT ---
Weather: Unknown (8)
Wind: 7.3m/s
Humidity: 32%


==================================================
MATCH #32 OF 79
==================================================

----- MATCH SUMMARY -----
Timestamp: 2025-04-30 10:55:09 ET
Competition ID: e4wyrn4hdzvq86p
Competition: Poland Liga 3 (Poland)
Match: Star Starachowice vs Lewart Lubartow
Score: 4 - 0 (HT: 4 - 0)
Status: Second half (Status ID: 4)

--- MATCH BETTING ODDS ---
ML (Money Line):
Time: 4 min | Home: -303 | Draw: +400 | Away: +600

SPREAD (Asia Handicap):
Time: 4 min | Home: -118 | Handicap: 1.5 | Away: -105

Over/Under:
Time: 4 min | Over: -109 | Line: 3.25 | Under: -115

--- MATCH ENVIRONMENT ---
Weather: Partially cloudy
Wind: 4.1m/s
Humidity: 34%


==================================================
MATCH #33 OF 79
==================================================

----- MATCH SUMMARY -----
Timestamp: 2025-04-30 10:55:10 ET
Competition ID: kn54qllhey9qvy9
Competition: Egyptian Division 2 (Egypt)
Match: Baladiyat El Mahalla vs La Viena
Score: 0 - 0 (HT: 0 - 0)
Status: Second half (Status ID: 4)

--- MATCH BETTING ODDS ---
ML (Money Line):
Time: 5 min | Home: +150 | Draw: +175 | Away: +200

SPREAD (Asia Handicap):
Time: 4 min | Home: -141 | Handicap: 0.0 | Away: +105

Over/Under:
Time: 4 min | Over: -115 | Line: 1.75 | Under: -109

--- MATCH ENVIRONMENT ---
Weather: Partially cloudy
Wind: 7.1m/s
Humidity: 55%


==================================================
MATCH #34 OF 79
==================================================

----- MATCH SUMMARY -----
Timestamp: 2025-04-30 10:55:11 ET
Competition ID: vl7oqdehn11r510
Competition: Tunisian Cup (Tunisia)
Match: J.S. Kairouanaise vs ES du Sahel
Score: 0 - 0 (HT: 0 - 0)
Status: Second half (Status ID: 4)

--- MATCH BETTING ODDS ---
ML (Money Line):
Time: 4 min | Home: +500 | Draw: +220 | Away: -152

SPREAD (Asia Handicap):
Time: 4 min | Home: -109 | Handicap: -0.75 | Away: -115

Over/Under:
Time: 4 min | Over: -103 | Line: 2.0 | Under: -122

--- MATCH ENVIRONMENT ---
Weather: Sunny
Wind: 2.0m/s
Humidity: 30%


==================================================
MATCH #35 OF 79
==================================================

----- MATCH SUMMARY -----
Timestamp: 2025-04-30 10:55:13 ET
Competition ID: jednm9whkg3ryox
Competition: South Africa First League (South Africa)
Match: Milford vs Pretoria Callies
Score: 0 - 2 (HT: 0 - 0)
Status: Second half (Status ID: 4)

--- MATCH BETTING ODDS ---
ML (Money Line):
Time: 4 min | Home: -152 | Draw: +260 | Away: +350

SPREAD (Asia Handicap):
Time: 4 min | Home: -123 | Handicap: 0.5 | Away: -112

Over/Under:
Time: 4 min | Over: -133 | Line: 2.0 | Under: +105

--- MATCH ENVIRONMENT ---
Weather: Sunny
Wind: 1.5m/s
Humidity: 74%


==================================================
MATCH #36 OF 79
==================================================

----- MATCH SUMMARY -----
Timestamp: 2025-04-30 10:55:15 ET
Competition ID: 9k82rekh332repz
Competition: Estonian U19 league (Estonia)
Match: JK Trans Narva U19 vs FC Flora Tallinn U19
Score: 0 - 0 (HT: 0 - 0)
Status: Finished (Status ID: 8)

--- MATCH BETTING ODDS ---
ML (Money Line):
Time: 4 min | Home: +250 | Draw: +450 | Away: -175

SPREAD (Asia Handicap):
Time: 4 min | Home: -109 | Handicap: -1.0 | Away: -115

Over/Under:
Time: 4 min | Over: -118 | Line: 4.25 | Under: -105

--- MATCH ENVIRONMENT ---
Weather: Cloudy
Wind: 4.3m/s
Humidity: 72%


==================================================
MATCH #37 OF 79
==================================================

----- MATCH SUMMARY -----
Timestamp: 2025-04-30 10:55:16 ET
Competition ID: kdj2ryohpeq1zpg
Competition: Armenian First League (Armenia)
Match: Urartu II vs BKMA II
Score: 1 - 1 (HT: 0 - 1)
Status: Finished (Status ID: 8)

--- MATCH BETTING ODDS ---

Over/Under:
Time: pre-match min | Over: -250 | Line: 2.5 | Under: +160 (Closest time to minutes 4-6 available: pre-match)

--- MATCH ENVIRONMENT ---
No environment data available for this match


==================================================
MATCH #38 OF 79
==================================================

----- MATCH SUMMARY -----
Timestamp: 2025-04-30 10:55:18 ET
Competition ID: 4zp5rzgh7loq82w
Competition: Zimbabwe Premier Soccer League (Zimbabwe)
Match: CAPS United vs FC Platinum
Score: 1 - 2 (HT: 0 - 1)
Status: Finished (Status ID: 8)

--- MATCH BETTING ODDS ---
ML (Money Line):
Time: 4 min | Home: +110 | Draw: +175 | Away: +300

SPREAD (Asia Handicap):
Time: 4 min | Home: -125 | Handicap: 0.25 | Away: +100

Over/Under:
Time: 4 min | Over: -130 | Line: 1.5 | Under: +102

--- MATCH ENVIRONMENT ---
Weather: Snowy
Wind: 8.7m/s
Humidity: 51%


==================================================
MATCH #39 OF 79
==================================================

----- MATCH SUMMARY -----
Timestamp: 2025-04-30 10:55:19 ET
Competition ID: 4zp5rzgh7loq82w
Competition: Zimbabwe Premier Soccer League (Zimbabwe)
Match: Chicken Inn vs TelOne fc
Score: 0 - 0 (HT: 0 - 0)
Status: Finished (Status ID: 8)

--- MATCH BETTING ODDS ---
ML (Money Line):
Time: 5 min | Home: +160 | Draw: +160 | Away: +210

SPREAD (Asia Handicap):
Time: 4 min | Home: -143 | Handicap: 0.0 | Away: +110

Over/Under:
Time: 4 min | Over: -125 | Line: 1.5 | Under: +100

--- MATCH ENVIRONMENT ---
Weather: Sunny
Wind: 3.7m/s
Humidity: 35%


==================================================
MATCH #40 OF 79
==================================================

----- MATCH SUMMARY -----
Timestamp: 2025-04-30 10:55:21 ET
Competition ID: 4zp5rzgh7loq82w
Competition: Zimbabwe Premier Soccer League (Zimbabwe)
Match: GreenFuel vs Dynamos FC
Score: 0 - 0 (HT: 0 - 0)
Status: Second half (Status ID: 4)

--- MATCH BETTING ODDS ---


--- MATCH ENVIRONMENT ---
No environment data available for this match


==================================================
MATCH #41 OF 79
==================================================

----- MATCH SUMMARY -----
Timestamp: 2025-04-30 10:55:22 ET
Competition ID: 4zp5rzgh7loq82w
Competition: Zimbabwe Premier Soccer League (Zimbabwe)
Match: Kwekwe United vs Simba Bhora
Score: 1 - 2 (HT: 0 - 1)
Status: Second half (Status ID: 4)

--- MATCH BETTING ODDS ---


--- MATCH ENVIRONMENT ---
No environment data available for this match


==================================================
MATCH #42 OF 79
==================================================

----- MATCH SUMMARY -----
Timestamp: 2025-04-30 10:55:23 ET
Competition ID: 4zp5rzgh7loq82w
Competition: Zimbabwe Premier Soccer League (Zimbabwe)
Match: Ngezi Platinum vs Yadah FC
Score: 1 - 2 (HT: 0 - 1)
Status: Second half (Status ID: 4)

--- MATCH BETTING ODDS ---


--- MATCH ENVIRONMENT ---
No environment data available for this match


==================================================
MATCH #43 OF 79
==================================================

----- MATCH SUMMARY -----
Timestamp: 2025-04-30 10:55:23 ET
Competition ID: 4zp5rzgh7loq82w
Competition: Zimbabwe Premier Soccer League (Zimbabwe)
Match: Triangle FC vs ZPC Kariba
Score: 1 - 2 (HT: 0 - 1)
Status: Second half (Status ID: 4)

--- MATCH BETTING ODDS ---


--- MATCH ENVIRONMENT ---
No environment data available for this match


==================================================
MATCH #44 OF 79
==================================================

----- MATCH SUMMARY -----
Timestamp: 2025-04-30 10:55:25 ET
Competition ID: 4zp5rzgh7loq82w
Competition: Zimbabwe Premier Soccer League (Zimbabwe)
Match: Highlanders vs Bikita Minerals FC
Score: 1 - 0 (HT: 1 - 0)
Status: Finished (Status ID: 8)

--- MATCH BETTING ODDS ---
ML (Money Line):
Time: 4 min | Home: -125 | Draw: +240 | Away: +300

SPREAD (Asia Handicap):
Time: 4 min | Home: -122 | Handicap: 0.5 | Away: -103

Over/Under:
Time: 4 min | Over: -115 | Line: 2.0 | Under: -109

--- MATCH ENVIRONMENT ---
Weather: Sunny
Wind: 3.7m/s
Humidity: 35%


==================================================
MATCH #45 OF 79
==================================================

----- MATCH SUMMARY -----
Timestamp: 2025-04-30 10:55:27 ET
Competition ID: 9vjxm8ghgy0r6od
Competition: Uganda Premier League (Uganda)
Match: Airtel Kitara FC vs Wakiso Giants FC
Score: 0 - 0 (HT: 0 - 0)
Status: Finished (Status ID: 8)

--- MATCH BETTING ODDS ---

SPREAD (Asia Handicap):
Time: 4 min | Home: -112 | Handicap: 1.25 | Away: -115

Over/Under:
Time: 4 min | Over: -112 | Line: 2.25 | Under: -115

--- MATCH ENVIRONMENT ---
Weather: Windy
Wind: 3.1m/s
Humidity: 59%


==================================================
MATCH #46 OF 79
==================================================

----- MATCH SUMMARY -----
Timestamp: 2025-04-30 10:55:28 ET
Competition ID: jednm9whg03ryox
Competition: Italian Campionato Primavera 2 (Italy)
Match: AlbinoLeffe Youth vs Padova U19
Score: 3 - 1 (HT: 1 - 1)
Status: Finished (Status ID: 8)

--- MATCH BETTING ODDS ---
ML (Money Line):
Time: 4 min | Home: +200 | Draw: +260 | Away: +110

SPREAD (Asia Handicap):
Time: 4 min | Home: -105 | Handicap: -0.25 | Away: -118

Over/Under:
Time: 4 min | Over: -109 | Line: 3.0 | Under: -115

--- MATCH ENVIRONMENT ---
Weather: Sunny
Wind: 3.7m/s
Humidity: 47%


==================================================
MATCH #47 OF 79
==================================================

----- MATCH SUMMARY -----
Timestamp: 2025-04-30 10:55:30 ET
Competition ID: 9vjxm8ghgy0r6od
Competition: Uganda Premier League (Uganda)
Match: Bright Stars vs Express FC
Score: 0 - 1 (HT: 0 - 0)
Status: Finished (Status ID: 8)

--- MATCH BETTING ODDS ---

SPREAD (Asia Handicap):
Time: 4 min | Home: -125 | Handicap: 0.0 | Away: -104

Over/Under:
Time: 4 min | Over: -122 | Line: 2.75 | Under: -106

--- MATCH ENVIRONMENT ---
Weather: Partially cloudy
Wind: 1.2m/s
Humidity: 56%


==================================================
MATCH #48 OF 79
==================================================

----- MATCH SUMMARY -----
Timestamp: 2025-04-30 10:55:31 ET
Competition ID: jednm9whk0ryox8
Competition: International Friendly (Unknown Country)
Match: Hungary (w) U17 vs Czech Republic (w) U17
Score: 1 - 1 (HT: 1 - 1)
Status: Finished (Status ID: 8)

--- MATCH BETTING ODDS ---


--- MATCH ENVIRONMENT ---
No environment data available for this match


==================================================
MATCH #49 OF 79
==================================================

----- MATCH SUMMARY -----
Timestamp: 2025-04-30 10:55:32 ET
Competition ID: 56ypq3nhll6md7o
Competition: South Africa Women's League (South Africa)
Match: First Touch Academy (w) vs UCT (w)
Score: 2 - 1 (HT: 1 - 0)
Status: Second half (Status ID: 4)

--- MATCH BETTING ODDS ---
ML (Money Line):
Time: 4 min | Home: -152 | Draw: +275 | Away: +350

SPREAD (Asia Handicap):
Time: 4 min | Home: -130 | Handicap: 0.75 | Away: -108

Over/Under:
Time: 4 min | Over: -119 | Line: 2.75 | Under: -116

--- MATCH ENVIRONMENT ---
Weather: Sunny
Wind: 4.3m/s
Humidity: 37%


==================================================
MATCH #50 OF 79
==================================================

----- MATCH SUMMARY -----
Timestamp: 2025-04-30 10:55:34 ET
Competition ID: 56ypq3nhll6md7o
Competition: South Africa Women's League (South Africa)
Match: Johannesburg Uni (w) vs Royal AM FC (W)
Score: 3 - 0 (HT: 1 - 0)
Status: Second half (Status ID: 4)

--- MATCH BETTING ODDS ---
ML (Money Line):
Time: 4 min | Home: -1111 | Draw: +750 | Away: +2200

SPREAD (Asia Handicap):
Time: 4 min | Home: -105 | Handicap: 2.5 | Away: -118

Over/Under:
Time: 4 min | Over: -105 | Line: 3.25 | Under: -118

--- MATCH ENVIRONMENT ---
Weather: Cloudy
Wind: 5.8m/s
Humidity: 40%


==================================================
MATCH #51 OF 79
==================================================

----- MATCH SUMMARY -----
Timestamp: 2025-04-30 10:55:35 ET
Competition ID: 56ypq3nhll6md7o
Competition: South Africa Women's League (South Africa)
Match: University of Pretoria (W) vs TUT FC (w)
Score: 0 - 0 (HT: 0 - 0)
Status: Abandoned (Status ID: 13)

--- MATCH BETTING ODDS ---
ML (Money Line):
Time: pre-match min | Home: +145 | Draw: +200 | Away: +162 (Closest time to minutes 4-6 available: pre-match)

SPREAD (Asia Handicap):
Time: pre-match min | Home: -122 | Handicap: 0.0 | Away: -103 (Closest time to minutes 4-6 available: pre-match)

Over/Under:
Time: pre-match min | Over: -111 | Line: 2.25 | Under: -111 (Closest time to minutes 4-6 available: pre-match)

--- MATCH ENVIRONMENT ---
Weather: Sunny
Wind: 3.7m/s
Humidity: 52%


==================================================
MATCH #52 OF 79
==================================================

----- MATCH SUMMARY -----
Timestamp: 2025-04-30 10:55:36 ET
Competition ID: kn54qllh40qvy9d
Competition: Kazakhstan Premier League (Kazakhstan)
Match: FK Atyrau vs FC Astana
Score: 0 - 2 (HT: 0 - 1)
Status: Finished (Status ID: 8)

--- MATCH BETTING ODDS ---
ML (Money Line):
Time: 4 min | Home: +500 | Draw: +375 | Away: -250

SPREAD (Asia Handicap):
Time: 4 min | Home: -103 | Handicap: -1.25 | Away: -122

Over/Under:
Time: 4 min | Over: -125 | Line: 2.75 | Under: +100

--- MATCH ENVIRONMENT ---
Weather: Partially cloudy
Wind: 3.7m/s
Humidity: 25%


==================================================
MATCH #53 OF 79
==================================================

----- MATCH SUMMARY -----
Timestamp: 2025-04-30 10:55:38 ET
Competition ID: 9dn1m1ghl1moepl
Competition: Turkish Third League (Turkey)
Match: Yeni Amasya Spor vs Mazidagi Fosfatspo
Score: 0 - 3 (HT: 0 - 0)
Status: Finished (Status ID: 8)

--- MATCH BETTING ODDS ---
ML (Money Line):
Time: 4 min | Home: +110 | Draw: +220 | Away: +220

SPREAD (Asia Handicap):
Time: 4 min | Home: -115 | Handicap: 0.25 | Away: -109

Over/Under:
Time: 4 min | Over: +100 | Line: 2.25 | Under: -125

--- MATCH ENVIRONMENT ---
Weather: Cloudy
Wind: 4.8m/s
Humidity: 49%


==================================================
MATCH #54 OF 79
==================================================

----- MATCH SUMMARY -----
Timestamp: 2025-04-30 10:55:39 ET
Competition ID: 9dn1m1ghl1moepl
Competition: Turkish Third League (Turkey)
Match: Kutahyaspor vs Duzcespor
Score: 2 - 1 (HT: 1 - 0)
Status: Second half (Status ID: 4)

--- MATCH BETTING ODDS ---
ML (Money Line):
Time: 4 min | Home: +137 | Draw: +240 | Away: +175

SPREAD (Asia Handicap):
Time: 4 min | Home: -108 | Handicap: 0.25 | Away: -130

Over/Under:
Time: 4 min | Over: -118 | Line: 2.25 | Under: -105

--- MATCH ENVIRONMENT ---
Weather: Partially cloudy
Wind: 3.7m/s
Humidity: 53%


==================================================
MATCH #55 OF 79
==================================================

----- MATCH SUMMARY -----
Timestamp: 2025-04-30 10:55:40 ET
Competition ID: 9dn1m1ghl1moepl
Competition: Turkish Third League (Turkey)
Match: Kucukcekmece vs Corluspor
Score: 0 - 0 (HT: 0 - 0)
Status: Second half (Status ID: 4)

--- MATCH BETTING ODDS ---
ML (Money Line):
Time: 4 min | Home: +125 | Draw: +240 | Away: +175

SPREAD (Asia Handicap):
Time: 4 min | Home: +100 | Handicap: 0.25 | Away: -125

Over/Under:
Time: 4 min | Over: -108 | Line: 2.5 | Under: -120

--- MATCH ENVIRONMENT ---
Weather: Cloudy
Wind: 11.m/s
Humidity: 61%


==================================================
MATCH #56 OF 79
==================================================

----- MATCH SUMMARY -----
Timestamp: 2025-04-30 10:55:42 ET
Competition ID: 9dn1m1ghl1moepl
Competition: Turkish Third League (Turkey)
Match: Silivrispor vs Tire 2021 FK
Score: 0 - 0 (HT: 0 - 0)
Status: Second half (Status ID: 4)

--- MATCH BETTING ODDS ---
ML (Money Line):
Time: 5 min | Home: +105 | Draw: +220 | Away: +240

SPREAD (Asia Handicap):
Time: 4 min | Home: -130 | Handicap: 0.25 | Away: -104

Over/Under:
Time: 4 min | Over: -130 | Line: 2.25 | Under: +102

--- MATCH ENVIRONMENT ---
Weather: Partially cloudy
Wind: 11.m/s
Humidity: 63%


==================================================
MATCH #57 OF 79
==================================================

----- MATCH SUMMARY -----
Timestamp: 2025-04-30 10:55:43 ET
Competition ID: 9dn1m1ghl1moepl
Competition: Turkish Third League (Turkey)
Match: Zonguldak vs Kahramanmaras Bld
Score: 0 - 0 (HT: 0 - 0)
Status: Second half (Status ID: 4)

--- MATCH BETTING ODDS ---
ML (Money Line):
Time: 4 min | Home: +140 | Draw: +210 | Away: +187

SPREAD (Asia Handicap):
Time: 4 min | Home: -125 | Handicap: 0.0 | Away: -104

Over/Under:
Time: 4 min | Over: -118 | Line: 2.25 | Under: -110

--- MATCH ENVIRONMENT ---
Weather: Partially cloudy
Wind: 6.1m/s
Humidity: 77%


==================================================
MATCH #58 OF 79
==================================================

----- MATCH SUMMARY -----
Timestamp: 2025-04-30 10:55:45 ET
Competition ID: 8y39mp1hpxmojxg
Competition: Danish U19 Youth League (Denmark)
Match: Esbjerg U19 vs Randers Freja U19
Score: 1 - 2 (HT: 1 - 0)
Status: Finished (Status ID: 8)

--- MATCH BETTING ODDS ---
ML (Money Line):
Time: 4 min | Home: +162 | Draw: +260 | Away: +130

SPREAD (Asia Handicap):
Time: 4 min | Home: -125 | Handicap: -0.25 | Away: +100

Over/Under:
Time: 4 min | Over: -115 | Line: 3.0 | Under: -109

--- MATCH ENVIRONMENT ---
Weather: Sunny
Wind: 5.8m/s
Humidity: 77%


==================================================
MATCH #59 OF 79
==================================================

----- MATCH SUMMARY -----
Timestamp: 2025-04-30 10:55:46 ET
Competition ID: 56ypq3nhepnmd7o
Competition: IRQ D2 (Iraq)
Match: Al Fahad vs Al Sinaah
Score: 1 - 0 (HT: 0 - 0)
Status: Second half (Status ID: 4)

--- MATCH BETTING ODDS ---
ML (Money Line):
Time: 4 min | Home: -105 | Draw: +210 | Away: +275

SPREAD (Asia Handicap):
Time: 5 min | Home: +102 | Handicap: 0.5 | Away: -130

Over/Under:
Time: 4 min | Over: -118 | Line: 1.75 | Under: -105

--- MATCH ENVIRONMENT ---
No environment data available for this match


==================================================
MATCH #60 OF 79
==================================================

----- MATCH SUMMARY -----
Timestamp: 2025-04-30 10:55:47 ET
Competition ID: yl5ergphvnlr8k0
Competition: Cameroon Elite One (Cameroon)
Match: Canon Yaounde vs Colombe du Dja et Lobo
Score: 0 - 0 (HT: 0 - 0)
Status: Postponed (Status ID: 9)

--- MATCH BETTING ODDS ---


--- MATCH ENVIRONMENT ---
No environment data available for this match


==================================================
MATCH #61 OF 79
==================================================

----- MATCH SUMMARY -----
Timestamp: 2025-04-30 10:55:48 ET
Competition ID: e4wyrn4hdzvq86p
Competition: Poland Liga 3 (Poland)
Match: Cracovia II vs GKS Glinik Gorlice
Score: 3 - 1 (HT: 1 - 0)
Status: Second half (Status ID: 4)

--- MATCH BETTING ODDS ---
ML (Money Line):
Time: 4 min | Home: -303 | Draw: +450 | Away: +550

SPREAD (Asia Handicap):
Time: 4 min | Home: -122 | Handicap: 1.5 | Away: -103

Over/Under:
Time: 4 min | Over: +102 | Line: 3.25 | Under: -130

--- MATCH ENVIRONMENT ---
Weather: Partially cloudy
Wind: 3.1m/s
Humidity: 33%


==================================================
MATCH #62 OF 79
==================================================

----- MATCH SUMMARY -----
Timestamp: 2025-04-30 10:55:49 ET
Competition ID: yl5ergphvnlr8k0
Competition: Cameroon Elite One (Cameroon)
Match: Union Douala vs Panthere Sportive du Nde
Score: 0 - 0 (HT: 0 - 0)
Status: Postponed (Status ID: 9)

--- MATCH BETTING ODDS ---


--- MATCH ENVIRONMENT ---
No environment data available for this match


==================================================
MATCH #63 OF 79
==================================================

----- MATCH SUMMARY -----
Timestamp: 2025-04-30 10:55:50 ET
Competition ID: yl5ergphvnlr8k0
Competition: Cameroon Elite One (Cameroon)
Match: Bamboutos de vs Coton Sport
Score: 0 - 0 (HT: 0 - 0)
Status: Abandoned (Status ID: 13)

--- MATCH BETTING ODDS ---


--- MATCH ENVIRONMENT ---
No environment data available for this match


==================================================
MATCH #64 OF 79
==================================================

----- MATCH SUMMARY -----
Timestamp: 2025-04-30 10:55:51 ET
Competition ID: p3glrw7hwylqdyj
Competition: Lebanese Premier League (Lebanon)
Match: Al Nejmeh SC vs CS Sagesse
Score: 0 - 0 (HT: 0 - 0)
Status: Abandoned (Status ID: 13)

--- MATCH BETTING ODDS ---
ML (Money Line):
Time: pre-match min | Home: -125 | Draw: +240 | Away: +275 (Closest time to minutes 4-6 available: pre-match)

SPREAD (Asia Handicap):
Time: pre-match min | Home: -118 | Handicap: 0.5 | Away: -105 (Closest time to minutes 4-6 available: pre-match)

Over/Under:
Time: pre-match min | Over: +102 | Line: 2.25 | Under: -130 (Closest time to minutes 4-6 available: pre-match)

--- MATCH ENVIRONMENT ---
No environment data available for this match


==================================================
MATCH #65 OF 79
==================================================

----- MATCH SUMMARY -----
Timestamp: 2025-04-30 10:55:52 ET
Competition ID: 56ypq3nhepnmd7o
Competition: IRQ D2 (Iraq)
Match: Peshmerga Sulaymaniya SC vs Masafi Al-Junoob
Score: 1 - 0 (HT: 0 - 0)
Status: Second half (Status ID: 4)

--- MATCH BETTING ODDS ---
ML (Money Line):
Time: 4 min | Home: +160 | Draw: +175 | Away: +200

SPREAD (Asia Handicap):
Time: 7 min | Home: +108 | Handicap: 0.25 | Away: -161 (Closest time to minutes 4-6 available: 7)

Over/Under:
Time: 4 min | Over: +105 | Line: 2.0 | Under: -133

--- MATCH ENVIRONMENT ---
No environment data available for this match


==================================================
MATCH #66 OF 79
==================================================

----- MATCH SUMMARY -----
Timestamp: 2025-04-30 10:55:53 ET
Competition ID: 9vjxm8ghgy0r6od
Competition: Uganda Premier League (Uganda)
Match: Mbarara City vs NEC FC Bugolobi
Score: 1 - 2 (HT: 0 - 0)
Status: Finished (Status ID: 8)

--- MATCH BETTING ODDS ---
ML (Money Line):
Time: 4 min | Home: +550 | Draw: +250 | Away: -189

SPREAD (Asia Handicap):
Time: 4 min | Home: -125 | Handicap: -1.0 | Away: +100

Over/Under:
Time: 4 min | Over: -111 | Line: 2.0 | Under: -111

--- MATCH ENVIRONMENT ---
Weather: Snowy
Wind: 4.3m/s
Humidity: 71%


==================================================
MATCH #67 OF 79
==================================================

----- MATCH SUMMARY -----
Timestamp: 2025-04-30 10:55:54 ET
Competition ID: yl5ergphvnlr8k0
Competition: Cameroon Elite One (Cameroon)
Match: PWD de Bamenda vs Les Astres FC
Score: 0 - 0 (HT: 0 - 0)
Status: Postponed (Status ID: 9)

--- MATCH BETTING ODDS ---


--- MATCH ENVIRONMENT ---
No environment data available for this match


==================================================
MATCH #68 OF 79
==================================================

----- MATCH SUMMARY -----
Timestamp: 2025-04-30 10:55:55 ET
Competition ID: 56ypq3nhepnmd7o
Competition: IRQ D2 (Iraq)
Match: Kadhimiya SC vs Naft Al-Wassat SC
Score: 2 - 0 (HT: 0 - 0)
Status: Second half (Status ID: 4)

--- MATCH BETTING ODDS ---
ML (Money Line):
Time: 4 min | Home: -164 | Draw: +240 | Away: +450

SPREAD (Asia Handicap):
Time: 4 min | Home: -118 | Handicap: 0.75 | Away: -105

Over/Under:
Time: 4 min | Over: +102 | Line: 2.0 | Under: -130

--- MATCH ENVIRONMENT ---
Weather: Sunny
Wind: 3.2m/s
Humidity: 19%


==================================================
MATCH #69 OF 79
==================================================

----- MATCH SUMMARY -----
Timestamp: 2025-04-30 10:55:56 ET
Competition ID: 56ypq3nhepnmd7o
Competition: IRQ D2 (Iraq)
Match: Al-Masafi vs Al Gharraf
Score: 1 - 1 (HT: 0 - 0)
Status: Second half (Status ID: 4)

--- MATCH BETTING ODDS ---
ML (Money Line):
Time: 4 min | Home: +200 | Draw: +210 | Away: +130

SPREAD (Asia Handicap):
Time: 4 min | Home: +112 | Handicap: 0.0 | Away: -169

Over/Under:
Time: 4 min | Over: +102 | Line: 2.25 | Under: -130

--- MATCH ENVIRONMENT ---
Weather: Sunny
Wind: 3.2m/s
Humidity: 20%


==================================================
MATCH #70 OF 79
==================================================

----- MATCH SUMMARY -----
Timestamp: 2025-04-30 10:55:57 ET
Competition ID: 56ypq3nhepnmd7o
Competition: IRQ D2 (Iraq)
Match: Al Ramadi vs Al Bahri
Score: 0 - 0 (HT: 0 - 0)
Status: Abandoned (Status ID: 13)

--- MATCH BETTING ODDS ---
ML (Money Line):
Time: pre-match min | Home: +190 | Draw: +155 | Away: +162 (Closest time to minutes 4-6 available: pre-match)

SPREAD (Asia Handicap):
Time: pre-match min | Home: +100 | Handicap: 0.0 | Away: -125 (Closest time to minutes 4-6 available: pre-match)

Over/Under:
Time: pre-match min | Over: -111 | Line: 1.75 | Under: -111 (Closest time to minutes 4-6 available: pre-match)

--- MATCH ENVIRONMENT ---
Weather: Sunny
Wind: 3.2m/s
Humidity: 13%


==================================================
MATCH #71 OF 79
==================================================

----- MATCH SUMMARY -----
Timestamp: 2025-04-30 10:55:58 ET
Competition ID: 56ypq3nhepnmd7o
Competition: IRQ D2 (Iraq)
Match: Amanat Baghdad vs Afak SC
Score: 1 - 1 (HT: 1 - 0)
Status: Second half (Status ID: 4)

--- MATCH BETTING ODDS ---
ML (Money Line):
Time: 4 min | Home: -125 | Draw: +220 | Away: +350

SPREAD (Asia Handicap):
Time: 4 min | Home: -122 | Handicap: 0.5 | Away: -103

Over/Under:
Time: 4 min | Over: -105 | Line: 2.0 | Under: -118

--- MATCH ENVIRONMENT ---
Weather: Sunny
Wind: 3.2m/s
Humidity: 19%


==================================================
MATCH #72 OF 79
==================================================

----- MATCH SUMMARY -----
Timestamp: 2025-04-30 10:55:59 ET
Competition ID: 9vjxm8ghgy0r6od
Competition: Uganda Premier League (Uganda)
Match: Mbale Heroes vs Ma Lu
Score: 0 - 1 (HT: 0 - 1)
Status: Finished (Status ID: 8)

--- MATCH BETTING ODDS ---

SPREAD (Asia Handicap):
Time: 4 min | Home: -101 | Handicap: -0.5 | Away: -128

Over/Under:
Time: 4 min | Over: -128 | Line: 2.5 | Under: -116

--- MATCH ENVIRONMENT ---
Weather: Cloudy
Wind: 3.7m/s
Humidity: 59%


==================================================
MATCH #73 OF 79
==================================================

----- MATCH SUMMARY -----
Timestamp: 2025-04-30 10:56:01 ET
Competition ID: 9dn1m1gh8zomoep
Competition: Kenya Football League (Kenya)
Match: Darajani Gogo vs MOFA FC
Score: 4 - 0 (HT: 3 - 0)
Status: Second half (Status ID: 4)

--- MATCH BETTING ODDS ---
ML (Money Line):
Time: 4 min | Home: -303 | Draw: +375 | Away: +650

SPREAD (Asia Handicap):
Time: 4 min | Home: -125 | Handicap: 0.25 | Away: +100

Over/Under:
Time: 4 min | Over: +102 | Line: 3.25 | Under: -130

--- MATCH ENVIRONMENT ---
Weather: Partially cloudy
Wind: 5.6m/s
Humidity: 57%


==================================================
MATCH #74 OF 79
==================================================

----- MATCH SUMMARY -----
Timestamp: 2025-04-30 10:56:02 ET
Competition ID: kdj2ryohpeq1zpg
Competition: Armenian First League (Armenia)
Match: Nikarm vs Pyunik B
Score: 0 - 2 (HT: 0 - 1)
Status: Finished (Status ID: 8)

--- MATCH BETTING ODDS ---


--- MATCH ENVIRONMENT ---
Weather: Partially cloudy
Wind: 3.2m/s
Humidity: 72%


==================================================
MATCH #75 OF 79
==================================================

----- MATCH SUMMARY -----
Timestamp: 2025-04-30 10:56:03 ET
Competition ID: l965mkyhdgr1ge4
Competition: Chilean Primera B (Chile)
Match: D. Concepcion vs Santiago Morning
Score: 3 - 0 (HT: 2 - 0)
Status: Finished (Status ID: 8)

--- MATCH BETTING ODDS ---
ML (Money Line):
Time: 4 min | Home: +137 | Draw: +200 | Away: +187

SPREAD (Asia Handicap):
Time: 4 min | Home: -101 | Handicap: 0.25 | Away: -130

Over/Under:
Time: 4 min | Over: +105 | Line: 2.25 | Under: -133

--- MATCH ENVIRONMENT ---
Weather: Sunny
Wind: 1.2m/s
Humidity: 39%


==================================================
MATCH #76 OF 79
==================================================

----- MATCH SUMMARY -----
Timestamp: 2025-04-30 10:56:05 ET
Competition ID: 9k82rekhgorepzj
Competition: Turkish First League (Turkey)
Match: Adanaspor vs Genclerbirligi
Score: 0 - 5 (HT: 0 - 1)
Status: Finished (Status ID: 8)

--- MATCH BETTING ODDS ---
ML (Money Line):
Time: 4 min | Home: +1600 | Draw: +900 | Away: -1000

SPREAD (Asia Handicap):
Time: 4 min | Home: -115 | Handicap: -2.75 | Away: -109

Over/Under:
Time: 4 min | Over: +100 | Line: 4.25 | Under: -125

--- MATCH ENVIRONMENT ---
Weather: Partially cloudy
Wind: 5.3m/s
Humidity: 53%


==================================================
MATCH #77 OF 79
==================================================

----- MATCH SUMMARY -----
Timestamp: 2025-04-30 10:56:06 ET
Competition ID: yl5ergphd2r8k0o
Competition: Moldova Division 2 (Moldova)
Match: Saxan Ceadir Lunga vs FC Ursidos Stauceni
Score: 1 - 1 (HT: 0 - 1)
Status: Finished (Status ID: 8)

--- MATCH BETTING ODDS ---

SPREAD (Asia Handicap):
Time: 7 min | Home: -127 | Handicap: 0.5 | Away: -118 (Closest time to minutes 4-6 available: 7)

Over/Under:
Time: 4 min | Over: -154 | Line: 2.5 | Under: +110

--- MATCH ENVIRONMENT ---
No environment data available for this match


==================================================
MATCH #78 OF 79
==================================================

----- MATCH SUMMARY -----
Timestamp: 2025-04-30 10:56:08 ET
Competition ID: kjw2r09hj8rz84o
Competition: Italian Primavera Cup (Italy)
Match: Cagliari U19 vs AC Milan U20
Score: 3 - 0 (HT: 2 - 0)
Status: Finished (Status ID: 8)

--- MATCH BETTING ODDS ---
ML (Money Line):
Time: 4 min | Home: +240 | Draw: +240 | Away: +105

SPREAD (Asia Handicap):
Time: 4 min | Home: -139 | Handicap: -0.5 | Away: +107

Over/Under:
Time: 4 min | Over: -109 | Line: 2.5 | Under: -115

--- MATCH ENVIRONMENT ---
Weather: Sunny
Wind: 2.6m/s
Humidity: 48%


==================================================
MATCH #79 OF 79
==================================================

----- MATCH SUMMARY -----
Timestamp: 2025-04-30 10:56:09 ET
Competition ID: v2y8m4zhgxoql07
Competition: Western Australia Women's League (Australia)
Match: Balcatta (w) vs Murdoch University Melville FC (w)
Score: 5 - 0 (HT: 3 - 0)
Status: Finished (Status ID: 8)

--- MATCH BETTING ODDS ---
ML (Money Line):
Time: 4 min | Home: -3333 | Draw: +1400 | Away: +5000

SPREAD (Asia Handicap):
Time: 4 min | Home: +100 | Handicap: 3.5 | Away: -125

Over/Under:
Time: 4 min | Over: -115 | Line: 3.75 | Under: -109

--- MATCH ENVIRONMENT ---
Weather: Sunny
Wind: 5.3m/s
Humidity: 37%


==================================================
END OF LIVE MATCH DATA - 79 MATCHES DISPLAYED
==================================================
Refreshing in 30 seconds... (Press Ctrl+C to exit)

================================================================================


================================================================================
FETCH TIMESTAMP: 2025-04-30 10:58:18 ET
================================================================================

Fetching country data...
Fetching live matches...

===== FOUND 79 LIVE FOOTBALL MATCHES =====

Last updated: 2025-04-30 14:56:40
==================================================
MATCH #1 OF 79
==================================================

----- MATCH SUMMARY -----
Timestamp: 2025-04-30 10:56:42 ET
Competition ID: kdj2ryohjn7q1zp
Competition: Cameroon Elite two (Cameroon)
Match: Union Abong-Mbang vs Tonnerre Yaounde
Score: 0 - 0 (HT: 0 - 0)
Status: First half (Status ID: 2)

--- MATCH BETTING ODDS ---


--- MATCH ENVIRONMENT ---
No environment data available for this match


==================================================
MATCH #2 OF 79
==================================================

----- MATCH SUMMARY -----
Timestamp: 2025-04-30 10:56:43 ET
Competition ID: kdj2ryohjn7q1zp
Competition: Cameroon Elite two (Cameroon)
Match: Isohsa Limbe vs Bafmeng United
Score: 0 - 0 (HT: 0 - 0)
Status: First half (Status ID: 2)

--- MATCH BETTING ODDS ---


--- MATCH ENVIRONMENT ---
No environment data available for this match


==================================================
MATCH #3 OF 79
==================================================

----- MATCH SUMMARY -----
Timestamp: 2025-04-30 10:56:44 ET
Competition ID: j1l4rjnhxpvm7vx
Competition: Indian Super Cup (India)
Match: Mumbai City FC  vs Jamshedpur FC
Score: 0 - 0 (HT: 0 - 0)
Status: First half (Status ID: 2)

--- MATCH BETTING ODDS ---
ML (Money Line):
Time: 4 min | Home: +220 | Draw: +260 | Away: +105

SPREAD (Asia Handicap):
Time: 4 min | Home: +100 | Handicap: -0.25 | Away: -125

Over/Under:
Time: 4 min | Over: -112 | Line: 2.5 | Under: -103

--- MATCH ENVIRONMENT ---
Weather: Sunny
Wind: 5.3m/s
Humidity: 69%


==================================================
MATCH #4 OF 79
==================================================

----- MATCH SUMMARY -----
Timestamp: 2025-04-30 10:56:45 ET
Competition ID: kdj2ryohjn7q1zp
Competition: Cameroon Elite two (Cameroon)
Match: Eding Sport FC vs FAP Yaounde
Score: 0 - 0 (HT: 0 - 0)
Status: First half (Status ID: 2)

--- MATCH BETTING ODDS ---
ML (Money Line):
Time: pre-match min | Home: +300 | Draw: +175 | Away: -105 (Closest time to minutes 4-6 available: pre-match)

SPREAD (Asia Handicap):
Time: 4 min | Home: -114 | Handicap: -0.5 | Away: -118

Over/Under:
Time: 4 min | Over: +100 | Line: 2.0 | Under: -130

--- MATCH ENVIRONMENT ---
No environment data available for this match


==================================================
MATCH #5 OF 79
==================================================

----- MATCH SUMMARY -----
Timestamp: 2025-04-30 10:56:47 ET
Competition ID: 9vjxm8gh5lr6odg
Competition: Slovak 2.Liga (Slovakia)
Match: FC Artmedia Petrzalka vs MSK Zilina B
Score: 1 - 0 (HT: 1 - 0)
Status: First half (Status ID: 2)

--- MATCH BETTING ODDS ---

SPREAD (Asia Handicap):
Time: 4 min | Home: -114 | Handicap: 0.75 | Away: -122

Over/Under:
Time: 4 min | Over: -119 | Line: 4.0 | Under: -116

--- MATCH ENVIRONMENT ---
Weather: Sunny
Wind: 1.8m/s
Humidity: 32%


==================================================
MATCH #6 OF 79
==================================================

----- MATCH SUMMARY -----
Timestamp: 2025-04-30 10:56:48 ET
Competition ID: l965mkyh4jdr1ge
Competition: Argentine Reserve League (Argentina)
Match: Acassuso Reserves vs Deportivo Liniers Reserves
Score: 0 - 0 (HT: 0 - 0)
Status: First half (Status ID: 2)

--- MATCH BETTING ODDS ---
ML (Money Line):
Time: 4 min | Home: -120 | Draw: +240 | Away: +275

SPREAD (Asia Handicap):
Time: 4 min | Home: -111 | Handicap: 0.5 | Away: -111

Over/Under:
Time: 4 min | Over: +102 | Line: 2.5 | Under: -130

--- MATCH ENVIRONMENT ---
No environment data available for this match


==================================================
MATCH #7 OF 79
==================================================

----- MATCH SUMMARY -----
Timestamp: 2025-04-30 10:56:49 ET
Competition ID: v2y8m4zhg91ql07
Competition: Greek Amateur Cup (Greece)
Match: Kyanos Astir Varis vs Aris Voulas FC
Score: 1 - 1 (HT: 1 - 1)
Status: First half (Status ID: 2)

--- MATCH BETTING ODDS ---
ML (Money Line):
Time: 5 min | Home: -152 | Draw: +275 | Away: +375

SPREAD (Asia Handicap):
Time: 6 min | Home: -133 | Handicap: 0.75 | Away: -111

Over/Under:
Time: 4 min | Over: -122 | Line: 2.5 | Under: -123

--- MATCH ENVIRONMENT ---
No environment data available for this match


==================================================
MATCH #8 OF 79
==================================================

----- MATCH SUMMARY -----
Timestamp: 2025-04-30 10:56:51 ET
Competition ID: z8yomo4h7vvq0j6
Competition: Uzbekistan Cup (Uzbekistan)
Match: Neftchi Fargona vs Fergana University
Score: 2 - 0 (HT: 2 - 0)
Status: First half (Status ID: 2)

--- MATCH BETTING ODDS ---
ML (Money Line):
Time: 4 min | Home: -455 | Draw: +500 | Away: +800

SPREAD (Asia Handicap):
Time: 4 min | Home: -125 | Handicap: 1.75 | Away: +100

Over/Under:
Time: 4 min | Over: -118 | Line: 2.75 | Under: -105

--- MATCH ENVIRONMENT ---
Weather: Partially cloudy
Wind: 4.3m/s
Humidity: 37%


==================================================
MATCH #9 OF 79
==================================================

----- MATCH SUMMARY -----
Timestamp: 2025-04-30 10:56:52 ET
Competition ID: 9dn1m1ghe56moep
Competition: North Macedonia Women's League (North Macedonia)
Match: ZFK Skopje 2014 (w) vs ZFK Atletiko Bitola (W)
Score: 1 - 0 (HT: 1 - 0)
Status: First half (Status ID: 2)

--- MATCH BETTING ODDS ---
ML (Money Line):
Time: 4 min | Home: -909 | Draw: +650 | Away: +1200

SPREAD (Asia Handicap):
Time: 5 min | Home: -115 | Handicap: 2.5 | Away: -130

Over/Under:
Time: 4 min | Over: -103 | Line: 3.25 | Under: -122

--- MATCH ENVIRONMENT ---
No environment data available for this match


==================================================
MATCH #10 OF 79
==================================================

----- MATCH SUMMARY -----
Timestamp: 2025-04-30 10:56:54 ET
Competition ID: l965mkyh4jdr1ge
Competition: Argentine Reserve League (Argentina)
Match: Defensores de Belgrano Reserves vs Gimnasia Mendoza Reserves
Score: 1 - 2 (HT: 1 - 2)
Status: Half-time break (Status ID: 3)

--- MATCH BETTING ODDS ---
ML (Money Line):
Time: 3 min | Home: -111 | Draw: +220 | Away: +300 (Closest time to minutes 4-6 available: 3)

SPREAD (Asia Handicap):
Time: 4 min | Home: -111 | Handicap: 0.5 | Away: -114

Over/Under:
Time: 4 min | Over: -108 | Line: 2.25 | Under: -130

--- MATCH ENVIRONMENT ---
No environment data available for this match


==================================================
MATCH #11 OF 79
==================================================

----- MATCH SUMMARY -----
Timestamp: 2025-04-30 10:56:55 ET
Competition ID: l965mkyh4jdr1ge
Competition: Argentine Reserve League (Argentina)
Match: Temperley Reserves vs Chacarita Juniors Reserves
Score: 0 - 0 (HT: 0 - 0)
Status: Half-time break (Status ID: 3)

--- MATCH BETTING ODDS ---
ML (Money Line):
Time: 4 min | Home: -105 | Draw: +225 | Away: +260

SPREAD (Asia Handicap):
Time: 4 min | Home: +100 | Handicap: 0.5 | Away: -125

Over/Under:
Time: 4 min | Over: -125 | Line: 2.0 | Under: +100

--- MATCH ENVIRONMENT ---
No environment data available for this match


==================================================
MATCH #12 OF 79
==================================================

----- MATCH SUMMARY -----
Timestamp: 2025-04-30 10:56:56 ET
Competition ID: l965mkyh4jdr1ge
Competition: Argentine Reserve League (Argentina)
Match: CA Lugano Reserves vs Berazategui Reserves
Score: 0 - 0 (HT: 0 - 0)
Status: Half-time break (Status ID: 3)

--- MATCH BETTING ODDS ---
ML (Money Line):
Time: 3 min | Home: +200 | Draw: +225 | Away: +120 (Closest time to minutes 4-6 available: 3)

SPREAD (Asia Handicap):
Time: 4 min | Home: -130 | Handicap: -0.25 | Away: -108

Over/Under:
Time: 4 min | Over: -118 | Line: 2.5 | Under: -118

--- MATCH ENVIRONMENT ---
Weather: Sunny
Wind: 2.9m/s
Humidity: 61%


==================================================
MATCH #13 OF 79
==================================================

----- MATCH SUMMARY -----
Timestamp: 2025-04-30 10:56:57 ET
Competition ID: l965mkyh4jdr1ge
Competition: Argentine Reserve League (Argentina)
Match: Real Pilar Reserves vs Deportivo Merlo Reserves
Score: 0 - 0 (HT: 0 - 0)
Status: First half (Status ID: 2)

--- MATCH BETTING ODDS ---
ML (Money Line):
Time: 6 min | Home: +130 | Draw: +240 | Away: +175

SPREAD (Asia Handicap):
Time: 4 min | Home: -104 | Handicap: 0.25 | Away: -130

Over/Under:
Time: 4 min | Over: -122 | Line: 2.25 | Under: -103

--- MATCH ENVIRONMENT ---
No environment data available for this match


==================================================
MATCH #14 OF 79
==================================================

----- MATCH SUMMARY -----
Timestamp: 2025-04-30 10:56:58 ET
Competition ID: 56ypq3nh01nmd7o
Competition: Egyptian Premier League (Egypt)
Match: Haras El Hodood vs Pyramids FC
Score: 0 - 1 (HT: 0 - 1)
Status: Half-time break (Status ID: 3)

--- MATCH BETTING ODDS ---
ML (Money Line):
Time: 4 min | Home: +650 | Draw: +275 | Away: -200

SPREAD (Asia Handicap):
Time: 4 min | Home: -103 | Handicap: -1.0 | Away: -122

Over/Under:
Time: 4 min | Over: +100 | Line: 2.25 | Under: -125

--- MATCH ENVIRONMENT ---
Weather: Partially cloudy
Wind: 6.1m/s
Humidity: 70%


==================================================
MATCH #15 OF 79
==================================================

----- MATCH SUMMARY -----
Timestamp: 2025-04-30 10:56:59 ET
Competition ID: kdj2ryohjn7q1zp
Competition: Cameroon Elite two (Cameroon)
Match: Djiko FC de Bandjoun vs Fovu de Baham
Score: 0 - 0 (HT: 0 - 0)
Status: Abandoned (Status ID: 13)

--- MATCH BETTING ODDS ---


--- MATCH ENVIRONMENT ---
No environment data available for this match


==================================================
MATCH #16 OF 79
==================================================

----- MATCH SUMMARY -----
Timestamp: 2025-04-30 10:57:01 ET
Competition ID: 9k82rekhokorepz
Competition: Namibia Premier League (Namibia)
Match: Young Africans Sports Club vs Mighty Gunners
Score: 0 - 0 (HT: 0 - 0)
Status: Abandoned (Status ID: 13)

--- MATCH BETTING ODDS ---


--- MATCH ENVIRONMENT ---
No environment data available for this match


==================================================
MATCH #17 OF 79
==================================================

----- MATCH SUMMARY -----
Timestamp: 2025-04-30 10:57:02 ET
Competition ID: e4wyrn4hdzvq86p
Competition: Poland Liga 3 (Poland)
Match: Polonia Lidzbark vs Sieradz
Score: 0 - 0 (HT: 0 - 0)
Status: Half-time break (Status ID: 3)

--- MATCH BETTING ODDS ---


--- MATCH ENVIRONMENT ---
No environment data available for this match


==================================================
MATCH #18 OF 79
==================================================

----- MATCH SUMMARY -----
Timestamp: 2025-04-30 10:57:03 ET
Competition ID: e4wyrn4hdzvq86p
Competition: Poland Liga 3 (Poland)
Match: Warta Gorzów Wielkopolski vs Lechia Zielona Gora
Score: 0 - 0 (HT: 0 - 0)
Status: Half-time break (Status ID: 3)

--- MATCH BETTING ODDS ---
ML (Money Line):
Time: 4 min | Home: +125 | Draw: +260 | Away: +162

SPREAD (Asia Handicap):
Time: 4 min | Home: -152 | Handicap: 0.0 | Away: +102

Over/Under:
Time: 4 min | Over: -103 | Line: 2.75 | Under: -122

--- MATCH ENVIRONMENT ---
No environment data available for this match


==================================================
MATCH #19 OF 79
==================================================

----- MATCH SUMMARY -----
Timestamp: 2025-04-30 10:57:05 ET
Competition ID: v2y8m4zhw4ql074
Competition: Romanian Liga II (Romania)
Match: Steaua Bucuresti vs FK Csikszereda Miercurea Ciuc
Score: 0 - 0 (HT: 0 - 0)
Status: Half-time break (Status ID: 3)

--- MATCH BETTING ODDS ---
ML (Money Line):
Time: 4 min | Home: +160 | Draw: +162 | Away: +210

SPREAD (Asia Handicap):
Time: 4 min | Home: -133 | Handicap: 0.0 | Away: +105

Over/Under:
Time: 4 min | Over: +102 | Line: 2.0 | Under: -130

--- MATCH ENVIRONMENT ---
Weather: Sunny
Wind: 1.2m/s
Humidity: 31%


==================================================
MATCH #20 OF 79
==================================================

----- MATCH SUMMARY -----
Timestamp: 2025-04-30 10:57:06 ET
Competition ID: 9dn1m1gh84pmoep
Competition: Portuguese U23 League (Portugal)
Match: Benfica U23 vs Vizela U23
Score: 1 - 1 (HT: 1 - 1)
Status: Half-time break (Status ID: 3)

--- MATCH BETTING ODDS ---
ML (Money Line):
Time: 4 min | Home: -152 | Draw: +300 | Away: +300

SPREAD (Asia Handicap):
Time: 4 min | Home: -122 | Handicap: 0.75 | Away: -103

Over/Under:
Time: 4 min | Over: -118 | Line: 3.0 | Under: -105

--- MATCH ENVIRONMENT ---
Weather: Partially cloudy
Wind: 3.7m/s
Humidity: 64%


==================================================
MATCH #21 OF 79
==================================================

----- MATCH SUMMARY -----
Timestamp: 2025-04-30 10:57:07 ET
Competition ID: 9dn1m1gh84pmoep
Competition: Portuguese U23 League (Portugal)
Match: Gil Vicente U23 vs Estoril U23
Score: 1 - 0 (HT: 1 - 0)
Status: Half-time break (Status ID: 3)

--- MATCH BETTING ODDS ---
ML (Money Line):
Time: 4 min | Home: +125 | Draw: +260 | Away: +175

SPREAD (Asia Handicap):
Time: 4 min | Home: +100 | Handicap: 0.25 | Away: -125

Over/Under:
Time: 4 min | Over: -114 | Line: 2.75 | Under: -106

--- MATCH ENVIRONMENT ---
Weather: Unknown (10)
Wind: 4.5m/s
Humidity: 93%


==================================================
MATCH #22 OF 79
==================================================

----- MATCH SUMMARY -----
Timestamp: 2025-04-30 10:57:08 ET
Competition ID: 9dn1m1gh84pmoep
Competition: Portuguese U23 League (Portugal)
Match: Sporting CP U23 vs Estrela FC U23
Score: 0 - 0 (HT: 0 - 0)
Status: Half-time break (Status ID: 3)

--- MATCH BETTING ODDS ---
ML (Money Line):
Time: 4 min | Home: -164 | Draw: +275 | Away: +375

SPREAD (Asia Handicap):
Time: 4 min | Home: -125 | Handicap: 0.75 | Away: +100

Over/Under:
Time: 4 min | Over: -105 | Line: 2.5 | Under: -118

--- MATCH ENVIRONMENT ---
Weather: Partially cloudy
Wind: 3.7m/s
Humidity: 64%


==================================================
MATCH #23 OF 79
==================================================

----- MATCH SUMMARY -----
Timestamp: 2025-04-30 10:57:10 ET
Competition ID: p4jwq2ghv1vm0ve
Competition: Rwandan Cup (Rwanda)
Match: APR FC vs Police(RWA)
Score: 1 - 0 (HT: 1 - 0)
Status: Half-time break (Status ID: 3)

--- MATCH BETTING ODDS ---
ML (Money Line):
Time: 5 min | Home: -175 | Draw: +225 | Away: +550

SPREAD (Asia Handicap):
Time: 4 min | Home: -105 | Handicap: 1.0 | Away: -141

Over/Under:
Time: 4 min | Over: -103 | Line: 2.0 | Under: -122

--- MATCH ENVIRONMENT ---
Weather: Snowy
Wind: 2.6m/s
Humidity: 79%


==================================================
MATCH #24 OF 79
==================================================

----- MATCH SUMMARY -----
Timestamp: 2025-04-30 10:57:11 ET
Competition ID: kjw2r09hl1wrz84
Competition: Tunisian Professional League 2 (Tunisia)
Match: CS.Hammam-Lif vs Megrine
Score: 0 - 0 (HT: 0 - 0)
Status: Half-time break (Status ID: 3)

--- MATCH BETTING ODDS ---

SPREAD (Asia Handicap):
Time: 21 min | Home: +121 | Handicap: -0.5 | Away: -182 (Closest time to minutes 4-6 available: 21)

Over/Under:
Time: 18 min | Over: -132 | Line: 2.25 | Under: -114 (Closest time to minutes 4-6 available: 18)

--- MATCH ENVIRONMENT ---
No environment data available for this match


==================================================
MATCH #25 OF 79
==================================================

----- MATCH SUMMARY -----
Timestamp: 2025-04-30 10:57:12 ET
Competition ID: kjw2r09hl1wrz84
Competition: Tunisian Professional League 2 (Tunisia)
Match: Croissant Msaken vs Stade Africain Menzel Bourguib
Score: 0 - 0 (HT: 0 - 0)
Status: Half-time break (Status ID: 3)

--- MATCH BETTING ODDS ---

SPREAD (Asia Handicap):
Time: 4 min | Home: -122 | Handicap: 0.5 | Away: +100

Over/Under:
Time: 4 min | Over: -112 | Line: 1.5 | Under: -110

--- MATCH ENVIRONMENT ---
Weather: Partially cloudy
Wind: 8.1m/s
Humidity: 45%


==================================================
MATCH #26 OF 79
==================================================

----- MATCH SUMMARY -----
Timestamp: 2025-04-30 10:57:13 ET
Competition ID: kjw2r09hl1wrz84
Competition: Tunisian Professional League 2 (Tunisia)
Match: AS Kasserine vs AS jelma
Score: 1 - 0 (HT: 1 - 0)
Status: Half-time break (Status ID: 3)

--- MATCH BETTING ODDS ---

Over/Under:
Time: pre-match min | Over: +160 | Line: 2.5 | Under: -244 (Closest time to minutes 4-6 available: pre-match)

--- MATCH ENVIRONMENT ---
No environment data available for this match


==================================================
MATCH #27 OF 79
==================================================

----- MATCH SUMMARY -----
Timestamp: 2025-04-30 10:57:14 ET
Competition ID: kn54qllhey9qvy9
Competition: Egyptian Division 2 (Egypt)
Match: Team FC Cairo vs Al Nasr Cairo
Score: 1 - 1 (HT: 1 - 1)
Status: Second half (Status ID: 4)

--- MATCH BETTING ODDS ---
ML (Money Line):
Time: 11 min | Home: +162 | Draw: +250 | Away: +137 (Closest time to minutes 4-6 available: 11)

SPREAD (Asia Handicap):
Time: 11 min | Home: -139 | Handicap: 0.75 | Away: +107 (Closest time to minutes 4-6 available: 11)

Over/Under:
Time: 11 min | Over: -122 | Line: 3.0 | Under: -103 (Closest time to minutes 4-6 available: 11)

--- MATCH ENVIRONMENT ---
No environment data available for this match


==================================================
MATCH #28 OF 79
==================================================

----- MATCH SUMMARY -----
Timestamp: 2025-04-30 10:57:15 ET
Competition ID: kn54qllhey9qvy9
Competition: Egyptian Division 2 (Egypt)
Match: Aswan vs El Mansoura
Score: 1 - 1 (HT: 1 - 1)
Status: Second half (Status ID: 4)

--- MATCH BETTING ODDS ---
ML (Money Line):
Time: 4 min | Home: +187 | Draw: +220 | Away: +137

SPREAD (Asia Handicap):
Time: 4 min | Home: -133 | Handicap: 0.75 | Away: +105

Over/Under:
Time: 4 min | Over: -130 | Line: 3.0 | Under: +102

--- MATCH ENVIRONMENT ---
Weather: Sunny
Wind: 3.7m/s
Humidity: 9%


==================================================
MATCH #29 OF 79
==================================================

----- MATCH SUMMARY -----
Timestamp: 2025-04-30 10:57:17 ET
Competition ID: kn54qllhey9qvy9
Competition: Egyptian Division 2 (Egypt)
Match: Olympic El Qanal vs Proxy SC
Score: 1 - 0 (HT: 1 - 0)
Status: Second half (Status ID: 4)

--- MATCH BETTING ODDS ---
ML (Money Line):
Time: 4 min | Home: +160 | Draw: +175 | Away: +175

SPREAD (Asia Handicap):
Time: 4 min | Home: -110 | Handicap: 0.0 | Away: -110

Over/Under:
Time: 4 min | Over: -130 | Line: 1.75 | Under: +102

--- MATCH ENVIRONMENT ---
Weather: Partially cloudy
Wind: 13.m/s
Humidity: 33%


==================================================
MATCH #30 OF 79
==================================================

----- MATCH SUMMARY -----
Timestamp: 2025-04-30 10:57:18 ET
Competition ID: kn54qllhey9qvy9
Competition: Egyptian Division 2 (Egypt)
Match: Asyut Petroleum vs Abou Qir Fertilizers SC
Score: 1 - 1 (HT: 1 - 1)
Status: Second half (Status ID: 4)

--- MATCH BETTING ODDS ---
ML (Money Line):
Time: 4 min | Home: +350 | Draw: +210 | Away: -125

SPREAD (Asia Handicap):
Time: 4 min | Home: +100 | Handicap: -0.5 | Away: -125

Over/Under:
Time: 4 min | Over: -118 | Line: 2.0 | Under: -105

--- MATCH ENVIRONMENT ---
Weather: Partially cloudy
Wind: 8.7m/s
Humidity: 24%


==================================================
MATCH #31 OF 79
==================================================

----- MATCH SUMMARY -----
Timestamp: 2025-04-30 10:57:20 ET
Competition ID: kn54qllhey9qvy9
Competition: Egyptian Division 2 (Egypt)
Match: Dayrot vs Gazl Kafr Eldwar
Score: 0 - 1 (HT: 0 - 1)
Status: Second half (Status ID: 4)

--- MATCH BETTING ODDS ---
ML (Money Line):
Time: 4 min | Home: +130 | Draw: +175 | Away: +240

SPREAD (Asia Handicap):
Time: 4 min | Home: +100 | Handicap: 0.25 | Away: -125

Over/Under:
Time: 4 min | Over: -122 | Line: 1.5 | Under: -103

--- MATCH ENVIRONMENT ---
Weather: Unknown (8)
Wind: 7.3m/s
Humidity: 32%


==================================================
MATCH #32 OF 79
==================================================

----- MATCH SUMMARY -----
Timestamp: 2025-04-30 10:57:20 ET
Competition ID: e4wyrn4hdzvq86p
Competition: Poland Liga 3 (Poland)
Match: Star Starachowice vs Lewart Lubartow
Score: 4 - 0 (HT: 4 - 0)
Status: Second half (Status ID: 4)

--- MATCH BETTING ODDS ---
ML (Money Line):
Time: 4 min | Home: -303 | Draw: +400 | Away: +600

SPREAD (Asia Handicap):
Time: 4 min | Home: -118 | Handicap: 1.5 | Away: -105

Over/Under:
Time: 4 min | Over: -109 | Line: 3.25 | Under: -115

--- MATCH ENVIRONMENT ---
Weather: Partially cloudy
Wind: 4.1m/s
Humidity: 34%


==================================================
MATCH #33 OF 79
==================================================

----- MATCH SUMMARY -----
Timestamp: 2025-04-30 10:57:22 ET
Competition ID: kn54qllhey9qvy9
Competition: Egyptian Division 2 (Egypt)
Match: Baladiyat El Mahalla vs La Viena
Score: 0 - 0 (HT: 0 - 0)
Status: Second half (Status ID: 4)

--- MATCH BETTING ODDS ---
ML (Money Line):
Time: 5 min | Home: +150 | Draw: +175 | Away: +200

SPREAD (Asia Handicap):
Time: 4 min | Home: -141 | Handicap: 0.0 | Away: +105

Over/Under:
Time: 4 min | Over: -115 | Line: 1.75 | Under: -109

--- MATCH ENVIRONMENT ---
Weather: Partially cloudy
Wind: 7.1m/s
Humidity: 55%


==================================================
MATCH #34 OF 79
==================================================

----- MATCH SUMMARY -----
Timestamp: 2025-04-30 10:57:23 ET
Competition ID: vl7oqdehn11r510
Competition: Tunisian Cup (Tunisia)
Match: J.S. Kairouanaise vs ES du Sahel
Score: 0 - 0 (HT: 0 - 0)
Status: Second half (Status ID: 4)

--- MATCH BETTING ODDS ---
ML (Money Line):
Time: 4 min | Home: +500 | Draw: +220 | Away: -152

SPREAD (Asia Handicap):
Time: 4 min | Home: -109 | Handicap: -0.75 | Away: -115

Over/Under:
Time: 4 min | Over: -103 | Line: 2.0 | Under: -122

--- MATCH ENVIRONMENT ---
Weather: Sunny
Wind: 2.0m/s
Humidity: 30%


==================================================
MATCH #35 OF 79
==================================================

----- MATCH SUMMARY -----
Timestamp: 2025-04-30 10:57:25 ET
Competition ID: jednm9whkg3ryox
Competition: South Africa First League (South Africa)
Match: Milford vs Pretoria Callies
Score: 0 - 2 (HT: 0 - 0)
Status: Finished (Status ID: 8)

--- MATCH BETTING ODDS ---
ML (Money Line):
Time: 4 min | Home: -152 | Draw: +260 | Away: +350

SPREAD (Asia Handicap):
Time: 4 min | Home: -123 | Handicap: 0.5 | Away: -112

Over/Under:
Time: 4 min | Over: -133 | Line: 2.0 | Under: +105

--- MATCH ENVIRONMENT ---
Weather: Sunny
Wind: 1.5m/s
Humidity: 74%


==================================================
MATCH #36 OF 79
==================================================

----- MATCH SUMMARY -----
Timestamp: 2025-04-30 10:57:26 ET
Competition ID: 9k82rekh332repz
Competition: Estonian U19 league (Estonia)
Match: JK Trans Narva U19 vs FC Flora Tallinn U19
Score: 0 - 0 (HT: 0 - 0)
Status: Finished (Status ID: 8)

--- MATCH BETTING ODDS ---
ML (Money Line):
Time: 4 min | Home: +250 | Draw: +450 | Away: -175

SPREAD (Asia Handicap):
Time: 4 min | Home: -109 | Handicap: -1.0 | Away: -115

Over/Under:
Time: 4 min | Over: -118 | Line: 4.25 | Under: -105

--- MATCH ENVIRONMENT ---
Weather: Cloudy
Wind: 4.3m/s
Humidity: 72%


==================================================
MATCH #37 OF 79
==================================================

----- MATCH SUMMARY -----
Timestamp: 2025-04-30 10:57:28 ET
Competition ID: kdj2ryohpeq1zpg
Competition: Armenian First League (Armenia)
Match: Urartu II vs BKMA II
Score: 1 - 1 (HT: 0 - 1)
Status: Finished (Status ID: 8)

--- MATCH BETTING ODDS ---

Over/Under:
Time: pre-match min | Over: -250 | Line: 2.5 | Under: +160 (Closest time to minutes 4-6 available: pre-match)

--- MATCH ENVIRONMENT ---
No environment data available for this match


==================================================
MATCH #38 OF 79
==================================================

----- MATCH SUMMARY -----
Timestamp: 2025-04-30 10:57:29 ET
Competition ID: 4zp5rzgh7loq82w
Competition: Zimbabwe Premier Soccer League (Zimbabwe)
Match: CAPS United vs FC Platinum
Score: 1 - 2 (HT: 0 - 1)
Status: Finished (Status ID: 8)

--- MATCH BETTING ODDS ---
ML (Money Line):
Time: 4 min | Home: +110 | Draw: +175 | Away: +300

SPREAD (Asia Handicap):
Time: 4 min | Home: -125 | Handicap: 0.25 | Away: +100

Over/Under:
Time: 4 min | Over: -130 | Line: 1.5 | Under: +102

--- MATCH ENVIRONMENT ---
Weather: Snowy
Wind: 8.7m/s
Humidity: 51%


==================================================
MATCH #39 OF 79
==================================================

----- MATCH SUMMARY -----
Timestamp: 2025-04-30 10:57:30 ET
Competition ID: 4zp5rzgh7loq82w
Competition: Zimbabwe Premier Soccer League (Zimbabwe)
Match: Chicken Inn vs TelOne fc
Score: 0 - 0 (HT: 0 - 0)
Status: Finished (Status ID: 8)

--- MATCH BETTING ODDS ---
ML (Money Line):
Time: 5 min | Home: +160 | Draw: +160 | Away: +210

SPREAD (Asia Handicap):
Time: 4 min | Home: -143 | Handicap: 0.0 | Away: +110

Over/Under:
Time: 4 min | Over: -125 | Line: 1.5 | Under: +100

--- MATCH ENVIRONMENT ---
Weather: Sunny
Wind: 3.7m/s
Humidity: 35%


==================================================
MATCH #40 OF 79
==================================================

----- MATCH SUMMARY -----
Timestamp: 2025-04-30 10:57:31 ET
Competition ID: 4zp5rzgh7loq82w
Competition: Zimbabwe Premier Soccer League (Zimbabwe)
Match: GreenFuel vs Dynamos FC
Score: 0 - 0 (HT: 0 - 0)
Status: Second half (Status ID: 4)

--- MATCH BETTING ODDS ---


--- MATCH ENVIRONMENT ---
No environment data available for this match


==================================================
MATCH #41 OF 79
==================================================

----- MATCH SUMMARY -----
Timestamp: 2025-04-30 10:57:32 ET
Competition ID: 4zp5rzgh7loq82w
Competition: Zimbabwe Premier Soccer League (Zimbabwe)
Match: Kwekwe United vs Simba Bhora
Score: 1 - 2 (HT: 0 - 1)
Status: Second half (Status ID: 4)

--- MATCH BETTING ODDS ---


--- MATCH ENVIRONMENT ---
No environment data available for this match


==================================================
MATCH #42 OF 79
==================================================

----- MATCH SUMMARY -----
Timestamp: 2025-04-30 10:57:33 ET
Competition ID: 4zp5rzgh7loq82w
Competition: Zimbabwe Premier Soccer League (Zimbabwe)
Match: Ngezi Platinum vs Yadah FC
Score: 1 - 2 (HT: 0 - 1)
Status: Second half (Status ID: 4)

--- MATCH BETTING ODDS ---


--- MATCH ENVIRONMENT ---
No environment data available for this match


==================================================
MATCH #43 OF 79
==================================================

----- MATCH SUMMARY -----
Timestamp: 2025-04-30 10:57:34 ET
Competition ID: 4zp5rzgh7loq82w
Competition: Zimbabwe Premier Soccer League (Zimbabwe)
Match: Triangle FC vs ZPC Kariba
Score: 1 - 2 (HT: 0 - 1)
Status: Finished (Status ID: 8)

--- MATCH BETTING ODDS ---


--- MATCH ENVIRONMENT ---
No environment data available for this match


==================================================
MATCH #44 OF 79
==================================================

----- MATCH SUMMARY -----
Timestamp: 2025-04-30 10:57:35 ET
Competition ID: 4zp5rzgh7loq82w
Competition: Zimbabwe Premier Soccer League (Zimbabwe)
Match: Highlanders vs Bikita Minerals FC
Score: 1 - 0 (HT: 1 - 0)
Status: Finished (Status ID: 8)

--- MATCH BETTING ODDS ---
ML (Money Line):
Time: 4 min | Home: -125 | Draw: +240 | Away: +300

SPREAD (Asia Handicap):
Time: 4 min | Home: -122 | Handicap: 0.5 | Away: -103

Over/Under:
Time: 4 min | Over: -115 | Line: 2.0 | Under: -109

--- MATCH ENVIRONMENT ---
Weather: Sunny
Wind: 3.7m/s
Humidity: 35%


==================================================
MATCH #45 OF 79
==================================================

----- MATCH SUMMARY -----
Timestamp: 2025-04-30 10:57:37 ET
Competition ID: 9vjxm8ghgy0r6od
Competition: Uganda Premier League (Uganda)
Match: Airtel Kitara FC vs Wakiso Giants FC
Score: 0 - 0 (HT: 0 - 0)
Status: Finished (Status ID: 8)

--- MATCH BETTING ODDS ---

SPREAD (Asia Handicap):
Time: 4 min | Home: -112 | Handicap: 1.25 | Away: -115

Over/Under:
Time: 4 min | Over: -112 | Line: 2.25 | Under: -115

--- MATCH ENVIRONMENT ---
Weather: Windy
Wind: 3.1m/s
Humidity: 59%


==================================================
MATCH #46 OF 79
==================================================

----- MATCH SUMMARY -----
Timestamp: 2025-04-30 10:57:38 ET
Competition ID: jednm9whg03ryox
Competition: Italian Campionato Primavera 2 (Italy)
Match: AlbinoLeffe Youth vs Padova U19
Score: 3 - 1 (HT: 1 - 1)
Status: Finished (Status ID: 8)

--- MATCH BETTING ODDS ---
ML (Money Line):
Time: 4 min | Home: +200 | Draw: +260 | Away: +110

SPREAD (Asia Handicap):
Time: 4 min | Home: -105 | Handicap: -0.25 | Away: -118

Over/Under:
Time: 4 min | Over: -109 | Line: 3.0 | Under: -115

--- MATCH ENVIRONMENT ---
Weather: Sunny
Wind: 3.7m/s
Humidity: 47%


==================================================
MATCH #47 OF 79
==================================================

----- MATCH SUMMARY -----
Timestamp: 2025-04-30 10:57:40 ET
Competition ID: 9vjxm8ghgy0r6od
Competition: Uganda Premier League (Uganda)
Match: Bright Stars vs Express FC
Score: 0 - 1 (HT: 0 - 0)
Status: Finished (Status ID: 8)

--- MATCH BETTING ODDS ---

SPREAD (Asia Handicap):
Time: 4 min | Home: -125 | Handicap: 0.0 | Away: -104

Over/Under:
Time: 4 min | Over: -122 | Line: 2.75 | Under: -106

--- MATCH ENVIRONMENT ---
Weather: Partially cloudy
Wind: 1.2m/s
Humidity: 56%


==================================================
MATCH #48 OF 79
==================================================

----- MATCH SUMMARY -----
Timestamp: 2025-04-30 10:57:41 ET
Competition ID: jednm9whk0ryox8
Competition: International Friendly (Unknown Country)
Match: Hungary (w) U17 vs Czech Republic (w) U17
Score: 1 - 1 (HT: 1 - 1)
Status: Finished (Status ID: 8)

--- MATCH BETTING ODDS ---


--- MATCH ENVIRONMENT ---
No environment data available for this match


==================================================
MATCH #49 OF 79
==================================================

----- MATCH SUMMARY -----
Timestamp: 2025-04-30 10:57:42 ET
Competition ID: 56ypq3nhll6md7o
Competition: South Africa Women's League (South Africa)
Match: First Touch Academy (w) vs UCT (w)
Score: 2 - 1 (HT: 1 - 0)
Status: Finished (Status ID: 8)

--- MATCH BETTING ODDS ---
ML (Money Line):
Time: 4 min | Home: -152 | Draw: +275 | Away: +350

SPREAD (Asia Handicap):
Time: 4 min | Home: -130 | Handicap: 0.75 | Away: -108

Over/Under:
Time: 4 min | Over: -119 | Line: 2.75 | Under: -116

--- MATCH ENVIRONMENT ---
Weather: Sunny
Wind: 4.3m/s
Humidity: 37%


==================================================
MATCH #50 OF 79
==================================================

----- MATCH SUMMARY -----
Timestamp: 2025-04-30 10:57:43 ET
Competition ID: 56ypq3nhll6md7o
Competition: South Africa Women's League (South Africa)
Match: Johannesburg Uni (w) vs Royal AM FC (W)
Score: 3 - 0 (HT: 1 - 0)
Status: Finished (Status ID: 8)

--- MATCH BETTING ODDS ---
ML (Money Line):
Time: 4 min | Home: -1111 | Draw: +750 | Away: +2200

SPREAD (Asia Handicap):
Time: 4 min | Home: -105 | Handicap: 2.5 | Away: -118

Over/Under:
Time: 4 min | Over: -105 | Line: 3.25 | Under: -118

--- MATCH ENVIRONMENT ---
Weather: Cloudy
Wind: 5.8m/s
Humidity: 40%


==================================================
MATCH #51 OF 79
==================================================

----- MATCH SUMMARY -----
Timestamp: 2025-04-30 10:57:44 ET
Competition ID: 56ypq3nhll6md7o
Competition: South Africa Women's League (South Africa)
Match: University of Pretoria (W) vs TUT FC (w)
Score: 0 - 0 (HT: 0 - 0)
Status: Abandoned (Status ID: 13)

--- MATCH BETTING ODDS ---
ML (Money Line):
Time: pre-match min | Home: +145 | Draw: +200 | Away: +162 (Closest time to minutes 4-6 available: pre-match)

SPREAD (Asia Handicap):
Time: pre-match min | Home: -122 | Handicap: 0.0 | Away: -103 (Closest time to minutes 4-6 available: pre-match)

Over/Under:
Time: pre-match min | Over: -111 | Line: 2.25 | Under: -111 (Closest time to minutes 4-6 available: pre-match)

--- MATCH ENVIRONMENT ---
Weather: Sunny
Wind: 3.7m/s
Humidity: 52%


==================================================
MATCH #52 OF 79
==================================================

----- MATCH SUMMARY -----
Timestamp: 2025-04-30 10:57:46 ET
Competition ID: kn54qllh40qvy9d
Competition: Kazakhstan Premier League (Kazakhstan)
Match: FK Atyrau vs FC Astana
Score: 0 - 2 (HT: 0 - 1)
Status: Finished (Status ID: 8)

--- MATCH BETTING ODDS ---
ML (Money Line):
Time: 4 min | Home: +500 | Draw: +375 | Away: -250

SPREAD (Asia Handicap):
Time: 4 min | Home: -103 | Handicap: -1.25 | Away: -122

Over/Under:
Time: 4 min | Over: -125 | Line: 2.75 | Under: +100

--- MATCH ENVIRONMENT ---
Weather: Partially cloudy
Wind: 3.7m/s
Humidity: 25%


==================================================
MATCH #53 OF 79
==================================================

----- MATCH SUMMARY -----
Timestamp: 2025-04-30 10:57:47 ET
Competition ID: 9dn1m1ghl1moepl
Competition: Turkish Third League (Turkey)
Match: Yeni Amasya Spor vs Mazidagi Fosfatspo
Score: 0 - 3 (HT: 0 - 0)
Status: Finished (Status ID: 8)

--- MATCH BETTING ODDS ---
ML (Money Line):
Time: 4 min | Home: +110 | Draw: +220 | Away: +220

SPREAD (Asia Handicap):
Time: 4 min | Home: -115 | Handicap: 0.25 | Away: -109

Over/Under:
Time: 4 min | Over: +100 | Line: 2.25 | Under: -125

--- MATCH ENVIRONMENT ---
Weather: Cloudy
Wind: 4.8m/s
Humidity: 49%


==================================================
MATCH #54 OF 79
==================================================

----- MATCH SUMMARY -----
Timestamp: 2025-04-30 10:57:48 ET
Competition ID: 9dn1m1ghl1moepl
Competition: Turkish Third League (Turkey)
Match: Kutahyaspor vs Duzcespor
Score: 2 - 1 (HT: 1 - 0)
Status: Second half (Status ID: 4)

--- MATCH BETTING ODDS ---
ML (Money Line):
Time: 4 min | Home: +137 | Draw: +240 | Away: +175

SPREAD (Asia Handicap):
Time: 4 min | Home: -108 | Handicap: 0.25 | Away: -130

Over/Under:
Time: 4 min | Over: -118 | Line: 2.25 | Under: -105

--- MATCH ENVIRONMENT ---
Weather: Partially cloudy
Wind: 3.7m/s
Humidity: 53%


==================================================
MATCH #55 OF 79
==================================================

----- MATCH SUMMARY -----
Timestamp: 2025-04-30 10:57:49 ET
Competition ID: 9dn1m1ghl1moepl
Competition: Turkish Third League (Turkey)
Match: Kucukcekmece vs Corluspor
Score: 0 - 0 (HT: 0 - 0)
Status: Second half (Status ID: 4)

--- MATCH BETTING ODDS ---
ML (Money Line):
Time: 4 min | Home: +125 | Draw: +240 | Away: +175

SPREAD (Asia Handicap):
Time: 4 min | Home: +100 | Handicap: 0.25 | Away: -125

Over/Under:
Time: 4 min | Over: -108 | Line: 2.5 | Under: -120

--- MATCH ENVIRONMENT ---
Weather: Cloudy
Wind: 11.m/s
Humidity: 61%


==================================================
MATCH #56 OF 79
==================================================

----- MATCH SUMMARY -----
Timestamp: 2025-04-30 10:57:51 ET
Competition ID: 9dn1m1ghl1moepl
Competition: Turkish Third League (Turkey)
Match: Silivrispor vs Tire 2021 FK
Score: 0 - 0 (HT: 0 - 0)
Status: Finished (Status ID: 8)

--- MATCH BETTING ODDS ---
ML (Money Line):
Time: 5 min | Home: +105 | Draw: +220 | Away: +240

SPREAD (Asia Handicap):
Time: 4 min | Home: -130 | Handicap: 0.25 | Away: -104

Over/Under:
Time: 4 min | Over: -130 | Line: 2.25 | Under: +102

--- MATCH ENVIRONMENT ---
Weather: Partially cloudy
Wind: 11.m/s
Humidity: 63%


==================================================
MATCH #57 OF 79
==================================================

----- MATCH SUMMARY -----
Timestamp: 2025-04-30 10:57:52 ET
Competition ID: 9dn1m1ghl1moepl
Competition: Turkish Third League (Turkey)
Match: Zonguldak vs Kahramanmaras Bld
Score: 0 - 0 (HT: 0 - 0)
Status: Second half (Status ID: 4)

--- MATCH BETTING ODDS ---
ML (Money Line):
Time: 4 min | Home: +140 | Draw: +210 | Away: +187

SPREAD (Asia Handicap):
Time: 4 min | Home: -125 | Handicap: 0.0 | Away: -104

Over/Under:
Time: 4 min | Over: -118 | Line: 2.25 | Under: -110

--- MATCH ENVIRONMENT ---
Weather: Partially cloudy
Wind: 6.1m/s
Humidity: 77%


==================================================
MATCH #58 OF 79
==================================================

----- MATCH SUMMARY -----
Timestamp: 2025-04-30 10:57:54 ET
Competition ID: 8y39mp1hpxmojxg
Competition: Danish U19 Youth League (Denmark)
Match: Esbjerg U19 vs Randers Freja U19
Score: 1 - 2 (HT: 1 - 0)
Status: Finished (Status ID: 8)

--- MATCH BETTING ODDS ---
ML (Money Line):
Time: 4 min | Home: +162 | Draw: +260 | Away: +130

SPREAD (Asia Handicap):
Time: 4 min | Home: -125 | Handicap: -0.25 | Away: +100

Over/Under:
Time: 4 min | Over: -115 | Line: 3.0 | Under: -109

--- MATCH ENVIRONMENT ---
Weather: Sunny
Wind: 5.8m/s
Humidity: 77%


==================================================
MATCH #59 OF 79
==================================================

----- MATCH SUMMARY -----
Timestamp: 2025-04-30 10:57:55 ET
Competition ID: 56ypq3nhepnmd7o
Competition: IRQ D2 (Iraq)
Match: Al Fahad vs Al Sinaah
Score: 1 - 0 (HT: 0 - 0)
Status: Finished (Status ID: 8)

--- MATCH BETTING ODDS ---
ML (Money Line):
Time: 4 min | Home: -105 | Draw: +210 | Away: +275

SPREAD (Asia Handicap):
Time: 5 min | Home: +102 | Handicap: 0.5 | Away: -130

Over/Under:
Time: 4 min | Over: -118 | Line: 1.75 | Under: -105

--- MATCH ENVIRONMENT ---
No environment data available for this match


==================================================
MATCH #60 OF 79
==================================================

----- MATCH SUMMARY -----
Timestamp: 2025-04-30 10:57:56 ET
Competition ID: yl5ergphvnlr8k0
Competition: Cameroon Elite One (Cameroon)
Match: Canon Yaounde vs Colombe du Dja et Lobo
Score: 0 - 0 (HT: 0 - 0)
Status: Postponed (Status ID: 9)

--- MATCH BETTING ODDS ---


--- MATCH ENVIRONMENT ---
No environment data available for this match


==================================================
MATCH #61 OF 79
==================================================

----- MATCH SUMMARY -----
Timestamp: 2025-04-30 10:57:57 ET
Competition ID: e4wyrn4hdzvq86p
Competition: Poland Liga 3 (Poland)
Match: Cracovia II vs GKS Glinik Gorlice
Score: 3 - 2 (HT: 1 - 0)
Status: Second half (Status ID: 4)

--- MATCH BETTING ODDS ---
ML (Money Line):
Time: 4 min | Home: -303 | Draw: +450 | Away: +550

SPREAD (Asia Handicap):
Time: 4 min | Home: -122 | Handicap: 1.5 | Away: -103

Over/Under:
Time: 4 min | Over: +102 | Line: 3.25 | Under: -130

--- MATCH ENVIRONMENT ---
Weather: Partially cloudy
Wind: 3.1m/s
Humidity: 33%


==================================================
MATCH #62 OF 79
==================================================

----- MATCH SUMMARY -----
Timestamp: 2025-04-30 10:57:58 ET
Competition ID: yl5ergphvnlr8k0
Competition: Cameroon Elite One (Cameroon)
Match: Union Douala vs Panthere Sportive du Nde
Score: 0 - 0 (HT: 0 - 0)
Status: Postponed (Status ID: 9)

--- MATCH BETTING ODDS ---


--- MATCH ENVIRONMENT ---
No environment data available for this match


==================================================
MATCH #63 OF 79
==================================================

----- MATCH SUMMARY -----
Timestamp: 2025-04-30 10:57:59 ET
Competition ID: yl5ergphvnlr8k0
Competition: Cameroon Elite One (Cameroon)
Match: Bamboutos de vs Coton Sport
Score: 0 - 0 (HT: 0 - 0)
Status: Abandoned (Status ID: 13)

--- MATCH BETTING ODDS ---


--- MATCH ENVIRONMENT ---
No environment data available for this match


==================================================
MATCH #64 OF 79
==================================================

----- MATCH SUMMARY -----
Timestamp: 2025-04-30 10:58:01 ET
Competition ID: p3glrw7hwylqdyj
Competition: Lebanese Premier League (Lebanon)
Match: Al Nejmeh SC vs CS Sagesse
Score: 0 - 0 (HT: 0 - 0)
Status: Abandoned (Status ID: 13)

--- MATCH BETTING ODDS ---
ML (Money Line):
Time: pre-match min | Home: -125 | Draw: +240 | Away: +275 (Closest time to minutes 4-6 available: pre-match)

SPREAD (Asia Handicap):
Time: pre-match min | Home: -118 | Handicap: 0.5 | Away: -105 (Closest time to minutes 4-6 available: pre-match)

Over/Under:
Time: pre-match min | Over: +102 | Line: 2.25 | Under: -130 (Closest time to minutes 4-6 available: pre-match)

--- MATCH ENVIRONMENT ---
No environment data available for this match


==================================================
MATCH #65 OF 79
==================================================

----- MATCH SUMMARY -----
Timestamp: 2025-04-30 10:58:02 ET
Competition ID: 56ypq3nhepnmd7o
Competition: IRQ D2 (Iraq)
Match: Peshmerga Sulaymaniya SC vs Masafi Al-Junoob
Score: 1 - 0 (HT: 0 - 0)
Status: Second half (Status ID: 4)

--- MATCH BETTING ODDS ---
ML (Money Line):
Time: 4 min | Home: +160 | Draw: +175 | Away: +200

SPREAD (Asia Handicap):
Time: 7 min | Home: +108 | Handicap: 0.25 | Away: -161 (Closest time to minutes 4-6 available: 7)

Over/Under:
Time: 4 min | Over: +105 | Line: 2.0 | Under: -133

--- MATCH ENVIRONMENT ---
No environment data available for this match


==================================================
MATCH #66 OF 79
==================================================

----- MATCH SUMMARY -----
Timestamp: 2025-04-30 10:58:03 ET
Competition ID: 9vjxm8ghgy0r6od
Competition: Uganda Premier League (Uganda)
Match: Mbarara City vs NEC FC Bugolobi
Score: 1 - 2 (HT: 0 - 0)
Status: Finished (Status ID: 8)

--- MATCH BETTING ODDS ---
ML (Money Line):
Time: 4 min | Home: +550 | Draw: +250 | Away: -189

SPREAD (Asia Handicap):
Time: 4 min | Home: -125 | Handicap: -1.0 | Away: +100

Over/Under:
Time: 4 min | Over: -111 | Line: 2.0 | Under: -111

--- MATCH ENVIRONMENT ---
Weather: Snowy
Wind: 4.3m/s
Humidity: 71%


==================================================
MATCH #67 OF 79
==================================================

----- MATCH SUMMARY -----
Timestamp: 2025-04-30 10:58:04 ET
Competition ID: yl5ergphvnlr8k0
Competition: Cameroon Elite One (Cameroon)
Match: PWD de Bamenda vs Les Astres FC
Score: 0 - 0 (HT: 0 - 0)
Status: Postponed (Status ID: 9)

--- MATCH BETTING ODDS ---


--- MATCH ENVIRONMENT ---
No environment data available for this match


==================================================
MATCH #68 OF 79
==================================================

----- MATCH SUMMARY -----
Timestamp: 2025-04-30 10:58:05 ET
Competition ID: 56ypq3nhepnmd7o
Competition: IRQ D2 (Iraq)
Match: Kadhimiya SC vs Naft Al-Wassat SC
Score: 2 - 0 (HT: 0 - 0)
Status: Second half (Status ID: 4)

--- MATCH BETTING ODDS ---
ML (Money Line):
Time: 4 min | Home: -164 | Draw: +240 | Away: +450

SPREAD (Asia Handicap):
Time: 4 min | Home: -118 | Handicap: 0.75 | Away: -105

Over/Under:
Time: 4 min | Over: +102 | Line: 2.0 | Under: -130

--- MATCH ENVIRONMENT ---
Weather: Sunny
Wind: 3.2m/s
Humidity: 19%


==================================================
MATCH #69 OF 79
==================================================

----- MATCH SUMMARY -----
Timestamp: 2025-04-30 10:58:06 ET
Competition ID: 56ypq3nhepnmd7o
Competition: IRQ D2 (Iraq)
Match: Al-Masafi vs Al Gharraf
Score: 1 - 1 (HT: 0 - 0)
Status: Second half (Status ID: 4)

--- MATCH BETTING ODDS ---
ML (Money Line):
Time: 4 min | Home: +200 | Draw: +210 | Away: +130

SPREAD (Asia Handicap):
Time: 4 min | Home: +112 | Handicap: 0.0 | Away: -169

Over/Under:
Time: 4 min | Over: +102 | Line: 2.25 | Under: -130

--- MATCH ENVIRONMENT ---
Weather: Sunny
Wind: 3.2m/s
Humidity: 20%


==================================================
MATCH #70 OF 79
==================================================

----- MATCH SUMMARY -----
Timestamp: 2025-04-30 10:58:07 ET
Competition ID: 56ypq3nhepnmd7o
Competition: IRQ D2 (Iraq)
Match: Al Ramadi vs Al Bahri
Score: 0 - 0 (HT: 0 - 0)
Status: Abandoned (Status ID: 13)

--- MATCH BETTING ODDS ---
ML (Money Line):
Time: pre-match min | Home: +190 | Draw: +155 | Away: +162 (Closest time to minutes 4-6 available: pre-match)

SPREAD (Asia Handicap):
Time: pre-match min | Home: +100 | Handicap: 0.0 | Away: -125 (Closest time to minutes 4-6 available: pre-match)

Over/Under:
Time: pre-match min | Over: -111 | Line: 1.75 | Under: -111 (Closest time to minutes 4-6 available: pre-match)

--- MATCH ENVIRONMENT ---
Weather: Sunny
Wind: 3.2m/s
Humidity: 13%


==================================================
MATCH #71 OF 79
==================================================

----- MATCH SUMMARY -----
Timestamp: 2025-04-30 10:58:08 ET
Competition ID: 56ypq3nhepnmd7o
Competition: IRQ D2 (Iraq)
Match: Amanat Baghdad vs Afak SC
Score: 1 - 1 (HT: 1 - 0)
Status: Second half (Status ID: 4)

--- MATCH BETTING ODDS ---
ML (Money Line):
Time: 4 min | Home: -125 | Draw: +220 | Away: +350

SPREAD (Asia Handicap):
Time: 4 min | Home: -122 | Handicap: 0.5 | Away: -103

Over/Under:
Time: 4 min | Over: -105 | Line: 2.0 | Under: -118

--- MATCH ENVIRONMENT ---
Weather: Sunny
Wind: 3.2m/s
Humidity: 19%


==================================================
MATCH #72 OF 79
==================================================

----- MATCH SUMMARY -----
Timestamp: 2025-04-30 10:58:09 ET
Competition ID: 9vjxm8ghgy0r6od
Competition: Uganda Premier League (Uganda)
Match: Mbale Heroes vs Ma Lu
Score: 0 - 1 (HT: 0 - 1)
Status: Finished (Status ID: 8)

--- MATCH BETTING ODDS ---

SPREAD (Asia Handicap):
Time: 4 min | Home: -101 | Handicap: -0.5 | Away: -128

Over/Under:
Time: 4 min | Over: -128 | Line: 2.5 | Under: -116

--- MATCH ENVIRONMENT ---
Weather: Cloudy
Wind: 3.7m/s
Humidity: 59%


==================================================
MATCH #73 OF 79
==================================================

----- MATCH SUMMARY -----
Timestamp: 2025-04-30 10:58:11 ET
Competition ID: 9dn1m1gh8zomoep
Competition: Kenya Football League (Kenya)
Match: Darajani Gogo vs MOFA FC
Score: 4 - 0 (HT: 3 - 0)
Status: Second half (Status ID: 4)

--- MATCH BETTING ODDS ---
ML (Money Line):
Time: 4 min | Home: -303 | Draw: +375 | Away: +650

SPREAD (Asia Handicap):
Time: 4 min | Home: -125 | Handicap: 0.25 | Away: +100

Over/Under:
Time: 4 min | Over: +102 | Line: 3.25 | Under: -130

--- MATCH ENVIRONMENT ---
Weather: Partially cloudy
Wind: 5.6m/s
Humidity: 57%


==================================================
MATCH #74 OF 79
==================================================

----- MATCH SUMMARY -----
Timestamp: 2025-04-30 10:58:12 ET
Competition ID: kdj2ryohpeq1zpg
Competition: Armenian First League (Armenia)
Match: Nikarm vs Pyunik B
Score: 0 - 2 (HT: 0 - 1)
Status: Finished (Status ID: 8)

--- MATCH BETTING ODDS ---


--- MATCH ENVIRONMENT ---
Weather: Partially cloudy
Wind: 3.2m/s
Humidity: 72%


==================================================
MATCH #75 OF 79
==================================================

----- MATCH SUMMARY -----
Timestamp: 2025-04-30 10:58:13 ET
Competition ID: l965mkyhg0r1ge4
Competition: Sweden Allsvenskan (Sweden)
Match: Malmo FF vs Osters IF
Score: 2 - 0 (HT: 1 - 0)
Status: Finished (Status ID: 8)

--- MATCH BETTING ODDS ---
ML (Money Line):
Time: 6 min | Home: -400 | Draw: +500 | Away: +1100

SPREAD (Asia Handicap):
Time: 4 min | Home: -115 | Handicap: 1.75 | Away: -109

Over/Under:
Time: 4 min | Over: -109 | Line: 3.0 | Under: -115

--- MATCH ENVIRONMENT ---
Weather: Sunny
Wind: 4.1m/s
Humidity: 50%


==================================================
MATCH #76 OF 79
==================================================

----- MATCH SUMMARY -----
Timestamp: 2025-04-30 10:58:15 ET
Competition ID: 9k82rekhgorepzj
Competition: Turkish First League (Turkey)
Match: Adanaspor vs Genclerbirligi
Score: 0 - 5 (HT: 0 - 1)
Status: Finished (Status ID: 8)

--- MATCH BETTING ODDS ---
ML (Money Line):
Time: 4 min | Home: +1600 | Draw: +900 | Away: -1000

SPREAD (Asia Handicap):
Time: 4 min | Home: -115 | Handicap: -2.75 | Away: -109

Over/Under:
Time: 4 min | Over: +100 | Line: 4.25 | Under: -125

--- MATCH ENVIRONMENT ---
Weather: Partially cloudy
Wind: 5.3m/s
Humidity: 53%


==================================================
MATCH #77 OF 79
==================================================

----- MATCH SUMMARY -----
Timestamp: 2025-04-30 10:58:16 ET
Competition ID: yl5ergphd2r8k0o
Competition: Moldova Division 2 (Moldova)
Match: Saxan Ceadir Lunga vs FC Ursidos Stauceni
Score: 1 - 1 (HT: 0 - 1)
Status: Finished (Status ID: 8)

--- MATCH BETTING ODDS ---

SPREAD (Asia Handicap):
Time: 7 min | Home: -127 | Handicap: 0.5 | Away: -118 (Closest time to minutes 4-6 available: 7)

Over/Under:
Time: 4 min | Over: -154 | Line: 2.5 | Under: +110

--- MATCH ENVIRONMENT ---
No environment data available for this match


==================================================
MATCH #78 OF 79
==================================================

----- MATCH SUMMARY -----
Timestamp: 2025-04-30 10:58:17 ET
Competition ID: 56ypq3nhzogmd7o
Competition: Portuguese Champions Nacional Juniores A 2 (Portugal)
Match: Vitoria SC Guimaraes U19 vs Tondela U19
Score: 1 - 2 (HT: 0 - 1)
Status: Finished (Status ID: 8)

--- MATCH BETTING ODDS ---
ML (Money Line):
Time: pre-match min | Home: +15000 | Draw: +2200 | Away: -10000 (Closest time to minutes 4-6 available: pre-match)

SPREAD (Asia Handicap):
Time: pre-match min | Home: -333 | Handicap: 0.0 | Away: +245 (Closest time to minutes 4-6 available: pre-match)

Over/Under:
Time: pre-match min | Over: +900 | Line: 3.5 | Under: -1667 (Closest time to minutes 4-6 available: pre-match)

--- MATCH ENVIRONMENT ---
Weather: Foggy
Wind: 3.7m/s
Humidity: 91%


==================================================
MATCH #79 OF 79
==================================================

----- MATCH SUMMARY -----
Timestamp: 2025-04-30 10:58:18 ET
Competition ID: v2y8m4zhgxoql07
Competition: Western Australia Women's League (Australia)
Match: Balcatta (w) vs Murdoch University Melville FC (w)
Score: 5 - 0 (HT: 3 - 0)
Status: Finished (Status ID: 8)

--- MATCH BETTING ODDS ---
ML (Money Line):
Time: 4 min | Home: -3333 | Draw: +1400 | Away: +5000

SPREAD (Asia Handicap):
Time: 4 min | Home: +100 | Handicap: 3.5 | Away: -125

Over/Under:
Time: 4 min | Over: -115 | Line: 3.75 | Under: -109

--- MATCH ENVIRONMENT ---
Weather: Sunny
Wind: 5.3m/s
Humidity: 37%


==================================================
END OF LIVE MATCH DATA - 79 MATCHES DISPLAYED
==================================================
Refreshing in 30 seconds... (Press Ctrl+C to exit)

================================================================================


================================================================================
FETCH TIMESTAMP: 2025-04-30 11:00:42 ET
================================================================================

Fetching country data...
Fetching live matches...

===== FOUND 78 LIVE FOOTBALL MATCHES =====

Last updated: 2025-04-30 14:58:49
==================================================
MATCH #1 OF 78
==================================================

----- MATCH SUMMARY -----
Timestamp: 2025-04-30 10:58:50 ET
Competition ID: kdj2ryohjn7q1zp
Competition: Cameroon Elite two (Cameroon)
Match: Union Abong-Mbang vs Tonnerre Yaounde
Score: 0 - 0 (HT: 0 - 0)
Status: First half (Status ID: 2)

--- MATCH BETTING ODDS ---


--- MATCH ENVIRONMENT ---
No environment data available for this match


==================================================
MATCH #2 OF 78
==================================================

----- MATCH SUMMARY -----
Timestamp: 2025-04-30 10:58:52 ET
Competition ID: kdj2ryohjn7q1zp
Competition: Cameroon Elite two (Cameroon)
Match: Isohsa Limbe vs Bafmeng United
Score: 0 - 0 (HT: 0 - 0)
Status: First half (Status ID: 2)

--- MATCH BETTING ODDS ---


--- MATCH ENVIRONMENT ---
No environment data available for this match


==================================================
MATCH #3 OF 78
==================================================

----- MATCH SUMMARY -----
Timestamp: 2025-04-30 10:58:53 ET
Competition ID: j1l4rjnhxpvm7vx
Competition: Indian Super Cup (India)
Match: Mumbai City FC  vs Jamshedpur FC
Score: 0 - 0 (HT: 0 - 0)
Status: First half (Status ID: 2)

--- MATCH BETTING ODDS ---
ML (Money Line):
Time: 4 min | Home: +220 | Draw: +260 | Away: +105

SPREAD (Asia Handicap):
Time: 4 min | Home: +100 | Handicap: -0.25 | Away: -125

Over/Under:
Time: 4 min | Over: -112 | Line: 2.5 | Under: -103

--- MATCH ENVIRONMENT ---
Weather: Sunny
Wind: 5.3m/s
Humidity: 69%


==================================================
MATCH #4 OF 78
==================================================

----- MATCH SUMMARY -----
Timestamp: 2025-04-30 10:58:54 ET
Competition ID: kdj2ryohjn7q1zp
Competition: Cameroon Elite two (Cameroon)
Match: Eding Sport FC vs FAP Yaounde
Score: 0 - 0 (HT: 0 - 0)
Status: First half (Status ID: 2)

--- MATCH BETTING ODDS ---
ML (Money Line):
Time: pre-match min | Home: +300 | Draw: +175 | Away: -105 (Closest time to minutes 4-6 available: pre-match)

SPREAD (Asia Handicap):
Time: 4 min | Home: -114 | Handicap: -0.5 | Away: -118

Over/Under:
Time: 4 min | Over: +100 | Line: 2.0 | Under: -130

--- MATCH ENVIRONMENT ---
No environment data available for this match


==================================================
MATCH #5 OF 78
==================================================

----- MATCH SUMMARY -----
Timestamp: 2025-04-30 10:58:56 ET
Competition ID: 9vjxm8gh5lr6odg
Competition: Slovak 2.Liga (Slovakia)
Match: FC Artmedia Petrzalka vs MSK Zilina B
Score: 1 - 0 (HT: 1 - 0)
Status: First half (Status ID: 2)

--- MATCH BETTING ODDS ---

SPREAD (Asia Handicap):
Time: 4 min | Home: -114 | Handicap: 0.75 | Away: -122

Over/Under:
Time: 4 min | Over: -119 | Line: 4.0 | Under: -116

--- MATCH ENVIRONMENT ---
Weather: Sunny
Wind: 1.8m/s
Humidity: 32%


==================================================
MATCH #6 OF 78
==================================================

----- MATCH SUMMARY -----
Timestamp: 2025-04-30 10:58:57 ET
Competition ID: l965mkyh4jdr1ge
Competition: Argentine Reserve League (Argentina)
Match: Acassuso Reserves vs Deportivo Liniers Reserves
Score: 0 - 0 (HT: 0 - 0)
Status: First half (Status ID: 2)

--- MATCH BETTING ODDS ---
ML (Money Line):
Time: 4 min | Home: -120 | Draw: +240 | Away: +275

SPREAD (Asia Handicap):
Time: 4 min | Home: -111 | Handicap: 0.5 | Away: -111

Over/Under:
Time: 4 min | Over: +102 | Line: 2.5 | Under: -130

--- MATCH ENVIRONMENT ---
No environment data available for this match


==================================================
MATCH #7 OF 78
==================================================

----- MATCH SUMMARY -----
Timestamp: 2025-04-30 10:58:58 ET
Competition ID: v2y8m4zhg91ql07
Competition: Greek Amateur Cup (Greece)
Match: Kyanos Astir Varis vs Aris Voulas FC
Score: 1 - 1 (HT: 1 - 1)
Status: First half (Status ID: 2)

--- MATCH BETTING ODDS ---
ML (Money Line):
Time: 5 min | Home: -152 | Draw: +275 | Away: +375

SPREAD (Asia Handicap):
Time: 6 min | Home: -133 | Handicap: 0.75 | Away: -111

Over/Under:
Time: 4 min | Over: -122 | Line: 2.5 | Under: -123

--- MATCH ENVIRONMENT ---
No environment data available for this match


==================================================
MATCH #8 OF 78
==================================================

----- MATCH SUMMARY -----
Timestamp: 2025-04-30 10:59:00 ET
Competition ID: z8yomo4h7vvq0j6
Competition: Uzbekistan Cup (Uzbekistan)
Match: Neftchi Fargona vs Fergana University
Score: 2 - 0 (HT: 2 - 0)
Status: First half (Status ID: 2)

--- MATCH BETTING ODDS ---
ML (Money Line):
Time: 4 min | Home: -455 | Draw: +500 | Away: +800

SPREAD (Asia Handicap):
Time: 4 min | Home: -125 | Handicap: 1.75 | Away: +100

Over/Under:
Time: 4 min | Over: -118 | Line: 2.75 | Under: -105

--- MATCH ENVIRONMENT ---
Weather: Partially cloudy
Wind: 4.3m/s
Humidity: 37%


==================================================
MATCH #9 OF 78
==================================================

----- MATCH SUMMARY -----
Timestamp: 2025-04-30 10:59:01 ET
Competition ID: 9dn1m1ghe56moep
Competition: North Macedonia Women's League (North Macedonia)
Match: ZFK Skopje 2014 (w) vs ZFK Atletiko Bitola (W)
Score: 1 - 0 (HT: 1 - 0)
Status: First half (Status ID: 2)

--- MATCH BETTING ODDS ---
ML (Money Line):
Time: 4 min | Home: -909 | Draw: +650 | Away: +1200

SPREAD (Asia Handicap):
Time: 5 min | Home: -115 | Handicap: 2.5 | Away: -130

Over/Under:
Time: 4 min | Over: -103 | Line: 3.25 | Under: -122

--- MATCH ENVIRONMENT ---
No environment data available for this match


==================================================
MATCH #10 OF 78
==================================================

----- MATCH SUMMARY -----
Timestamp: 2025-04-30 10:59:02 ET
Competition ID: l965mkyh4jdr1ge
Competition: Argentine Reserve League (Argentina)
Match: Defensores de Belgrano Reserves vs Gimnasia Mendoza Reserves
Score: 1 - 2 (HT: 1 - 2)
Status: Half-time break (Status ID: 3)

--- MATCH BETTING ODDS ---
ML (Money Line):
Time: 3 min | Home: -111 | Draw: +220 | Away: +300 (Closest time to minutes 4-6 available: 3)

SPREAD (Asia Handicap):
Time: 4 min | Home: -111 | Handicap: 0.5 | Away: -114

Over/Under:
Time: 4 min | Over: -108 | Line: 2.25 | Under: -130

--- MATCH ENVIRONMENT ---
No environment data available for this match


==================================================
MATCH #11 OF 78
==================================================

----- MATCH SUMMARY -----
Timestamp: 2025-04-30 10:59:04 ET
Competition ID: l965mkyh4jdr1ge
Competition: Argentine Reserve League (Argentina)
Match: Temperley Reserves vs Chacarita Juniors Reserves
Score: 0 - 0 (HT: 0 - 0)
Status: Half-time break (Status ID: 3)

--- MATCH BETTING ODDS ---
ML (Money Line):
Time: 4 min | Home: -105 | Draw: +225 | Away: +260

SPREAD (Asia Handicap):
Time: 4 min | Home: +100 | Handicap: 0.5 | Away: -125

Over/Under:
Time: 4 min | Over: -125 | Line: 2.0 | Under: +100

--- MATCH ENVIRONMENT ---
No environment data available for this match


==================================================
MATCH #12 OF 78
==================================================

----- MATCH SUMMARY -----
Timestamp: 2025-04-30 10:59:05 ET
Competition ID: l965mkyh4jdr1ge
Competition: Argentine Reserve League (Argentina)
Match: CA Lugano Reserves vs Berazategui Reserves
Score: 0 - 0 (HT: 0 - 0)
Status: Half-time break (Status ID: 3)

--- MATCH BETTING ODDS ---
ML (Money Line):
Time: 3 min | Home: +200 | Draw: +225 | Away: +120 (Closest time to minutes 4-6 available: 3)

SPREAD (Asia Handicap):
Time: 4 min | Home: -130 | Handicap: -0.25 | Away: -108

Over/Under:
Time: 4 min | Over: -118 | Line: 2.5 | Under: -118

--- MATCH ENVIRONMENT ---
Weather: Sunny
Wind: 2.9m/s
Humidity: 61%


==================================================
MATCH #13 OF 78
==================================================

----- MATCH SUMMARY -----
Timestamp: 2025-04-30 10:59:06 ET
Competition ID: l965mkyh4jdr1ge
Competition: Argentine Reserve League (Argentina)
Match: Real Pilar Reserves vs Deportivo Merlo Reserves
Score: 0 - 0 (HT: 0 - 0)
Status: Half-time break (Status ID: 3)

--- MATCH BETTING ODDS ---
ML (Money Line):
Time: 6 min | Home: +130 | Draw: +240 | Away: +175

SPREAD (Asia Handicap):
Time: 4 min | Home: -104 | Handicap: 0.25 | Away: -130

Over/Under:
Time: 4 min | Over: -122 | Line: 2.25 | Under: -103

--- MATCH ENVIRONMENT ---
No environment data available for this match


==================================================
MATCH #14 OF 78
==================================================

----- MATCH SUMMARY -----
Timestamp: 2025-04-30 10:59:08 ET
Competition ID: 56ypq3nh01nmd7o
Competition: Egyptian Premier League (Egypt)
Match: Haras El Hodood vs Pyramids FC
Score: 0 - 1 (HT: 0 - 1)
Status: Half-time break (Status ID: 3)

--- MATCH BETTING ODDS ---
ML (Money Line):
Time: 4 min | Home: +650 | Draw: +275 | Away: -200

SPREAD (Asia Handicap):
Time: 4 min | Home: -103 | Handicap: -1.0 | Away: -122

Over/Under:
Time: 4 min | Over: +100 | Line: 2.25 | Under: -125

--- MATCH ENVIRONMENT ---
Weather: Partially cloudy
Wind: 6.1m/s
Humidity: 70%


==================================================
MATCH #15 OF 78
==================================================

----- MATCH SUMMARY -----
Timestamp: 2025-04-30 10:59:09 ET
Competition ID: kdj2ryohjn7q1zp
Competition: Cameroon Elite two (Cameroon)
Match: Djiko FC de Bandjoun vs Fovu de Baham
Score: 0 - 0 (HT: 0 - 0)
Status: Abandoned (Status ID: 13)

--- MATCH BETTING ODDS ---


--- MATCH ENVIRONMENT ---
No environment data available for this match


==================================================
MATCH #16 OF 78
==================================================

----- MATCH SUMMARY -----
Timestamp: 2025-04-30 10:59:10 ET
Competition ID: 9k82rekhokorepz
Competition: Namibia Premier League (Namibia)
Match: Young Africans Sports Club vs Mighty Gunners
Score: 0 - 0 (HT: 0 - 0)
Status: Abandoned (Status ID: 13)

--- MATCH BETTING ODDS ---


--- MATCH ENVIRONMENT ---
No environment data available for this match


==================================================
MATCH #17 OF 78
==================================================

----- MATCH SUMMARY -----
Timestamp: 2025-04-30 10:59:11 ET
Competition ID: e4wyrn4hdzvq86p
Competition: Poland Liga 3 (Poland)
Match: Polonia Lidzbark vs Sieradz
Score: 0 - 0 (HT: 0 - 0)
Status: Half-time break (Status ID: 3)

--- MATCH BETTING ODDS ---


--- MATCH ENVIRONMENT ---
No environment data available for this match


==================================================
MATCH #18 OF 78
==================================================

----- MATCH SUMMARY -----
Timestamp: 2025-04-30 10:59:12 ET
Competition ID: e4wyrn4hdzvq86p
Competition: Poland Liga 3 (Poland)
Match: Warta Gorzów Wielkopolski vs Lechia Zielona Gora
Score: 0 - 0 (HT: 0 - 0)
Status: Half-time break (Status ID: 3)

--- MATCH BETTING ODDS ---
ML (Money Line):
Time: 4 min | Home: +125 | Draw: +260 | Away: +162

SPREAD (Asia Handicap):
Time: 4 min | Home: -152 | Handicap: 0.0 | Away: +102

Over/Under:
Time: 4 min | Over: -103 | Line: 2.75 | Under: -122

--- MATCH ENVIRONMENT ---
No environment data available for this match


==================================================
MATCH #19 OF 78
==================================================

----- MATCH SUMMARY -----
Timestamp: 2025-04-30 10:59:14 ET
Competition ID: v2y8m4zhw4ql074
Competition: Romanian Liga II (Romania)
Match: Steaua Bucuresti vs FK Csikszereda Miercurea Ciuc
Score: 0 - 0 (HT: 0 - 0)
Status: Half-time break (Status ID: 3)

--- MATCH BETTING ODDS ---
ML (Money Line):
Time: 4 min | Home: +160 | Draw: +162 | Away: +210

SPREAD (Asia Handicap):
Time: 4 min | Home: -133 | Handicap: 0.0 | Away: +105

Over/Under:
Time: 4 min | Over: +102 | Line: 2.0 | Under: -130

--- MATCH ENVIRONMENT ---
Weather: Sunny
Wind: 1.2m/s
Humidity: 31%


==================================================
MATCH #20 OF 78
==================================================

----- MATCH SUMMARY -----
Timestamp: 2025-04-30 10:59:15 ET
Competition ID: 9dn1m1gh84pmoep
Competition: Portuguese U23 League (Portugal)
Match: Benfica U23 vs Vizela U23
Score: 1 - 1 (HT: 1 - 1)
Status: Half-time break (Status ID: 3)

--- MATCH BETTING ODDS ---
ML (Money Line):
Time: 4 min | Home: -152 | Draw: +300 | Away: +300

SPREAD (Asia Handicap):
Time: 4 min | Home: -122 | Handicap: 0.75 | Away: -103

Over/Under:
Time: 4 min | Over: -118 | Line: 3.0 | Under: -105

--- MATCH ENVIRONMENT ---
Weather: Partially cloudy
Wind: 3.7m/s
Humidity: 64%


==================================================
MATCH #21 OF 78
==================================================

----- MATCH SUMMARY -----
Timestamp: 2025-04-30 10:59:17 ET
Competition ID: 9dn1m1gh84pmoep
Competition: Portuguese U23 League (Portugal)
Match: Gil Vicente U23 vs Estoril U23
Score: 1 - 0 (HT: 1 - 0)
Status: Half-time break (Status ID: 3)

--- MATCH BETTING ODDS ---
ML (Money Line):
Time: 4 min | Home: +125 | Draw: +260 | Away: +175

SPREAD (Asia Handicap):
Time: 4 min | Home: +100 | Handicap: 0.25 | Away: -125

Over/Under:
Time: 4 min | Over: -114 | Line: 2.75 | Under: -106

--- MATCH ENVIRONMENT ---
Weather: Unknown (10)
Wind: 4.5m/s
Humidity: 93%


==================================================
MATCH #22 OF 78
==================================================

----- MATCH SUMMARY -----
Timestamp: 2025-04-30 10:59:18 ET
Competition ID: 9dn1m1gh84pmoep
Competition: Portuguese U23 League (Portugal)
Match: Sporting CP U23 vs Estrela FC U23
Score: 0 - 0 (HT: 0 - 0)
Status: Half-time break (Status ID: 3)

--- MATCH BETTING ODDS ---
ML (Money Line):
Time: 4 min | Home: -164 | Draw: +275 | Away: +375

SPREAD (Asia Handicap):
Time: 4 min | Home: -125 | Handicap: 0.75 | Away: +100

Over/Under:
Time: 4 min | Over: -105 | Line: 2.5 | Under: -118

--- MATCH ENVIRONMENT ---
Weather: Partially cloudy
Wind: 3.7m/s
Humidity: 64%


==================================================
MATCH #23 OF 78
==================================================

----- MATCH SUMMARY -----
Timestamp: 2025-04-30 10:59:19 ET
Competition ID: p4jwq2ghv1vm0ve
Competition: Rwandan Cup (Rwanda)
Match: APR FC vs Police(RWA)
Score: 1 - 0 (HT: 1 - 0)
Status: Half-time break (Status ID: 3)

--- MATCH BETTING ODDS ---
ML (Money Line):
Time: 5 min | Home: -175 | Draw: +225 | Away: +550

SPREAD (Asia Handicap):
Time: 4 min | Home: -105 | Handicap: 1.0 | Away: -141

Over/Under:
Time: 4 min | Over: -103 | Line: 2.0 | Under: -122

--- MATCH ENVIRONMENT ---
Weather: Snowy
Wind: 2.6m/s
Humidity: 79%


==================================================
MATCH #24 OF 78
==================================================

----- MATCH SUMMARY -----
Timestamp: 2025-04-30 10:59:20 ET
Competition ID: kjw2r09hl1wrz84
Competition: Tunisian Professional League 2 (Tunisia)
Match: CS.Hammam-Lif vs Megrine
Score: 0 - 0 (HT: 0 - 0)
Status: Half-time break (Status ID: 3)

--- MATCH BETTING ODDS ---

SPREAD (Asia Handicap):
Time: 21 min | Home: +121 | Handicap: -0.5 | Away: -182 (Closest time to minutes 4-6 available: 21)

Over/Under:
Time: 18 min | Over: -132 | Line: 2.25 | Under: -114 (Closest time to minutes 4-6 available: 18)

--- MATCH ENVIRONMENT ---
No environment data available for this match


==================================================
MATCH #25 OF 78
==================================================

----- MATCH SUMMARY -----
Timestamp: 2025-04-30 10:59:22 ET
Competition ID: kjw2r09hl1wrz84
Competition: Tunisian Professional League 2 (Tunisia)
Match: Croissant Msaken vs Stade Africain Menzel Bourguib
Score: 0 - 0 (HT: 0 - 0)
Status: Half-time break (Status ID: 3)

--- MATCH BETTING ODDS ---

SPREAD (Asia Handicap):
Time: 4 min | Home: -122 | Handicap: 0.5 | Away: +100

Over/Under:
Time: 4 min | Over: -112 | Line: 1.5 | Under: -110

--- MATCH ENVIRONMENT ---
Weather: Partially cloudy
Wind: 8.1m/s
Humidity: 45%


==================================================
MATCH #26 OF 78
==================================================

----- MATCH SUMMARY -----
Timestamp: 2025-04-30 10:59:23 ET
Competition ID: kjw2r09hl1wrz84
Competition: Tunisian Professional League 2 (Tunisia)
Match: AS Kasserine vs AS jelma
Score: 1 - 0 (HT: 1 - 0)
Status: Half-time break (Status ID: 3)

--- MATCH BETTING ODDS ---

Over/Under:
Time: pre-match min | Over: +160 | Line: 2.5 | Under: -244 (Closest time to minutes 4-6 available: pre-match)

--- MATCH ENVIRONMENT ---
No environment data available for this match


==================================================
MATCH #27 OF 78
==================================================

----- MATCH SUMMARY -----
Timestamp: 2025-04-30 10:59:25 ET
Competition ID: kn54qllhey9qvy9
Competition: Egyptian Division 2 (Egypt)
Match: Team FC Cairo vs Al Nasr Cairo
Score: 1 - 1 (HT: 1 - 1)
Status: Second half (Status ID: 4)

--- MATCH BETTING ODDS ---
ML (Money Line):
Time: 11 min | Home: +162 | Draw: +250 | Away: +137 (Closest time to minutes 4-6 available: 11)

SPREAD (Asia Handicap):
Time: 11 min | Home: -139 | Handicap: 0.75 | Away: +107 (Closest time to minutes 4-6 available: 11)

Over/Under:
Time: 11 min | Over: -122 | Line: 3.0 | Under: -103 (Closest time to minutes 4-6 available: 11)

--- MATCH ENVIRONMENT ---
No environment data available for this match


==================================================
MATCH #28 OF 78
==================================================

----- MATCH SUMMARY -----
Timestamp: 2025-04-30 10:59:26 ET
Competition ID: kn54qllhey9qvy9
Competition: Egyptian Division 2 (Egypt)
Match: Aswan vs El Mansoura
Score: 1 - 1 (HT: 1 - 1)
Status: Second half (Status ID: 4)

--- MATCH BETTING ODDS ---
ML (Money Line):
Time: 4 min | Home: +187 | Draw: +220 | Away: +137

SPREAD (Asia Handicap):
Time: 4 min | Home: -133 | Handicap: 0.75 | Away: +105

Over/Under:
Time: 4 min | Over: -130 | Line: 3.0 | Under: +102

--- MATCH ENVIRONMENT ---
Weather: Sunny
Wind: 3.7m/s
Humidity: 9%


==================================================
MATCH #29 OF 78
==================================================

----- MATCH SUMMARY -----
Timestamp: 2025-04-30 10:59:28 ET
Competition ID: kn54qllhey9qvy9
Competition: Egyptian Division 2 (Egypt)
Match: Olympic El Qanal vs Proxy SC
Score: 1 - 0 (HT: 1 - 0)
Status: Second half (Status ID: 4)

--- MATCH BETTING ODDS ---
ML (Money Line):
Time: 4 min | Home: +160 | Draw: +175 | Away: +175

SPREAD (Asia Handicap):
Time: 4 min | Home: -110 | Handicap: 0.0 | Away: -110

Over/Under:
Time: 4 min | Over: -130 | Line: 1.75 | Under: +102

--- MATCH ENVIRONMENT ---
Weather: Partially cloudy
Wind: 13.m/s
Humidity: 33%


==================================================
MATCH #30 OF 78
==================================================

----- MATCH SUMMARY -----
Timestamp: 2025-04-30 10:59:30 ET
Competition ID: kn54qllhey9qvy9
Competition: Egyptian Division 2 (Egypt)
Match: Asyut Petroleum vs Abou Qir Fertilizers SC
Score: 1 - 1 (HT: 1 - 1)
Status: Second half (Status ID: 4)

--- MATCH BETTING ODDS ---
ML (Money Line):
Time: 4 min | Home: +350 | Draw: +210 | Away: -125

SPREAD (Asia Handicap):
Time: 4 min | Home: +100 | Handicap: -0.5 | Away: -125

Over/Under:
Time: 4 min | Over: -118 | Line: 2.0 | Under: -105

--- MATCH ENVIRONMENT ---
Weather: Partially cloudy
Wind: 8.7m/s
Humidity: 24%


==================================================
MATCH #31 OF 78
==================================================

----- MATCH SUMMARY -----
Timestamp: 2025-04-30 10:59:31 ET
Competition ID: kn54qllhey9qvy9
Competition: Egyptian Division 2 (Egypt)
Match: Dayrot vs Gazl Kafr Eldwar
Score: 1 - 1 (HT: 0 - 1)
Status: Second half (Status ID: 4)

--- MATCH BETTING ODDS ---
ML (Money Line):
Time: 4 min | Home: +130 | Draw: +175 | Away: +240

SPREAD (Asia Handicap):
Time: 4 min | Home: +100 | Handicap: 0.25 | Away: -125

Over/Under:
Time: 4 min | Over: -122 | Line: 1.5 | Under: -103

--- MATCH ENVIRONMENT ---
Weather: Unknown (8)
Wind: 7.3m/s
Humidity: 32%


==================================================
MATCH #32 OF 78
==================================================

----- MATCH SUMMARY -----
Timestamp: 2025-04-30 10:59:32 ET
Competition ID: e4wyrn4hdzvq86p
Competition: Poland Liga 3 (Poland)
Match: Star Starachowice vs Lewart Lubartow
Score: 4 - 0 (HT: 4 - 0)
Status: Second half (Status ID: 4)

--- MATCH BETTING ODDS ---
ML (Money Line):
Time: 4 min | Home: -303 | Draw: +400 | Away: +600

SPREAD (Asia Handicap):
Time: 4 min | Home: -118 | Handicap: 1.5 | Away: -105

Over/Under:
Time: 4 min | Over: -109 | Line: 3.25 | Under: -115

--- MATCH ENVIRONMENT ---
Weather: Partially cloudy
Wind: 4.1m/s
Humidity: 34%


==================================================
MATCH #33 OF 78
==================================================

----- MATCH SUMMARY -----
Timestamp: 2025-04-30 10:59:33 ET
Competition ID: kn54qllhey9qvy9
Competition: Egyptian Division 2 (Egypt)
Match: Baladiyat El Mahalla vs La Viena
Score: 0 - 0 (HT: 0 - 0)
Status: Second half (Status ID: 4)

--- MATCH BETTING ODDS ---
ML (Money Line):
Time: 5 min | Home: +150 | Draw: +175 | Away: +200

SPREAD (Asia Handicap):
Time: 4 min | Home: -141 | Handicap: 0.0 | Away: +105

Over/Under:
Time: 4 min | Over: -115 | Line: 1.75 | Under: -109

--- MATCH ENVIRONMENT ---
Weather: Partially cloudy
Wind: 7.1m/s
Humidity: 55%


==================================================
MATCH #34 OF 78
==================================================

----- MATCH SUMMARY -----
Timestamp: 2025-04-30 10:59:34 ET
Competition ID: vl7oqdehn11r510
Competition: Tunisian Cup (Tunisia)
Match: J.S. Kairouanaise vs ES du Sahel
Score: 0 - 0 (HT: 0 - 0)
Status: Second half (Status ID: 4)

--- MATCH BETTING ODDS ---
ML (Money Line):
Time: 4 min | Home: +500 | Draw: +220 | Away: -152

SPREAD (Asia Handicap):
Time: 4 min | Home: -109 | Handicap: -0.75 | Away: -115

Over/Under:
Time: 4 min | Over: -103 | Line: 2.0 | Under: -122

--- MATCH ENVIRONMENT ---
Weather: Sunny
Wind: 2.0m/s
Humidity: 30%


==================================================
MATCH #35 OF 78
==================================================

----- MATCH SUMMARY -----
Timestamp: 2025-04-30 10:59:36 ET
Competition ID: jednm9whkg3ryox
Competition: South Africa First League (South Africa)
Match: Milford vs Pretoria Callies
Score: 0 - 2 (HT: 0 - 0)
Status: Finished (Status ID: 8)

--- MATCH BETTING ODDS ---
ML (Money Line):
Time: 4 min | Home: -152 | Draw: +260 | Away: +350

SPREAD (Asia Handicap):
Time: 4 min | Home: -123 | Handicap: 0.5 | Away: -112

Over/Under:
Time: 4 min | Over: -133 | Line: 2.0 | Under: +105

--- MATCH ENVIRONMENT ---
Weather: Sunny
Wind: 1.5m/s
Humidity: 74%


==================================================
MATCH #36 OF 78
==================================================

----- MATCH SUMMARY -----
Timestamp: 2025-04-30 10:59:38 ET
Competition ID: 9k82rekh332repz
Competition: Estonian U19 league (Estonia)
Match: JK Trans Narva U19 vs FC Flora Tallinn U19
Score: 0 - 0 (HT: 0 - 0)
Status: Finished (Status ID: 8)

--- MATCH BETTING ODDS ---
ML (Money Line):
Time: 4 min | Home: +250 | Draw: +450 | Away: -175

SPREAD (Asia Handicap):
Time: 4 min | Home: -109 | Handicap: -1.0 | Away: -115

Over/Under:
Time: 4 min | Over: -118 | Line: 4.25 | Under: -105

--- MATCH ENVIRONMENT ---
Weather: Cloudy
Wind: 4.3m/s
Humidity: 72%


==================================================
MATCH #37 OF 78
==================================================

----- MATCH SUMMARY -----
Timestamp: 2025-04-30 10:59:39 ET
Competition ID: kdj2ryohpeq1zpg
Competition: Armenian First League (Armenia)
Match: Urartu II vs BKMA II
Score: 1 - 1 (HT: 0 - 1)
Status: Finished (Status ID: 8)

--- MATCH BETTING ODDS ---

Over/Under:
Time: pre-match min | Over: -250 | Line: 2.5 | Under: +160 (Closest time to minutes 4-6 available: pre-match)

--- MATCH ENVIRONMENT ---
No environment data available for this match


==================================================
MATCH #38 OF 78
==================================================

----- MATCH SUMMARY -----
Timestamp: 2025-04-30 10:59:40 ET
Competition ID: 4zp5rzgh7loq82w
Competition: Zimbabwe Premier Soccer League (Zimbabwe)
Match: CAPS United vs FC Platinum
Score: 1 - 2 (HT: 0 - 1)
Status: Finished (Status ID: 8)

--- MATCH BETTING ODDS ---
ML (Money Line):
Time: 4 min | Home: +110 | Draw: +175 | Away: +300

SPREAD (Asia Handicap):
Time: 4 min | Home: -125 | Handicap: 0.25 | Away: +100

Over/Under:
Time: 4 min | Over: -130 | Line: 1.5 | Under: +102

--- MATCH ENVIRONMENT ---
Weather: Snowy
Wind: 8.7m/s
Humidity: 51%


==================================================
MATCH #39 OF 78
==================================================

----- MATCH SUMMARY -----
Timestamp: 2025-04-30 10:59:42 ET
Competition ID: 4zp5rzgh7loq82w
Competition: Zimbabwe Premier Soccer League (Zimbabwe)
Match: Chicken Inn vs TelOne fc
Score: 0 - 0 (HT: 0 - 0)
Status: Finished (Status ID: 8)

--- MATCH BETTING ODDS ---
ML (Money Line):
Time: 5 min | Home: +160 | Draw: +160 | Away: +210

SPREAD (Asia Handicap):
Time: 4 min | Home: -143 | Handicap: 0.0 | Away: +110

Over/Under:
Time: 4 min | Over: -125 | Line: 1.5 | Under: +100

--- MATCH ENVIRONMENT ---
Weather: Sunny
Wind: 3.7m/s
Humidity: 35%


==================================================
MATCH #40 OF 78
==================================================

----- MATCH SUMMARY -----
Timestamp: 2025-04-30 10:59:42 ET
Competition ID: 4zp5rzgh7loq82w
Competition: Zimbabwe Premier Soccer League (Zimbabwe)
Match: GreenFuel vs Dynamos FC
Score: 0 - 0 (HT: 0 - 0)
Status: Second half (Status ID: 4)

--- MATCH BETTING ODDS ---


--- MATCH ENVIRONMENT ---
No environment data available for this match


==================================================
MATCH #41 OF 78
==================================================

----- MATCH SUMMARY -----
Timestamp: 2025-04-30 10:59:43 ET
Competition ID: 4zp5rzgh7loq82w
Competition: Zimbabwe Premier Soccer League (Zimbabwe)
Match: Kwekwe United vs Simba Bhora
Score: 1 - 2 (HT: 0 - 1)
Status: Second half (Status ID: 4)

--- MATCH BETTING ODDS ---


--- MATCH ENVIRONMENT ---
No environment data available for this match


==================================================
MATCH #42 OF 78
==================================================

----- MATCH SUMMARY -----
Timestamp: 2025-04-30 10:59:45 ET
Competition ID: 4zp5rzgh7loq82w
Competition: Zimbabwe Premier Soccer League (Zimbabwe)
Match: Ngezi Platinum vs Yadah FC
Score: 1 - 2 (HT: 0 - 1)
Status: Second half (Status ID: 4)

--- MATCH BETTING ODDS ---


--- MATCH ENVIRONMENT ---
No environment data available for this match


==================================================
MATCH #43 OF 78
==================================================

----- MATCH SUMMARY -----
Timestamp: 2025-04-30 10:59:46 ET
Competition ID: 4zp5rzgh7loq82w
Competition: Zimbabwe Premier Soccer League (Zimbabwe)
Match: Triangle FC vs ZPC Kariba
Score: 1 - 2 (HT: 0 - 1)
Status: Finished (Status ID: 8)

--- MATCH BETTING ODDS ---


--- MATCH ENVIRONMENT ---
No environment data available for this match


==================================================
MATCH #44 OF 78
==================================================

----- MATCH SUMMARY -----
Timestamp: 2025-04-30 10:59:47 ET
Competition ID: 4zp5rzgh7loq82w
Competition: Zimbabwe Premier Soccer League (Zimbabwe)
Match: Highlanders vs Bikita Minerals FC
Score: 1 - 0 (HT: 1 - 0)
Status: Finished (Status ID: 8)

--- MATCH BETTING ODDS ---
ML (Money Line):
Time: 4 min | Home: -125 | Draw: +240 | Away: +300

SPREAD (Asia Handicap):
Time: 4 min | Home: -122 | Handicap: 0.5 | Away: -103

Over/Under:
Time: 4 min | Over: -115 | Line: 2.0 | Under: -109

--- MATCH ENVIRONMENT ---
Weather: Sunny
Wind: 3.7m/s
Humidity: 35%


==================================================
MATCH #45 OF 78
==================================================

----- MATCH SUMMARY -----
Timestamp: 2025-04-30 10:59:48 ET
Competition ID: 9vjxm8ghgy0r6od
Competition: Uganda Premier League (Uganda)
Match: Airtel Kitara FC vs Wakiso Giants FC
Score: 0 - 0 (HT: 0 - 0)
Status: Finished (Status ID: 8)

--- MATCH BETTING ODDS ---

SPREAD (Asia Handicap):
Time: 4 min | Home: -112 | Handicap: 1.25 | Away: -115

Over/Under:
Time: 4 min | Over: -112 | Line: 2.25 | Under: -115

--- MATCH ENVIRONMENT ---
Weather: Windy
Wind: 3.1m/s
Humidity: 59%


==================================================
MATCH #46 OF 78
==================================================

----- MATCH SUMMARY -----
Timestamp: 2025-04-30 10:59:50 ET
Competition ID: jednm9whg03ryox
Competition: Italian Campionato Primavera 2 (Italy)
Match: AlbinoLeffe Youth vs Padova U19
Score: 3 - 1 (HT: 1 - 1)
Status: Finished (Status ID: 8)

--- MATCH BETTING ODDS ---
ML (Money Line):
Time: 4 min | Home: +200 | Draw: +260 | Away: +110

SPREAD (Asia Handicap):
Time: 4 min | Home: -105 | Handicap: -0.25 | Away: -118

Over/Under:
Time: 4 min | Over: -109 | Line: 3.0 | Under: -115

--- MATCH ENVIRONMENT ---
Weather: Sunny
Wind: 3.7m/s
Humidity: 47%


==================================================
MATCH #47 OF 78
==================================================

----- MATCH SUMMARY -----
Timestamp: 2025-04-30 10:59:51 ET
Competition ID: 9vjxm8ghgy0r6od
Competition: Uganda Premier League (Uganda)
Match: Bright Stars vs Express FC
Score: 0 - 1 (HT: 0 - 0)
Status: Finished (Status ID: 8)

--- MATCH BETTING ODDS ---

SPREAD (Asia Handicap):
Time: 4 min | Home: -125 | Handicap: 0.0 | Away: -104

Over/Under:
Time: 4 min | Over: -122 | Line: 2.75 | Under: -106

--- MATCH ENVIRONMENT ---
Weather: Partially cloudy
Wind: 1.2m/s
Humidity: 56%


==================================================
MATCH #48 OF 78
==================================================

----- MATCH SUMMARY -----
Timestamp: 2025-04-30 10:59:52 ET
Competition ID: jednm9whk0ryox8
Competition: International Friendly (Unknown Country)
Match: Hungary (w) U17 vs Czech Republic (w) U17
Score: 1 - 1 (HT: 1 - 1)
Status: Finished (Status ID: 8)

--- MATCH BETTING ODDS ---


--- MATCH ENVIRONMENT ---
No environment data available for this match


==================================================
MATCH #49 OF 78
==================================================

----- MATCH SUMMARY -----
Timestamp: 2025-04-30 10:59:54 ET
Competition ID: 56ypq3nhll6md7o
Competition: South Africa Women's League (South Africa)
Match: First Touch Academy (w) vs UCT (w)
Score: 2 - 1 (HT: 1 - 0)
Status: Finished (Status ID: 8)

--- MATCH BETTING ODDS ---
ML (Money Line):
Time: 4 min | Home: -152 | Draw: +275 | Away: +350

SPREAD (Asia Handicap):
Time: 4 min | Home: -130 | Handicap: 0.75 | Away: -108

Over/Under:
Time: 4 min | Over: -119 | Line: 2.75 | Under: -116

--- MATCH ENVIRONMENT ---
Weather: Sunny
Wind: 4.3m/s
Humidity: 37%


==================================================
MATCH #50 OF 78
==================================================

----- MATCH SUMMARY -----
Timestamp: 2025-04-30 10:59:55 ET
Competition ID: 56ypq3nhll6md7o
Competition: South Africa Women's League (South Africa)
Match: Johannesburg Uni (w) vs Royal AM FC (W)
Score: 3 - 0 (HT: 1 - 0)
Status: Finished (Status ID: 8)

--- MATCH BETTING ODDS ---
ML (Money Line):
Time: 4 min | Home: -1111 | Draw: +750 | Away: +2200

SPREAD (Asia Handicap):
Time: 4 min | Home: -105 | Handicap: 2.5 | Away: -118

Over/Under:
Time: 4 min | Over: -105 | Line: 3.25 | Under: -118

--- MATCH ENVIRONMENT ---
Weather: Cloudy
Wind: 5.8m/s
Humidity: 40%


==================================================
MATCH #51 OF 78
==================================================

----- MATCH SUMMARY -----
Timestamp: 2025-04-30 10:59:56 ET
Competition ID: 56ypq3nhll6md7o
Competition: South Africa Women's League (South Africa)
Match: University of Pretoria (W) vs TUT FC (w)
Score: 0 - 0 (HT: 0 - 0)
Status: Abandoned (Status ID: 13)

--- MATCH BETTING ODDS ---
ML (Money Line):
Time: pre-match min | Home: +145 | Draw: +200 | Away: +162 (Closest time to minutes 4-6 available: pre-match)

SPREAD (Asia Handicap):
Time: pre-match min | Home: -122 | Handicap: 0.0 | Away: -103 (Closest time to minutes 4-6 available: pre-match)

Over/Under:
Time: pre-match min | Over: -111 | Line: 2.25 | Under: -111 (Closest time to minutes 4-6 available: pre-match)

--- MATCH ENVIRONMENT ---
Weather: Sunny
Wind: 3.7m/s
Humidity: 52%


==================================================
MATCH #52 OF 78
==================================================

----- MATCH SUMMARY -----
Timestamp: 2025-04-30 10:59:57 ET
Competition ID: kn54qllh40qvy9d
Competition: Kazakhstan Premier League (Kazakhstan)
Match: FK Atyrau vs FC Astana
Score: 0 - 2 (HT: 0 - 1)
Status: Finished (Status ID: 8)

--- MATCH BETTING ODDS ---
ML (Money Line):
Time: 4 min | Home: +500 | Draw: +375 | Away: -250

SPREAD (Asia Handicap):
Time: 4 min | Home: -103 | Handicap: -1.25 | Away: -122

Over/Under:
Time: 4 min | Over: -125 | Line: 2.75 | Under: +100

--- MATCH ENVIRONMENT ---
Weather: Partially cloudy
Wind: 3.7m/s
Humidity: 25%


==================================================
MATCH #53 OF 78
==================================================

----- MATCH SUMMARY -----
Timestamp: 2025-04-30 10:59:58 ET
Competition ID: 9dn1m1ghl1moepl
Competition: Turkish Third League (Turkey)
Match: Yeni Amasya Spor vs Mazidagi Fosfatspo
Score: 0 - 3 (HT: 0 - 0)
Status: Finished (Status ID: 8)

--- MATCH BETTING ODDS ---
ML (Money Line):
Time: 4 min | Home: +110 | Draw: +220 | Away: +220

SPREAD (Asia Handicap):
Time: 4 min | Home: -115 | Handicap: 0.25 | Away: -109

Over/Under:
Time: 4 min | Over: +100 | Line: 2.25 | Under: -125

--- MATCH ENVIRONMENT ---
Weather: Cloudy
Wind: 4.8m/s
Humidity: 49%


==================================================
MATCH #54 OF 78
==================================================

----- MATCH SUMMARY -----
Timestamp: 2025-04-30 11:00:00 ET
Competition ID: 9dn1m1ghl1moepl
Competition: Turkish Third League (Turkey)
Match: Kutahyaspor vs Duzcespor
Score: 2 - 1 (HT: 1 - 0)
Status: Second half (Status ID: 4)

--- MATCH BETTING ODDS ---
ML (Money Line):
Time: 4 min | Home: +137 | Draw: +240 | Away: +175

SPREAD (Asia Handicap):
Time: 4 min | Home: -108 | Handicap: 0.25 | Away: -130

Over/Under:
Time: 4 min | Over: -118 | Line: 2.25 | Under: -105

--- MATCH ENVIRONMENT ---
Weather: Partially cloudy
Wind: 3.7m/s
Humidity: 53%


==================================================
MATCH #55 OF 78
==================================================

----- MATCH SUMMARY -----
Timestamp: 2025-04-30 11:00:10 ET
Competition ID: 9dn1m1ghl1moepl
Competition: Turkish Third League (Turkey)
Match: Kucukcekmece vs Corluspor
Score: 0 - 0 (HT: 0 - 0)
Status: Second half (Status ID: 4)

--- MATCH BETTING ODDS ---
ML (Money Line):
Time: 4 min | Home: +125 | Draw: +240 | Away: +175

SPREAD (Asia Handicap):
Time: 4 min | Home: +100 | Handicap: 0.25 | Away: -125

Over/Under:
Time: 4 min | Over: -108 | Line: 2.5 | Under: -120

--- MATCH ENVIRONMENT ---
Weather: Cloudy
Wind: 11.m/s
Humidity: 61%


==================================================
MATCH #56 OF 78
==================================================

----- MATCH SUMMARY -----
Timestamp: 2025-04-30 11:00:11 ET
Competition ID: 9dn1m1ghl1moepl
Competition: Turkish Third League (Turkey)
Match: Silivrispor vs Tire 2021 FK
Score: 0 - 0 (HT: 0 - 0)
Status: Extra time (Status ID: 5)

--- MATCH BETTING ODDS ---
ML (Money Line):
Time: 5 min | Home: +105 | Draw: +220 | Away: +240

SPREAD (Asia Handicap):
Time: 4 min | Home: -130 | Handicap: 0.25 | Away: -104

Over/Under:
Time: 4 min | Over: -130 | Line: 2.25 | Under: +102

--- MATCH ENVIRONMENT ---
Weather: Partially cloudy
Wind: 11.m/s
Humidity: 63%


==================================================
MATCH #57 OF 78
==================================================

----- MATCH SUMMARY -----
Timestamp: 2025-04-30 11:00:12 ET
Competition ID: 9dn1m1ghl1moepl
Competition: Turkish Third League (Turkey)
Match: Zonguldak vs Kahramanmaras Bld
Score: 0 - 0 (HT: 0 - 0)
Status: Second half (Status ID: 4)

--- MATCH BETTING ODDS ---
ML (Money Line):
Time: 4 min | Home: +140 | Draw: +210 | Away: +187

SPREAD (Asia Handicap):
Time: 4 min | Home: -125 | Handicap: 0.0 | Away: -104

Over/Under:
Time: 4 min | Over: -118 | Line: 2.25 | Under: -110

--- MATCH ENVIRONMENT ---
Weather: Partially cloudy
Wind: 6.1m/s
Humidity: 77%


==================================================
MATCH #58 OF 78
==================================================

----- MATCH SUMMARY -----
Timestamp: 2025-04-30 11:00:14 ET
Competition ID: 8y39mp1hpxmojxg
Competition: Danish U19 Youth League (Denmark)
Match: Esbjerg U19 vs Randers Freja U19
Score: 1 - 2 (HT: 1 - 0)
Status: Finished (Status ID: 8)

--- MATCH BETTING ODDS ---
ML (Money Line):
Time: 4 min | Home: +162 | Draw: +260 | Away: +130

SPREAD (Asia Handicap):
Time: 4 min | Home: -125 | Handicap: -0.25 | Away: +100

Over/Under:
Time: 4 min | Over: -115 | Line: 3.0 | Under: -109

--- MATCH ENVIRONMENT ---
Weather: Sunny
Wind: 5.8m/s
Humidity: 77%


==================================================
MATCH #59 OF 78
==================================================

----- MATCH SUMMARY -----
Timestamp: 2025-04-30 11:00:16 ET
Competition ID: 56ypq3nhepnmd7o
Competition: IRQ D2 (Iraq)
Match: Al Fahad vs Al Sinaah
Score: 1 - 0 (HT: 0 - 0)
Status: Finished (Status ID: 8)

--- MATCH BETTING ODDS ---
ML (Money Line):
Time: 4 min | Home: -105 | Draw: +210 | Away: +275

SPREAD (Asia Handicap):
Time: 5 min | Home: +102 | Handicap: 0.5 | Away: -130

Over/Under:
Time: 4 min | Over: -118 | Line: 1.75 | Under: -105

--- MATCH ENVIRONMENT ---
No environment data available for this match


==================================================
MATCH #60 OF 78
==================================================

----- MATCH SUMMARY -----
Timestamp: 2025-04-30 11:00:17 ET
Competition ID: yl5ergphvnlr8k0
Competition: Cameroon Elite One (Cameroon)
Match: Canon Yaounde vs Colombe du Dja et Lobo
Score: 0 - 0 (HT: 0 - 0)
Status: Postponed (Status ID: 9)

--- MATCH BETTING ODDS ---


--- MATCH ENVIRONMENT ---
No environment data available for this match


==================================================
MATCH #61 OF 78
==================================================

----- MATCH SUMMARY -----
Timestamp: 2025-04-30 11:00:19 ET
Competition ID: e4wyrn4hdzvq86p
Competition: Poland Liga 3 (Poland)
Match: Cracovia II vs GKS Glinik Gorlice
Score: 3 - 2 (HT: 1 - 0)
Status: Second half (Status ID: 4)

--- MATCH BETTING ODDS ---
ML (Money Line):
Time: 4 min | Home: -303 | Draw: +450 | Away: +550

SPREAD (Asia Handicap):
Time: 4 min | Home: -122 | Handicap: 1.5 | Away: -103

Over/Under:
Time: 4 min | Over: +102 | Line: 3.25 | Under: -130

--- MATCH ENVIRONMENT ---
Weather: Partially cloudy
Wind: 3.1m/s
Humidity: 33%


==================================================
MATCH #62 OF 78
==================================================

----- MATCH SUMMARY -----
Timestamp: 2025-04-30 11:00:21 ET
Competition ID: yl5ergphvnlr8k0
Competition: Cameroon Elite One (Cameroon)
Match: Union Douala vs Panthere Sportive du Nde
Score: 0 - 0 (HT: 0 - 0)
Status: Postponed (Status ID: 9)

--- MATCH BETTING ODDS ---


--- MATCH ENVIRONMENT ---
No environment data available for this match


==================================================
MATCH #63 OF 78
==================================================

----- MATCH SUMMARY -----
Timestamp: 2025-04-30 11:00:23 ET
Competition ID: yl5ergphvnlr8k0
Competition: Cameroon Elite One (Cameroon)
Match: Bamboutos de vs Coton Sport
Score: 0 - 0 (HT: 0 - 0)
Status: Abandoned (Status ID: 13)

--- MATCH BETTING ODDS ---


--- MATCH ENVIRONMENT ---
No environment data available for this match


==================================================
MATCH #64 OF 78
==================================================

----- MATCH SUMMARY -----
Timestamp: 2025-04-30 11:00:24 ET
Competition ID: p3glrw7hwylqdyj
Competition: Lebanese Premier League (Lebanon)
Match: Al Nejmeh SC vs CS Sagesse
Score: 0 - 0 (HT: 0 - 0)
Status: Abandoned (Status ID: 13)

--- MATCH BETTING ODDS ---
ML (Money Line):
Time: pre-match min | Home: -125 | Draw: +240 | Away: +275 (Closest time to minutes 4-6 available: pre-match)

SPREAD (Asia Handicap):
Time: pre-match min | Home: -118 | Handicap: 0.5 | Away: -105 (Closest time to minutes 4-6 available: pre-match)

Over/Under:
Time: pre-match min | Over: +102 | Line: 2.25 | Under: -130 (Closest time to minutes 4-6 available: pre-match)

--- MATCH ENVIRONMENT ---
No environment data available for this match


==================================================
MATCH #65 OF 78
==================================================

----- MATCH SUMMARY -----
Timestamp: 2025-04-30 11:00:25 ET
Competition ID: 56ypq3nhepnmd7o
Competition: IRQ D2 (Iraq)
Match: Peshmerga Sulaymaniya SC vs Masafi Al-Junoob
Score: 1 - 0 (HT: 0 - 0)
Status: Finished (Status ID: 8)

--- MATCH BETTING ODDS ---
ML (Money Line):
Time: 4 min | Home: +160 | Draw: +175 | Away: +200

SPREAD (Asia Handicap):
Time: 7 min | Home: +108 | Handicap: 0.25 | Away: -161 (Closest time to minutes 4-6 available: 7)

Over/Under:
Time: 4 min | Over: +105 | Line: 2.0 | Under: -133

--- MATCH ENVIRONMENT ---
No environment data available for this match


==================================================
MATCH #66 OF 78
==================================================

----- MATCH SUMMARY -----
Timestamp: 2025-04-30 11:00:26 ET
Competition ID: 9vjxm8ghgy0r6od
Competition: Uganda Premier League (Uganda)
Match: Mbarara City vs NEC FC Bugolobi
Score: 1 - 2 (HT: 0 - 0)
Status: Finished (Status ID: 8)

--- MATCH BETTING ODDS ---
ML (Money Line):
Time: 4 min | Home: +550 | Draw: +250 | Away: -189

SPREAD (Asia Handicap):
Time: 4 min | Home: -125 | Handicap: -1.0 | Away: +100

Over/Under:
Time: 4 min | Over: -111 | Line: 2.0 | Under: -111

--- MATCH ENVIRONMENT ---
Weather: Snowy
Wind: 4.3m/s
Humidity: 71%


==================================================
MATCH #67 OF 78
==================================================

----- MATCH SUMMARY -----
Timestamp: 2025-04-30 11:00:27 ET
Competition ID: yl5ergphvnlr8k0
Competition: Cameroon Elite One (Cameroon)
Match: PWD de Bamenda vs Les Astres FC
Score: 0 - 0 (HT: 0 - 0)
Status: Postponed (Status ID: 9)

--- MATCH BETTING ODDS ---


--- MATCH ENVIRONMENT ---
No environment data available for this match


==================================================
MATCH #68 OF 78
==================================================

----- MATCH SUMMARY -----
Timestamp: 2025-04-30 11:00:28 ET
Competition ID: 56ypq3nhepnmd7o
Competition: IRQ D2 (Iraq)
Match: Kadhimiya SC vs Naft Al-Wassat SC
Score: 2 - 0 (HT: 0 - 0)
Status: Second half (Status ID: 4)

--- MATCH BETTING ODDS ---
ML (Money Line):
Time: 4 min | Home: -164 | Draw: +240 | Away: +450

SPREAD (Asia Handicap):
Time: 4 min | Home: -118 | Handicap: 0.75 | Away: -105

Over/Under:
Time: 4 min | Over: +102 | Line: 2.0 | Under: -130

--- MATCH ENVIRONMENT ---
Weather: Sunny
Wind: 3.2m/s
Humidity: 19%


==================================================
MATCH #69 OF 78
==================================================

----- MATCH SUMMARY -----
Timestamp: 2025-04-30 11:00:29 ET
Competition ID: 56ypq3nhepnmd7o
Competition: IRQ D2 (Iraq)
Match: Al-Masafi vs Al Gharraf
Score: 1 - 1 (HT: 0 - 0)
Status: Second half (Status ID: 4)

--- MATCH BETTING ODDS ---
ML (Money Line):
Time: 4 min | Home: +200 | Draw: +210 | Away: +130

SPREAD (Asia Handicap):
Time: 4 min | Home: +112 | Handicap: 0.0 | Away: -169

Over/Under:
Time: 4 min | Over: +102 | Line: 2.25 | Under: -130

--- MATCH ENVIRONMENT ---
Weather: Sunny
Wind: 3.2m/s
Humidity: 20%


==================================================
MATCH #70 OF 78
==================================================

----- MATCH SUMMARY -----
Timestamp: 2025-04-30 11:00:30 ET
Competition ID: 56ypq3nhepnmd7o
Competition: IRQ D2 (Iraq)
Match: Al Ramadi vs Al Bahri
Score: 0 - 0 (HT: 0 - 0)
Status: Abandoned (Status ID: 13)

--- MATCH BETTING ODDS ---
ML (Money Line):
Time: pre-match min | Home: +190 | Draw: +155 | Away: +162 (Closest time to minutes 4-6 available: pre-match)

SPREAD (Asia Handicap):
Time: pre-match min | Home: +100 | Handicap: 0.0 | Away: -125 (Closest time to minutes 4-6 available: pre-match)

Over/Under:
Time: pre-match min | Over: -111 | Line: 1.75 | Under: -111 (Closest time to minutes 4-6 available: pre-match)

--- MATCH ENVIRONMENT ---
Weather: Sunny
Wind: 3.2m/s
Humidity: 13%


==================================================
MATCH #71 OF 78
==================================================

----- MATCH SUMMARY -----
Timestamp: 2025-04-30 11:00:31 ET
Competition ID: 56ypq3nhepnmd7o
Competition: IRQ D2 (Iraq)
Match: Amanat Baghdad vs Afak SC
Score: 1 - 1 (HT: 1 - 0)
Status: Second half (Status ID: 4)

--- MATCH BETTING ODDS ---
ML (Money Line):
Time: 4 min | Home: -125 | Draw: +220 | Away: +350

SPREAD (Asia Handicap):
Time: 4 min | Home: -122 | Handicap: 0.5 | Away: -103

Over/Under:
Time: 4 min | Over: -105 | Line: 2.0 | Under: -118

--- MATCH ENVIRONMENT ---
Weather: Sunny
Wind: 3.2m/s
Humidity: 19%


==================================================
MATCH #72 OF 78
==================================================

----- MATCH SUMMARY -----
Timestamp: 2025-04-30 11:00:32 ET
Competition ID: 9vjxm8ghgy0r6od
Competition: Uganda Premier League (Uganda)
Match: Mbale Heroes vs Ma Lu
Score: 0 - 1 (HT: 0 - 1)
Status: Finished (Status ID: 8)

--- MATCH BETTING ODDS ---

SPREAD (Asia Handicap):
Time: 4 min | Home: -101 | Handicap: -0.5 | Away: -128

Over/Under:
Time: 4 min | Over: -128 | Line: 2.5 | Under: -116

--- MATCH ENVIRONMENT ---
Weather: Cloudy
Wind: 3.7m/s
Humidity: 59%


==================================================
MATCH #73 OF 78
==================================================

----- MATCH SUMMARY -----
Timestamp: 2025-04-30 11:00:36 ET
Competition ID: 9dn1m1gh8zomoep
Competition: Kenya Football League (Kenya)
Match: Darajani Gogo vs MOFA FC
Score: 4 - 0 (HT: 3 - 0)
Status: Finished (Status ID: 8)

--- MATCH BETTING ODDS ---
ML (Money Line):
Time: 4 min | Home: -303 | Draw: +375 | Away: +650

SPREAD (Asia Handicap):
Time: 4 min | Home: -125 | Handicap: 0.25 | Away: +100

Over/Under:
Time: 4 min | Over: +102 | Line: 3.25 | Under: -130

--- MATCH ENVIRONMENT ---
Weather: Partially cloudy
Wind: 5.6m/s
Humidity: 57%


==================================================
MATCH #74 OF 78
==================================================

----- MATCH SUMMARY -----
Timestamp: 2025-04-30 11:00:37 ET
Competition ID: kdj2ryohpeq1zpg
Competition: Armenian First League (Armenia)
Match: Nikarm vs Pyunik B
Score: 0 - 2 (HT: 0 - 1)
Status: Finished (Status ID: 8)

--- MATCH BETTING ODDS ---


--- MATCH ENVIRONMENT ---
Weather: Partially cloudy
Wind: 3.2m/s
Humidity: 72%


==================================================
MATCH #75 OF 78
==================================================

----- MATCH SUMMARY -----
Timestamp: 2025-04-30 11:00:38 ET
Competition ID: l965mkyhg0r1ge4
Competition: Sweden Allsvenskan (Sweden)
Match: Malmo FF vs Osters IF
Score: 2 - 0 (HT: 1 - 0)
Status: Finished (Status ID: 8)

--- MATCH BETTING ODDS ---
ML (Money Line):
Time: 6 min | Home: -400 | Draw: +500 | Away: +1100

SPREAD (Asia Handicap):
Time: 4 min | Home: -115 | Handicap: 1.75 | Away: -109

Over/Under:
Time: 4 min | Over: -109 | Line: 3.0 | Under: -115

--- MATCH ENVIRONMENT ---
Weather: Sunny
Wind: 4.1m/s
Humidity: 50%


==================================================
MATCH #76 OF 78
==================================================

----- MATCH SUMMARY -----
Timestamp: 2025-04-30 11:00:40 ET
Competition ID: 9k82rekhgorepzj
Competition: Turkish First League (Turkey)
Match: Adanaspor vs Genclerbirligi
Score: 0 - 5 (HT: 0 - 1)
Status: Finished (Status ID: 8)

--- MATCH BETTING ODDS ---
ML (Money Line):
Time: 4 min | Home: +1600 | Draw: +900 | Away: -1000

SPREAD (Asia Handicap):
Time: 4 min | Home: -115 | Handicap: -2.75 | Away: -109

Over/Under:
Time: 4 min | Over: +100 | Line: 4.25 | Under: -125

--- MATCH ENVIRONMENT ---
Weather: Partially cloudy
Wind: 5.3m/s
Humidity: 53%


==================================================
MATCH #77 OF 78
==================================================

----- MATCH SUMMARY -----
Timestamp: 2025-04-30 11:00:41 ET
Competition ID: 56ypq3nhzogmd7o
Competition: Portuguese Champions Nacional Juniores A 2 (Portugal)
Match: Vitoria SC Guimaraes U19 vs Tondela U19
Score: 1 - 2 (HT: 0 - 1)
Status: Finished (Status ID: 8)

--- MATCH BETTING ODDS ---
ML (Money Line):
Time: pre-match min | Home: +15000 | Draw: +2200 | Away: -10000 (Closest time to minutes 4-6 available: pre-match)

SPREAD (Asia Handicap):
Time: pre-match min | Home: -333 | Handicap: 0.0 | Away: +245 (Closest time to minutes 4-6 available: pre-match)

Over/Under:
Time: pre-match min | Over: +900 | Line: 3.5 | Under: -1667 (Closest time to minutes 4-6 available: pre-match)

--- MATCH ENVIRONMENT ---
Weather: Foggy
Wind: 3.7m/s
Humidity: 91%


==================================================
MATCH #78 OF 78
==================================================

----- MATCH SUMMARY -----
Timestamp: 2025-04-30 11:00:42 ET
Competition ID: v2y8m4zhgxoql07
Competition: Western Australia Women's League (Australia)
Match: Balcatta (w) vs Murdoch University Melville FC (w)
Score: 5 - 0 (HT: 3 - 0)
Status: Finished (Status ID: 8)

--- MATCH BETTING ODDS ---
ML (Money Line):
Time: 4 min | Home: -3333 | Draw: +1400 | Away: +5000

SPREAD (Asia Handicap):
Time: 4 min | Home: +100 | Handicap: 3.5 | Away: -125

Over/Under:
Time: 4 min | Over: -115 | Line: 3.75 | Under: -109

--- MATCH ENVIRONMENT ---
Weather: Sunny
Wind: 5.3m/s
Humidity: 37%


==================================================
END OF LIVE MATCH DATA - 78 MATCHES DISPLAYED
==================================================
Refreshing in 30 seconds... (Press Ctrl+C to exit)

================================================================================


================================================================================
FETCH TIMESTAMP: 2025-04-30 11:02:54 ET
================================================================================

Fetching country data...
Fetching live matches...

===== FOUND 76 LIVE FOOTBALL MATCHES =====

Last updated: 2025-04-30 15:01:13
==================================================
MATCH #1 OF 76
==================================================

----- MATCH SUMMARY -----
Timestamp: 2025-04-30 11:01:15 ET
Competition ID: gy0or5jhn9qwzv3
Competition: Lithuanian Cup (Lithuania)
Match: Kazlu Ruda Kaunas vs BE1 NFA
Score: 0 - 0 (HT: 0 - 0)
Status: Postponed (Status ID: 9)

--- MATCH BETTING ODDS ---


--- MATCH ENVIRONMENT ---
No environment data available for this match


==================================================
MATCH #2 OF 76
==================================================

----- MATCH SUMMARY -----
Timestamp: 2025-04-30 11:01:16 ET
Competition ID: 9dn1m1ghew6moep
Competition: Spanish Tercera División RFEF (Spain)
Match: CD Gerena vs Ceuta B
Score: 0 - 0 (HT: 0 - 0)
Status: First half (Status ID: 2)

--- MATCH BETTING ODDS ---

SPREAD (Asia Handicap):
Time: pre-match min | Home: -115 | Handicap: -1.25 | Away: -111 (Closest time to minutes 4-6 available: pre-match)

Over/Under:
Time: pre-match min | Over: -130 | Line: 2.5 | Under: -115 (Closest time to minutes 4-6 available: pre-match)

--- MATCH ENVIRONMENT ---
Weather: Unknown (10)
Wind: 1.5m/s
Humidity: 84%


==================================================
MATCH #3 OF 76
==================================================

----- MATCH SUMMARY -----
Timestamp: 2025-04-30 11:01:18 ET
Competition ID: kjw2r09hwwyrz84
Competition: Croatian Second Football League (Croatia)
Match: Nk Neretvanac Opuzen vs NK Primorac Biograd
Score: 0 - 0 (HT: 0 - 0)
Status: First half (Status ID: 2)

--- MATCH BETTING ODDS ---
ML (Money Line):
Time: 1 min | Home: -152 | Draw: +260 | Away: +375 (Closest time to minutes 4-6 available: 1)

SPREAD (Asia Handicap):
Time: 2 min | Home: -130 | Handicap: 0.75 | Away: +102 (Closest time to minutes 4-6 available: 2)

Over/Under:
Time: 2 min | Over: -122 | Line: 2.5 | Under: -103 (Closest time to minutes 4-6 available: 2)

--- MATCH ENVIRONMENT ---
Weather: Sunny
Wind: 4.8m/s
Humidity: 32%


==================================================
MATCH #4 OF 76
==================================================

----- MATCH SUMMARY -----
Timestamp: 2025-04-30 11:01:19 ET
Competition ID: kjw2r09hwwyrz84
Competition: Croatian Second Football League (Croatia)
Match: NK Vodice vs NK Hrvatski VP
Score: 0 - 0 (HT: 0 - 0)
Status: First half (Status ID: 2)

--- MATCH BETTING ODDS ---
ML (Money Line):
Time: 3 min | Home: -152 | Draw: +260 | Away: +375 (Closest time to minutes 4-6 available: 3)

SPREAD (Asia Handicap):
Time: 3 min | Home: -103 | Handicap: 1.0 | Away: -122 (Closest time to minutes 4-6 available: 3)

Over/Under:
Time: 3 min | Over: -122 | Line: 3.0 | Under: -103 (Closest time to minutes 4-6 available: 3)

--- MATCH ENVIRONMENT ---
Weather: Sunny
Wind: 6.5m/s
Humidity: 46%


==================================================
MATCH #5 OF 76
==================================================

----- MATCH SUMMARY -----
Timestamp: 2025-04-30 11:01:20 ET
Competition ID: p3glrw7hwzlqdyj
Competition: CAF African Youth Championship (Unknown Country)
Match: South Africa U20 vs Tanzania U20
Score: 0 - 0 (HT: 0 - 0)
Status: First half (Status ID: 2)

--- MATCH BETTING ODDS ---
ML (Money Line):
Time: 3 min | Home: -133 | Draw: +240 | Away: +333 (Closest time to minutes 4-6 available: 3)

SPREAD (Asia Handicap):
Time: 3 min | Home: -125 | Handicap: 0.5 | Away: -102 (Closest time to minutes 4-6 available: 3)

Over/Under:
Time: 3 min | Over: +138 | Line: 2.5 | Under: -208 (Closest time to minutes 4-6 available: 3)

--- MATCH ENVIRONMENT ---
Weather: Partially cloudy
Wind: 13.m/s
Humidity: 34%


==================================================
MATCH #6 OF 76
==================================================

----- MATCH SUMMARY -----
Timestamp: 2025-04-30 11:01:21 ET
Competition ID: gy0or5jhexdqwzv
Competition: Ethiopia Premier League (Ethiopia)
Match: Adama City vs Welwalo Adigrat
Score: 0 - 0 (HT: 0 - 0)
Status: First half (Status ID: 2)

--- MATCH BETTING ODDS ---
ML (Money Line):
Time: pre-match min | Home: +125 | Draw: +190 | Away: +210 (Closest time to minutes 4-6 available: pre-match)

SPREAD (Asia Handicap):
Time: 1 min | Home: -105 | Handicap: 0.25 | Away: -118 (Closest time to minutes 4-6 available: 1)

Over/Under:
Time: 1 min | Over: -182 | Line: 1.5 | Under: +120 (Closest time to minutes 4-6 available: 1)

--- MATCH ENVIRONMENT ---
Weather: Windy
Wind: 6.1m/s
Humidity: 35%


==================================================
MATCH #7 OF 76
==================================================

----- MATCH SUMMARY -----
Timestamp: 2025-04-30 11:01:23 ET
Competition ID: vl7oqdeholr510j
Competition: Latvian Higher League (Latvia)
Match: Tukums-2000 vs BFC Daugavpils
Score: 0 - 0 (HT: 0 - 0)
Status: First half (Status ID: 2)

--- MATCH BETTING ODDS ---
ML (Money Line):
Time: 3 min | Home: +160 | Draw: +240 | Away: +137 (Closest time to minutes 4-6 available: 3)

SPREAD (Asia Handicap):
Time: 3 min | Home: +100 | Handicap: 0.0 | Away: -125 (Closest time to minutes 4-6 available: 3)

Over/Under:
Time: 3 min | Over: -116 | Line: 2.5 | Under: -104 (Closest time to minutes 4-6 available: 3)

--- MATCH ENVIRONMENT ---
Weather: Partially cloudy
Wind: 7.3m/s
Humidity: 58%


==================================================
MATCH #8 OF 76
==================================================

----- MATCH SUMMARY -----
Timestamp: 2025-04-30 11:01:25 ET
Competition ID: kdj2ryohjn7q1zp
Competition: Cameroon Elite two (Cameroon)
Match: Union Abong-Mbang vs Tonnerre Yaounde
Score: 0 - 0 (HT: 0 - 0)
Status: First half (Status ID: 2)

--- MATCH BETTING ODDS ---


--- MATCH ENVIRONMENT ---
No environment data available for this match


==================================================
MATCH #9 OF 76
==================================================

----- MATCH SUMMARY -----
Timestamp: 2025-04-30 11:01:25 ET
Competition ID: kdj2ryohjn7q1zp
Competition: Cameroon Elite two (Cameroon)
Match: Isohsa Limbe vs Bafmeng United
Score: 0 - 0 (HT: 0 - 0)
Status: First half (Status ID: 2)

--- MATCH BETTING ODDS ---


--- MATCH ENVIRONMENT ---
No environment data available for this match


==================================================
MATCH #10 OF 76
==================================================

----- MATCH SUMMARY -----
Timestamp: 2025-04-30 11:01:27 ET
Competition ID: j1l4rjnhxpvm7vx
Competition: Indian Super Cup (India)
Match: Mumbai City FC  vs Jamshedpur FC
Score: 0 - 0 (HT: 0 - 0)
Status: First half (Status ID: 2)

--- MATCH BETTING ODDS ---
ML (Money Line):
Time: 4 min | Home: +220 | Draw: +260 | Away: +105

SPREAD (Asia Handicap):
Time: 4 min | Home: +100 | Handicap: -0.25 | Away: -125

Over/Under:
Time: 4 min | Over: -112 | Line: 2.5 | Under: -103

--- MATCH ENVIRONMENT ---
Weather: Sunny
Wind: 5.3m/s
Humidity: 69%


==================================================
MATCH #11 OF 76
==================================================

----- MATCH SUMMARY -----
Timestamp: 2025-04-30 11:01:28 ET
Competition ID: kdj2ryohjn7q1zp
Competition: Cameroon Elite two (Cameroon)
Match: Eding Sport FC vs FAP Yaounde
Score: 0 - 0 (HT: 0 - 0)
Status: First half (Status ID: 2)

--- MATCH BETTING ODDS ---
ML (Money Line):
Time: pre-match min | Home: +300 | Draw: +175 | Away: -105 (Closest time to minutes 4-6 available: pre-match)

SPREAD (Asia Handicap):
Time: 4 min | Home: -114 | Handicap: -0.5 | Away: -118

Over/Under:
Time: 4 min | Over: +100 | Line: 2.0 | Under: -130

--- MATCH ENVIRONMENT ---
No environment data available for this match


==================================================
MATCH #12 OF 76
==================================================

----- MATCH SUMMARY -----
Timestamp: 2025-04-30 11:01:29 ET
Competition ID: 9vjxm8gh5lr6odg
Competition: Slovak 2.Liga (Slovakia)
Match: FC Artmedia Petrzalka vs MSK Zilina B
Score: 1 - 0 (HT: 1 - 0)
Status: First half (Status ID: 2)

--- MATCH BETTING ODDS ---

SPREAD (Asia Handicap):
Time: 4 min | Home: -114 | Handicap: 0.75 | Away: -122

Over/Under:
Time: 4 min | Over: -119 | Line: 4.0 | Under: -116

--- MATCH ENVIRONMENT ---
Weather: Sunny
Wind: 1.8m/s
Humidity: 32%


==================================================
MATCH #13 OF 76
==================================================

----- MATCH SUMMARY -----
Timestamp: 2025-04-30 11:01:30 ET
Competition ID: l965mkyh4jdr1ge
Competition: Argentine Reserve League (Argentina)
Match: Acassuso Reserves vs Deportivo Liniers Reserves
Score: 0 - 0 (HT: 0 - 0)
Status: First half (Status ID: 2)

--- MATCH BETTING ODDS ---
ML (Money Line):
Time: 4 min | Home: -120 | Draw: +240 | Away: +275

SPREAD (Asia Handicap):
Time: 4 min | Home: -111 | Handicap: 0.5 | Away: -111

Over/Under:
Time: 4 min | Over: +102 | Line: 2.5 | Under: -130

--- MATCH ENVIRONMENT ---
No environment data available for this match


==================================================
MATCH #14 OF 76
==================================================

----- MATCH SUMMARY -----
Timestamp: 2025-04-30 11:01:32 ET
Competition ID: v2y8m4zhg91ql07
Competition: Greek Amateur Cup (Greece)
Match: Kyanos Astir Varis vs Aris Voulas FC
Score: 1 - 1 (HT: 1 - 1)
Status: First half (Status ID: 2)

--- MATCH BETTING ODDS ---
ML (Money Line):
Time: 5 min | Home: -152 | Draw: +275 | Away: +375

SPREAD (Asia Handicap):
Time: 6 min | Home: -133 | Handicap: 0.75 | Away: -111

Over/Under:
Time: 4 min | Over: -122 | Line: 2.5 | Under: -123

--- MATCH ENVIRONMENT ---
No environment data available for this match


==================================================
MATCH #15 OF 76
==================================================

----- MATCH SUMMARY -----
Timestamp: 2025-04-30 11:01:33 ET
Competition ID: z8yomo4h7vvq0j6
Competition: Uzbekistan Cup (Uzbekistan)
Match: Neftchi Fargona vs Fergana University
Score: 2 - 0 (HT: 2 - 0)
Status: First half (Status ID: 2)

--- MATCH BETTING ODDS ---
ML (Money Line):
Time: 4 min | Home: -455 | Draw: +500 | Away: +800

SPREAD (Asia Handicap):
Time: 4 min | Home: -125 | Handicap: 1.75 | Away: +100

Over/Under:
Time: 4 min | Over: -118 | Line: 2.75 | Under: -105

--- MATCH ENVIRONMENT ---
Weather: Partially cloudy
Wind: 4.3m/s
Humidity: 37%


==================================================
MATCH #16 OF 76
==================================================

----- MATCH SUMMARY -----
Timestamp: 2025-04-30 11:01:34 ET
Competition ID: 9dn1m1ghe56moep
Competition: North Macedonia Women's League (North Macedonia)
Match: ZFK Skopje 2014 (w) vs ZFK Atletiko Bitola (W)
Score: 1 - 0 (HT: 1 - 0)
Status: Half-time break (Status ID: 3)

--- MATCH BETTING ODDS ---
ML (Money Line):
Time: 4 min | Home: -909 | Draw: +650 | Away: +1200

SPREAD (Asia Handicap):
Time: 5 min | Home: -115 | Handicap: 2.5 | Away: -130

Over/Under:
Time: 4 min | Over: -103 | Line: 3.25 | Under: -122

--- MATCH ENVIRONMENT ---
No environment data available for this match


==================================================
MATCH #17 OF 76
==================================================

----- MATCH SUMMARY -----
Timestamp: 2025-04-30 11:01:35 ET
Competition ID: l965mkyh4jdr1ge
Competition: Argentine Reserve League (Argentina)
Match: Defensores de Belgrano Reserves vs Gimnasia Mendoza Reserves
Score: 1 - 2 (HT: 1 - 2)
Status: Half-time break (Status ID: 3)

--- MATCH BETTING ODDS ---
ML (Money Line):
Time: 3 min | Home: -111 | Draw: +220 | Away: +300 (Closest time to minutes 4-6 available: 3)

SPREAD (Asia Handicap):
Time: 4 min | Home: -111 | Handicap: 0.5 | Away: -114

Over/Under:
Time: 4 min | Over: -108 | Line: 2.25 | Under: -130

--- MATCH ENVIRONMENT ---
No environment data available for this match


==================================================
MATCH #18 OF 76
==================================================

----- MATCH SUMMARY -----
Timestamp: 2025-04-30 11:01:36 ET
Competition ID: l965mkyh4jdr1ge
Competition: Argentine Reserve League (Argentina)
Match: Temperley Reserves vs Chacarita Juniors Reserves
Score: 0 - 0 (HT: 0 - 0)
Status: Half-time break (Status ID: 3)

--- MATCH BETTING ODDS ---
ML (Money Line):
Time: 4 min | Home: -105 | Draw: +225 | Away: +260

SPREAD (Asia Handicap):
Time: 4 min | Home: +100 | Handicap: 0.5 | Away: -125

Over/Under:
Time: 4 min | Over: -125 | Line: 2.0 | Under: +100

--- MATCH ENVIRONMENT ---
No environment data available for this match


==================================================
MATCH #19 OF 76
==================================================

----- MATCH SUMMARY -----
Timestamp: 2025-04-30 11:01:37 ET
Competition ID: l965mkyh4jdr1ge
Competition: Argentine Reserve League (Argentina)
Match: CA Lugano Reserves vs Berazategui Reserves
Score: 0 - 0 (HT: 0 - 0)
Status: Half-time break (Status ID: 3)

--- MATCH BETTING ODDS ---
ML (Money Line):
Time: 3 min | Home: +200 | Draw: +225 | Away: +120 (Closest time to minutes 4-6 available: 3)

SPREAD (Asia Handicap):
Time: 4 min | Home: -130 | Handicap: -0.25 | Away: -108

Over/Under:
Time: 4 min | Over: -118 | Line: 2.5 | Under: -118

--- MATCH ENVIRONMENT ---
Weather: Sunny
Wind: 2.9m/s
Humidity: 61%


==================================================
MATCH #20 OF 76
==================================================

----- MATCH SUMMARY -----
Timestamp: 2025-04-30 11:01:39 ET
Competition ID: l965mkyh4jdr1ge
Competition: Argentine Reserve League (Argentina)
Match: Real Pilar Reserves vs Deportivo Merlo Reserves
Score: 0 - 0 (HT: 0 - 0)
Status: Half-time break (Status ID: 3)

--- MATCH BETTING ODDS ---
ML (Money Line):
Time: 6 min | Home: +130 | Draw: +240 | Away: +175

SPREAD (Asia Handicap):
Time: 4 min | Home: -104 | Handicap: 0.25 | Away: -130

Over/Under:
Time: 4 min | Over: -122 | Line: 2.25 | Under: -103

--- MATCH ENVIRONMENT ---
No environment data available for this match


==================================================
MATCH #21 OF 76
==================================================

----- MATCH SUMMARY -----
Timestamp: 2025-04-30 11:01:41 ET
Competition ID: 56ypq3nh01nmd7o
Competition: Egyptian Premier League (Egypt)
Match: Haras El Hodood vs Pyramids FC
Score: 0 - 1 (HT: 0 - 1)
Status: Half-time break (Status ID: 3)

--- MATCH BETTING ODDS ---
ML (Money Line):
Time: 4 min | Home: +650 | Draw: +275 | Away: -200

SPREAD (Asia Handicap):
Time: 4 min | Home: -103 | Handicap: -1.0 | Away: -122

Over/Under:
Time: 4 min | Over: +100 | Line: 2.25 | Under: -125

--- MATCH ENVIRONMENT ---
Weather: Partially cloudy
Wind: 6.1m/s
Humidity: 70%


==================================================
MATCH #22 OF 76
==================================================

----- MATCH SUMMARY -----
Timestamp: 2025-04-30 11:01:42 ET
Competition ID: kdj2ryohjn7q1zp
Competition: Cameroon Elite two (Cameroon)
Match: Djiko FC de Bandjoun vs Fovu de Baham
Score: 0 - 0 (HT: 0 - 0)
Status: Abandoned (Status ID: 13)

--- MATCH BETTING ODDS ---


--- MATCH ENVIRONMENT ---
No environment data available for this match


==================================================
MATCH #23 OF 76
==================================================

----- MATCH SUMMARY -----
Timestamp: 2025-04-30 11:01:43 ET
Competition ID: 9k82rekhokorepz
Competition: Namibia Premier League (Namibia)
Match: Young Africans Sports Club vs Mighty Gunners
Score: 0 - 0 (HT: 0 - 0)
Status: Abandoned (Status ID: 13)

--- MATCH BETTING ODDS ---


--- MATCH ENVIRONMENT ---
No environment data available for this match


==================================================
MATCH #24 OF 76
==================================================

----- MATCH SUMMARY -----
Timestamp: 2025-04-30 11:01:44 ET
Competition ID: e4wyrn4hdzvq86p
Competition: Poland Liga 3 (Poland)
Match: Polonia Lidzbark vs Sieradz
Score: 0 - 0 (HT: 0 - 0)
Status: Half-time break (Status ID: 3)

--- MATCH BETTING ODDS ---


--- MATCH ENVIRONMENT ---
No environment data available for this match


==================================================
MATCH #25 OF 76
==================================================

----- MATCH SUMMARY -----
Timestamp: 2025-04-30 11:01:45 ET
Competition ID: e4wyrn4hdzvq86p
Competition: Poland Liga 3 (Poland)
Match: Warta Gorzów Wielkopolski vs Lechia Zielona Gora
Score: 0 - 0 (HT: 0 - 0)
Status: Half-time break (Status ID: 3)

--- MATCH BETTING ODDS ---
ML (Money Line):
Time: 4 min | Home: +125 | Draw: +260 | Away: +162

SPREAD (Asia Handicap):
Time: 4 min | Home: -152 | Handicap: 0.0 | Away: +102

Over/Under:
Time: 4 min | Over: -103 | Line: 2.75 | Under: -122

--- MATCH ENVIRONMENT ---
Weather: Windy
Wind: 3.1m/s
Humidity: 44%


==================================================
MATCH #26 OF 76
==================================================

----- MATCH SUMMARY -----
Timestamp: 2025-04-30 11:01:47 ET
Competition ID: v2y8m4zhw4ql074
Competition: Romanian Liga II (Romania)
Match: Steaua Bucuresti vs FK Csikszereda Miercurea Ciuc
Score: 0 - 0 (HT: 0 - 0)
Status: Half-time break (Status ID: 3)

--- MATCH BETTING ODDS ---
ML (Money Line):
Time: 4 min | Home: +160 | Draw: +162 | Away: +210

SPREAD (Asia Handicap):
Time: 4 min | Home: -133 | Handicap: 0.0 | Away: +105

Over/Under:
Time: 4 min | Over: +102 | Line: 2.0 | Under: -130

--- MATCH ENVIRONMENT ---
Weather: Sunny
Wind: 1.2m/s
Humidity: 31%


==================================================
MATCH #27 OF 76
==================================================

----- MATCH SUMMARY -----
Timestamp: 2025-04-30 11:01:48 ET
Competition ID: 9dn1m1gh84pmoep
Competition: Portuguese U23 League (Portugal)
Match: Benfica U23 vs Vizela U23
Score: 1 - 1 (HT: 1 - 1)
Status: Half-time break (Status ID: 3)

--- MATCH BETTING ODDS ---
ML (Money Line):
Time: 4 min | Home: -152 | Draw: +300 | Away: +300

SPREAD (Asia Handicap):
Time: 4 min | Home: -122 | Handicap: 0.75 | Away: -103

Over/Under:
Time: 4 min | Over: -118 | Line: 3.0 | Under: -105

--- MATCH ENVIRONMENT ---
Weather: Partially cloudy
Wind: 3.7m/s
Humidity: 64%


==================================================
MATCH #28 OF 76
==================================================

----- MATCH SUMMARY -----
Timestamp: 2025-04-30 11:01:50 ET
Competition ID: 9dn1m1gh84pmoep
Competition: Portuguese U23 League (Portugal)
Match: Gil Vicente U23 vs Estoril U23
Score: 1 - 0 (HT: 1 - 0)
Status: Half-time break (Status ID: 3)

--- MATCH BETTING ODDS ---
ML (Money Line):
Time: 4 min | Home: +125 | Draw: +260 | Away: +175

SPREAD (Asia Handicap):
Time: 4 min | Home: +100 | Handicap: 0.25 | Away: -125

Over/Under:
Time: 4 min | Over: -114 | Line: 2.75 | Under: -106

--- MATCH ENVIRONMENT ---
Weather: Unknown (10)
Wind: 4.5m/s
Humidity: 93%


==================================================
MATCH #29 OF 76
==================================================

----- MATCH SUMMARY -----
Timestamp: 2025-04-30 11:01:51 ET
Competition ID: 9dn1m1gh84pmoep
Competition: Portuguese U23 League (Portugal)
Match: Sporting CP U23 vs Estrela FC U23
Score: 0 - 0 (HT: 0 - 0)
Status: Half-time break (Status ID: 3)

--- MATCH BETTING ODDS ---
ML (Money Line):
Time: 4 min | Home: -164 | Draw: +275 | Away: +375

SPREAD (Asia Handicap):
Time: 4 min | Home: -125 | Handicap: 0.75 | Away: +100

Over/Under:
Time: 4 min | Over: -105 | Line: 2.5 | Under: -118

--- MATCH ENVIRONMENT ---
Weather: Partially cloudy
Wind: 3.7m/s
Humidity: 64%


==================================================
MATCH #30 OF 76
==================================================

----- MATCH SUMMARY -----
Timestamp: 2025-04-30 11:01:52 ET
Competition ID: p4jwq2ghv1vm0ve
Competition: Rwandan Cup (Rwanda)
Match: APR FC vs Police(RWA)
Score: 1 - 0 (HT: 1 - 0)
Status: Half-time break (Status ID: 3)

--- MATCH BETTING ODDS ---
ML (Money Line):
Time: 5 min | Home: -175 | Draw: +225 | Away: +550

SPREAD (Asia Handicap):
Time: 4 min | Home: -105 | Handicap: 1.0 | Away: -141

Over/Under:
Time: 4 min | Over: -103 | Line: 2.0 | Under: -122

--- MATCH ENVIRONMENT ---
Weather: Snowy
Wind: 2.6m/s
Humidity: 79%


==================================================
MATCH #31 OF 76
==================================================

----- MATCH SUMMARY -----
Timestamp: 2025-04-30 11:01:54 ET
Competition ID: kjw2r09hl1wrz84
Competition: Tunisian Professional League 2 (Tunisia)
Match: CS.Hammam-Lif vs Megrine
Score: 0 - 0 (HT: 0 - 0)
Status: Half-time break (Status ID: 3)

--- MATCH BETTING ODDS ---

SPREAD (Asia Handicap):
Time: 21 min | Home: +121 | Handicap: -0.5 | Away: -182 (Closest time to minutes 4-6 available: 21)

Over/Under:
Time: 18 min | Over: -132 | Line: 2.25 | Under: -114 (Closest time to minutes 4-6 available: 18)

--- MATCH ENVIRONMENT ---
No environment data available for this match


==================================================
MATCH #32 OF 76
==================================================

----- MATCH SUMMARY -----
Timestamp: 2025-04-30 11:01:55 ET
Competition ID: kjw2r09hl1wrz84
Competition: Tunisian Professional League 2 (Tunisia)
Match: Croissant Msaken vs Stade Africain Menzel Bourguib
Score: 0 - 0 (HT: 0 - 0)
Status: Half-time break (Status ID: 3)

--- MATCH BETTING ODDS ---

SPREAD (Asia Handicap):
Time: 4 min | Home: -122 | Handicap: 0.5 | Away: +100

Over/Under:
Time: 4 min | Over: -112 | Line: 1.5 | Under: -110

--- MATCH ENVIRONMENT ---
Weather: Partially cloudy
Wind: 8.1m/s
Humidity: 45%


==================================================
MATCH #33 OF 76
==================================================

----- MATCH SUMMARY -----
Timestamp: 2025-04-30 11:01:56 ET
Competition ID: kjw2r09hl1wrz84
Competition: Tunisian Professional League 2 (Tunisia)
Match: AS Kasserine vs AS jelma
Score: 1 - 0 (HT: 1 - 0)
Status: Half-time break (Status ID: 3)

--- MATCH BETTING ODDS ---

Over/Under:
Time: pre-match min | Over: +160 | Line: 2.5 | Under: -244 (Closest time to minutes 4-6 available: pre-match)

--- MATCH ENVIRONMENT ---
No environment data available for this match


==================================================
MATCH #34 OF 76
==================================================

----- MATCH SUMMARY -----
Timestamp: 2025-04-30 11:01:57 ET
Competition ID: kn54qllhey9qvy9
Competition: Egyptian Division 2 (Egypt)
Match: Team FC Cairo vs Al Nasr Cairo
Score: 1 - 1 (HT: 1 - 1)
Status: Second half (Status ID: 4)

--- MATCH BETTING ODDS ---
ML (Money Line):
Time: 11 min | Home: +162 | Draw: +250 | Away: +137 (Closest time to minutes 4-6 available: 11)

SPREAD (Asia Handicap):
Time: 11 min | Home: -139 | Handicap: 0.75 | Away: +107 (Closest time to minutes 4-6 available: 11)

Over/Under:
Time: 11 min | Over: -122 | Line: 3.0 | Under: -103 (Closest time to minutes 4-6 available: 11)

--- MATCH ENVIRONMENT ---
No environment data available for this match


==================================================
MATCH #35 OF 76
==================================================

----- MATCH SUMMARY -----
Timestamp: 2025-04-30 11:01:59 ET
Competition ID: kn54qllhey9qvy9
Competition: Egyptian Division 2 (Egypt)
Match: Aswan vs El Mansoura
Score: 1 - 1 (HT: 1 - 1)
Status: Second half (Status ID: 4)

--- MATCH BETTING ODDS ---
ML (Money Line):
Time: 4 min | Home: +187 | Draw: +220 | Away: +137

SPREAD (Asia Handicap):
Time: 4 min | Home: -133 | Handicap: 0.75 | Away: +105

Over/Under:
Time: 4 min | Over: -130 | Line: 3.0 | Under: +102

--- MATCH ENVIRONMENT ---
Weather: Partially cloudy
Wind: 4.0m/s
Humidity: 10%


==================================================
MATCH #36 OF 76
==================================================

----- MATCH SUMMARY -----
Timestamp: 2025-04-30 11:02:00 ET
Competition ID: kn54qllhey9qvy9
Competition: Egyptian Division 2 (Egypt)
Match: Olympic El Qanal vs Proxy SC
Score: 1 - 0 (HT: 1 - 0)
Status: Second half (Status ID: 4)

--- MATCH BETTING ODDS ---
ML (Money Line):
Time: 4 min | Home: +160 | Draw: +175 | Away: +175

SPREAD (Asia Handicap):
Time: 4 min | Home: -110 | Handicap: 0.0 | Away: -110

Over/Under:
Time: 4 min | Over: -130 | Line: 1.75 | Under: +102

--- MATCH ENVIRONMENT ---
Weather: Partially cloudy
Wind: 13.m/s
Humidity: 34%


==================================================
MATCH #37 OF 76
==================================================

----- MATCH SUMMARY -----
Timestamp: 2025-04-30 11:02:01 ET
Competition ID: kn54qllhey9qvy9
Competition: Egyptian Division 2 (Egypt)
Match: Asyut Petroleum vs Abou Qir Fertilizers SC
Score: 1 - 1 (HT: 1 - 1)
Status: Second half (Status ID: 4)

--- MATCH BETTING ODDS ---
ML (Money Line):
Time: 4 min | Home: +350 | Draw: +210 | Away: -125

SPREAD (Asia Handicap):
Time: 4 min | Home: +100 | Handicap: -0.5 | Away: -125

Over/Under:
Time: 4 min | Over: -118 | Line: 2.0 | Under: -105

--- MATCH ENVIRONMENT ---
Weather: Partially cloudy
Wind: 8.7m/s
Humidity: 24%


==================================================
MATCH #38 OF 76
==================================================

----- MATCH SUMMARY -----
Timestamp: 2025-04-30 11:02:03 ET
Competition ID: kn54qllhey9qvy9
Competition: Egyptian Division 2 (Egypt)
Match: Dayrot vs Gazl Kafr Eldwar
Score: 1 - 1 (HT: 0 - 1)
Status: Second half (Status ID: 4)

--- MATCH BETTING ODDS ---
ML (Money Line):
Time: 4 min | Home: +130 | Draw: +175 | Away: +240

SPREAD (Asia Handicap):
Time: 4 min | Home: +100 | Handicap: 0.25 | Away: -125

Over/Under:
Time: 4 min | Over: -122 | Line: 1.5 | Under: -103

--- MATCH ENVIRONMENT ---
Weather: Unknown (8)
Wind: 7.3m/s
Humidity: 32%


==================================================
MATCH #39 OF 76
==================================================

----- MATCH SUMMARY -----
Timestamp: 2025-04-30 11:02:04 ET
Competition ID: e4wyrn4hdzvq86p
Competition: Poland Liga 3 (Poland)
Match: Star Starachowice vs Lewart Lubartow
Score: 4 - 0 (HT: 4 - 0)
Status: Second half (Status ID: 4)

--- MATCH BETTING ODDS ---
ML (Money Line):
Time: 4 min | Home: -303 | Draw: +400 | Away: +600

SPREAD (Asia Handicap):
Time: 4 min | Home: -118 | Handicap: 1.5 | Away: -105

Over/Under:
Time: 4 min | Over: -109 | Line: 3.25 | Under: -115

--- MATCH ENVIRONMENT ---
Weather: Partially cloudy
Wind: 4.1m/s
Humidity: 34%


==================================================
MATCH #40 OF 76
==================================================

----- MATCH SUMMARY -----
Timestamp: 2025-04-30 11:02:06 ET
Competition ID: kn54qllhey9qvy9
Competition: Egyptian Division 2 (Egypt)
Match: Baladiyat El Mahalla vs La Viena
Score: 0 - 0 (HT: 0 - 0)
Status: Second half (Status ID: 4)

--- MATCH BETTING ODDS ---
ML (Money Line):
Time: 5 min | Home: +150 | Draw: +175 | Away: +200

SPREAD (Asia Handicap):
Time: 4 min | Home: -141 | Handicap: 0.0 | Away: +105

Over/Under:
Time: 4 min | Over: -115 | Line: 1.75 | Under: -109

--- MATCH ENVIRONMENT ---
Weather: Partially cloudy
Wind: 7.1m/s
Humidity: 56%


==================================================
MATCH #41 OF 76
==================================================

----- MATCH SUMMARY -----
Timestamp: 2025-04-30 11:02:08 ET
Competition ID: vl7oqdehn11r510
Competition: Tunisian Cup (Tunisia)
Match: J.S. Kairouanaise vs ES du Sahel
Score: 0 - 0 (HT: 0 - 0)
Status: Second half (Status ID: 4)

--- MATCH BETTING ODDS ---
ML (Money Line):
Time: 4 min | Home: +500 | Draw: +220 | Away: -152

SPREAD (Asia Handicap):
Time: 4 min | Home: -109 | Handicap: -0.75 | Away: -115

Over/Under:
Time: 4 min | Over: -103 | Line: 2.0 | Under: -122

--- MATCH ENVIRONMENT ---
Weather: Sunny
Wind: 2.0m/s
Humidity: 30%


==================================================
MATCH #42 OF 76
==================================================

----- MATCH SUMMARY -----
Timestamp: 2025-04-30 11:02:10 ET
Competition ID: jednm9whkg3ryox
Competition: South Africa First League (South Africa)
Match: Milford vs Pretoria Callies
Score: 0 - 2 (HT: 0 - 0)
Status: Finished (Status ID: 8)

--- MATCH BETTING ODDS ---
ML (Money Line):
Time: 4 min | Home: -152 | Draw: +260 | Away: +350

SPREAD (Asia Handicap):
Time: 4 min | Home: -123 | Handicap: 0.5 | Away: -112

Over/Under:
Time: 4 min | Over: -133 | Line: 2.0 | Under: +105

--- MATCH ENVIRONMENT ---
Weather: Sunny
Wind: 1.5m/s
Humidity: 74%


==================================================
MATCH #43 OF 76
==================================================

----- MATCH SUMMARY -----
Timestamp: 2025-04-30 11:02:12 ET
Competition ID: 9k82rekh332repz
Competition: Estonian U19 league (Estonia)
Match: JK Trans Narva U19 vs FC Flora Tallinn U19
Score: 0 - 0 (HT: 0 - 0)
Status: Finished (Status ID: 8)

--- MATCH BETTING ODDS ---
ML (Money Line):
Time: 4 min | Home: +250 | Draw: +450 | Away: -175

SPREAD (Asia Handicap):
Time: 4 min | Home: -109 | Handicap: -1.0 | Away: -115

Over/Under:
Time: 4 min | Over: -118 | Line: 4.25 | Under: -105

--- MATCH ENVIRONMENT ---
Weather: Cloudy
Wind: 4.3m/s
Humidity: 72%


==================================================
MATCH #44 OF 76
==================================================

----- MATCH SUMMARY -----
Timestamp: 2025-04-30 11:02:13 ET
Competition ID: kdj2ryohpeq1zpg
Competition: Armenian First League (Armenia)
Match: Urartu II vs BKMA II
Score: 1 - 1 (HT: 0 - 1)
Status: Finished (Status ID: 8)

--- MATCH BETTING ODDS ---

Over/Under:
Time: pre-match min | Over: -250 | Line: 2.5 | Under: +160 (Closest time to minutes 4-6 available: pre-match)

--- MATCH ENVIRONMENT ---
No environment data available for this match


==================================================
MATCH #45 OF 76
==================================================

----- MATCH SUMMARY -----
Timestamp: 2025-04-30 11:02:14 ET
Competition ID: 4zp5rzgh7loq82w
Competition: Zimbabwe Premier Soccer League (Zimbabwe)
Match: CAPS United vs FC Platinum
Score: 1 - 2 (HT: 0 - 1)
Status: Finished (Status ID: 8)

--- MATCH BETTING ODDS ---
ML (Money Line):
Time: 4 min | Home: +110 | Draw: +175 | Away: +300

SPREAD (Asia Handicap):
Time: 4 min | Home: -125 | Handicap: 0.25 | Away: +100

Over/Under:
Time: 4 min | Over: -130 | Line: 1.5 | Under: +102

--- MATCH ENVIRONMENT ---
Weather: Snowy
Wind: 8.7m/s
Humidity: 51%


==================================================
MATCH #46 OF 76
==================================================

----- MATCH SUMMARY -----
Timestamp: 2025-04-30 11:02:16 ET
Competition ID: 4zp5rzgh7loq82w
Competition: Zimbabwe Premier Soccer League (Zimbabwe)
Match: Chicken Inn vs TelOne fc
Score: 0 - 0 (HT: 0 - 0)
Status: Finished (Status ID: 8)

--- MATCH BETTING ODDS ---
ML (Money Line):
Time: 5 min | Home: +160 | Draw: +160 | Away: +210

SPREAD (Asia Handicap):
Time: 4 min | Home: -143 | Handicap: 0.0 | Away: +110

Over/Under:
Time: 4 min | Over: -125 | Line: 1.5 | Under: +100

--- MATCH ENVIRONMENT ---
Weather: Partially cloudy
Wind: 3.2m/s
Humidity: 31%


==================================================
MATCH #47 OF 76
==================================================

----- MATCH SUMMARY -----
Timestamp: 2025-04-30 11:02:17 ET
Competition ID: 4zp5rzgh7loq82w
Competition: Zimbabwe Premier Soccer League (Zimbabwe)
Match: GreenFuel vs Dynamos FC
Score: 0 - 0 (HT: 0 - 0)
Status: Finished (Status ID: 8)

--- MATCH BETTING ODDS ---


--- MATCH ENVIRONMENT ---
No environment data available for this match


==================================================
MATCH #48 OF 76
==================================================

----- MATCH SUMMARY -----
Timestamp: 2025-04-30 11:02:18 ET
Competition ID: 4zp5rzgh7loq82w
Competition: Zimbabwe Premier Soccer League (Zimbabwe)
Match: Kwekwe United vs Simba Bhora
Score: 1 - 2 (HT: 0 - 1)
Status: Finished (Status ID: 8)

--- MATCH BETTING ODDS ---


--- MATCH ENVIRONMENT ---
No environment data available for this match


==================================================
MATCH #49 OF 76
==================================================

----- MATCH SUMMARY -----
Timestamp: 2025-04-30 11:02:19 ET
Competition ID: 4zp5rzgh7loq82w
Competition: Zimbabwe Premier Soccer League (Zimbabwe)
Match: Ngezi Platinum vs Yadah FC
Score: 1 - 2 (HT: 0 - 1)
Status: Finished (Status ID: 8)

--- MATCH BETTING ODDS ---


--- MATCH ENVIRONMENT ---
No environment data available for this match


==================================================
MATCH #50 OF 76
==================================================

----- MATCH SUMMARY -----
Timestamp: 2025-04-30 11:02:20 ET
Competition ID: 4zp5rzgh7loq82w
Competition: Zimbabwe Premier Soccer League (Zimbabwe)
Match: Triangle FC vs ZPC Kariba
Score: 1 - 1 (HT: 0 - 1)
Status: Finished (Status ID: 8)

--- MATCH BETTING ODDS ---


--- MATCH ENVIRONMENT ---
No environment data available for this match


==================================================
MATCH #51 OF 76
==================================================

----- MATCH SUMMARY -----
Timestamp: 2025-04-30 11:02:21 ET
Competition ID: 4zp5rzgh7loq82w
Competition: Zimbabwe Premier Soccer League (Zimbabwe)
Match: Highlanders vs Bikita Minerals FC
Score: 1 - 0 (HT: 1 - 0)
Status: Finished (Status ID: 8)

--- MATCH BETTING ODDS ---
ML (Money Line):
Time: 4 min | Home: -125 | Draw: +240 | Away: +300

SPREAD (Asia Handicap):
Time: 4 min | Home: -122 | Handicap: 0.5 | Away: -103

Over/Under:
Time: 4 min | Over: -115 | Line: 2.0 | Under: -109

--- MATCH ENVIRONMENT ---
Weather: Sunny
Wind: 3.7m/s
Humidity: 35%


==================================================
MATCH #52 OF 76
==================================================

----- MATCH SUMMARY -----
Timestamp: 2025-04-30 11:02:22 ET
Competition ID: 9vjxm8ghgy0r6od
Competition: Uganda Premier League (Uganda)
Match: Airtel Kitara FC vs Wakiso Giants FC
Score: 0 - 0 (HT: 0 - 0)
Status: Finished (Status ID: 8)

--- MATCH BETTING ODDS ---

SPREAD (Asia Handicap):
Time: 4 min | Home: -112 | Handicap: 1.25 | Away: -115

Over/Under:
Time: 4 min | Over: -112 | Line: 2.25 | Under: -115

--- MATCH ENVIRONMENT ---
Weather: Windy
Wind: 3.1m/s
Humidity: 59%


==================================================
MATCH #53 OF 76
==================================================

----- MATCH SUMMARY -----
Timestamp: 2025-04-30 11:02:24 ET
Competition ID: jednm9whg03ryox
Competition: Italian Campionato Primavera 2 (Italy)
Match: AlbinoLeffe Youth vs Padova U19
Score: 3 - 1 (HT: 1 - 1)
Status: Finished (Status ID: 8)

--- MATCH BETTING ODDS ---
ML (Money Line):
Time: 4 min | Home: +200 | Draw: +260 | Away: +110

SPREAD (Asia Handicap):
Time: 4 min | Home: -105 | Handicap: -0.25 | Away: -118

Over/Under:
Time: 4 min | Over: -109 | Line: 3.0 | Under: -115

--- MATCH ENVIRONMENT ---
Weather: Sunny
Wind: 3.7m/s
Humidity: 47%


==================================================
MATCH #54 OF 76
==================================================

----- MATCH SUMMARY -----
Timestamp: 2025-04-30 11:02:25 ET
Competition ID: jednm9whk0ryox8
Competition: International Friendly (Unknown Country)
Match: Hungary (w) U17 vs Czech Republic (w) U17
Score: 1 - 1 (HT: 1 - 1)
Status: Finished (Status ID: 8)

--- MATCH BETTING ODDS ---


--- MATCH ENVIRONMENT ---
No environment data available for this match


==================================================
MATCH #55 OF 76
==================================================

----- MATCH SUMMARY -----
Timestamp: 2025-04-30 11:02:27 ET
Competition ID: 56ypq3nhll6md7o
Competition: South Africa Women's League (South Africa)
Match: First Touch Academy (w) vs UCT (w)
Score: 2 - 1 (HT: 1 - 0)
Status: Finished (Status ID: 8)

--- MATCH BETTING ODDS ---
ML (Money Line):
Time: 4 min | Home: -152 | Draw: +275 | Away: +350

SPREAD (Asia Handicap):
Time: 4 min | Home: -130 | Handicap: 0.75 | Away: -108

Over/Under:
Time: 4 min | Over: -119 | Line: 2.75 | Under: -116

--- MATCH ENVIRONMENT ---
Weather: Sunny
Wind: 4.3m/s
Humidity: 37%


==================================================
MATCH #56 OF 76
==================================================

----- MATCH SUMMARY -----
Timestamp: 2025-04-30 11:02:28 ET
Competition ID: 56ypq3nhll6md7o
Competition: South Africa Women's League (South Africa)
Match: Johannesburg Uni (w) vs Royal AM FC (W)
Score: 3 - 0 (HT: 1 - 0)
Status: Finished (Status ID: 8)

--- MATCH BETTING ODDS ---
ML (Money Line):
Time: 4 min | Home: -1111 | Draw: +750 | Away: +2200

SPREAD (Asia Handicap):
Time: 4 min | Home: -105 | Handicap: 2.5 | Away: -118

Over/Under:
Time: 4 min | Over: -105 | Line: 3.25 | Under: -118

--- MATCH ENVIRONMENT ---
Weather: Cloudy
Wind: 5.8m/s
Humidity: 40%


==================================================
MATCH #57 OF 76
==================================================

----- MATCH SUMMARY -----
Timestamp: 2025-04-30 11:02:30 ET
Competition ID: kn54qllh40qvy9d
Competition: Kazakhstan Premier League (Kazakhstan)
Match: FK Atyrau vs FC Astana
Score: 0 - 2 (HT: 0 - 1)
Status: Finished (Status ID: 8)

--- MATCH BETTING ODDS ---
ML (Money Line):
Time: 4 min | Home: +500 | Draw: +375 | Away: -250

SPREAD (Asia Handicap):
Time: 4 min | Home: -103 | Handicap: -1.25 | Away: -122

Over/Under:
Time: 4 min | Over: -125 | Line: 2.75 | Under: +100

--- MATCH ENVIRONMENT ---
Weather: Partially cloudy
Wind: 3.7m/s
Humidity: 25%


==================================================
MATCH #58 OF 76
==================================================

----- MATCH SUMMARY -----
Timestamp: 2025-04-30 11:02:31 ET
Competition ID: 9dn1m1ghl1moepl
Competition: Turkish Third League (Turkey)
Match: Yeni Amasya Spor vs Mazidagi Fosfatspo
Score: 0 - 3 (HT: 0 - 0)
Status: Finished (Status ID: 8)

--- MATCH BETTING ODDS ---
ML (Money Line):
Time: 4 min | Home: +110 | Draw: +220 | Away: +220

SPREAD (Asia Handicap):
Time: 4 min | Home: -115 | Handicap: 0.25 | Away: -109

Over/Under:
Time: 4 min | Over: +100 | Line: 2.25 | Under: -125

--- MATCH ENVIRONMENT ---
Weather: Cloudy
Wind: 4.8m/s
Humidity: 49%


==================================================
MATCH #59 OF 76
==================================================

----- MATCH SUMMARY -----
Timestamp: 2025-04-30 11:02:33 ET
Competition ID: 9dn1m1ghl1moepl
Competition: Turkish Third League (Turkey)
Match: Kutahyaspor vs Duzcespor
Score: 2 - 1 (HT: 1 - 0)
Status: Second half (Status ID: 4)

--- MATCH BETTING ODDS ---
ML (Money Line):
Time: 4 min | Home: +137 | Draw: +240 | Away: +175

SPREAD (Asia Handicap):
Time: 4 min | Home: -108 | Handicap: 0.25 | Away: -130

Over/Under:
Time: 4 min | Over: -118 | Line: 2.25 | Under: -105

--- MATCH ENVIRONMENT ---
Weather: Partially cloudy
Wind: 3.7m/s
Humidity: 53%


==================================================
MATCH #60 OF 76
==================================================

----- MATCH SUMMARY -----
Timestamp: 2025-04-30 11:02:34 ET
Competition ID: 9dn1m1ghl1moepl
Competition: Turkish Third League (Turkey)
Match: Kucukcekmece vs Corluspor
Score: 0 - 0 (HT: 0 - 0)
Status: Extra time (Status ID: 5)

--- MATCH BETTING ODDS ---
ML (Money Line):
Time: 4 min | Home: +125 | Draw: +240 | Away: +175

SPREAD (Asia Handicap):
Time: 4 min | Home: +100 | Handicap: 0.25 | Away: -125

Over/Under:
Time: 4 min | Over: -108 | Line: 2.5 | Under: -120

--- MATCH ENVIRONMENT ---
Weather: Partially cloudy
Wind: 11.m/s
Humidity: 61%


==================================================
MATCH #61 OF 76
==================================================

----- MATCH SUMMARY -----
Timestamp: 2025-04-30 11:02:35 ET
Competition ID: 9dn1m1ghl1moepl
Competition: Turkish Third League (Turkey)
Match: Silivrispor vs Tire 2021 FK
Score: 0 - 0 (HT: 0 - 0)
Status: Extra time (Status ID: 5)

--- MATCH BETTING ODDS ---
ML (Money Line):
Time: 5 min | Home: +105 | Draw: +220 | Away: +240

SPREAD (Asia Handicap):
Time: 4 min | Home: -130 | Handicap: 0.25 | Away: -104

Over/Under:
Time: 4 min | Over: -130 | Line: 2.25 | Under: +102

--- MATCH ENVIRONMENT ---
Weather: Partially cloudy
Wind: 11.m/s
Humidity: 63%


==================================================
MATCH #62 OF 76
==================================================

----- MATCH SUMMARY -----
Timestamp: 2025-04-30 11:02:37 ET
Competition ID: 9dn1m1ghl1moepl
Competition: Turkish Third League (Turkey)
Match: Zonguldak vs Kahramanmaras Bld
Score: 0 - 0 (HT: 0 - 0)
Status: Extra time (Status ID: 5)

--- MATCH BETTING ODDS ---
ML (Money Line):
Time: 4 min | Home: +140 | Draw: +210 | Away: +187

SPREAD (Asia Handicap):
Time: 4 min | Home: -125 | Handicap: 0.0 | Away: -104

Over/Under:
Time: 4 min | Over: -118 | Line: 2.25 | Under: -110

--- MATCH ENVIRONMENT ---
Weather: Partially cloudy
Wind: 6.1m/s
Humidity: 77%


==================================================
MATCH #63 OF 76
==================================================

----- MATCH SUMMARY -----
Timestamp: 2025-04-30 11:02:38 ET
Competition ID: 8y39mp1hpxmojxg
Competition: Danish U19 Youth League (Denmark)
Match: Esbjerg U19 vs Randers Freja U19
Score: 1 - 2 (HT: 1 - 0)
Status: Finished (Status ID: 8)

--- MATCH BETTING ODDS ---
ML (Money Line):
Time: 4 min | Home: +162 | Draw: +260 | Away: +130

SPREAD (Asia Handicap):
Time: 4 min | Home: -125 | Handicap: -0.25 | Away: +100

Over/Under:
Time: 4 min | Over: -115 | Line: 3.0 | Under: -109

--- MATCH ENVIRONMENT ---
Weather: Sunny
Wind: 5.8m/s
Humidity: 77%


==================================================
MATCH #64 OF 76
==================================================

----- MATCH SUMMARY -----
Timestamp: 2025-04-30 11:02:40 ET
Competition ID: 56ypq3nhepnmd7o
Competition: IRQ D2 (Iraq)
Match: Al Fahad vs Al Sinaah
Score: 1 - 0 (HT: 0 - 0)
Status: Finished (Status ID: 8)

--- MATCH BETTING ODDS ---
ML (Money Line):
Time: 4 min | Home: -105 | Draw: +210 | Away: +275

SPREAD (Asia Handicap):
Time: 5 min | Home: +102 | Handicap: 0.5 | Away: -130

Over/Under:
Time: 4 min | Over: -118 | Line: 1.75 | Under: -105

--- MATCH ENVIRONMENT ---
No environment data available for this match


==================================================
MATCH #65 OF 76
==================================================

----- MATCH SUMMARY -----
Timestamp: 2025-04-30 11:02:41 ET
Competition ID: e4wyrn4hdzvq86p
Competition: Poland Liga 3 (Poland)
Match: Cracovia II vs GKS Glinik Gorlice
Score: 3 - 2 (HT: 1 - 0)
Status: Finished (Status ID: 8)

--- MATCH BETTING ODDS ---
ML (Money Line):
Time: 4 min | Home: -303 | Draw: +450 | Away: +550

SPREAD (Asia Handicap):
Time: 4 min | Home: -122 | Handicap: 1.5 | Away: -103

Over/Under:
Time: 4 min | Over: +102 | Line: 3.25 | Under: -130

--- MATCH ENVIRONMENT ---
Weather: Partially cloudy
Wind: 3.1m/s
Humidity: 33%


==================================================
MATCH #66 OF 76
==================================================

----- MATCH SUMMARY -----
Timestamp: 2025-04-30 11:02:42 ET
Competition ID: 56ypq3nhepnmd7o
Competition: IRQ D2 (Iraq)
Match: Peshmerga Sulaymaniya SC vs Masafi Al-Junoob
Score: 1 - 0 (HT: 0 - 0)
Status: Finished (Status ID: 8)

--- MATCH BETTING ODDS ---
ML (Money Line):
Time: 4 min | Home: +160 | Draw: +175 | Away: +200

SPREAD (Asia Handicap):
Time: 7 min | Home: +108 | Handicap: 0.25 | Away: -161 (Closest time to minutes 4-6 available: 7)

Over/Under:
Time: 4 min | Over: +105 | Line: 2.0 | Under: -133

--- MATCH ENVIRONMENT ---
No environment data available for this match


==================================================
MATCH #67 OF 76
==================================================

----- MATCH SUMMARY -----
Timestamp: 2025-04-30 11:02:43 ET
Competition ID: 56ypq3nhepnmd7o
Competition: IRQ D2 (Iraq)
Match: Kadhimiya SC vs Naft Al-Wassat SC
Score: 2 - 0 (HT: 0 - 0)
Status: Second half (Status ID: 4)

--- MATCH BETTING ODDS ---
ML (Money Line):
Time: 4 min | Home: -164 | Draw: +240 | Away: +450

SPREAD (Asia Handicap):
Time: 4 min | Home: -118 | Handicap: 0.75 | Away: -105

Over/Under:
Time: 4 min | Over: +102 | Line: 2.0 | Under: -130

--- MATCH ENVIRONMENT ---
Weather: Sunny
Wind: 3.2m/s
Humidity: 19%


==================================================
MATCH #68 OF 76
==================================================

----- MATCH SUMMARY -----
Timestamp: 2025-04-30 11:02:44 ET
Competition ID: 56ypq3nhepnmd7o
Competition: IRQ D2 (Iraq)
Match: Al-Masafi vs Al Gharraf
Score: 1 - 1 (HT: 0 - 0)
Status: Finished (Status ID: 8)

--- MATCH BETTING ODDS ---
ML (Money Line):
Time: 4 min | Home: +200 | Draw: +210 | Away: +130

SPREAD (Asia Handicap):
Time: 4 min | Home: +112 | Handicap: 0.0 | Away: -169

Over/Under:
Time: 4 min | Over: +102 | Line: 2.25 | Under: -130

--- MATCH ENVIRONMENT ---
Weather: Sunny
Wind: 3.2m/s
Humidity: 20%


==================================================
MATCH #69 OF 76
==================================================

----- MATCH SUMMARY -----
Timestamp: 2025-04-30 11:02:45 ET
Competition ID: 56ypq3nhepnmd7o
Competition: IRQ D2 (Iraq)
Match: Amanat Baghdad vs Afak SC
Score: 1 - 1 (HT: 1 - 0)
Status: Second half (Status ID: 4)

--- MATCH BETTING ODDS ---
ML (Money Line):
Time: 4 min | Home: -125 | Draw: +220 | Away: +350

SPREAD (Asia Handicap):
Time: 4 min | Home: -122 | Handicap: 0.5 | Away: -103

Over/Under:
Time: 4 min | Over: -105 | Line: 2.0 | Under: -118

--- MATCH ENVIRONMENT ---
Weather: Sunny
Wind: 3.2m/s
Humidity: 19%


==================================================
MATCH #70 OF 76
==================================================

----- MATCH SUMMARY -----
Timestamp: 2025-04-30 11:02:46 ET
Competition ID: 9vjxm8ghgy0r6od
Competition: Uganda Premier League (Uganda)
Match: Mbale Heroes vs Ma Lu
Score: 0 - 1 (HT: 0 - 1)
Status: Finished (Status ID: 8)

--- MATCH BETTING ODDS ---

SPREAD (Asia Handicap):
Time: 4 min | Home: -101 | Handicap: -0.5 | Away: -128

Over/Under:
Time: 4 min | Over: -128 | Line: 2.5 | Under: -116

--- MATCH ENVIRONMENT ---
Weather: Cloudy
Wind: 3.7m/s
Humidity: 59%


==================================================
MATCH #71 OF 76
==================================================

----- MATCH SUMMARY -----
Timestamp: 2025-04-30 11:02:48 ET
Competition ID: 9dn1m1gh8zomoep
Competition: Kenya Football League (Kenya)
Match: Darajani Gogo vs MOFA FC
Score: 4 - 0 (HT: 3 - 0)
Status: Finished (Status ID: 8)

--- MATCH BETTING ODDS ---
ML (Money Line):
Time: 4 min | Home: -303 | Draw: +375 | Away: +650

SPREAD (Asia Handicap):
Time: 4 min | Home: -125 | Handicap: 0.25 | Away: +100

Over/Under:
Time: 4 min | Over: +102 | Line: 3.25 | Under: -130

--- MATCH ENVIRONMENT ---
Weather: Partially cloudy
Wind: 5.6m/s
Humidity: 57%


==================================================
MATCH #72 OF 76
==================================================

----- MATCH SUMMARY -----
Timestamp: 2025-04-30 11:02:49 ET
Competition ID: kdj2ryohpeq1zpg
Competition: Armenian First League (Armenia)
Match: Nikarm vs Pyunik B
Score: 0 - 2 (HT: 0 - 1)
Status: Finished (Status ID: 8)

--- MATCH BETTING ODDS ---


--- MATCH ENVIRONMENT ---
Weather: Partially cloudy
Wind: 3.2m/s
Humidity: 72%


==================================================
MATCH #73 OF 76
==================================================

----- MATCH SUMMARY -----
Timestamp: 2025-04-30 11:02:51 ET
Competition ID: l965mkyhg0r1ge4
Competition: Sweden Allsvenskan (Sweden)
Match: Malmo FF vs Osters IF
Score: 2 - 0 (HT: 1 - 0)
Status: Finished (Status ID: 8)

--- MATCH BETTING ODDS ---
ML (Money Line):
Time: 6 min | Home: -400 | Draw: +500 | Away: +1100

SPREAD (Asia Handicap):
Time: 4 min | Home: -115 | Handicap: 1.75 | Away: -109

Over/Under:
Time: 4 min | Over: -109 | Line: 3.0 | Under: -115

--- MATCH ENVIRONMENT ---
Weather: Sunny
Wind: 4.1m/s
Humidity: 50%


==================================================
MATCH #74 OF 76
==================================================

----- MATCH SUMMARY -----
Timestamp: 2025-04-30 11:02:52 ET
Competition ID: p4jwq2ghv1vm0ve
Competition: Rwandan Cup (Rwanda)
Match: APR FC vs Police(RWA)
Score: 0 - 0 (HT: 0 - 0)
Status: Postponed (Status ID: 9)

--- MATCH BETTING ODDS ---
ML (Money Line):
Time: pre-match min | Home: -143 | Draw: +225 | Away: +350 (Closest time to minutes 4-6 available: pre-match)

SPREAD (Asia Handicap):
Time: pre-match min | Home: +100 | Handicap: 0.75 | Away: -125 (Closest time to minutes 4-6 available: pre-match)

Over/Under:
Time: pre-match min | Over: -111 | Line: 2.0 | Under: -111 (Closest time to minutes 4-6 available: pre-match)

--- MATCH ENVIRONMENT ---
Weather: Snowy
Wind: 2.6m/s
Humidity: 74%


==================================================
MATCH #75 OF 76
==================================================

----- MATCH SUMMARY -----
Timestamp: 2025-04-30 11:02:53 ET
Competition ID: 56ypq3nhzogmd7o
Competition: Portuguese Champions Nacional Juniores A 2 (Portugal)
Match: Vitoria SC Guimaraes U19 vs Tondela U19
Score: 1 - 2 (HT: 0 - 1)
Status: Finished (Status ID: 8)

--- MATCH BETTING ODDS ---
ML (Money Line):
Time: pre-match min | Home: +15000 | Draw: +2200 | Away: -10000 (Closest time to minutes 4-6 available: pre-match)

SPREAD (Asia Handicap):
Time: pre-match min | Home: -333 | Handicap: 0.0 | Away: +245 (Closest time to minutes 4-6 available: pre-match)

Over/Under:
Time: pre-match min | Over: +900 | Line: 3.5 | Under: -1667 (Closest time to minutes 4-6 available: pre-match)

--- MATCH ENVIRONMENT ---
Weather: Foggy
Wind: 3.7m/s
Humidity: 91%


==================================================
MATCH #76 OF 76
==================================================

----- MATCH SUMMARY -----
Timestamp: 2025-04-30 11:02:54 ET
Competition ID: v2y8m4zhgxoql07
Competition: Western Australia Women's League (Australia)
Match: Balcatta (w) vs Murdoch University Melville FC (w)
Score: 5 - 0 (HT: 3 - 0)
Status: Finished (Status ID: 8)

--- MATCH BETTING ODDS ---
ML (Money Line):
Time: 4 min | Home: -3333 | Draw: +1400 | Away: +5000

SPREAD (Asia Handicap):
Time: 4 min | Home: +100 | Handicap: 3.5 | Away: -125

Over/Under:
Time: 4 min | Over: -115 | Line: 3.75 | Under: -109

--- MATCH ENVIRONMENT ---
Weather: Sunny
Wind: 5.3m/s
Humidity: 37%


==================================================
END OF LIVE MATCH DATA - 76 MATCHES DISPLAYED
==================================================
Refreshing in 30 seconds... (Press Ctrl+C to exit)

================================================================================


================================================================================
FETCH TIMESTAMP: 2025-04-30 11:05:17 ET
================================================================================

Fetching country data...
Fetching live matches...

===== FOUND 81 LIVE FOOTBALL MATCHES =====

Last updated: 2025-04-30 15:03:25
==================================================
MATCH #1 OF 81
==================================================

----- MATCH SUMMARY -----
Timestamp: 2025-04-30 11:03:26 ET
Competition ID: gy0or5jhn9qwzv3
Competition: Lithuanian Cup (Lithuania)
Match: Kazlu Ruda Kaunas vs BE1 NFA
Score: 0 - 0 (HT: 0 - 0)
Status: Postponed (Status ID: 9)

--- MATCH BETTING ODDS ---


--- MATCH ENVIRONMENT ---
No environment data available for this match


==================================================
MATCH #2 OF 81
==================================================

----- MATCH SUMMARY -----
Timestamp: 2025-04-30 11:03:27 ET
Competition ID: 9dn1m1ghew6moep
Competition: Spanish Tercera División RFEF (Spain)
Match: CD Gerena vs Ceuta B
Score: 0 - 0 (HT: 0 - 0)
Status: First half (Status ID: 2)

--- MATCH BETTING ODDS ---

SPREAD (Asia Handicap):
Time: 4 min | Home: -108 | Handicap: -1.25 | Away: -118

Over/Under:
Time: 4 min | Over: -114 | Line: 2.5 | Under: -111

--- MATCH ENVIRONMENT ---
Weather: Unknown (10)
Wind: 1.5m/s
Humidity: 84%


==================================================
MATCH #3 OF 81
==================================================

----- MATCH SUMMARY -----
Timestamp: 2025-04-30 11:03:29 ET
Competition ID: 56ypq3nh8kmd7oj
Competition: Montenegro Cup (Montenegro)
Match: Decic Tuzi vs OFK Petrovac
Score: 0 - 0 (HT: 0 - 0)
Status: First half (Status ID: 2)

--- MATCH BETTING ODDS ---
ML (Money Line):
Time: 1 min | Home: +150 | Draw: +220 | Away: +150 (Closest time to minutes 4-6 available: 1)

SPREAD (Asia Handicap):
Time: 2 min | Home: -122 | Handicap: 0.0 | Away: -122 (Closest time to minutes 4-6 available: 2)

Over/Under:
Time: 3 min | Over: +125 | Line: 2.5 | Under: -200 (Closest time to minutes 4-6 available: 3)

--- MATCH ENVIRONMENT ---
Weather: Sunny
Wind: 3.2m/s
Humidity: 29%


==================================================
MATCH #4 OF 81
==================================================

----- MATCH SUMMARY -----
Timestamp: 2025-04-30 11:03:30 ET
Competition ID: 56ypq3nhzogmd7o
Competition: Portuguese Champions Nacional Juniores A 2 (Portugal)
Match: Braga U19 vs Gil Vicente U19
Score: 0 - 0 (HT: 0 - 0)
Status: First half (Status ID: 2)

--- MATCH BETTING ODDS ---
ML (Money Line):
Time: 2 min | Home: +125 | Draw: +275 | Away: +162 (Closest time to minutes 4-6 available: 2)

SPREAD (Asia Handicap):
Time: 2 min | Home: +102 | Handicap: 0.25 | Away: -130 (Closest time to minutes 4-6 available: 2)

Over/Under:
Time: 2 min | Over: -111 | Line: 2.75 | Under: -111 (Closest time to minutes 4-6 available: 2)

--- MATCH ENVIRONMENT ---
Weather: Unknown (10)
Wind: 4.0m/s
Humidity: 94%


==================================================
MATCH #5 OF 81
==================================================

----- MATCH SUMMARY -----
Timestamp: 2025-04-30 11:03:31 ET
Competition ID: 56ypq3nhzogmd7o
Competition: Portuguese Champions Nacional Juniores A 2 (Portugal)
Match: FC Porto U19 vs SC Uniao Torreense U19
Score: 0 - 0 (HT: 0 - 0)
Status: First half (Status ID: 2)

--- MATCH BETTING ODDS ---
ML (Money Line):
Time: 2 min | Home: -278 | Draw: +400 | Away: +550 (Closest time to minutes 4-6 available: 2)

SPREAD (Asia Handicap):
Time: 2 min | Home: -122 | Handicap: 1.25 | Away: -103 (Closest time to minutes 4-6 available: 2)

Over/Under:
Time: 2 min | Over: +110 | Line: 3.5 | Under: -161 (Closest time to minutes 4-6 available: 2)

--- MATCH ENVIRONMENT ---
Weather: Unknown (10)
Wind: 4.8m/s
Humidity: 83%


==================================================
MATCH #6 OF 81
==================================================

----- MATCH SUMMARY -----
Timestamp: 2025-04-30 11:03:32 ET
Competition ID: kjw2r09hwwyrz84
Competition: Croatian Second Football League (Croatia)
Match: Nk Neretvanac Opuzen vs NK Primorac Biograd
Score: 0 - 0 (HT: 0 - 0)
Status: First half (Status ID: 2)

--- MATCH BETTING ODDS ---
ML (Money Line):
Time: 4 min | Home: -164 | Draw: +260 | Away: +400

SPREAD (Asia Handicap):
Time: 4 min | Home: +105 | Handicap: 1.0 | Away: -133

Over/Under:
Time: 4 min | Over: -115 | Line: 2.5 | Under: -109

--- MATCH ENVIRONMENT ---
Weather: Sunny
Wind: 4.8m/s
Humidity: 32%


==================================================
MATCH #7 OF 81
==================================================

----- MATCH SUMMARY -----
Timestamp: 2025-04-30 11:03:33 ET
Competition ID: kjw2r09hwwyrz84
Competition: Croatian Second Football League (Croatia)
Match: NK Vodice vs NK Hrvatski VP
Score: 0 - 0 (HT: 0 - 0)
Status: First half (Status ID: 2)

--- MATCH BETTING ODDS ---
ML (Money Line):
Time: 3 min | Home: -164 | Draw: +275 | Away: +375 (Closest time to minutes 4-6 available: 3)

SPREAD (Asia Handicap):
Time: 4 min | Home: +100 | Handicap: 1.0 | Away: -125

Over/Under:
Time: 4 min | Over: -130 | Line: 3.0 | Under: -115

--- MATCH ENVIRONMENT ---
Weather: Sunny
Wind: 6.5m/s
Humidity: 46%


==================================================
MATCH #8 OF 81
==================================================

----- MATCH SUMMARY -----
Timestamp: 2025-04-30 11:03:34 ET
Competition ID: kjw2r09hwwyrz84
Competition: Croatian Second Football League (Croatia)
Match: NK Gosk Kastel Gomilica vs HNK Val Kastel Stari
Score: 0 - 0 (HT: 0 - 0)
Status: First half (Status ID: 2)

--- MATCH BETTING ODDS ---
ML (Money Line):
Time: pre-match min | Home: -200 | Draw: +300 | Away: +400 (Closest time to minutes 4-6 available: pre-match)

SPREAD (Asia Handicap):
Time: 2 min | Home: -125 | Handicap: 1.0 | Away: +100 (Closest time to minutes 4-6 available: 2)

Over/Under:
Time: 2 min | Over: +115 | Line: 3.5 | Under: -175 (Closest time to minutes 4-6 available: 2)

--- MATCH ENVIRONMENT ---
Weather: Sunny
Wind: 3.2m/s
Humidity: 38%


==================================================
MATCH #9 OF 81
==================================================

----- MATCH SUMMARY -----
Timestamp: 2025-04-30 11:03:35 ET
Competition ID: p3glrw7hwzlqdyj
Competition: CAF African Youth Championship (Unknown Country)
Match: South Africa U20 vs Tanzania U20
Score: 0 - 0 (HT: 0 - 0)
Status: First half (Status ID: 2)

--- MATCH BETTING ODDS ---
ML (Money Line):
Time: 4 min | Home: -125 | Draw: +240 | Away: +300

SPREAD (Asia Handicap):
Time: 4 min | Home: -122 | Handicap: 0.5 | Away: -103

Over/Under:
Time: 4 min | Over: -109 | Line: 2.0 | Under: -111

--- MATCH ENVIRONMENT ---
Weather: Partially cloudy
Wind: 13.m/s
Humidity: 34%


==================================================
MATCH #10 OF 81
==================================================

----- MATCH SUMMARY -----
Timestamp: 2025-04-30 11:03:36 ET
Competition ID: jednm9wh0nryox8
Competition: Czech Third League (Czech Republic)
Match: Zlin B vs Blansko
Score: 0 - 0 (HT: 0 - 0)
Status: First half (Status ID: 2)

--- MATCH BETTING ODDS ---
ML (Money Line):
Time: 2 min | Home: -152 | Draw: +275 | Away: +300 (Closest time to minutes 4-6 available: 2)

SPREAD (Asia Handicap):
Time: 2 min | Home: -109 | Handicap: 0.75 | Away: -115 (Closest time to minutes 4-6 available: 2)

Over/Under:
Time: 2 min | Over: -103 | Line: 3.0 | Under: -122 (Closest time to minutes 4-6 available: 2)

--- MATCH ENVIRONMENT ---
Weather: Partially cloudy
Wind: 3.1m/s
Humidity: 38%


==================================================
MATCH #11 OF 81
==================================================

----- MATCH SUMMARY -----
Timestamp: 2025-04-30 11:03:37 ET
Competition ID: gy0or5jhexdqwzv
Competition: Ethiopia Premier League (Ethiopia)
Match: Adama City vs Welwalo Adigrat
Score: 0 - 0 (HT: 0 - 0)
Status: First half (Status ID: 2)

--- MATCH BETTING ODDS ---
ML (Money Line):
Time: 3 min | Home: +125 | Draw: +200 | Away: +220 (Closest time to minutes 4-6 available: 3)

SPREAD (Asia Handicap):
Time: 4 min | Home: -102 | Handicap: 0.25 | Away: -125

Over/Under:
Time: 4 min | Over: -125 | Line: 1.75 | Under: +100

--- MATCH ENVIRONMENT ---
Weather: Windy
Wind: 6.1m/s
Humidity: 35%


==================================================
MATCH #12 OF 81
==================================================

----- MATCH SUMMARY -----
Timestamp: 2025-04-30 11:03:39 ET
Competition ID: vl7oqdeholr510j
Competition: Latvian Higher League (Latvia)
Match: Tukums-2000 vs BFC Daugavpils
Score: 0 - 0 (HT: 0 - 0)
Status: First half (Status ID: 2)

--- MATCH BETTING ODDS ---
ML (Money Line):
Time: 4 min | Home: +162 | Draw: +250 | Away: +150

SPREAD (Asia Handicap):
Time: 4 min | Home: -103 | Handicap: 0.0 | Away: -122

Over/Under:
Time: 4 min | Over: -109 | Line: 2.5 | Under: -115

--- MATCH ENVIRONMENT ---
Weather: Partially cloudy
Wind: 7.3m/s
Humidity: 58%


==================================================
MATCH #13 OF 81
==================================================

----- MATCH SUMMARY -----
Timestamp: 2025-04-30 11:03:40 ET
Competition ID: kdj2ryohjn7q1zp
Competition: Cameroon Elite two (Cameroon)
Match: Union Abong-Mbang vs Tonnerre Yaounde
Score: 0 - 0 (HT: 0 - 0)
Status: First half (Status ID: 2)

--- MATCH BETTING ODDS ---


--- MATCH ENVIRONMENT ---
No environment data available for this match


==================================================
MATCH #14 OF 81
==================================================

----- MATCH SUMMARY -----
Timestamp: 2025-04-30 11:03:41 ET
Competition ID: kdj2ryohjn7q1zp
Competition: Cameroon Elite two (Cameroon)
Match: Isohsa Limbe vs Bafmeng United
Score: 0 - 0 (HT: 0 - 0)
Status: First half (Status ID: 2)

--- MATCH BETTING ODDS ---


--- MATCH ENVIRONMENT ---
No environment data available for this match


==================================================
MATCH #15 OF 81
==================================================

----- MATCH SUMMARY -----
Timestamp: 2025-04-30 11:03:43 ET
Competition ID: j1l4rjnhxpvm7vx
Competition: Indian Super Cup (India)
Match: Mumbai City FC  vs Jamshedpur FC
Score: 0 - 0 (HT: 0 - 0)
Status: First half (Status ID: 2)

--- MATCH BETTING ODDS ---
ML (Money Line):
Time: 4 min | Home: +220 | Draw: +260 | Away: +105

SPREAD (Asia Handicap):
Time: 4 min | Home: +100 | Handicap: -0.25 | Away: -125

Over/Under:
Time: 4 min | Over: -112 | Line: 2.5 | Under: -103

--- MATCH ENVIRONMENT ---
Weather: Sunny
Wind: 5.3m/s
Humidity: 69%


==================================================
MATCH #16 OF 81
==================================================

----- MATCH SUMMARY -----
Timestamp: 2025-04-30 11:03:44 ET
Competition ID: kdj2ryohjn7q1zp
Competition: Cameroon Elite two (Cameroon)
Match: Eding Sport FC vs FAP Yaounde
Score: 0 - 0 (HT: 0 - 0)
Status: First half (Status ID: 2)

--- MATCH BETTING ODDS ---
ML (Money Line):
Time: pre-match min | Home: +300 | Draw: +175 | Away: -105 (Closest time to minutes 4-6 available: pre-match)

SPREAD (Asia Handicap):
Time: 4 min | Home: -114 | Handicap: -0.5 | Away: -118

Over/Under:
Time: 4 min | Over: +100 | Line: 2.0 | Under: -130

--- MATCH ENVIRONMENT ---
No environment data available for this match


==================================================
MATCH #17 OF 81
==================================================

----- MATCH SUMMARY -----
Timestamp: 2025-04-30 11:03:45 ET
Competition ID: 9vjxm8gh5lr6odg
Competition: Slovak 2.Liga (Slovakia)
Match: FC Artmedia Petrzalka vs MSK Zilina B
Score: 1 - 0 (HT: 1 - 0)
Status: First half (Status ID: 2)

--- MATCH BETTING ODDS ---

SPREAD (Asia Handicap):
Time: 4 min | Home: -114 | Handicap: 0.75 | Away: -122

Over/Under:
Time: 4 min | Over: -119 | Line: 4.0 | Under: -116

--- MATCH ENVIRONMENT ---
Weather: Sunny
Wind: 1.8m/s
Humidity: 32%


==================================================
MATCH #18 OF 81
==================================================

----- MATCH SUMMARY -----
Timestamp: 2025-04-30 11:03:46 ET
Competition ID: l965mkyh4jdr1ge
Competition: Argentine Reserve League (Argentina)
Match: Acassuso Reserves vs Deportivo Liniers Reserves
Score: 0 - 0 (HT: 0 - 0)
Status: First half (Status ID: 2)

--- MATCH BETTING ODDS ---
ML (Money Line):
Time: 4 min | Home: -120 | Draw: +240 | Away: +275

SPREAD (Asia Handicap):
Time: 4 min | Home: -111 | Handicap: 0.5 | Away: -111

Over/Under:
Time: 4 min | Over: +102 | Line: 2.5 | Under: -130

--- MATCH ENVIRONMENT ---
No environment data available for this match


==================================================
MATCH #19 OF 81
==================================================

----- MATCH SUMMARY -----
Timestamp: 2025-04-30 11:03:48 ET
Competition ID: v2y8m4zhg91ql07
Competition: Greek Amateur Cup (Greece)
Match: Kyanos Astir Varis vs Aris Voulas FC
Score: 1 - 1 (HT: 1 - 1)
Status: First half (Status ID: 2)

--- MATCH BETTING ODDS ---
ML (Money Line):
Time: 5 min | Home: -152 | Draw: +275 | Away: +375

SPREAD (Asia Handicap):
Time: 6 min | Home: -133 | Handicap: 0.75 | Away: -111

Over/Under:
Time: 4 min | Over: -122 | Line: 2.5 | Under: -123

--- MATCH ENVIRONMENT ---
No environment data available for this match


==================================================
MATCH #20 OF 81
==================================================

----- MATCH SUMMARY -----
Timestamp: 2025-04-30 11:03:49 ET
Competition ID: z8yomo4h7vvq0j6
Competition: Uzbekistan Cup (Uzbekistan)
Match: Neftchi Fargona vs Fergana University
Score: 2 - 0 (HT: 2 - 0)
Status: Half-time break (Status ID: 3)

--- MATCH BETTING ODDS ---
ML (Money Line):
Time: 4 min | Home: -455 | Draw: +500 | Away: +800

SPREAD (Asia Handicap):
Time: 4 min | Home: -125 | Handicap: 1.75 | Away: +100

Over/Under:
Time: 4 min | Over: -118 | Line: 2.75 | Under: -105

--- MATCH ENVIRONMENT ---
Weather: Partially cloudy
Wind: 4.3m/s
Humidity: 37%


==================================================
MATCH #21 OF 81
==================================================

----- MATCH SUMMARY -----
Timestamp: 2025-04-30 11:03:50 ET
Competition ID: 9dn1m1ghe56moep
Competition: North Macedonia Women's League (North Macedonia)
Match: ZFK Skopje 2014 (w) vs ZFK Atletiko Bitola (W)
Score: 1 - 0 (HT: 1 - 0)
Status: Half-time break (Status ID: 3)

--- MATCH BETTING ODDS ---
ML (Money Line):
Time: 4 min | Home: -909 | Draw: +650 | Away: +1200

SPREAD (Asia Handicap):
Time: 5 min | Home: -115 | Handicap: 2.5 | Away: -130

Over/Under:
Time: 4 min | Over: -103 | Line: 3.25 | Under: -122

--- MATCH ENVIRONMENT ---
No environment data available for this match


==================================================
MATCH #22 OF 81
==================================================

----- MATCH SUMMARY -----
Timestamp: 2025-04-30 11:03:52 ET
Competition ID: l965mkyh4jdr1ge
Competition: Argentine Reserve League (Argentina)
Match: Defensores de Belgrano Reserves vs Gimnasia Mendoza Reserves
Score: 1 - 2 (HT: 1 - 2)
Status: Half-time break (Status ID: 3)

--- MATCH BETTING ODDS ---
ML (Money Line):
Time: 3 min | Home: -111 | Draw: +220 | Away: +300 (Closest time to minutes 4-6 available: 3)

SPREAD (Asia Handicap):
Time: 4 min | Home: -111 | Handicap: 0.5 | Away: -114

Over/Under:
Time: 4 min | Over: -108 | Line: 2.25 | Under: -130

--- MATCH ENVIRONMENT ---
No environment data available for this match


==================================================
MATCH #23 OF 81
==================================================

----- MATCH SUMMARY -----
Timestamp: 2025-04-30 11:03:53 ET
Competition ID: l965mkyh4jdr1ge
Competition: Argentine Reserve League (Argentina)
Match: Temperley Reserves vs Chacarita Juniors Reserves
Score: 0 - 0 (HT: 0 - 0)
Status: Half-time break (Status ID: 3)

--- MATCH BETTING ODDS ---
ML (Money Line):
Time: 4 min | Home: -105 | Draw: +225 | Away: +260

SPREAD (Asia Handicap):
Time: 4 min | Home: +100 | Handicap: 0.5 | Away: -125

Over/Under:
Time: 4 min | Over: -125 | Line: 2.0 | Under: +100

--- MATCH ENVIRONMENT ---
No environment data available for this match


==================================================
MATCH #24 OF 81
==================================================

----- MATCH SUMMARY -----
Timestamp: 2025-04-30 11:03:54 ET
Competition ID: l965mkyh4jdr1ge
Competition: Argentine Reserve League (Argentina)
Match: CA Lugano Reserves vs Berazategui Reserves
Score: 0 - 0 (HT: 0 - 0)
Status: Half-time break (Status ID: 3)

--- MATCH BETTING ODDS ---
ML (Money Line):
Time: 3 min | Home: +200 | Draw: +225 | Away: +120 (Closest time to minutes 4-6 available: 3)

SPREAD (Asia Handicap):
Time: 4 min | Home: -130 | Handicap: -0.25 | Away: -108

Over/Under:
Time: 4 min | Over: -118 | Line: 2.5 | Under: -118

--- MATCH ENVIRONMENT ---
Weather: Sunny
Wind: 2.9m/s
Humidity: 61%


==================================================
MATCH #25 OF 81
==================================================

----- MATCH SUMMARY -----
Timestamp: 2025-04-30 11:03:55 ET
Competition ID: l965mkyh4jdr1ge
Competition: Argentine Reserve League (Argentina)
Match: Real Pilar Reserves vs Deportivo Merlo Reserves
Score: 0 - 0 (HT: 0 - 0)
Status: Half-time break (Status ID: 3)

--- MATCH BETTING ODDS ---
ML (Money Line):
Time: 6 min | Home: +130 | Draw: +240 | Away: +175

SPREAD (Asia Handicap):
Time: 4 min | Home: -104 | Handicap: 0.25 | Away: -130

Over/Under:
Time: 4 min | Over: -122 | Line: 2.25 | Under: -103

--- MATCH ENVIRONMENT ---
No environment data available for this match


==================================================
MATCH #26 OF 81
==================================================

----- MATCH SUMMARY -----
Timestamp: 2025-04-30 11:03:58 ET
Competition ID: 56ypq3nh01nmd7o
Competition: Egyptian Premier League (Egypt)
Match: Haras El Hodood vs Pyramids FC
Score: 0 - 1 (HT: 0 - 1)
Status: Half-time break (Status ID: 3)

--- MATCH BETTING ODDS ---
ML (Money Line):
Time: 4 min | Home: +650 | Draw: +275 | Away: -200

SPREAD (Asia Handicap):
Time: 4 min | Home: -103 | Handicap: -1.0 | Away: -122

Over/Under:
Time: 4 min | Over: +100 | Line: 2.25 | Under: -125

--- MATCH ENVIRONMENT ---
Weather: Partially cloudy
Wind: 6.1m/s
Humidity: 70%


==================================================
MATCH #27 OF 81
==================================================

----- MATCH SUMMARY -----
Timestamp: 2025-04-30 11:03:59 ET
Competition ID: kdj2ryohjn7q1zp
Competition: Cameroon Elite two (Cameroon)
Match: Djiko FC de Bandjoun vs Fovu de Baham
Score: 0 - 0 (HT: 0 - 0)
Status: Abandoned (Status ID: 13)

--- MATCH BETTING ODDS ---


--- MATCH ENVIRONMENT ---
No environment data available for this match


==================================================
MATCH #28 OF 81
==================================================

----- MATCH SUMMARY -----
Timestamp: 2025-04-30 11:04:00 ET
Competition ID: 9k82rekhokorepz
Competition: Namibia Premier League (Namibia)
Match: Young Africans Sports Club vs Mighty Gunners
Score: 0 - 0 (HT: 0 - 0)
Status: Abandoned (Status ID: 13)

--- MATCH BETTING ODDS ---


--- MATCH ENVIRONMENT ---
No environment data available for this match


==================================================
MATCH #29 OF 81
==================================================

----- MATCH SUMMARY -----
Timestamp: 2025-04-30 11:04:02 ET
Competition ID: e4wyrn4hdzvq86p
Competition: Poland Liga 3 (Poland)
Match: Polonia Lidzbark vs Sieradz
Score: 0 - 0 (HT: 0 - 0)
Status: Half-time break (Status ID: 3)

--- MATCH BETTING ODDS ---


--- MATCH ENVIRONMENT ---
No environment data available for this match


==================================================
MATCH #30 OF 81
==================================================

----- MATCH SUMMARY -----
Timestamp: 2025-04-30 11:04:03 ET
Competition ID: e4wyrn4hdzvq86p
Competition: Poland Liga 3 (Poland)
Match: Warta Gorzów Wielkopolski vs Lechia Zielona Gora
Score: 0 - 0 (HT: 0 - 0)
Status: Half-time break (Status ID: 3)

--- MATCH BETTING ODDS ---
ML (Money Line):
Time: 4 min | Home: +125 | Draw: +260 | Away: +162

SPREAD (Asia Handicap):
Time: 4 min | Home: -152 | Handicap: 0.0 | Away: +102

Over/Under:
Time: 4 min | Over: -103 | Line: 2.75 | Under: -122

--- MATCH ENVIRONMENT ---
Weather: Windy
Wind: 3.1m/s
Humidity: 44%


==================================================
MATCH #31 OF 81
==================================================

----- MATCH SUMMARY -----
Timestamp: 2025-04-30 11:04:06 ET
Competition ID: v2y8m4zhw4ql074
Competition: Romanian Liga II (Romania)
Match: Steaua Bucuresti vs FK Csikszereda Miercurea Ciuc
Score: 0 - 0 (HT: 0 - 0)
Status: Half-time break (Status ID: 3)

--- MATCH BETTING ODDS ---
ML (Money Line):
Time: 4 min | Home: +160 | Draw: +162 | Away: +210

SPREAD (Asia Handicap):
Time: 4 min | Home: -133 | Handicap: 0.0 | Away: +105

Over/Under:
Time: 4 min | Over: +102 | Line: 2.0 | Under: -130

--- MATCH ENVIRONMENT ---
Weather: Sunny
Wind: 1.2m/s
Humidity: 31%


==================================================
MATCH #32 OF 81
==================================================

----- MATCH SUMMARY -----
Timestamp: 2025-04-30 11:04:08 ET
Competition ID: 9dn1m1gh84pmoep
Competition: Portuguese U23 League (Portugal)
Match: Benfica U23 vs Vizela U23
Score: 1 - 1 (HT: 1 - 1)
Status: Half-time break (Status ID: 3)

--- MATCH BETTING ODDS ---
ML (Money Line):
Time: 4 min | Home: -152 | Draw: +300 | Away: +300

SPREAD (Asia Handicap):
Time: 4 min | Home: -122 | Handicap: 0.75 | Away: -103

Over/Under:
Time: 4 min | Over: -118 | Line: 3.0 | Under: -105

--- MATCH ENVIRONMENT ---
Weather: Partially cloudy
Wind: 3.7m/s
Humidity: 64%


==================================================
MATCH #33 OF 81
==================================================

----- MATCH SUMMARY -----
Timestamp: 2025-04-30 11:04:09 ET
Competition ID: 9dn1m1gh84pmoep
Competition: Portuguese U23 League (Portugal)
Match: Gil Vicente U23 vs Estoril U23
Score: 1 - 0 (HT: 1 - 0)
Status: Half-time break (Status ID: 3)

--- MATCH BETTING ODDS ---
ML (Money Line):
Time: 4 min | Home: +125 | Draw: +260 | Away: +175

SPREAD (Asia Handicap):
Time: 4 min | Home: +100 | Handicap: 0.25 | Away: -125

Over/Under:
Time: 4 min | Over: -114 | Line: 2.75 | Under: -106

--- MATCH ENVIRONMENT ---
Weather: Unknown (10)
Wind: 4.5m/s
Humidity: 93%


==================================================
MATCH #34 OF 81
==================================================

----- MATCH SUMMARY -----
Timestamp: 2025-04-30 11:04:11 ET
Competition ID: 9dn1m1gh84pmoep
Competition: Portuguese U23 League (Portugal)
Match: Sporting CP U23 vs Estrela FC U23
Score: 0 - 0 (HT: 0 - 0)
Status: Second half (Status ID: 4)

--- MATCH BETTING ODDS ---
ML (Money Line):
Time: 4 min | Home: -164 | Draw: +275 | Away: +375

SPREAD (Asia Handicap):
Time: 4 min | Home: -125 | Handicap: 0.75 | Away: +100

Over/Under:
Time: 4 min | Over: -105 | Line: 2.5 | Under: -118

--- MATCH ENVIRONMENT ---
Weather: Partially cloudy
Wind: 3.7m/s
Humidity: 64%


==================================================
MATCH #35 OF 81
==================================================

----- MATCH SUMMARY -----
Timestamp: 2025-04-30 11:04:12 ET
Competition ID: p4jwq2ghv1vm0ve
Competition: Rwandan Cup (Rwanda)
Match: APR FC vs Police(RWA)
Score: 1 - 0 (HT: 1 - 0)
Status: Half-time break (Status ID: 3)

--- MATCH BETTING ODDS ---
ML (Money Line):
Time: 5 min | Home: -175 | Draw: +225 | Away: +550

SPREAD (Asia Handicap):
Time: 4 min | Home: -105 | Handicap: 1.0 | Away: -141

Over/Under:
Time: 4 min | Over: -103 | Line: 2.0 | Under: -122

--- MATCH ENVIRONMENT ---
Weather: Snowy
Wind: 2.6m/s
Humidity: 79%


==================================================
MATCH #36 OF 81
==================================================

----- MATCH SUMMARY -----
Timestamp: 2025-04-30 11:04:14 ET
Competition ID: kjw2r09hl1wrz84
Competition: Tunisian Professional League 2 (Tunisia)
Match: CS.Hammam-Lif vs Megrine
Score: 0 - 0 (HT: 0 - 0)
Status: Half-time break (Status ID: 3)

--- MATCH BETTING ODDS ---

SPREAD (Asia Handicap):
Time: 21 min | Home: +121 | Handicap: -0.5 | Away: -182 (Closest time to minutes 4-6 available: 21)

Over/Under:
Time: 18 min | Over: -132 | Line: 2.25 | Under: -114 (Closest time to minutes 4-6 available: 18)

--- MATCH ENVIRONMENT ---
No environment data available for this match


==================================================
MATCH #37 OF 81
==================================================

----- MATCH SUMMARY -----
Timestamp: 2025-04-30 11:04:15 ET
Competition ID: kjw2r09hl1wrz84
Competition: Tunisian Professional League 2 (Tunisia)
Match: Croissant Msaken vs Stade Africain Menzel Bourguib
Score: 0 - 0 (HT: 0 - 0)
Status: Half-time break (Status ID: 3)

--- MATCH BETTING ODDS ---

SPREAD (Asia Handicap):
Time: 4 min | Home: -122 | Handicap: 0.5 | Away: +100

Over/Under:
Time: 4 min | Over: -112 | Line: 1.5 | Under: -110

--- MATCH ENVIRONMENT ---
Weather: Partially cloudy
Wind: 8.1m/s
Humidity: 45%


==================================================
MATCH #38 OF 81
==================================================

----- MATCH SUMMARY -----
Timestamp: 2025-04-30 11:04:16 ET
Competition ID: kjw2r09hl1wrz84
Competition: Tunisian Professional League 2 (Tunisia)
Match: AS Kasserine vs AS jelma
Score: 1 - 0 (HT: 1 - 0)
Status: Half-time break (Status ID: 3)

--- MATCH BETTING ODDS ---

Over/Under:
Time: pre-match min | Over: +160 | Line: 2.5 | Under: -244 (Closest time to minutes 4-6 available: pre-match)

--- MATCH ENVIRONMENT ---
No environment data available for this match


==================================================
MATCH #39 OF 81
==================================================

----- MATCH SUMMARY -----
Timestamp: 2025-04-30 11:04:18 ET
Competition ID: kn54qllhey9qvy9
Competition: Egyptian Division 2 (Egypt)
Match: Team FC Cairo vs Al Nasr Cairo
Score: 1 - 1 (HT: 1 - 1)
Status: Second half (Status ID: 4)

--- MATCH BETTING ODDS ---
ML (Money Line):
Time: 11 min | Home: +162 | Draw: +250 | Away: +137 (Closest time to minutes 4-6 available: 11)

SPREAD (Asia Handicap):
Time: 11 min | Home: -139 | Handicap: 0.75 | Away: +107 (Closest time to minutes 4-6 available: 11)

Over/Under:
Time: 11 min | Over: -122 | Line: 3.0 | Under: -103 (Closest time to minutes 4-6 available: 11)

--- MATCH ENVIRONMENT ---
No environment data available for this match


==================================================
MATCH #40 OF 81
==================================================

----- MATCH SUMMARY -----
Timestamp: 2025-04-30 11:04:19 ET
Competition ID: kn54qllhey9qvy9
Competition: Egyptian Division 2 (Egypt)
Match: Aswan vs El Mansoura
Score: 1 - 1 (HT: 1 - 1)
Status: Second half (Status ID: 4)

--- MATCH BETTING ODDS ---
ML (Money Line):
Time: 4 min | Home: +187 | Draw: +220 | Away: +137

SPREAD (Asia Handicap):
Time: 4 min | Home: -133 | Handicap: 0.75 | Away: +105

Over/Under:
Time: 4 min | Over: -130 | Line: 3.0 | Under: +102

--- MATCH ENVIRONMENT ---
Weather: Partially cloudy
Wind: 4.0m/s
Humidity: 10%


==================================================
MATCH #41 OF 81
==================================================

----- MATCH SUMMARY -----
Timestamp: 2025-04-30 11:04:21 ET
Competition ID: kn54qllhey9qvy9
Competition: Egyptian Division 2 (Egypt)
Match: Olympic El Qanal vs Proxy SC
Score: 1 - 0 (HT: 1 - 0)
Status: Second half (Status ID: 4)

--- MATCH BETTING ODDS ---
ML (Money Line):
Time: 4 min | Home: +160 | Draw: +175 | Away: +175

SPREAD (Asia Handicap):
Time: 4 min | Home: -110 | Handicap: 0.0 | Away: -110

Over/Under:
Time: 4 min | Over: -130 | Line: 1.75 | Under: +102

--- MATCH ENVIRONMENT ---
Weather: Partially cloudy
Wind: 13.m/s
Humidity: 34%


==================================================
MATCH #42 OF 81
==================================================

----- MATCH SUMMARY -----
Timestamp: 2025-04-30 11:04:23 ET
Competition ID: kn54qllhey9qvy9
Competition: Egyptian Division 2 (Egypt)
Match: Asyut Petroleum vs Abou Qir Fertilizers SC
Score: 1 - 1 (HT: 1 - 1)
Status: Second half (Status ID: 4)

--- MATCH BETTING ODDS ---
ML (Money Line):
Time: 4 min | Home: +350 | Draw: +210 | Away: -125

SPREAD (Asia Handicap):
Time: 4 min | Home: +100 | Handicap: -0.5 | Away: -125

Over/Under:
Time: 4 min | Over: -118 | Line: 2.0 | Under: -105

--- MATCH ENVIRONMENT ---
Weather: Partially cloudy
Wind: 8.7m/s
Humidity: 24%


==================================================
MATCH #43 OF 81
==================================================

----- MATCH SUMMARY -----
Timestamp: 2025-04-30 11:04:25 ET
Competition ID: kn54qllhey9qvy9
Competition: Egyptian Division 2 (Egypt)
Match: Dayrot vs Gazl Kafr Eldwar
Score: 1 - 1 (HT: 0 - 1)
Status: Second half (Status ID: 4)

--- MATCH BETTING ODDS ---
ML (Money Line):
Time: 4 min | Home: +130 | Draw: +175 | Away: +240

SPREAD (Asia Handicap):
Time: 4 min | Home: +100 | Handicap: 0.25 | Away: -125

Over/Under:
Time: 4 min | Over: -122 | Line: 1.5 | Under: -103

--- MATCH ENVIRONMENT ---
Weather: Unknown (8)
Wind: 7.3m/s
Humidity: 32%


==================================================
MATCH #44 OF 81
==================================================

----- MATCH SUMMARY -----
Timestamp: 2025-04-30 11:04:26 ET
Competition ID: e4wyrn4hdzvq86p
Competition: Poland Liga 3 (Poland)
Match: Star Starachowice vs Lewart Lubartow
Score: 4 - 0 (HT: 4 - 0)
Status: Second half (Status ID: 4)

--- MATCH BETTING ODDS ---
ML (Money Line):
Time: 4 min | Home: -303 | Draw: +400 | Away: +600

SPREAD (Asia Handicap):
Time: 4 min | Home: -118 | Handicap: 1.5 | Away: -105

Over/Under:
Time: 4 min | Over: -109 | Line: 3.25 | Under: -115

--- MATCH ENVIRONMENT ---
Weather: Partially cloudy
Wind: 4.1m/s
Humidity: 34%


==================================================
MATCH #45 OF 81
==================================================

----- MATCH SUMMARY -----
Timestamp: 2025-04-30 11:04:28 ET
Competition ID: kn54qllhey9qvy9
Competition: Egyptian Division 2 (Egypt)
Match: Baladiyat El Mahalla vs La Viena
Score: 0 - 0 (HT: 0 - 0)
Status: Second half (Status ID: 4)

--- MATCH BETTING ODDS ---
ML (Money Line):
Time: 5 min | Home: +150 | Draw: +175 | Away: +200

SPREAD (Asia Handicap):
Time: 4 min | Home: -141 | Handicap: 0.0 | Away: +105

Over/Under:
Time: 4 min | Over: -115 | Line: 1.75 | Under: -109

--- MATCH ENVIRONMENT ---
Weather: Partially cloudy
Wind: 7.1m/s
Humidity: 56%


==================================================
MATCH #46 OF 81
==================================================

----- MATCH SUMMARY -----
Timestamp: 2025-04-30 11:04:29 ET
Competition ID: vl7oqdehn11r510
Competition: Tunisian Cup (Tunisia)
Match: J.S. Kairouanaise vs ES du Sahel
Score: 0 - 0 (HT: 0 - 0)
Status: Second half (Status ID: 4)

--- MATCH BETTING ODDS ---
ML (Money Line):
Time: 4 min | Home: +500 | Draw: +220 | Away: -152

SPREAD (Asia Handicap):
Time: 4 min | Home: -109 | Handicap: -0.75 | Away: -115

Over/Under:
Time: 4 min | Over: -103 | Line: 2.0 | Under: -122

--- MATCH ENVIRONMENT ---
Weather: Sunny
Wind: 2.0m/s
Humidity: 30%


==================================================
MATCH #47 OF 81
==================================================

----- MATCH SUMMARY -----
Timestamp: 2025-04-30 11:04:31 ET
Competition ID: jednm9whkg3ryox
Competition: South Africa First League (South Africa)
Match: Milford vs Pretoria Callies
Score: 0 - 2 (HT: 0 - 0)
Status: Finished (Status ID: 8)

--- MATCH BETTING ODDS ---
ML (Money Line):
Time: 4 min | Home: -152 | Draw: +260 | Away: +350

SPREAD (Asia Handicap):
Time: 4 min | Home: -123 | Handicap: 0.5 | Away: -112

Over/Under:
Time: 4 min | Over: -133 | Line: 2.0 | Under: +105

--- MATCH ENVIRONMENT ---
Weather: Sunny
Wind: 1.5m/s
Humidity: 74%


==================================================
MATCH #48 OF 81
==================================================

----- MATCH SUMMARY -----
Timestamp: 2025-04-30 11:04:32 ET
Competition ID: 9k82rekh332repz
Competition: Estonian U19 league (Estonia)
Match: JK Trans Narva U19 vs FC Flora Tallinn U19
Score: 0 - 0 (HT: 0 - 0)
Status: Finished (Status ID: 8)

--- MATCH BETTING ODDS ---
ML (Money Line):
Time: 4 min | Home: +250 | Draw: +450 | Away: -175

SPREAD (Asia Handicap):
Time: 4 min | Home: -109 | Handicap: -1.0 | Away: -115

Over/Under:
Time: 4 min | Over: -118 | Line: 4.25 | Under: -105

--- MATCH ENVIRONMENT ---
Weather: Cloudy
Wind: 4.3m/s
Humidity: 72%


==================================================
MATCH #49 OF 81
==================================================

----- MATCH SUMMARY -----
Timestamp: 2025-04-30 11:04:34 ET
Competition ID: kdj2ryohpeq1zpg
Competition: Armenian First League (Armenia)
Match: Urartu II vs BKMA II
Score: 1 - 1 (HT: 0 - 1)
Status: Finished (Status ID: 8)

--- MATCH BETTING ODDS ---

Over/Under:
Time: pre-match min | Over: -250 | Line: 2.5 | Under: +160 (Closest time to minutes 4-6 available: pre-match)

--- MATCH ENVIRONMENT ---
No environment data available for this match


==================================================
MATCH #50 OF 81
==================================================

----- MATCH SUMMARY -----
Timestamp: 2025-04-30 11:04:35 ET
Competition ID: 4zp5rzgh7loq82w
Competition: Zimbabwe Premier Soccer League (Zimbabwe)
Match: CAPS United vs FC Platinum
Score: 1 - 2 (HT: 0 - 1)
Status: Finished (Status ID: 8)

--- MATCH BETTING ODDS ---
ML (Money Line):
Time: 4 min | Home: +110 | Draw: +175 | Away: +300

SPREAD (Asia Handicap):
Time: 4 min | Home: -125 | Handicap: 0.25 | Away: +100

Over/Under:
Time: 4 min | Over: -130 | Line: 1.5 | Under: +102

--- MATCH ENVIRONMENT ---
Weather: Snowy
Wind: 8.7m/s
Humidity: 51%


==================================================
MATCH #51 OF 81
==================================================

----- MATCH SUMMARY -----
Timestamp: 2025-04-30 11:04:36 ET
Competition ID: 4zp5rzgh7loq82w
Competition: Zimbabwe Premier Soccer League (Zimbabwe)
Match: Chicken Inn vs TelOne fc
Score: 0 - 0 (HT: 0 - 0)
Status: Finished (Status ID: 8)

--- MATCH BETTING ODDS ---
ML (Money Line):
Time: 5 min | Home: +160 | Draw: +160 | Away: +210

SPREAD (Asia Handicap):
Time: 4 min | Home: -143 | Handicap: 0.0 | Away: +110

Over/Under:
Time: 4 min | Over: -125 | Line: 1.5 | Under: +100

--- MATCH ENVIRONMENT ---
Weather: Partially cloudy
Wind: 3.2m/s
Humidity: 31%


==================================================
MATCH #52 OF 81
==================================================

----- MATCH SUMMARY -----
Timestamp: 2025-04-30 11:04:38 ET
Competition ID: 4zp5rzgh7loq82w
Competition: Zimbabwe Premier Soccer League (Zimbabwe)
Match: GreenFuel vs Dynamos FC
Score: 0 - 0 (HT: 0 - 0)
Status: Finished (Status ID: 8)

--- MATCH BETTING ODDS ---


--- MATCH ENVIRONMENT ---
No environment data available for this match


==================================================
MATCH #53 OF 81
==================================================

----- MATCH SUMMARY -----
Timestamp: 2025-04-30 11:04:38 ET
Competition ID: 4zp5rzgh7loq82w
Competition: Zimbabwe Premier Soccer League (Zimbabwe)
Match: Kwekwe United vs Simba Bhora
Score: 1 - 2 (HT: 0 - 1)
Status: Finished (Status ID: 8)

--- MATCH BETTING ODDS ---


--- MATCH ENVIRONMENT ---
No environment data available for this match


==================================================
MATCH #54 OF 81
==================================================

----- MATCH SUMMARY -----
Timestamp: 2025-04-30 11:04:39 ET
Competition ID: 4zp5rzgh7loq82w
Competition: Zimbabwe Premier Soccer League (Zimbabwe)
Match: Ngezi Platinum vs Yadah FC
Score: 1 - 2 (HT: 0 - 1)
Status: Finished (Status ID: 8)

--- MATCH BETTING ODDS ---


--- MATCH ENVIRONMENT ---
No environment data available for this match


==================================================
MATCH #55 OF 81
==================================================

----- MATCH SUMMARY -----
Timestamp: 2025-04-30 11:04:40 ET
Competition ID: 4zp5rzgh7loq82w
Competition: Zimbabwe Premier Soccer League (Zimbabwe)
Match: Triangle FC vs ZPC Kariba
Score: 1 - 1 (HT: 0 - 1)
Status: Finished (Status ID: 8)

--- MATCH BETTING ODDS ---


--- MATCH ENVIRONMENT ---
No environment data available for this match


==================================================
MATCH #56 OF 81
==================================================

----- MATCH SUMMARY -----
Timestamp: 2025-04-30 11:04:41 ET
Competition ID: 4zp5rzgh7loq82w
Competition: Zimbabwe Premier Soccer League (Zimbabwe)
Match: Highlanders vs Bikita Minerals FC
Score: 1 - 0 (HT: 1 - 0)
Status: Finished (Status ID: 8)

--- MATCH BETTING ODDS ---
ML (Money Line):
Time: 4 min | Home: -125 | Draw: +240 | Away: +300

SPREAD (Asia Handicap):
Time: 4 min | Home: -122 | Handicap: 0.5 | Away: -103

Over/Under:
Time: 4 min | Over: -115 | Line: 2.0 | Under: -109

--- MATCH ENVIRONMENT ---
Weather: Sunny
Wind: 3.7m/s
Humidity: 35%


==================================================
MATCH #57 OF 81
==================================================

----- MATCH SUMMARY -----
Timestamp: 2025-04-30 11:04:43 ET
Competition ID: jednm9whg03ryox
Competition: Italian Campionato Primavera 2 (Italy)
Match: AlbinoLeffe Youth vs Padova U19
Score: 3 - 1 (HT: 1 - 1)
Status: Finished (Status ID: 8)

--- MATCH BETTING ODDS ---
ML (Money Line):
Time: 4 min | Home: +200 | Draw: +260 | Away: +110

SPREAD (Asia Handicap):
Time: 4 min | Home: -105 | Handicap: -0.25 | Away: -118

Over/Under:
Time: 4 min | Over: -109 | Line: 3.0 | Under: -115

--- MATCH ENVIRONMENT ---
Weather: Sunny
Wind: 3.7m/s
Humidity: 47%


==================================================
MATCH #58 OF 81
==================================================

----- MATCH SUMMARY -----
Timestamp: 2025-04-30 11:04:44 ET
Competition ID: jednm9whk0ryox8
Competition: International Friendly (Unknown Country)
Match: Hungary (w) U17 vs Czech Republic (w) U17
Score: 1 - 1 (HT: 1 - 1)
Status: Finished (Status ID: 8)

--- MATCH BETTING ODDS ---


--- MATCH ENVIRONMENT ---
No environment data available for this match


==================================================
MATCH #59 OF 81
==================================================

----- MATCH SUMMARY -----
Timestamp: 2025-04-30 11:04:46 ET
Competition ID: 56ypq3nhll6md7o
Competition: South Africa Women's League (South Africa)
Match: First Touch Academy (w) vs UCT (w)
Score: 2 - 1 (HT: 1 - 0)
Status: Finished (Status ID: 8)

--- MATCH BETTING ODDS ---
ML (Money Line):
Time: 4 min | Home: -152 | Draw: +275 | Away: +350

SPREAD (Asia Handicap):
Time: 4 min | Home: -130 | Handicap: 0.75 | Away: -108

Over/Under:
Time: 4 min | Over: -119 | Line: 2.75 | Under: -116

--- MATCH ENVIRONMENT ---
Weather: Sunny
Wind: 4.3m/s
Humidity: 37%


==================================================
MATCH #60 OF 81
==================================================

----- MATCH SUMMARY -----
Timestamp: 2025-04-30 11:04:47 ET
Competition ID: 56ypq3nhll6md7o
Competition: South Africa Women's League (South Africa)
Match: Johannesburg Uni (w) vs Royal AM FC (W)
Score: 3 - 0 (HT: 1 - 0)
Status: Finished (Status ID: 8)

--- MATCH BETTING ODDS ---
ML (Money Line):
Time: 4 min | Home: -1111 | Draw: +750 | Away: +2200

SPREAD (Asia Handicap):
Time: 4 min | Home: -105 | Handicap: 2.5 | Away: -118

Over/Under:
Time: 4 min | Over: -105 | Line: 3.25 | Under: -118

--- MATCH ENVIRONMENT ---
Weather: Cloudy
Wind: 5.8m/s
Humidity: 40%


==================================================
MATCH #61 OF 81
==================================================

----- MATCH SUMMARY -----
Timestamp: 2025-04-30 11:04:48 ET
Competition ID: kn54qllh40qvy9d
Competition: Kazakhstan Premier League (Kazakhstan)
Match: FK Atyrau vs FC Astana
Score: 0 - 2 (HT: 0 - 1)
Status: Finished (Status ID: 8)

--- MATCH BETTING ODDS ---
ML (Money Line):
Time: 4 min | Home: +500 | Draw: +375 | Away: -250

SPREAD (Asia Handicap):
Time: 4 min | Home: -103 | Handicap: -1.25 | Away: -122

Over/Under:
Time: 4 min | Over: -125 | Line: 2.75 | Under: +100

--- MATCH ENVIRONMENT ---
Weather: Partially cloudy
Wind: 3.7m/s
Humidity: 25%


==================================================
MATCH #62 OF 81
==================================================

----- MATCH SUMMARY -----
Timestamp: 2025-04-30 11:04:50 ET
Competition ID: 9dn1m1ghl1moepl
Competition: Turkish Third League (Turkey)
Match: Yeni Amasya Spor vs Mazidagi Fosfatspo
Score: 0 - 3 (HT: 0 - 0)
Status: Finished (Status ID: 8)

--- MATCH BETTING ODDS ---
ML (Money Line):
Time: 4 min | Home: +110 | Draw: +220 | Away: +220

SPREAD (Asia Handicap):
Time: 4 min | Home: -115 | Handicap: 0.25 | Away: -109

Over/Under:
Time: 4 min | Over: +100 | Line: 2.25 | Under: -125

--- MATCH ENVIRONMENT ---
Weather: Cloudy
Wind: 4.8m/s
Humidity: 49%


==================================================
MATCH #63 OF 81
==================================================

----- MATCH SUMMARY -----
Timestamp: 2025-04-30 11:04:52 ET
Competition ID: 9dn1m1ghl1moepl
Competition: Turkish Third League (Turkey)
Match: Kutahyaspor vs Duzcespor
Score: 2 - 1 (HT: 1 - 0)
Status: Finished (Status ID: 8)

--- MATCH BETTING ODDS ---
ML (Money Line):
Time: 4 min | Home: +137 | Draw: +240 | Away: +175

SPREAD (Asia Handicap):
Time: 4 min | Home: -108 | Handicap: 0.25 | Away: -130

Over/Under:
Time: 4 min | Over: -118 | Line: 2.25 | Under: -105

--- MATCH ENVIRONMENT ---
Weather: Partially cloudy
Wind: 3.7m/s
Humidity: 53%


==================================================
MATCH #64 OF 81
==================================================

----- MATCH SUMMARY -----
Timestamp: 2025-04-30 11:04:53 ET
Competition ID: 9dn1m1ghl1moepl
Competition: Turkish Third League (Turkey)
Match: Kucukcekmece vs Corluspor
Score: 0 - 0 (HT: 0 - 0)
Status: Extra time (Status ID: 5)

--- MATCH BETTING ODDS ---
ML (Money Line):
Time: 4 min | Home: +125 | Draw: +240 | Away: +175

SPREAD (Asia Handicap):
Time: 4 min | Home: +100 | Handicap: 0.25 | Away: -125

Over/Under:
Time: 4 min | Over: -108 | Line: 2.5 | Under: -120

--- MATCH ENVIRONMENT ---
Weather: Partially cloudy
Wind: 11.m/s
Humidity: 61%


==================================================
MATCH #65 OF 81
==================================================

----- MATCH SUMMARY -----
Timestamp: 2025-04-30 11:04:55 ET
Competition ID: 9dn1m1ghl1moepl
Competition: Turkish Third League (Turkey)
Match: Silivrispor vs Tire 2021 FK
Score: 0 - 0 (HT: 0 - 0)
Status: Extra time (Status ID: 5)

--- MATCH BETTING ODDS ---
ML (Money Line):
Time: 5 min | Home: +105 | Draw: +220 | Away: +240

SPREAD (Asia Handicap):
Time: 4 min | Home: -130 | Handicap: 0.25 | Away: -104

Over/Under:
Time: 4 min | Over: -130 | Line: 2.25 | Under: +102

--- MATCH ENVIRONMENT ---
Weather: Partially cloudy
Wind: 11.m/s
Humidity: 63%


==================================================
MATCH #66 OF 81
==================================================

----- MATCH SUMMARY -----
Timestamp: 2025-04-30 11:04:56 ET
Competition ID: 9dn1m1ghl1moepl
Competition: Turkish Third League (Turkey)
Match: Zonguldak vs Kahramanmaras Bld
Score: 0 - 0 (HT: 0 - 0)
Status: Extra time (Status ID: 5)

--- MATCH BETTING ODDS ---
ML (Money Line):
Time: 4 min | Home: +140 | Draw: +210 | Away: +187

SPREAD (Asia Handicap):
Time: 4 min | Home: -125 | Handicap: 0.0 | Away: -104

Over/Under:
Time: 4 min | Over: -118 | Line: 2.25 | Under: -110

--- MATCH ENVIRONMENT ---
Weather: Partially cloudy
Wind: 6.1m/s
Humidity: 77%


==================================================
MATCH #67 OF 81
==================================================

----- MATCH SUMMARY -----
Timestamp: 2025-04-30 11:04:57 ET
Competition ID: 56ypq3nhepnmd7o
Competition: IRQ D2 (Iraq)
Match: Al Fahad vs Al Sinaah
Score: 1 - 0 (HT: 0 - 0)
Status: Finished (Status ID: 8)

--- MATCH BETTING ODDS ---
ML (Money Line):
Time: 4 min | Home: -105 | Draw: +210 | Away: +275

SPREAD (Asia Handicap):
Time: 5 min | Home: +102 | Handicap: 0.5 | Away: -130

Over/Under:
Time: 4 min | Over: -118 | Line: 1.75 | Under: -105

--- MATCH ENVIRONMENT ---
No environment data available for this match


==================================================
MATCH #68 OF 81
==================================================

----- MATCH SUMMARY -----
Timestamp: 2025-04-30 11:04:58 ET
Competition ID: e4wyrn4hdzvq86p
Competition: Poland Liga 3 (Poland)
Match: Cracovia II vs GKS Glinik Gorlice
Score: 3 - 2 (HT: 1 - 0)
Status: Finished (Status ID: 8)

--- MATCH BETTING ODDS ---
ML (Money Line):
Time: 4 min | Home: -303 | Draw: +450 | Away: +550

SPREAD (Asia Handicap):
Time: 4 min | Home: -122 | Handicap: 1.5 | Away: -103

Over/Under:
Time: 4 min | Over: +102 | Line: 3.25 | Under: -130

--- MATCH ENVIRONMENT ---
Weather: Partially cloudy
Wind: 3.1m/s
Humidity: 33%


==================================================
MATCH #69 OF 81
==================================================

----- MATCH SUMMARY -----
Timestamp: 2025-04-30 11:04:59 ET
Competition ID: 56ypq3nhepnmd7o
Competition: IRQ D2 (Iraq)
Match: Peshmerga Sulaymaniya SC vs Masafi Al-Junoob
Score: 1 - 0 (HT: 0 - 0)
Status: Finished (Status ID: 8)

--- MATCH BETTING ODDS ---
ML (Money Line):
Time: 4 min | Home: +160 | Draw: +175 | Away: +200

SPREAD (Asia Handicap):
Time: 7 min | Home: +108 | Handicap: 0.25 | Away: -161 (Closest time to minutes 4-6 available: 7)

Over/Under:
Time: 4 min | Over: +105 | Line: 2.0 | Under: -133

--- MATCH ENVIRONMENT ---
No environment data available for this match


==================================================
MATCH #70 OF 81
==================================================

----- MATCH SUMMARY -----
Timestamp: 2025-04-30 11:05:02 ET
Competition ID: 9vjxm8ghgy0r6od
Competition: Uganda Premier League (Uganda)
Match: Mbarara City vs NEC FC Bugolobi
Score: 1 - 2 (HT: 0 - 0)
Status: Finished (Status ID: 8)

--- MATCH BETTING ODDS ---
ML (Money Line):
Time: 4 min | Home: +550 | Draw: +250 | Away: -189

SPREAD (Asia Handicap):
Time: 4 min | Home: -125 | Handicap: -1.0 | Away: +100

Over/Under:
Time: 4 min | Over: -111 | Line: 2.0 | Under: -111

--- MATCH ENVIRONMENT ---
Weather: Snowy
Wind: 4.3m/s
Humidity: 71%


==================================================
MATCH #71 OF 81
==================================================

----- MATCH SUMMARY -----
Timestamp: 2025-04-30 11:05:04 ET
Competition ID: 56ypq3nhepnmd7o
Competition: IRQ D2 (Iraq)
Match: Kadhimiya SC vs Naft Al-Wassat SC
Score: 2 - 0 (HT: 0 - 0)
Status: Second half (Status ID: 4)

--- MATCH BETTING ODDS ---
ML (Money Line):
Time: 4 min | Home: -164 | Draw: +240 | Away: +450

SPREAD (Asia Handicap):
Time: 4 min | Home: -118 | Handicap: 0.75 | Away: -105

Over/Under:
Time: 4 min | Over: +102 | Line: 2.0 | Under: -130

--- MATCH ENVIRONMENT ---
Weather: Sunny
Wind: 3.2m/s
Humidity: 19%


==================================================
MATCH #72 OF 81
==================================================

----- MATCH SUMMARY -----
Timestamp: 2025-04-30 11:05:05 ET
Competition ID: 56ypq3nhepnmd7o
Competition: IRQ D2 (Iraq)
Match: Al-Masafi vs Al Gharraf
Score: 1 - 1 (HT: 0 - 0)
Status: Finished (Status ID: 8)

--- MATCH BETTING ODDS ---
ML (Money Line):
Time: 4 min | Home: +200 | Draw: +210 | Away: +130

SPREAD (Asia Handicap):
Time: 4 min | Home: +112 | Handicap: 0.0 | Away: -169

Over/Under:
Time: 4 min | Over: +102 | Line: 2.25 | Under: -130

--- MATCH ENVIRONMENT ---
Weather: Sunny
Wind: 3.2m/s
Humidity: 20%


==================================================
MATCH #73 OF 81
==================================================

----- MATCH SUMMARY -----
Timestamp: 2025-04-30 11:05:06 ET
Competition ID: 56ypq3nhepnmd7o
Competition: IRQ D2 (Iraq)
Match: Amanat Baghdad vs Afak SC
Score: 1 - 1 (HT: 1 - 0)
Status: Finished (Status ID: 8)

--- MATCH BETTING ODDS ---
ML (Money Line):
Time: 4 min | Home: -125 | Draw: +220 | Away: +350

SPREAD (Asia Handicap):
Time: 4 min | Home: -122 | Handicap: 0.5 | Away: -103

Over/Under:
Time: 4 min | Over: -105 | Line: 2.0 | Under: -118

--- MATCH ENVIRONMENT ---
Weather: Sunny
Wind: 3.2m/s
Humidity: 19%


==================================================
MATCH #74 OF 81
==================================================

----- MATCH SUMMARY -----
Timestamp: 2025-04-30 11:05:08 ET
Competition ID: 9dn1m1gh8zomoep
Competition: Kenya Football League (Kenya)
Match: Darajani Gogo vs MOFA FC
Score: 4 - 0 (HT: 3 - 0)
Status: Finished (Status ID: 8)

--- MATCH BETTING ODDS ---
ML (Money Line):
Time: 4 min | Home: -303 | Draw: +375 | Away: +650

SPREAD (Asia Handicap):
Time: 4 min | Home: -125 | Handicap: 0.25 | Away: +100

Over/Under:
Time: 4 min | Over: +102 | Line: 3.25 | Under: -130

--- MATCH ENVIRONMENT ---
Weather: Partially cloudy
Wind: 5.6m/s
Humidity: 57%


==================================================
MATCH #75 OF 81
==================================================

----- MATCH SUMMARY -----
Timestamp: 2025-04-30 11:05:09 ET
Competition ID: gy0or5jhexdqwzv
Competition: Ethiopia Premier League (Ethiopia)
Match: Shire Endaselassie FC vs Wolaita Dicha
Score: 1 - 1 (HT: 0 - 0)
Status: Finished (Status ID: 8)

--- MATCH BETTING ODDS ---
ML (Money Line):
Time: 4 min | Home: +275 | Draw: +200 | Away: +105

SPREAD (Asia Handicap):
Time: 6 min | Home: -102 | Handicap: -0.25 | Away: -128

Over/Under:
Time: 4 min | Over: -115 | Line: 1.75 | Under: -109

--- MATCH ENVIRONMENT ---
Weather: Partially cloudy
Wind: 3.4m/s
Humidity: 34%


==================================================
MATCH #76 OF 81
==================================================

----- MATCH SUMMARY -----
Timestamp: 2025-04-30 11:05:11 ET
Competition ID: l965mkyhg0r1ge4
Competition: Sweden Allsvenskan (Sweden)
Match: Malmo FF vs Osters IF
Score: 2 - 0 (HT: 1 - 0)
Status: Finished (Status ID: 8)

--- MATCH BETTING ODDS ---
ML (Money Line):
Time: 6 min | Home: -400 | Draw: +500 | Away: +1100

SPREAD (Asia Handicap):
Time: 4 min | Home: -115 | Handicap: 1.75 | Away: -109

Over/Under:
Time: 4 min | Over: -109 | Line: 3.0 | Under: -115

--- MATCH ENVIRONMENT ---
Weather: Sunny
Wind: 4.1m/s
Humidity: 50%


==================================================
MATCH #77 OF 81
==================================================

----- MATCH SUMMARY -----
Timestamp: 2025-04-30 11:05:12 ET
Competition ID: p4jwq2ghv1vm0ve
Competition: Rwandan Cup (Rwanda)
Match: APR FC vs Police(RWA)
Score: 0 - 0 (HT: 0 - 0)
Status: Postponed (Status ID: 9)

--- MATCH BETTING ODDS ---
ML (Money Line):
Time: pre-match min | Home: -143 | Draw: +225 | Away: +350 (Closest time to minutes 4-6 available: pre-match)

SPREAD (Asia Handicap):
Time: pre-match min | Home: +100 | Handicap: 0.75 | Away: -125 (Closest time to minutes 4-6 available: pre-match)

Over/Under:
Time: pre-match min | Over: -111 | Line: 2.0 | Under: -111 (Closest time to minutes 4-6 available: pre-match)

--- MATCH ENVIRONMENT ---
Weather: Snowy
Wind: 2.6m/s
Humidity: 74%


==================================================
MATCH #78 OF 81
==================================================

----- MATCH SUMMARY -----
Timestamp: 2025-04-30 11:05:14 ET
Competition ID: v2y8m4zhydql074
Competition: Uruguay Primera Division (Uruguay)
Match: Montevideo City Torque vs Montevideo Wanderers FC
Score: 0 - 0 (HT: 0 - 0)
Status: Finished (Status ID: 8)

--- MATCH BETTING ODDS ---
ML (Money Line):
Time: 4 min | Home: +160 | Draw: +210 | Away: +175

SPREAD (Asia Handicap):
Time: 4 min | Home: -122 | Handicap: 0.0 | Away: -104

Over/Under:
Time: 4 min | Over: -108 | Line: 2.25 | Under: -115

--- MATCH ENVIRONMENT ---
Weather: Partially cloudy
Wind: 1.8m/s
Humidity: 88%


==================================================
MATCH #79 OF 81
==================================================

----- MATCH SUMMARY -----
Timestamp: 2025-04-30 11:05:15 ET
Competition ID: 56ypq3nhzogmd7o
Competition: Portuguese Champions Nacional Juniores A 2 (Portugal)
Match: Vitoria SC Guimaraes U19 vs Tondela U19
Score: 1 - 2 (HT: 0 - 1)
Status: Finished (Status ID: 8)

--- MATCH BETTING ODDS ---
ML (Money Line):
Time: pre-match min | Home: +15000 | Draw: +2200 | Away: -10000 (Closest time to minutes 4-6 available: pre-match)

SPREAD (Asia Handicap):
Time: pre-match min | Home: -333 | Handicap: 0.0 | Away: +245 (Closest time to minutes 4-6 available: pre-match)

Over/Under:
Time: pre-match min | Over: +900 | Line: 3.5 | Under: -1667 (Closest time to minutes 4-6 available: pre-match)

--- MATCH ENVIRONMENT ---
Weather: Foggy
Wind: 3.7m/s
Humidity: 91%


==================================================
MATCH #80 OF 81
==================================================

----- MATCH SUMMARY -----
Timestamp: 2025-04-30 11:05:16 ET
Competition ID: kdj2ryohjn7q1zp
Competition: Cameroon Elite two (Cameroon)
Match: APEJES Academy vs Dragon Club Yaounde
Score: 0 - 0 (HT: 0 - 0)
Status: Abandoned (Status ID: 13)

--- MATCH BETTING ODDS ---


--- MATCH ENVIRONMENT ---
No environment data available for this match


==================================================
MATCH #81 OF 81
==================================================

----- MATCH SUMMARY -----
Timestamp: 2025-04-30 11:05:17 ET
Competition ID: v2y8m4zhv6ql074
Competition: Israel Leumit League (Israel)
Match: Hapoel Ramat Gan vs Maccabi Herzliya
Score: 2 - 0 (HT: 2 - 0)
Status: Finished (Status ID: 8)

--- MATCH BETTING ODDS ---
ML (Money Line):
Time: 4 min | Home: -105 | Draw: +300 | Away: +210

SPREAD (Asia Handicap):
Time: 4 min | Home: -130 | Handicap: 0.25 | Away: +102

Over/Under:
Time: 4 min | Over: -125 | Line: 2.75 | Under: +100

--- MATCH ENVIRONMENT ---
Weather: Sunny
Wind: 8.4m/s
Humidity: 40%


==================================================
END OF LIVE MATCH DATA - 81 MATCHES DISPLAYED
==================================================
Refreshing in 30 seconds... (Press Ctrl+C to exit)

================================================================================


================================================================================
FETCH TIMESTAMP: 2025-04-30 11:07:38 ET
================================================================================

Fetching country data...
Fetching live matches...

===== FOUND 77 LIVE FOOTBALL MATCHES =====

Last updated: 2025-04-30 15:05:49
==================================================
MATCH #1 OF 77
==================================================

----- MATCH SUMMARY -----
Timestamp: 2025-04-30 11:05:50 ET
Competition ID: gy0or5jhn9qwzv3
Competition: Lithuanian Cup (Lithuania)
Match: Kazlu Ruda Kaunas vs BE1 NFA
Score: 0 - 0 (HT: 0 - 0)
Status: Postponed (Status ID: 9)

--- MATCH BETTING ODDS ---


--- MATCH ENVIRONMENT ---
No environment data available for this match


==================================================
MATCH #2 OF 77
==================================================

----- MATCH SUMMARY -----
Timestamp: 2025-04-30 11:05:51 ET
Competition ID: 9dn1m1ghew6moep
Competition: Spanish Tercera División RFEF (Spain)
Match: CD Gerena vs Ceuta B
Score: 0 - 0 (HT: 0 - 0)
Status: First half (Status ID: 2)

--- MATCH BETTING ODDS ---

SPREAD (Asia Handicap):
Time: 4 min | Home: -108 | Handicap: -1.25 | Away: -118

Over/Under:
Time: 4 min | Over: -114 | Line: 2.5 | Under: -111

--- MATCH ENVIRONMENT ---
Weather: Unknown (10)
Wind: 1.5m/s
Humidity: 84%


==================================================
MATCH #3 OF 77
==================================================

----- MATCH SUMMARY -----
Timestamp: 2025-04-30 11:05:53 ET
Competition ID: 56ypq3nh8kmd7oj
Competition: Montenegro Cup (Montenegro)
Match: Decic Tuzi vs OFK Petrovac
Score: 0 - 0 (HT: 0 - 0)
Status: First half (Status ID: 2)

--- MATCH BETTING ODDS ---
ML (Money Line):
Time: 4 min | Home: +150 | Draw: +225 | Away: +162

SPREAD (Asia Handicap):
Time: 4 min | Home: -122 | Handicap: 0.0 | Away: -103

Over/Under:
Time: 4 min | Over: -118 | Line: 2.0 | Under: -105

--- MATCH ENVIRONMENT ---
Weather: Sunny
Wind: 3.2m/s
Humidity: 29%


==================================================
MATCH #4 OF 77
==================================================

----- MATCH SUMMARY -----
Timestamp: 2025-04-30 11:05:55 ET
Competition ID: 56ypq3nhzogmd7o
Competition: Portuguese Champions Nacional Juniores A 2 (Portugal)
Match: Braga U19 vs Gil Vicente U19
Score: 0 - 0 (HT: 0 - 0)
Status: First half (Status ID: 2)

--- MATCH BETTING ODDS ---
ML (Money Line):
Time: 4 min | Home: +130 | Draw: +275 | Away: +150

SPREAD (Asia Handicap):
Time: 4 min | Home: -125 | Handicap: 0.0 | Away: +100

Over/Under:
Time: 4 min | Over: -109 | Line: 2.75 | Under: -115

--- MATCH ENVIRONMENT ---
Weather: Unknown (10)
Wind: 4.0m/s
Humidity: 94%


==================================================
MATCH #5 OF 77
==================================================

----- MATCH SUMMARY -----
Timestamp: 2025-04-30 11:05:56 ET
Competition ID: 56ypq3nhzogmd7o
Competition: Portuguese Champions Nacional Juniores A 2 (Portugal)
Match: FC Porto U19 vs SC Uniao Torreense U19
Score: 0 - 0 (HT: 0 - 0)
Status: First half (Status ID: 2)

--- MATCH BETTING ODDS ---
ML (Money Line):
Time: 4 min | Home: -303 | Draw: +400 | Away: +600

SPREAD (Asia Handicap):
Time: 4 min | Home: -111 | Handicap: 1.5 | Away: -111

Over/Under:
Time: 4 min | Over: -115 | Line: 3.0 | Under: -109

--- MATCH ENVIRONMENT ---
Weather: Unknown (10)
Wind: 4.8m/s
Humidity: 83%


==================================================
MATCH #6 OF 77
==================================================

----- MATCH SUMMARY -----
Timestamp: 2025-04-30 11:05:58 ET
Competition ID: kjw2r09hwwyrz84
Competition: Croatian Second Football League (Croatia)
Match: Nk Neretvanac Opuzen vs NK Primorac Biograd
Score: 0 - 1 (HT: 0 - 1)
Status: First half (Status ID: 2)

--- MATCH BETTING ODDS ---
ML (Money Line):
Time: 4 min | Home: -164 | Draw: +260 | Away: +400

SPREAD (Asia Handicap):
Time: 4 min | Home: +105 | Handicap: 1.0 | Away: -133

Over/Under:
Time: 4 min | Over: -115 | Line: 2.5 | Under: -109

--- MATCH ENVIRONMENT ---
Weather: Sunny
Wind: 4.8m/s
Humidity: 32%


==================================================
MATCH #7 OF 77
==================================================

----- MATCH SUMMARY -----
Timestamp: 2025-04-30 11:05:59 ET
Competition ID: kjw2r09hwwyrz84
Competition: Croatian Second Football League (Croatia)
Match: NK Vodice vs NK Hrvatski VP
Score: 0 - 0 (HT: 0 - 0)
Status: First half (Status ID: 2)

--- MATCH BETTING ODDS ---
ML (Money Line):
Time: 3 min | Home: -164 | Draw: +275 | Away: +375 (Closest time to minutes 4-6 available: 3)

SPREAD (Asia Handicap):
Time: 4 min | Home: +100 | Handicap: 1.0 | Away: -125

Over/Under:
Time: 4 min | Over: -130 | Line: 3.0 | Under: -115

--- MATCH ENVIRONMENT ---
Weather: Sunny
Wind: 6.5m/s
Humidity: 46%


==================================================
MATCH #8 OF 77
==================================================

----- MATCH SUMMARY -----
Timestamp: 2025-04-30 11:06:01 ET
Competition ID: kjw2r09hwwyrz84
Competition: Croatian Second Football League (Croatia)
Match: NK Gosk Kastel Gomilica vs HNK Val Kastel Stari
Score: 0 - 0 (HT: 0 - 0)
Status: First half (Status ID: 2)

--- MATCH BETTING ODDS ---
ML (Money Line):
Time: 3 min | Home: -189 | Draw: +333 | Away: +400 (Closest time to minutes 4-6 available: 3)

SPREAD (Asia Handicap):
Time: 4 min | Home: -122 | Handicap: 1.0 | Away: -103

Over/Under:
Time: 4 min | Over: +120 | Line: 3.5 | Under: -182

--- MATCH ENVIRONMENT ---
Weather: Sunny
Wind: 3.2m/s
Humidity: 38%


==================================================
MATCH #9 OF 77
==================================================

----- MATCH SUMMARY -----
Timestamp: 2025-04-30 11:06:03 ET
Competition ID: e4wyrn4hdzvq86p
Competition: Poland Liga 3 (Poland)
Match: Piast Gliwice (Youth) vs Gwarek Tarnowskie Gory
Score: 0 - 0 (HT: 0 - 0)
Status: First half (Status ID: 2)

--- MATCH BETTING ODDS ---
ML (Money Line):
Time: 2 min | Home: -139 | Draw: +260 | Away: +300 (Closest time to minutes 4-6 available: 2)

SPREAD (Asia Handicap):
Time: 3 min | Home: -110 | Handicap: 0.75 | Away: -130 (Closest time to minutes 4-6 available: 3)

Over/Under:
Time: 3 min | Over: -112 | Line: 3.0 | Under: -127 (Closest time to minutes 4-6 available: 3)

--- MATCH ENVIRONMENT ---
Weather: Windy
Wind: 3.4m/s
Humidity: 35%


==================================================
MATCH #10 OF 77
==================================================

----- MATCH SUMMARY -----
Timestamp: 2025-04-30 11:06:06 ET
Competition ID: yl5ergph8vr8k0o
Competition: Russian Cup (Russia)
Match: Lokomotiv Moscow vs FK Rostov
Score: 0 - 0 (HT: 0 - 0)
Status: First half (Status ID: 2)

--- MATCH BETTING ODDS ---

SPREAD (Asia Handicap):
Time: 2 min | Home: -125 | Handicap: 0.0 | Away: -118 (Closest time to minutes 4-6 available: 2)

Over/Under:
Time: 2 min | Over: -102 | Line: 2.75 | Under: -114 (Closest time to minutes 4-6 available: 2)

--- MATCH ENVIRONMENT ---
Weather: Sunny
Wind: 3.7m/s
Humidity: 77%


==================================================
MATCH #11 OF 77
==================================================

----- MATCH SUMMARY -----
Timestamp: 2025-04-30 11:06:07 ET
Competition ID: p3glrw7hwzlqdyj
Competition: CAF African Youth Championship (Unknown Country)
Match: South Africa U20 vs Tanzania U20
Score: 0 - 0 (HT: 0 - 0)
Status: First half (Status ID: 2)

--- MATCH BETTING ODDS ---
ML (Money Line):
Time: 4 min | Home: -120 | Draw: +240 | Away: +300

SPREAD (Asia Handicap):
Time: 4 min | Home: -118 | Handicap: 0.5 | Away: -105

Over/Under:
Time: 4 min | Over: -109 | Line: 2.0 | Under: -115

--- MATCH ENVIRONMENT ---
Weather: Partially cloudy
Wind: 13.m/s
Humidity: 34%


==================================================
MATCH #12 OF 77
==================================================

----- MATCH SUMMARY -----
Timestamp: 2025-04-30 11:06:09 ET
Competition ID: jednm9wh0nryox8
Competition: Czech Third League (Czech Republic)
Match: Zlin B vs Blansko
Score: 0 - 0 (HT: 0 - 0)
Status: First half (Status ID: 2)

--- MATCH BETTING ODDS ---
ML (Money Line):
Time: 3 min | Home: -125 | Draw: +275 | Away: +275 (Closest time to minutes 4-6 available: 3)

SPREAD (Asia Handicap):
Time: 4 min | Home: -122 | Handicap: 0.5 | Away: -103

Over/Under:
Time: 4 min | Over: +100 | Line: 3.0 | Under: -125

--- MATCH ENVIRONMENT ---
Weather: Partially cloudy
Wind: 3.1m/s
Humidity: 38%


==================================================
MATCH #13 OF 77
==================================================

----- MATCH SUMMARY -----
Timestamp: 2025-04-30 11:06:10 ET
Competition ID: gy0or5jhexdqwzv
Competition: Ethiopia Premier League (Ethiopia)
Match: Adama City vs Welwalo Adigrat
Score: 0 - 0 (HT: 0 - 0)
Status: First half (Status ID: 2)

--- MATCH BETTING ODDS ---
ML (Money Line):
Time: 4 min | Home: +125 | Draw: +200 | Away: +220

SPREAD (Asia Handicap):
Time: 4 min | Home: -105 | Handicap: 0.25 | Away: -118

Over/Under:
Time: 4 min | Over: -130 | Line: 1.75 | Under: +102

--- MATCH ENVIRONMENT ---
Weather: Windy
Wind: 6.1m/s
Humidity: 35%


==================================================
MATCH #14 OF 77
==================================================

----- MATCH SUMMARY -----
Timestamp: 2025-04-30 11:06:12 ET
Competition ID: vl7oqdeholr510j
Competition: Latvian Higher League (Latvia)
Match: Tukums-2000 vs BFC Daugavpils
Score: 0 - 0 (HT: 0 - 0)
Status: First half (Status ID: 2)

--- MATCH BETTING ODDS ---
ML (Money Line):
Time: 4 min | Home: +162 | Draw: +250 | Away: +150

SPREAD (Asia Handicap):
Time: 4 min | Home: -103 | Handicap: 0.0 | Away: -122

Over/Under:
Time: 4 min | Over: -109 | Line: 2.5 | Under: -115

--- MATCH ENVIRONMENT ---
Weather: Partially cloudy
Wind: 7.3m/s
Humidity: 58%


==================================================
MATCH #15 OF 77
==================================================

----- MATCH SUMMARY -----
Timestamp: 2025-04-30 11:06:13 ET
Competition ID: kdj2ryohjn7q1zp
Competition: Cameroon Elite two (Cameroon)
Match: Union Abong-Mbang vs Tonnerre Yaounde
Score: 0 - 0 (HT: 0 - 0)
Status: First half (Status ID: 2)

--- MATCH BETTING ODDS ---


--- MATCH ENVIRONMENT ---
No environment data available for this match


==================================================
MATCH #16 OF 77
==================================================

----- MATCH SUMMARY -----
Timestamp: 2025-04-30 11:06:15 ET
Competition ID: kdj2ryohjn7q1zp
Competition: Cameroon Elite two (Cameroon)
Match: Isohsa Limbe vs Bafmeng United
Score: 0 - 0 (HT: 0 - 0)
Status: First half (Status ID: 2)

--- MATCH BETTING ODDS ---


--- MATCH ENVIRONMENT ---
No environment data available for this match


==================================================
MATCH #17 OF 77
==================================================

----- MATCH SUMMARY -----
Timestamp: 2025-04-30 11:06:16 ET
Competition ID: j1l4rjnhxpvm7vx
Competition: Indian Super Cup (India)
Match: Mumbai City FC  vs Jamshedpur FC
Score: 0 - 0 (HT: 0 - 0)
Status: First half (Status ID: 2)

--- MATCH BETTING ODDS ---
ML (Money Line):
Time: 4 min | Home: +220 | Draw: +260 | Away: +105

SPREAD (Asia Handicap):
Time: 4 min | Home: +100 | Handicap: -0.25 | Away: -125

Over/Under:
Time: 4 min | Over: -112 | Line: 2.5 | Under: -103

--- MATCH ENVIRONMENT ---
Weather: Sunny
Wind: 5.3m/s
Humidity: 69%


==================================================
MATCH #18 OF 77
==================================================

----- MATCH SUMMARY -----
Timestamp: 2025-04-30 11:06:17 ET
Competition ID: kdj2ryohjn7q1zp
Competition: Cameroon Elite two (Cameroon)
Match: Eding Sport FC vs FAP Yaounde
Score: 0 - 0 (HT: 0 - 0)
Status: First half (Status ID: 2)

--- MATCH BETTING ODDS ---
ML (Money Line):
Time: pre-match min | Home: +300 | Draw: +175 | Away: -105 (Closest time to minutes 4-6 available: pre-match)

SPREAD (Asia Handicap):
Time: 4 min | Home: -114 | Handicap: -0.5 | Away: -118

Over/Under:
Time: 4 min | Over: +100 | Line: 2.0 | Under: -130

--- MATCH ENVIRONMENT ---
No environment data available for this match


==================================================
MATCH #19 OF 77
==================================================

----- MATCH SUMMARY -----
Timestamp: 2025-04-30 11:06:19 ET
Competition ID: 9vjxm8gh5lr6odg
Competition: Slovak 2.Liga (Slovakia)
Match: FC Artmedia Petrzalka vs MSK Zilina B
Score: 1 - 0 (HT: 1 - 0)
Status: First half (Status ID: 2)

--- MATCH BETTING ODDS ---

SPREAD (Asia Handicap):
Time: 4 min | Home: -114 | Handicap: 0.75 | Away: -122

Over/Under:
Time: 4 min | Over: -119 | Line: 4.0 | Under: -116

--- MATCH ENVIRONMENT ---
Weather: Sunny
Wind: 1.8m/s
Humidity: 32%


==================================================
MATCH #20 OF 77
==================================================

----- MATCH SUMMARY -----
Timestamp: 2025-04-30 11:06:20 ET
Competition ID: l965mkyh4jdr1ge
Competition: Argentine Reserve League (Argentina)
Match: Acassuso Reserves vs Deportivo Liniers Reserves
Score: 0 - 0 (HT: 0 - 0)
Status: First half (Status ID: 2)

--- MATCH BETTING ODDS ---
ML (Money Line):
Time: 4 min | Home: -120 | Draw: +240 | Away: +275

SPREAD (Asia Handicap):
Time: 4 min | Home: -111 | Handicap: 0.5 | Away: -111

Over/Under:
Time: 4 min | Over: +102 | Line: 2.5 | Under: -130

--- MATCH ENVIRONMENT ---
No environment data available for this match


==================================================
MATCH #21 OF 77
==================================================

----- MATCH SUMMARY -----
Timestamp: 2025-04-30 11:06:21 ET
Competition ID: v2y8m4zhg91ql07
Competition: Greek Amateur Cup (Greece)
Match: Kyanos Astir Varis vs Aris Voulas FC
Score: 1 - 1 (HT: 1 - 1)
Status: First half (Status ID: 2)

--- MATCH BETTING ODDS ---
ML (Money Line):
Time: 5 min | Home: -152 | Draw: +275 | Away: +375

SPREAD (Asia Handicap):
Time: 6 min | Home: -133 | Handicap: 0.75 | Away: -111

Over/Under:
Time: 4 min | Over: -122 | Line: 2.5 | Under: -123

--- MATCH ENVIRONMENT ---
No environment data available for this match


==================================================
MATCH #22 OF 77
==================================================

----- MATCH SUMMARY -----
Timestamp: 2025-04-30 11:06:22 ET
Competition ID: z8yomo4h7vvq0j6
Competition: Uzbekistan Cup (Uzbekistan)
Match: Neftchi Fargona vs Fergana University
Score: 2 - 0 (HT: 2 - 0)
Status: Half-time break (Status ID: 3)

--- MATCH BETTING ODDS ---
ML (Money Line):
Time: 4 min | Home: -455 | Draw: +500 | Away: +800

SPREAD (Asia Handicap):
Time: 4 min | Home: -125 | Handicap: 1.75 | Away: +100

Over/Under:
Time: 4 min | Over: -118 | Line: 2.75 | Under: -105

--- MATCH ENVIRONMENT ---
Weather: Partially cloudy
Wind: 4.3m/s
Humidity: 37%


==================================================
MATCH #23 OF 77
==================================================

----- MATCH SUMMARY -----
Timestamp: 2025-04-30 11:06:24 ET
Competition ID: 9dn1m1ghe56moep
Competition: North Macedonia Women's League (North Macedonia)
Match: ZFK Skopje 2014 (w) vs ZFK Atletiko Bitola (W)
Score: 1 - 0 (HT: 1 - 0)
Status: Half-time break (Status ID: 3)

--- MATCH BETTING ODDS ---
ML (Money Line):
Time: 4 min | Home: -909 | Draw: +650 | Away: +1200

SPREAD (Asia Handicap):
Time: 5 min | Home: -115 | Handicap: 2.5 | Away: -130

Over/Under:
Time: 4 min | Over: -103 | Line: 3.25 | Under: -122

--- MATCH ENVIRONMENT ---
No environment data available for this match


==================================================
MATCH #24 OF 77
==================================================

----- MATCH SUMMARY -----
Timestamp: 2025-04-30 11:06:25 ET
Competition ID: l965mkyh4jdr1ge
Competition: Argentine Reserve League (Argentina)
Match: Defensores de Belgrano Reserves vs Gimnasia Mendoza Reserves
Score: 1 - 2 (HT: 1 - 2)
Status: Half-time break (Status ID: 3)

--- MATCH BETTING ODDS ---
ML (Money Line):
Time: 3 min | Home: -111 | Draw: +220 | Away: +300 (Closest time to minutes 4-6 available: 3)

SPREAD (Asia Handicap):
Time: 4 min | Home: -111 | Handicap: 0.5 | Away: -114

Over/Under:
Time: 4 min | Over: -108 | Line: 2.25 | Under: -130

--- MATCH ENVIRONMENT ---
No environment data available for this match


==================================================
MATCH #25 OF 77
==================================================

----- MATCH SUMMARY -----
Timestamp: 2025-04-30 11:06:26 ET
Competition ID: l965mkyh4jdr1ge
Competition: Argentine Reserve League (Argentina)
Match: Temperley Reserves vs Chacarita Juniors Reserves
Score: 0 - 0 (HT: 0 - 0)
Status: Second half (Status ID: 4)

--- MATCH BETTING ODDS ---
ML (Money Line):
Time: 4 min | Home: -105 | Draw: +225 | Away: +260

SPREAD (Asia Handicap):
Time: 4 min | Home: +100 | Handicap: 0.5 | Away: -125

Over/Under:
Time: 4 min | Over: -125 | Line: 2.0 | Under: +100

--- MATCH ENVIRONMENT ---
No environment data available for this match


==================================================
MATCH #26 OF 77
==================================================

----- MATCH SUMMARY -----
Timestamp: 2025-04-30 11:06:27 ET
Competition ID: l965mkyh4jdr1ge
Competition: Argentine Reserve League (Argentina)
Match: CA Lugano Reserves vs Berazategui Reserves
Score: 0 - 0 (HT: 0 - 0)
Status: Half-time break (Status ID: 3)

--- MATCH BETTING ODDS ---
ML (Money Line):
Time: 3 min | Home: +200 | Draw: +225 | Away: +120 (Closest time to minutes 4-6 available: 3)

SPREAD (Asia Handicap):
Time: 4 min | Home: -130 | Handicap: -0.25 | Away: -108

Over/Under:
Time: 4 min | Over: -118 | Line: 2.5 | Under: -118

--- MATCH ENVIRONMENT ---
Weather: Sunny
Wind: 2.9m/s
Humidity: 61%


==================================================
MATCH #27 OF 77
==================================================

----- MATCH SUMMARY -----
Timestamp: 2025-04-30 11:06:28 ET
Competition ID: l965mkyh4jdr1ge
Competition: Argentine Reserve League (Argentina)
Match: Real Pilar Reserves vs Deportivo Merlo Reserves
Score: 0 - 0 (HT: 0 - 0)
Status: Half-time break (Status ID: 3)

--- MATCH BETTING ODDS ---
ML (Money Line):
Time: 6 min | Home: +130 | Draw: +240 | Away: +175

SPREAD (Asia Handicap):
Time: 4 min | Home: -104 | Handicap: 0.25 | Away: -130

Over/Under:
Time: 4 min | Over: -122 | Line: 2.25 | Under: -103

--- MATCH ENVIRONMENT ---
No environment data available for this match


==================================================
MATCH #28 OF 77
==================================================

----- MATCH SUMMARY -----
Timestamp: 2025-04-30 11:06:30 ET
Competition ID: 56ypq3nh01nmd7o
Competition: Egyptian Premier League (Egypt)
Match: Haras El Hodood vs Pyramids FC
Score: 0 - 1 (HT: 0 - 1)
Status: Half-time break (Status ID: 3)

--- MATCH BETTING ODDS ---
ML (Money Line):
Time: 4 min | Home: +650 | Draw: +275 | Away: -200

SPREAD (Asia Handicap):
Time: 4 min | Home: -103 | Handicap: -1.0 | Away: -122

Over/Under:
Time: 4 min | Over: +100 | Line: 2.25 | Under: -125

--- MATCH ENVIRONMENT ---
Weather: Partially cloudy
Wind: 6.1m/s
Humidity: 70%


==================================================
MATCH #29 OF 77
==================================================

----- MATCH SUMMARY -----
Timestamp: 2025-04-30 11:06:32 ET
Competition ID: kdj2ryohjn7q1zp
Competition: Cameroon Elite two (Cameroon)
Match: Djiko FC de Bandjoun vs Fovu de Baham
Score: 0 - 0 (HT: 0 - 0)
Status: Abandoned (Status ID: 13)

--- MATCH BETTING ODDS ---


--- MATCH ENVIRONMENT ---
No environment data available for this match


==================================================
MATCH #30 OF 77
==================================================

----- MATCH SUMMARY -----
Timestamp: 2025-04-30 11:06:33 ET
Competition ID: 9k82rekhokorepz
Competition: Namibia Premier League (Namibia)
Match: Young Africans Sports Club vs Mighty Gunners
Score: 0 - 0 (HT: 0 - 0)
Status: Abandoned (Status ID: 13)

--- MATCH BETTING ODDS ---


--- MATCH ENVIRONMENT ---
No environment data available for this match


==================================================
MATCH #31 OF 77
==================================================

----- MATCH SUMMARY -----
Timestamp: 2025-04-30 11:06:34 ET
Competition ID: e4wyrn4hdzvq86p
Competition: Poland Liga 3 (Poland)
Match: Polonia Lidzbark vs Sieradz
Score: 0 - 0 (HT: 0 - 0)
Status: Half-time break (Status ID: 3)

--- MATCH BETTING ODDS ---


--- MATCH ENVIRONMENT ---
No environment data available for this match


==================================================
MATCH #32 OF 77
==================================================

----- MATCH SUMMARY -----
Timestamp: 2025-04-30 11:06:35 ET
Competition ID: e4wyrn4hdzvq86p
Competition: Poland Liga 3 (Poland)
Match: Warta Gorzów Wielkopolski vs Lechia Zielona Gora
Score: 0 - 0 (HT: 0 - 0)
Status: Second half (Status ID: 4)

--- MATCH BETTING ODDS ---
ML (Money Line):
Time: 4 min | Home: +125 | Draw: +260 | Away: +162

SPREAD (Asia Handicap):
Time: 4 min | Home: -152 | Handicap: 0.0 | Away: +102

Over/Under:
Time: 4 min | Over: -103 | Line: 2.75 | Under: -122

--- MATCH ENVIRONMENT ---
Weather: Windy
Wind: 3.1m/s
Humidity: 44%


==================================================
MATCH #33 OF 77
==================================================

----- MATCH SUMMARY -----
Timestamp: 2025-04-30 11:06:37 ET
Competition ID: v2y8m4zhw4ql074
Competition: Romanian Liga II (Romania)
Match: Steaua Bucuresti vs FK Csikszereda Miercurea Ciuc
Score: 0 - 0 (HT: 0 - 0)
Status: Second half (Status ID: 4)

--- MATCH BETTING ODDS ---
ML (Money Line):
Time: 4 min | Home: +160 | Draw: +162 | Away: +210

SPREAD (Asia Handicap):
Time: 4 min | Home: -133 | Handicap: 0.0 | Away: +105

Over/Under:
Time: 4 min | Over: +102 | Line: 2.0 | Under: -130

--- MATCH ENVIRONMENT ---
Weather: Sunny
Wind: 1.2m/s
Humidity: 31%


==================================================
MATCH #34 OF 77
==================================================

----- MATCH SUMMARY -----
Timestamp: 2025-04-30 11:06:39 ET
Competition ID: 9dn1m1gh84pmoep
Competition: Portuguese U23 League (Portugal)
Match: Benfica U23 vs Vizela U23
Score: 1 - 1 (HT: 1 - 1)
Status: Half-time break (Status ID: 3)

--- MATCH BETTING ODDS ---
ML (Money Line):
Time: 4 min | Home: -152 | Draw: +300 | Away: +300

SPREAD (Asia Handicap):
Time: 4 min | Home: -122 | Handicap: 0.75 | Away: -103

Over/Under:
Time: 4 min | Over: -118 | Line: 3.0 | Under: -105

--- MATCH ENVIRONMENT ---
Weather: Partially cloudy
Wind: 3.7m/s
Humidity: 64%


==================================================
MATCH #35 OF 77
==================================================

----- MATCH SUMMARY -----
Timestamp: 2025-04-30 11:06:40 ET
Competition ID: 9dn1m1gh84pmoep
Competition: Portuguese U23 League (Portugal)
Match: Gil Vicente U23 vs Estoril U23
Score: 1 - 0 (HT: 1 - 0)
Status: Half-time break (Status ID: 3)

--- MATCH BETTING ODDS ---
ML (Money Line):
Time: 4 min | Home: +125 | Draw: +260 | Away: +175

SPREAD (Asia Handicap):
Time: 4 min | Home: +100 | Handicap: 0.25 | Away: -125

Over/Under:
Time: 4 min | Over: -114 | Line: 2.75 | Under: -106

--- MATCH ENVIRONMENT ---
Weather: Unknown (10)
Wind: 4.5m/s
Humidity: 93%


==================================================
MATCH #36 OF 77
==================================================

----- MATCH SUMMARY -----
Timestamp: 2025-04-30 11:06:42 ET
Competition ID: 9dn1m1gh84pmoep
Competition: Portuguese U23 League (Portugal)
Match: Sporting CP U23 vs Estrela FC U23
Score: 0 - 0 (HT: 0 - 0)
Status: Second half (Status ID: 4)

--- MATCH BETTING ODDS ---
ML (Money Line):
Time: 4 min | Home: -164 | Draw: +275 | Away: +375

SPREAD (Asia Handicap):
Time: 4 min | Home: -125 | Handicap: 0.75 | Away: +100

Over/Under:
Time: 4 min | Over: -105 | Line: 2.5 | Under: -118

--- MATCH ENVIRONMENT ---
Weather: Partially cloudy
Wind: 3.7m/s
Humidity: 64%


==================================================
MATCH #37 OF 77
==================================================

----- MATCH SUMMARY -----
Timestamp: 2025-04-30 11:06:43 ET
Competition ID: p4jwq2ghv1vm0ve
Competition: Rwandan Cup (Rwanda)
Match: APR FC vs Police(RWA)
Score: 1 - 0 (HT: 1 - 0)
Status: Half-time break (Status ID: 3)

--- MATCH BETTING ODDS ---
ML (Money Line):
Time: 5 min | Home: -175 | Draw: +225 | Away: +550

SPREAD (Asia Handicap):
Time: 4 min | Home: -105 | Handicap: 1.0 | Away: -141

Over/Under:
Time: 4 min | Over: -103 | Line: 2.0 | Under: -122

--- MATCH ENVIRONMENT ---
Weather: Snowy
Wind: 2.6m/s
Humidity: 79%


==================================================
MATCH #38 OF 77
==================================================

----- MATCH SUMMARY -----
Timestamp: 2025-04-30 11:06:44 ET
Competition ID: kjw2r09hl1wrz84
Competition: Tunisian Professional League 2 (Tunisia)
Match: CS.Hammam-Lif vs Megrine
Score: 0 - 0 (HT: 0 - 0)
Status: Half-time break (Status ID: 3)

--- MATCH BETTING ODDS ---

SPREAD (Asia Handicap):
Time: 21 min | Home: +121 | Handicap: -0.5 | Away: -182 (Closest time to minutes 4-6 available: 21)

Over/Under:
Time: 18 min | Over: -132 | Line: 2.25 | Under: -114 (Closest time to minutes 4-6 available: 18)

--- MATCH ENVIRONMENT ---
No environment data available for this match


==================================================
MATCH #39 OF 77
==================================================

----- MATCH SUMMARY -----
Timestamp: 2025-04-30 11:06:46 ET
Competition ID: kjw2r09hl1wrz84
Competition: Tunisian Professional League 2 (Tunisia)
Match: Croissant Msaken vs Stade Africain Menzel Bourguib
Score: 0 - 0 (HT: 0 - 0)
Status: Half-time break (Status ID: 3)

--- MATCH BETTING ODDS ---

SPREAD (Asia Handicap):
Time: 4 min | Home: -122 | Handicap: 0.5 | Away: +100

Over/Under:
Time: 4 min | Over: -112 | Line: 1.5 | Under: -110

--- MATCH ENVIRONMENT ---
Weather: Partially cloudy
Wind: 8.1m/s
Humidity: 45%


==================================================
MATCH #40 OF 77
==================================================

----- MATCH SUMMARY -----
Timestamp: 2025-04-30 11:06:47 ET
Competition ID: kjw2r09hl1wrz84
Competition: Tunisian Professional League 2 (Tunisia)
Match: AS Kasserine vs AS jelma
Score: 1 - 0 (HT: 1 - 0)
Status: Half-time break (Status ID: 3)

--- MATCH BETTING ODDS ---

Over/Under:
Time: pre-match min | Over: +160 | Line: 2.5 | Under: -244 (Closest time to minutes 4-6 available: pre-match)

--- MATCH ENVIRONMENT ---
No environment data available for this match


==================================================
MATCH #41 OF 77
==================================================

----- MATCH SUMMARY -----
Timestamp: 2025-04-30 11:06:48 ET
Competition ID: kn54qllhey9qvy9
Competition: Egyptian Division 2 (Egypt)
Match: Team FC Cairo vs Al Nasr Cairo
Score: 2 - 1 (HT: 1 - 1)
Status: Second half (Status ID: 4)

--- MATCH BETTING ODDS ---
ML (Money Line):
Time: 11 min | Home: +162 | Draw: +250 | Away: +137 (Closest time to minutes 4-6 available: 11)

SPREAD (Asia Handicap):
Time: 11 min | Home: -139 | Handicap: 0.75 | Away: +107 (Closest time to minutes 4-6 available: 11)

Over/Under:
Time: 11 min | Over: -122 | Line: 3.0 | Under: -103 (Closest time to minutes 4-6 available: 11)

--- MATCH ENVIRONMENT ---
No environment data available for this match


==================================================
MATCH #42 OF 77
==================================================

----- MATCH SUMMARY -----
Timestamp: 2025-04-30 11:06:50 ET
Competition ID: kn54qllhey9qvy9
Competition: Egyptian Division 2 (Egypt)
Match: Aswan vs El Mansoura
Score: 1 - 1 (HT: 1 - 1)
Status: Second half (Status ID: 4)

--- MATCH BETTING ODDS ---
ML (Money Line):
Time: 4 min | Home: +187 | Draw: +220 | Away: +137

SPREAD (Asia Handicap):
Time: 4 min | Home: -133 | Handicap: 0.75 | Away: +105

Over/Under:
Time: 4 min | Over: -130 | Line: 3.0 | Under: +102

--- MATCH ENVIRONMENT ---
Weather: Partially cloudy
Wind: 4.0m/s
Humidity: 10%


==================================================
MATCH #43 OF 77
==================================================

----- MATCH SUMMARY -----
Timestamp: 2025-04-30 11:06:51 ET
Competition ID: kn54qllhey9qvy9
Competition: Egyptian Division 2 (Egypt)
Match: Olympic El Qanal vs Proxy SC
Score: 1 - 0 (HT: 1 - 0)
Status: Second half (Status ID: 4)

--- MATCH BETTING ODDS ---
ML (Money Line):
Time: 4 min | Home: +160 | Draw: +175 | Away: +175

SPREAD (Asia Handicap):
Time: 4 min | Home: -110 | Handicap: 0.0 | Away: -110

Over/Under:
Time: 4 min | Over: -130 | Line: 1.75 | Under: +102

--- MATCH ENVIRONMENT ---
Weather: Partially cloudy
Wind: 13.m/s
Humidity: 34%


==================================================
MATCH #44 OF 77
==================================================

----- MATCH SUMMARY -----
Timestamp: 2025-04-30 11:06:52 ET
Competition ID: kn54qllhey9qvy9
Competition: Egyptian Division 2 (Egypt)
Match: Asyut Petroleum vs Abou Qir Fertilizers SC
Score: 1 - 1 (HT: 1 - 1)
Status: Second half (Status ID: 4)

--- MATCH BETTING ODDS ---
ML (Money Line):
Time: 4 min | Home: +350 | Draw: +210 | Away: -125

SPREAD (Asia Handicap):
Time: 4 min | Home: +100 | Handicap: -0.5 | Away: -125

Over/Under:
Time: 4 min | Over: -118 | Line: 2.0 | Under: -105

--- MATCH ENVIRONMENT ---
Weather: Partially cloudy
Wind: 8.7m/s
Humidity: 24%


==================================================
MATCH #45 OF 77
==================================================

----- MATCH SUMMARY -----
Timestamp: 2025-04-30 11:06:53 ET
Competition ID: kn54qllhey9qvy9
Competition: Egyptian Division 2 (Egypt)
Match: Dayrot vs Gazl Kafr Eldwar
Score: 1 - 1 (HT: 0 - 1)
Status: Second half (Status ID: 4)

--- MATCH BETTING ODDS ---
ML (Money Line):
Time: 4 min | Home: +130 | Draw: +175 | Away: +240

SPREAD (Asia Handicap):
Time: 4 min | Home: +100 | Handicap: 0.25 | Away: -125

Over/Under:
Time: 4 min | Over: -122 | Line: 1.5 | Under: -103

--- MATCH ENVIRONMENT ---
Weather: Unknown (8)
Wind: 7.3m/s
Humidity: 32%


==================================================
MATCH #46 OF 77
==================================================

----- MATCH SUMMARY -----
Timestamp: 2025-04-30 11:06:54 ET
Competition ID: e4wyrn4hdzvq86p
Competition: Poland Liga 3 (Poland)
Match: Star Starachowice vs Lewart Lubartow
Score: 4 - 0 (HT: 4 - 0)
Status: Second half (Status ID: 4)

--- MATCH BETTING ODDS ---
ML (Money Line):
Time: 4 min | Home: -303 | Draw: +400 | Away: +600

SPREAD (Asia Handicap):
Time: 4 min | Home: -118 | Handicap: 1.5 | Away: -105

Over/Under:
Time: 4 min | Over: -109 | Line: 3.25 | Under: -115

--- MATCH ENVIRONMENT ---
Weather: Partially cloudy
Wind: 4.1m/s
Humidity: 34%


==================================================
MATCH #47 OF 77
==================================================

----- MATCH SUMMARY -----
Timestamp: 2025-04-30 11:06:56 ET
Competition ID: kn54qllhey9qvy9
Competition: Egyptian Division 2 (Egypt)
Match: Baladiyat El Mahalla vs La Viena
Score: 0 - 0 (HT: 0 - 0)
Status: Second half (Status ID: 4)

--- MATCH BETTING ODDS ---
ML (Money Line):
Time: 5 min | Home: +150 | Draw: +175 | Away: +200

SPREAD (Asia Handicap):
Time: 4 min | Home: -141 | Handicap: 0.0 | Away: +105

Over/Under:
Time: 4 min | Over: -115 | Line: 1.75 | Under: -109

--- MATCH ENVIRONMENT ---
Weather: Partially cloudy
Wind: 7.1m/s
Humidity: 56%


==================================================
MATCH #48 OF 77
==================================================

----- MATCH SUMMARY -----
Timestamp: 2025-04-30 11:06:58 ET
Competition ID: vl7oqdehn11r510
Competition: Tunisian Cup (Tunisia)
Match: J.S. Kairouanaise vs ES du Sahel
Score: 0 - 0 (HT: 0 - 0)
Status: Second half (Status ID: 4)

--- MATCH BETTING ODDS ---
ML (Money Line):
Time: 4 min | Home: +500 | Draw: +220 | Away: -152

SPREAD (Asia Handicap):
Time: 4 min | Home: -109 | Handicap: -0.75 | Away: -115

Over/Under:
Time: 4 min | Over: -103 | Line: 2.0 | Under: -122

--- MATCH ENVIRONMENT ---
Weather: Sunny
Wind: 2.0m/s
Humidity: 30%


==================================================
MATCH #49 OF 77
==================================================

----- MATCH SUMMARY -----
Timestamp: 2025-04-30 11:06:59 ET
Competition ID: jednm9whkg3ryox
Competition: South Africa First League (South Africa)
Match: Milford vs Pretoria Callies
Score: 0 - 2 (HT: 0 - 0)
Status: Finished (Status ID: 8)

--- MATCH BETTING ODDS ---
ML (Money Line):
Time: 4 min | Home: -152 | Draw: +260 | Away: +350

SPREAD (Asia Handicap):
Time: 4 min | Home: -123 | Handicap: 0.5 | Away: -112

Over/Under:
Time: 4 min | Over: -133 | Line: 2.0 | Under: +105

--- MATCH ENVIRONMENT ---
Weather: Sunny
Wind: 1.5m/s
Humidity: 74%


==================================================
MATCH #50 OF 77
==================================================

----- MATCH SUMMARY -----
Timestamp: 2025-04-30 11:07:01 ET
Competition ID: kdj2ryohpeq1zpg
Competition: Armenian First League (Armenia)
Match: Urartu II vs BKMA II
Score: 1 - 1 (HT: 0 - 1)
Status: Finished (Status ID: 8)

--- MATCH BETTING ODDS ---

Over/Under:
Time: pre-match min | Over: -250 | Line: 2.5 | Under: +160 (Closest time to minutes 4-6 available: pre-match)

--- MATCH ENVIRONMENT ---
No environment data available for this match


==================================================
MATCH #51 OF 77
==================================================

----- MATCH SUMMARY -----
Timestamp: 2025-04-30 11:07:03 ET
Competition ID: 4zp5rzgh7loq82w
Competition: Zimbabwe Premier Soccer League (Zimbabwe)
Match: CAPS United vs FC Platinum
Score: 1 - 2 (HT: 0 - 1)
Status: Finished (Status ID: 8)

--- MATCH BETTING ODDS ---
ML (Money Line):
Time: 4 min | Home: +110 | Draw: +175 | Away: +300

SPREAD (Asia Handicap):
Time: 4 min | Home: -125 | Handicap: 0.25 | Away: +100

Over/Under:
Time: 4 min | Over: -130 | Line: 1.5 | Under: +102

--- MATCH ENVIRONMENT ---
Weather: Snowy
Wind: 8.7m/s
Humidity: 51%


==================================================
MATCH #52 OF 77
==================================================

----- MATCH SUMMARY -----
Timestamp: 2025-04-30 11:07:04 ET
Competition ID: 4zp5rzgh7loq82w
Competition: Zimbabwe Premier Soccer League (Zimbabwe)
Match: GreenFuel vs Dynamos FC
Score: 0 - 0 (HT: 0 - 0)
Status: Finished (Status ID: 8)

--- MATCH BETTING ODDS ---


--- MATCH ENVIRONMENT ---
No environment data available for this match


==================================================
MATCH #53 OF 77
==================================================

----- MATCH SUMMARY -----
Timestamp: 2025-04-30 11:07:05 ET
Competition ID: 4zp5rzgh7loq82w
Competition: Zimbabwe Premier Soccer League (Zimbabwe)
Match: Kwekwe United vs Simba Bhora
Score: 1 - 2 (HT: 0 - 1)
Status: Finished (Status ID: 8)

--- MATCH BETTING ODDS ---


--- MATCH ENVIRONMENT ---
No environment data available for this match


==================================================
MATCH #54 OF 77
==================================================

----- MATCH SUMMARY -----
Timestamp: 2025-04-30 11:07:06 ET
Competition ID: 4zp5rzgh7loq82w
Competition: Zimbabwe Premier Soccer League (Zimbabwe)
Match: Ngezi Platinum vs Yadah FC
Score: 1 - 2 (HT: 0 - 1)
Status: Finished (Status ID: 8)

--- MATCH BETTING ODDS ---


--- MATCH ENVIRONMENT ---
No environment data available for this match


==================================================
MATCH #55 OF 77
==================================================

----- MATCH SUMMARY -----
Timestamp: 2025-04-30 11:07:07 ET
Competition ID: 4zp5rzgh7loq82w
Competition: Zimbabwe Premier Soccer League (Zimbabwe)
Match: Triangle FC vs ZPC Kariba
Score: 1 - 1 (HT: 0 - 1)
Status: Finished (Status ID: 8)

--- MATCH BETTING ODDS ---


--- MATCH ENVIRONMENT ---
No environment data available for this match


==================================================
MATCH #56 OF 77
==================================================

----- MATCH SUMMARY -----
Timestamp: 2025-04-30 11:07:08 ET
Competition ID: jednm9whg03ryox
Competition: Italian Campionato Primavera 2 (Italy)
Match: AlbinoLeffe Youth vs Padova U19
Score: 3 - 1 (HT: 1 - 1)
Status: Finished (Status ID: 8)

--- MATCH BETTING ODDS ---
ML (Money Line):
Time: 4 min | Home: +200 | Draw: +260 | Away: +110

SPREAD (Asia Handicap):
Time: 4 min | Home: -105 | Handicap: -0.25 | Away: -118

Over/Under:
Time: 4 min | Over: -109 | Line: 3.0 | Under: -115

--- MATCH ENVIRONMENT ---
Weather: Sunny
Wind: 3.7m/s
Humidity: 47%


==================================================
MATCH #57 OF 77
==================================================

----- MATCH SUMMARY -----
Timestamp: 2025-04-30 11:07:10 ET
Competition ID: 56ypq3nhll6md7o
Competition: South Africa Women's League (South Africa)
Match: Johannesburg Uni (w) vs Royal AM FC (W)
Score: 3 - 0 (HT: 1 - 0)
Status: Finished (Status ID: 8)

--- MATCH BETTING ODDS ---
ML (Money Line):
Time: 4 min | Home: -1111 | Draw: +750 | Away: +2200

SPREAD (Asia Handicap):
Time: 4 min | Home: -105 | Handicap: 2.5 | Away: -118

Over/Under:
Time: 4 min | Over: -105 | Line: 3.25 | Under: -118

--- MATCH ENVIRONMENT ---
Weather: Cloudy
Wind: 5.8m/s
Humidity: 40%


==================================================
MATCH #58 OF 77
==================================================

----- MATCH SUMMARY -----
Timestamp: 2025-04-30 11:07:11 ET
Competition ID: kn54qllh40qvy9d
Competition: Kazakhstan Premier League (Kazakhstan)
Match: FK Atyrau vs FC Astana
Score: 0 - 2 (HT: 0 - 1)
Status: Finished (Status ID: 8)

--- MATCH BETTING ODDS ---
ML (Money Line):
Time: 4 min | Home: +500 | Draw: +375 | Away: -250

SPREAD (Asia Handicap):
Time: 4 min | Home: -103 | Handicap: -1.25 | Away: -122

Over/Under:
Time: 4 min | Over: -125 | Line: 2.75 | Under: +100

--- MATCH ENVIRONMENT ---
Weather: Partially cloudy
Wind: 3.7m/s
Humidity: 25%


==================================================
MATCH #59 OF 77
==================================================

----- MATCH SUMMARY -----
Timestamp: 2025-04-30 11:07:12 ET
Competition ID: 9dn1m1ghl1moepl
Competition: Turkish Third League (Turkey)
Match: Kutahyaspor vs Duzcespor
Score: 2 - 1 (HT: 1 - 0)
Status: Finished (Status ID: 8)

--- MATCH BETTING ODDS ---
ML (Money Line):
Time: 4 min | Home: +137 | Draw: +240 | Away: +175

SPREAD (Asia Handicap):
Time: 4 min | Home: -108 | Handicap: 0.25 | Away: -130

Over/Under:
Time: 4 min | Over: -118 | Line: 2.25 | Under: -105

--- MATCH ENVIRONMENT ---
Weather: Partially cloudy
Wind: 3.7m/s
Humidity: 53%


==================================================
MATCH #60 OF 77
==================================================

----- MATCH SUMMARY -----
Timestamp: 2025-04-30 11:07:14 ET
Competition ID: 9dn1m1ghl1moepl
Competition: Turkish Third League (Turkey)
Match: Kucukcekmece vs Corluspor
Score: 0 - 0 (HT: 0 - 0)
Status: Extra time (Status ID: 5)

--- MATCH BETTING ODDS ---
ML (Money Line):
Time: 4 min | Home: +125 | Draw: +240 | Away: +175

SPREAD (Asia Handicap):
Time: 4 min | Home: +100 | Handicap: 0.25 | Away: -125

Over/Under:
Time: 4 min | Over: -108 | Line: 2.5 | Under: -120

--- MATCH ENVIRONMENT ---
Weather: Partially cloudy
Wind: 11.m/s
Humidity: 61%


==================================================
MATCH #61 OF 77
==================================================

----- MATCH SUMMARY -----
Timestamp: 2025-04-30 11:07:15 ET
Competition ID: 9dn1m1ghl1moepl
Competition: Turkish Third League (Turkey)
Match: Silivrispor vs Tire 2021 FK
Score: 0 - 0 (HT: 0 - 0)
Status: Extra time (Status ID: 5)

--- MATCH BETTING ODDS ---
ML (Money Line):
Time: 5 min | Home: +105 | Draw: +220 | Away: +240

SPREAD (Asia Handicap):
Time: 4 min | Home: -130 | Handicap: 0.25 | Away: -104

Over/Under:
Time: 4 min | Over: -130 | Line: 2.25 | Under: +102

--- MATCH ENVIRONMENT ---
Weather: Partially cloudy
Wind: 11.m/s
Humidity: 63%


==================================================
MATCH #62 OF 77
==================================================

----- MATCH SUMMARY -----
Timestamp: 2025-04-30 11:07:16 ET
Competition ID: 9dn1m1ghl1moepl
Competition: Turkish Third League (Turkey)
Match: Zonguldak vs Kahramanmaras Bld
Score: 0 - 0 (HT: 0 - 0)
Status: Extra time (Status ID: 5)

--- MATCH BETTING ODDS ---
ML (Money Line):
Time: 4 min | Home: +140 | Draw: +210 | Away: +187

SPREAD (Asia Handicap):
Time: 4 min | Home: -125 | Handicap: 0.0 | Away: -104

Over/Under:
Time: 4 min | Over: -118 | Line: 2.25 | Under: -110

--- MATCH ENVIRONMENT ---
Weather: Partially cloudy
Wind: 6.1m/s
Humidity: 77%


==================================================
MATCH #63 OF 77
==================================================

----- MATCH SUMMARY -----
Timestamp: 2025-04-30 11:07:18 ET
Competition ID: 56ypq3nhepnmd7o
Competition: IRQ D2 (Iraq)
Match: Al Fahad vs Al Sinaah
Score: 1 - 0 (HT: 0 - 0)
Status: Finished (Status ID: 8)

--- MATCH BETTING ODDS ---
ML (Money Line):
Time: 4 min | Home: -105 | Draw: +210 | Away: +275

SPREAD (Asia Handicap):
Time: 5 min | Home: +102 | Handicap: 0.5 | Away: -130

Over/Under:
Time: 4 min | Over: -118 | Line: 1.75 | Under: -105

--- MATCH ENVIRONMENT ---
No environment data available for this match


==================================================
MATCH #64 OF 77
==================================================

----- MATCH SUMMARY -----
Timestamp: 2025-04-30 11:07:19 ET
Competition ID: e4wyrn4hdzvq86p
Competition: Poland Liga 3 (Poland)
Match: Cracovia II vs GKS Glinik Gorlice
Score: 3 - 2 (HT: 1 - 0)
Status: Finished (Status ID: 8)

--- MATCH BETTING ODDS ---
ML (Money Line):
Time: 4 min | Home: -303 | Draw: +450 | Away: +550

SPREAD (Asia Handicap):
Time: 4 min | Home: -122 | Handicap: 1.5 | Away: -103

Over/Under:
Time: 4 min | Over: +102 | Line: 3.25 | Under: -130

--- MATCH ENVIRONMENT ---
Weather: Partially cloudy
Wind: 3.1m/s
Humidity: 33%


==================================================
MATCH #65 OF 77
==================================================

----- MATCH SUMMARY -----
Timestamp: 2025-04-30 11:07:20 ET
Competition ID: 56ypq3nhepnmd7o
Competition: IRQ D2 (Iraq)
Match: Peshmerga Sulaymaniya SC vs Masafi Al-Junoob
Score: 1 - 0 (HT: 0 - 0)
Status: Finished (Status ID: 8)

--- MATCH BETTING ODDS ---
ML (Money Line):
Time: 4 min | Home: +160 | Draw: +175 | Away: +200

SPREAD (Asia Handicap):
Time: 7 min | Home: +108 | Handicap: 0.25 | Away: -161 (Closest time to minutes 4-6 available: 7)

Over/Under:
Time: 4 min | Over: +105 | Line: 2.0 | Under: -133

--- MATCH ENVIRONMENT ---
No environment data available for this match


==================================================
MATCH #66 OF 77
==================================================

----- MATCH SUMMARY -----
Timestamp: 2025-04-30 11:07:22 ET
Competition ID: 9vjxm8ghgy0r6od
Competition: Uganda Premier League (Uganda)
Match: Mbarara City vs NEC FC Bugolobi
Score: 1 - 2 (HT: 0 - 0)
Status: Finished (Status ID: 8)

--- MATCH BETTING ODDS ---
ML (Money Line):
Time: 4 min | Home: +550 | Draw: +250 | Away: -189

SPREAD (Asia Handicap):
Time: 4 min | Home: -125 | Handicap: -1.0 | Away: +100

Over/Under:
Time: 4 min | Over: -111 | Line: 2.0 | Under: -111

--- MATCH ENVIRONMENT ---
Weather: Snowy
Wind: 4.3m/s
Humidity: 71%


==================================================
MATCH #67 OF 77
==================================================

----- MATCH SUMMARY -----
Timestamp: 2025-04-30 11:07:23 ET
Competition ID: 56ypq3nhepnmd7o
Competition: IRQ D2 (Iraq)
Match: Kadhimiya SC vs Naft Al-Wassat SC
Score: 2 - 0 (HT: 0 - 0)
Status: Finished (Status ID: 8)

--- MATCH BETTING ODDS ---
ML (Money Line):
Time: 4 min | Home: -164 | Draw: +240 | Away: +450

SPREAD (Asia Handicap):
Time: 4 min | Home: -118 | Handicap: 0.75 | Away: -105

Over/Under:
Time: 4 min | Over: +102 | Line: 2.0 | Under: -130

--- MATCH ENVIRONMENT ---
Weather: Sunny
Wind: 3.2m/s
Humidity: 19%


==================================================
MATCH #68 OF 77
==================================================

----- MATCH SUMMARY -----
Timestamp: 2025-04-30 11:07:25 ET
Competition ID: 56ypq3nhepnmd7o
Competition: IRQ D2 (Iraq)
Match: Al-Masafi vs Al Gharraf
Score: 1 - 1 (HT: 0 - 0)
Status: Finished (Status ID: 8)

--- MATCH BETTING ODDS ---
ML (Money Line):
Time: 4 min | Home: +200 | Draw: +210 | Away: +130

SPREAD (Asia Handicap):
Time: 4 min | Home: +112 | Handicap: 0.0 | Away: -169

Over/Under:
Time: 4 min | Over: +102 | Line: 2.25 | Under: -130

--- MATCH ENVIRONMENT ---
Weather: Sunny
Wind: 3.2m/s
Humidity: 20%


==================================================
MATCH #69 OF 77
==================================================

----- MATCH SUMMARY -----
Timestamp: 2025-04-30 11:07:26 ET
Competition ID: 56ypq3nhepnmd7o
Competition: IRQ D2 (Iraq)
Match: Amanat Baghdad vs Afak SC
Score: 1 - 1 (HT: 1 - 0)
Status: Finished (Status ID: 8)

--- MATCH BETTING ODDS ---
ML (Money Line):
Time: 4 min | Home: -125 | Draw: +220 | Away: +350

SPREAD (Asia Handicap):
Time: 4 min | Home: -122 | Handicap: 0.5 | Away: -103

Over/Under:
Time: 4 min | Over: -105 | Line: 2.0 | Under: -118

--- MATCH ENVIRONMENT ---
Weather: Sunny
Wind: 3.2m/s
Humidity: 19%


==================================================
MATCH #70 OF 77
==================================================

----- MATCH SUMMARY -----
Timestamp: 2025-04-30 11:07:27 ET
Competition ID: 9dn1m1gh8zomoep
Competition: Kenya Football League (Kenya)
Match: Darajani Gogo vs MOFA FC
Score: 4 - 0 (HT: 3 - 0)
Status: Finished (Status ID: 8)

--- MATCH BETTING ODDS ---
ML (Money Line):
Time: 4 min | Home: -303 | Draw: +375 | Away: +650

SPREAD (Asia Handicap):
Time: 4 min | Home: -125 | Handicap: 0.25 | Away: +100

Over/Under:
Time: 4 min | Over: +102 | Line: 3.25 | Under: -130

--- MATCH ENVIRONMENT ---
Weather: Partially cloudy
Wind: 5.6m/s
Humidity: 57%


==================================================
MATCH #71 OF 77
==================================================

----- MATCH SUMMARY -----
Timestamp: 2025-04-30 11:07:29 ET
Competition ID: gy0or5jhexdqwzv
Competition: Ethiopia Premier League (Ethiopia)
Match: Shire Endaselassie FC vs Wolaita Dicha
Score: 1 - 1 (HT: 0 - 0)
Status: Finished (Status ID: 8)

--- MATCH BETTING ODDS ---
ML (Money Line):
Time: 4 min | Home: +275 | Draw: +200 | Away: +105

SPREAD (Asia Handicap):
Time: 6 min | Home: -102 | Handicap: -0.25 | Away: -128

Over/Under:
Time: 4 min | Over: -115 | Line: 1.75 | Under: -109

--- MATCH ENVIRONMENT ---
Weather: Partially cloudy
Wind: 3.4m/s
Humidity: 34%


==================================================
MATCH #72 OF 77
==================================================

----- MATCH SUMMARY -----
Timestamp: 2025-04-30 11:07:31 ET
Competition ID: l965mkyhdgr1ge4
Competition: Chilean Primera B (Chile)
Match: D. Concepcion vs Santiago Morning
Score: 3 - 0 (HT: 2 - 0)
Status: Finished (Status ID: 8)

--- MATCH BETTING ODDS ---
ML (Money Line):
Time: 4 min | Home: +137 | Draw: +200 | Away: +187

SPREAD (Asia Handicap):
Time: 4 min | Home: -101 | Handicap: 0.25 | Away: -130

Over/Under:
Time: 4 min | Over: +105 | Line: 2.25 | Under: -133

--- MATCH ENVIRONMENT ---
Weather: Sunny
Wind: 1.2m/s
Humidity: 39%


==================================================
MATCH #73 OF 77
==================================================

----- MATCH SUMMARY -----
Timestamp: 2025-04-30 11:07:31 ET
Competition ID: p4jwq2ghv1vm0ve
Competition: Rwandan Cup (Rwanda)
Match: APR FC vs Police(RWA)
Score: 0 - 0 (HT: 0 - 0)
Status: Postponed (Status ID: 9)

--- MATCH BETTING ODDS ---
ML (Money Line):
Time: pre-match min | Home: -143 | Draw: +225 | Away: +350 (Closest time to minutes 4-6 available: pre-match)

SPREAD (Asia Handicap):
Time: pre-match min | Home: +100 | Handicap: 0.75 | Away: -125 (Closest time to minutes 4-6 available: pre-match)

Over/Under:
Time: pre-match min | Over: -111 | Line: 2.0 | Under: -111 (Closest time to minutes 4-6 available: pre-match)

--- MATCH ENVIRONMENT ---
Weather: Snowy
Wind: 2.6m/s
Humidity: 74%


==================================================
MATCH #74 OF 77
==================================================

----- MATCH SUMMARY -----
Timestamp: 2025-04-30 11:07:33 ET
Competition ID: v2y8m4zhydql074
Competition: Uruguay Primera Division (Uruguay)
Match: Montevideo City Torque vs Montevideo Wanderers FC
Score: 0 - 0 (HT: 0 - 0)
Status: Finished (Status ID: 8)

--- MATCH BETTING ODDS ---
ML (Money Line):
Time: 4 min | Home: +160 | Draw: +210 | Away: +175

SPREAD (Asia Handicap):
Time: 4 min | Home: -122 | Handicap: 0.0 | Away: -104

Over/Under:
Time: 4 min | Over: -108 | Line: 2.25 | Under: -115

--- MATCH ENVIRONMENT ---
Weather: Partially cloudy
Wind: 1.8m/s
Humidity: 88%


==================================================
MATCH #75 OF 77
==================================================

----- MATCH SUMMARY -----
Timestamp: 2025-04-30 11:07:34 ET
Competition ID: 56ypq3nhzogmd7o
Competition: Portuguese Champions Nacional Juniores A 2 (Portugal)
Match: Vitoria SC Guimaraes U19 vs Tondela U19
Score: 1 - 2 (HT: 0 - 1)
Status: Finished (Status ID: 8)

--- MATCH BETTING ODDS ---
ML (Money Line):
Time: pre-match min | Home: +15000 | Draw: +2200 | Away: -10000 (Closest time to minutes 4-6 available: pre-match)

SPREAD (Asia Handicap):
Time: pre-match min | Home: -333 | Handicap: 0.0 | Away: +245 (Closest time to minutes 4-6 available: pre-match)

Over/Under:
Time: pre-match min | Over: +900 | Line: 3.5 | Under: -1667 (Closest time to minutes 4-6 available: pre-match)

--- MATCH ENVIRONMENT ---
Weather: Foggy
Wind: 3.7m/s
Humidity: 91%


==================================================
MATCH #76 OF 77
==================================================

----- MATCH SUMMARY -----
Timestamp: 2025-04-30 11:07:35 ET
Competition ID: kdj2ryohjn7q1zp
Competition: Cameroon Elite two (Cameroon)
Match: APEJES Academy vs Dragon Club Yaounde
Score: 0 - 0 (HT: 0 - 0)
Status: Abandoned (Status ID: 13)

--- MATCH BETTING ODDS ---


--- MATCH ENVIRONMENT ---
No environment data available for this match


==================================================
MATCH #77 OF 77
==================================================

----- MATCH SUMMARY -----
Timestamp: 2025-04-30 11:07:37 ET
Competition ID: v2y8m4zhv6ql074
Competition: Israel Leumit League (Israel)
Match: Hapoel Ramat Gan vs Maccabi Herzliya
Score: 2 - 0 (HT: 2 - 0)
Status: Finished (Status ID: 8)

--- MATCH BETTING ODDS ---
ML (Money Line):
Time: 4 min | Home: -105 | Draw: +300 | Away: +210

SPREAD (Asia Handicap):
Time: 4 min | Home: -130 | Handicap: 0.25 | Away: +102

Over/Under:
Time: 4 min | Over: -125 | Line: 2.75 | Under: +100

--- MATCH ENVIRONMENT ---
Weather: Sunny
Wind: 8.4m/s
Humidity: 40%


==================================================
END OF LIVE MATCH DATA - 77 MATCHES DISPLAYED
==================================================
Refreshing in 30 seconds... (Press Ctrl+C to exit)

================================================================================


================================================================================
FETCH TIMESTAMP: 2025-04-30 11:09:49 ET
================================================================================

Fetching country data...
Fetching live matches...

===== FOUND 76 LIVE FOOTBALL MATCHES =====

Last updated: 2025-04-30 15:08:08
==================================================
MATCH #1 OF 76
==================================================

----- MATCH SUMMARY -----
Timestamp: 2025-04-30 11:08:10 ET
Competition ID: l965mkyh4jdr1ge
Competition: Argentine Reserve League (Argentina)
Match: CA Atlanta Reserves vs Tristan Suarez Reserves
Score: 0 - 0 (HT: 0 - 0)
Status: First half (Status ID: 2)

--- MATCH BETTING ODDS ---
ML (Money Line):
Time: 3 min | Home: -164 | Draw: +300 | Away: +350 (Closest time to minutes 4-6 available: 3)

SPREAD (Asia Handicap):
Time: 3 min | Home: -130 | Handicap: 0.75 | Away: +102 (Closest time to minutes 4-6 available: 3)

Over/Under:
Time: 3 min | Over: +100 | Line: 2.5 | Under: -125 (Closest time to minutes 4-6 available: 3)

--- MATCH ENVIRONMENT ---
No environment data available for this match


==================================================
MATCH #2 OF 76
==================================================

----- MATCH SUMMARY -----
Timestamp: 2025-04-30 11:08:11 ET
Competition ID: l965mkyh4jdr1ge
Competition: Argentine Reserve League (Argentina)
Match: Ferrocarril Midland Reserves vs Atletico Fenix Reserves
Score: 0 - 0 (HT: 0 - 0)
Status: First half (Status ID: 2)

--- MATCH BETTING ODDS ---
ML (Money Line):
Time: 2 min | Home: -105 | Draw: +250 | Away: +220 (Closest time to minutes 4-6 available: 2)

SPREAD (Asia Handicap):
Time: 2 min | Home: -130 | Handicap: 0.25 | Away: +102 (Closest time to minutes 4-6 available: 2)

Over/Under:
Time: 2 min | Over: -115 | Line: 2.25 | Under: -109 (Closest time to minutes 4-6 available: 2)

--- MATCH ENVIRONMENT ---
No environment data available for this match


==================================================
MATCH #3 OF 76
==================================================

----- MATCH SUMMARY -----
Timestamp: 2025-04-30 11:08:12 ET
Competition ID: gy0or5jhn9qwzv3
Competition: Lithuanian Cup (Lithuania)
Match: Kazlu Ruda Kaunas vs BE1 NFA
Score: 0 - 0 (HT: 0 - 0)
Status: Postponed (Status ID: 9)

--- MATCH BETTING ODDS ---


--- MATCH ENVIRONMENT ---
No environment data available for this match


==================================================
MATCH #4 OF 76
==================================================

----- MATCH SUMMARY -----
Timestamp: 2025-04-30 11:08:13 ET
Competition ID: 9dn1m1ghew6moep
Competition: Spanish Tercera División RFEF (Spain)
Match: CD Gerena vs Ceuta B
Score: 0 - 0 (HT: 0 - 0)
Status: First half (Status ID: 2)

--- MATCH BETTING ODDS ---

SPREAD (Asia Handicap):
Time: 4 min | Home: -108 | Handicap: -1.25 | Away: -118

Over/Under:
Time: 4 min | Over: -114 | Line: 2.5 | Under: -111

--- MATCH ENVIRONMENT ---
Weather: Unknown (10)
Wind: 1.5m/s
Humidity: 84%


==================================================
MATCH #5 OF 76
==================================================

----- MATCH SUMMARY -----
Timestamp: 2025-04-30 11:08:14 ET
Competition ID: 56ypq3nh8kmd7oj
Competition: Montenegro Cup (Montenegro)
Match: Decic Tuzi vs OFK Petrovac
Score: 0 - 0 (HT: 0 - 0)
Status: First half (Status ID: 2)

--- MATCH BETTING ODDS ---
ML (Money Line):
Time: 4 min | Home: +150 | Draw: +225 | Away: +162

SPREAD (Asia Handicap):
Time: 4 min | Home: -122 | Handicap: 0.0 | Away: -103

Over/Under:
Time: 4 min | Over: -118 | Line: 2.0 | Under: -105

--- MATCH ENVIRONMENT ---
Weather: Sunny
Wind: 3.2m/s
Humidity: 29%


==================================================
MATCH #6 OF 76
==================================================

----- MATCH SUMMARY -----
Timestamp: 2025-04-30 11:08:15 ET
Competition ID: 56ypq3nhzogmd7o
Competition: Portuguese Champions Nacional Juniores A 2 (Portugal)
Match: Braga U19 vs Gil Vicente U19
Score: 0 - 0 (HT: 0 - 0)
Status: First half (Status ID: 2)

--- MATCH BETTING ODDS ---
ML (Money Line):
Time: 4 min | Home: +130 | Draw: +275 | Away: +150

SPREAD (Asia Handicap):
Time: 4 min | Home: -125 | Handicap: 0.0 | Away: +100

Over/Under:
Time: 4 min | Over: -105 | Line: 2.75 | Under: -118

--- MATCH ENVIRONMENT ---
Weather: Unknown (10)
Wind: 4.0m/s
Humidity: 94%


==================================================
MATCH #7 OF 76
==================================================

----- MATCH SUMMARY -----
Timestamp: 2025-04-30 11:08:16 ET
Competition ID: 56ypq3nhzogmd7o
Competition: Portuguese Champions Nacional Juniores A 2 (Portugal)
Match: FC Porto U19 vs SC Uniao Torreense U19
Score: 0 - 0 (HT: 0 - 0)
Status: First half (Status ID: 2)

--- MATCH BETTING ODDS ---
ML (Money Line):
Time: 4 min | Home: -303 | Draw: +400 | Away: +600

SPREAD (Asia Handicap):
Time: 4 min | Home: -111 | Handicap: 1.5 | Away: -111

Over/Under:
Time: 4 min | Over: -115 | Line: 3.0 | Under: -109

--- MATCH ENVIRONMENT ---
Weather: Unknown (10)
Wind: 4.8m/s
Humidity: 83%


==================================================
MATCH #8 OF 76
==================================================

----- MATCH SUMMARY -----
Timestamp: 2025-04-30 11:08:18 ET
Competition ID: kjw2r09hwwyrz84
Competition: Croatian Second Football League (Croatia)
Match: Nk Neretvanac Opuzen vs NK Primorac Biograd
Score: 0 - 1 (HT: 0 - 1)
Status: First half (Status ID: 2)

--- MATCH BETTING ODDS ---
ML (Money Line):
Time: 4 min | Home: -164 | Draw: +260 | Away: +400

SPREAD (Asia Handicap):
Time: 4 min | Home: +105 | Handicap: 1.0 | Away: -133

Over/Under:
Time: 4 min | Over: -115 | Line: 2.5 | Under: -109

--- MATCH ENVIRONMENT ---
Weather: Sunny
Wind: 4.8m/s
Humidity: 32%


==================================================
MATCH #9 OF 76
==================================================

----- MATCH SUMMARY -----
Timestamp: 2025-04-30 11:08:19 ET
Competition ID: kjw2r09hwwyrz84
Competition: Croatian Second Football League (Croatia)
Match: NK Vodice vs NK Hrvatski VP
Score: 0 - 0 (HT: 0 - 0)
Status: First half (Status ID: 2)

--- MATCH BETTING ODDS ---
ML (Money Line):
Time: 3 min | Home: -164 | Draw: +275 | Away: +375 (Closest time to minutes 4-6 available: 3)

SPREAD (Asia Handicap):
Time: 4 min | Home: +100 | Handicap: 1.0 | Away: -125

Over/Under:
Time: 4 min | Over: -130 | Line: 3.0 | Under: -115

--- MATCH ENVIRONMENT ---
Weather: Sunny
Wind: 6.5m/s
Humidity: 46%


==================================================
MATCH #10 OF 76
==================================================

----- MATCH SUMMARY -----
Timestamp: 2025-04-30 11:08:20 ET
Competition ID: kjw2r09hwwyrz84
Competition: Croatian Second Football League (Croatia)
Match: NK Gosk Kastel Gomilica vs HNK Val Kastel Stari
Score: 0 - 0 (HT: 0 - 0)
Status: First half (Status ID: 2)

--- MATCH BETTING ODDS ---
ML (Money Line):
Time: 5 min | Home: -175 | Draw: +333 | Away: +375

SPREAD (Asia Handicap):
Time: 4 min | Home: -122 | Handicap: 1.0 | Away: -103

Over/Under:
Time: 4 min | Over: +120 | Line: 3.5 | Under: -182

--- MATCH ENVIRONMENT ---
Weather: Sunny
Wind: 3.2m/s
Humidity: 38%


==================================================
MATCH #11 OF 76
==================================================

----- MATCH SUMMARY -----
Timestamp: 2025-04-30 11:08:21 ET
Competition ID: e4wyrn4hdzvq86p
Competition: Poland Liga 3 (Poland)
Match: Piast Gliwice (Youth) vs Gwarek Tarnowskie Gory
Score: 0 - 0 (HT: 0 - 0)
Status: First half (Status ID: 2)

--- MATCH BETTING ODDS ---
ML (Money Line):
Time: 5 min | Home: -139 | Draw: +275 | Away: +300

SPREAD (Asia Handicap):
Time: 4 min | Home: -108 | Handicap: 0.75 | Away: -125

Over/Under:
Time: 4 min | Over: +100 | Line: 3.0 | Under: -125

--- MATCH ENVIRONMENT ---
Weather: Windy
Wind: 3.4m/s
Humidity: 35%


==================================================
MATCH #12 OF 76
==================================================

----- MATCH SUMMARY -----
Timestamp: 2025-04-30 11:08:22 ET
Competition ID: yl5ergph8vr8k0o
Competition: Russian Cup (Russia)
Match: Lokomotiv Moscow vs FK Rostov
Score: 0 - 0 (HT: 0 - 0)
Status: First half (Status ID: 2)

--- MATCH BETTING ODDS ---

SPREAD (Asia Handicap):
Time: 4 min | Home: -109 | Handicap: 0.0 | Away: -104

Over/Under:
Time: 4 min | Over: -115 | Line: 2.75 | Under: -130

--- MATCH ENVIRONMENT ---
Weather: Sunny
Wind: 3.7m/s
Humidity: 77%


==================================================
MATCH #13 OF 76
==================================================

----- MATCH SUMMARY -----
Timestamp: 2025-04-30 11:08:24 ET
Competition ID: p3glrw7hwzlqdyj
Competition: CAF African Youth Championship (Unknown Country)
Match: South Africa U20 vs Tanzania U20
Score: 0 - 0 (HT: 0 - 0)
Status: First half (Status ID: 2)

--- MATCH BETTING ODDS ---
ML (Money Line):
Time: 4 min | Home: -120 | Draw: +240 | Away: +300

SPREAD (Asia Handicap):
Time: 4 min | Home: -118 | Handicap: 0.5 | Away: -105

Over/Under:
Time: 4 min | Over: -109 | Line: 2.0 | Under: -115

--- MATCH ENVIRONMENT ---
Weather: Partially cloudy
Wind: 13.m/s
Humidity: 34%


==================================================
MATCH #14 OF 76
==================================================

----- MATCH SUMMARY -----
Timestamp: 2025-04-30 11:08:25 ET
Competition ID: jednm9wh0nryox8
Competition: Czech Third League (Czech Republic)
Match: Zlin B vs Blansko
Score: 0 - 0 (HT: 0 - 0)
Status: First half (Status ID: 2)

--- MATCH BETTING ODDS ---
ML (Money Line):
Time: 5 min | Home: -125 | Draw: +275 | Away: +275

SPREAD (Asia Handicap):
Time: 4 min | Home: -122 | Handicap: 0.5 | Away: -103

Over/Under:
Time: 4 min | Over: +102 | Line: 3.0 | Under: -130

--- MATCH ENVIRONMENT ---
Weather: Partially cloudy
Wind: 3.1m/s
Humidity: 38%


==================================================
MATCH #15 OF 76
==================================================

----- MATCH SUMMARY -----
Timestamp: 2025-04-30 11:08:26 ET
Competition ID: gy0or5jhexdqwzv
Competition: Ethiopia Premier League (Ethiopia)
Match: Adama City vs Welwalo Adigrat
Score: 0 - 0 (HT: 0 - 0)
Status: First half (Status ID: 2)

--- MATCH BETTING ODDS ---
ML (Money Line):
Time: 4 min | Home: +125 | Draw: +200 | Away: +220

SPREAD (Asia Handicap):
Time: 4 min | Home: -105 | Handicap: 0.25 | Away: -118

Over/Under:
Time: 4 min | Over: -130 | Line: 1.75 | Under: +102

--- MATCH ENVIRONMENT ---
Weather: Windy
Wind: 6.1m/s
Humidity: 35%


==================================================
MATCH #16 OF 76
==================================================

----- MATCH SUMMARY -----
Timestamp: 2025-04-30 11:08:28 ET
Competition ID: vl7oqdeholr510j
Competition: Latvian Higher League (Latvia)
Match: Tukums-2000 vs BFC Daugavpils
Score: 0 - 0 (HT: 0 - 0)
Status: First half (Status ID: 2)

--- MATCH BETTING ODDS ---
ML (Money Line):
Time: 4 min | Home: +162 | Draw: +250 | Away: +150

SPREAD (Asia Handicap):
Time: 4 min | Home: -103 | Handicap: 0.0 | Away: -122

Over/Under:
Time: 4 min | Over: -109 | Line: 2.5 | Under: -115

--- MATCH ENVIRONMENT ---
Weather: Partially cloudy
Wind: 7.3m/s
Humidity: 58%


==================================================
MATCH #17 OF 76
==================================================

----- MATCH SUMMARY -----
Timestamp: 2025-04-30 11:08:29 ET
Competition ID: kdj2ryohjn7q1zp
Competition: Cameroon Elite two (Cameroon)
Match: Union Abong-Mbang vs Tonnerre Yaounde
Score: 0 - 0 (HT: 0 - 0)
Status: First half (Status ID: 2)

--- MATCH BETTING ODDS ---


--- MATCH ENVIRONMENT ---
No environment data available for this match


==================================================
MATCH #18 OF 76
==================================================

----- MATCH SUMMARY -----
Timestamp: 2025-04-30 11:08:30 ET
Competition ID: kdj2ryohjn7q1zp
Competition: Cameroon Elite two (Cameroon)
Match: Isohsa Limbe vs Bafmeng United
Score: 0 - 1 (HT: 0 - 1)
Status: First half (Status ID: 2)

--- MATCH BETTING ODDS ---


--- MATCH ENVIRONMENT ---
No environment data available for this match


==================================================
MATCH #19 OF 76
==================================================

----- MATCH SUMMARY -----
Timestamp: 2025-04-30 11:08:32 ET
Competition ID: j1l4rjnhxpvm7vx
Competition: Indian Super Cup (India)
Match: Mumbai City FC  vs Jamshedpur FC
Score: 0 - 0 (HT: 0 - 0)
Status: First half (Status ID: 2)

--- MATCH BETTING ODDS ---
ML (Money Line):
Time: 4 min | Home: +220 | Draw: +260 | Away: +105

SPREAD (Asia Handicap):
Time: 4 min | Home: +100 | Handicap: -0.25 | Away: -125

Over/Under:
Time: 4 min | Over: -112 | Line: 2.5 | Under: -103

--- MATCH ENVIRONMENT ---
Weather: Sunny
Wind: 5.3m/s
Humidity: 69%


==================================================
MATCH #20 OF 76
==================================================

----- MATCH SUMMARY -----
Timestamp: 2025-04-30 11:08:33 ET
Competition ID: kdj2ryohjn7q1zp
Competition: Cameroon Elite two (Cameroon)
Match: Eding Sport FC vs FAP Yaounde
Score: 0 - 0 (HT: 0 - 0)
Status: First half (Status ID: 2)

--- MATCH BETTING ODDS ---
ML (Money Line):
Time: pre-match min | Home: +300 | Draw: +175 | Away: -105 (Closest time to minutes 4-6 available: pre-match)

SPREAD (Asia Handicap):
Time: 4 min | Home: -114 | Handicap: -0.5 | Away: -118

Over/Under:
Time: 4 min | Over: +100 | Line: 2.0 | Under: -130

--- MATCH ENVIRONMENT ---
No environment data available for this match


==================================================
MATCH #21 OF 76
==================================================

----- MATCH SUMMARY -----
Timestamp: 2025-04-30 11:08:34 ET
Competition ID: 9vjxm8gh5lr6odg
Competition: Slovak 2.Liga (Slovakia)
Match: FC Artmedia Petrzalka vs MSK Zilina B
Score: 1 - 0 (HT: 1 - 0)
Status: First half (Status ID: 2)

--- MATCH BETTING ODDS ---

SPREAD (Asia Handicap):
Time: 4 min | Home: -114 | Handicap: 0.75 | Away: -122

Over/Under:
Time: 4 min | Over: -119 | Line: 4.0 | Under: -116

--- MATCH ENVIRONMENT ---
Weather: Sunny
Wind: 1.8m/s
Humidity: 32%


==================================================
MATCH #22 OF 76
==================================================

----- MATCH SUMMARY -----
Timestamp: 2025-04-30 11:08:35 ET
Competition ID: l965mkyh4jdr1ge
Competition: Argentine Reserve League (Argentina)
Match: Acassuso Reserves vs Deportivo Liniers Reserves
Score: 0 - 0 (HT: 0 - 0)
Status: Half-time break (Status ID: 3)

--- MATCH BETTING ODDS ---
ML (Money Line):
Time: 4 min | Home: -120 | Draw: +240 | Away: +275

SPREAD (Asia Handicap):
Time: 4 min | Home: -111 | Handicap: 0.5 | Away: -111

Over/Under:
Time: 4 min | Over: +102 | Line: 2.5 | Under: -130

--- MATCH ENVIRONMENT ---
No environment data available for this match


==================================================
MATCH #23 OF 76
==================================================

----- MATCH SUMMARY -----
Timestamp: 2025-04-30 11:08:37 ET
Competition ID: v2y8m4zhg91ql07
Competition: Greek Amateur Cup (Greece)
Match: Kyanos Astir Varis vs Aris Voulas FC
Score: 1 - 1 (HT: 1 - 1)
Status: First half (Status ID: 2)

--- MATCH BETTING ODDS ---
ML (Money Line):
Time: 5 min | Home: -152 | Draw: +275 | Away: +375

SPREAD (Asia Handicap):
Time: 6 min | Home: -133 | Handicap: 0.75 | Away: -111

Over/Under:
Time: 4 min | Over: -122 | Line: 2.5 | Under: -123

--- MATCH ENVIRONMENT ---
No environment data available for this match


==================================================
MATCH #24 OF 76
==================================================

----- MATCH SUMMARY -----
Timestamp: 2025-04-30 11:08:39 ET
Competition ID: z8yomo4h7vvq0j6
Competition: Uzbekistan Cup (Uzbekistan)
Match: Neftchi Fargona vs Fergana University
Score: 2 - 0 (HT: 2 - 0)
Status: Half-time break (Status ID: 3)

--- MATCH BETTING ODDS ---
ML (Money Line):
Time: 4 min | Home: -455 | Draw: +500 | Away: +800

SPREAD (Asia Handicap):
Time: 4 min | Home: -125 | Handicap: 1.75 | Away: +100

Over/Under:
Time: 4 min | Over: -118 | Line: 2.75 | Under: -105

--- MATCH ENVIRONMENT ---
Weather: Partially cloudy
Wind: 4.3m/s
Humidity: 37%


==================================================
MATCH #25 OF 76
==================================================

----- MATCH SUMMARY -----
Timestamp: 2025-04-30 11:08:40 ET
Competition ID: 9dn1m1ghe56moep
Competition: North Macedonia Women's League (North Macedonia)
Match: ZFK Skopje 2014 (w) vs ZFK Atletiko Bitola (W)
Score: 1 - 0 (HT: 1 - 0)
Status: Half-time break (Status ID: 3)

--- MATCH BETTING ODDS ---
ML (Money Line):
Time: 4 min | Home: -909 | Draw: +650 | Away: +1200

SPREAD (Asia Handicap):
Time: 5 min | Home: -115 | Handicap: 2.5 | Away: -130

Over/Under:
Time: 4 min | Over: -103 | Line: 3.25 | Under: -122

--- MATCH ENVIRONMENT ---
No environment data available for this match


==================================================
MATCH #26 OF 76
==================================================

----- MATCH SUMMARY -----
Timestamp: 2025-04-30 11:08:41 ET
Competition ID: l965mkyh4jdr1ge
Competition: Argentine Reserve League (Argentina)
Match: Defensores de Belgrano Reserves vs Gimnasia Mendoza Reserves
Score: 1 - 2 (HT: 1 - 2)
Status: Half-time break (Status ID: 3)

--- MATCH BETTING ODDS ---
ML (Money Line):
Time: 3 min | Home: -111 | Draw: +220 | Away: +300 (Closest time to minutes 4-6 available: 3)

SPREAD (Asia Handicap):
Time: 4 min | Home: -111 | Handicap: 0.5 | Away: -114

Over/Under:
Time: 4 min | Over: -108 | Line: 2.25 | Under: -130

--- MATCH ENVIRONMENT ---
No environment data available for this match


==================================================
MATCH #27 OF 76
==================================================

----- MATCH SUMMARY -----
Timestamp: 2025-04-30 11:08:43 ET
Competition ID: l965mkyh4jdr1ge
Competition: Argentine Reserve League (Argentina)
Match: Temperley Reserves vs Chacarita Juniors Reserves
Score: 0 - 0 (HT: 0 - 0)
Status: Second half (Status ID: 4)

--- MATCH BETTING ODDS ---
ML (Money Line):
Time: 4 min | Home: -105 | Draw: +225 | Away: +260

SPREAD (Asia Handicap):
Time: 4 min | Home: +100 | Handicap: 0.5 | Away: -125

Over/Under:
Time: 4 min | Over: -125 | Line: 2.0 | Under: +100

--- MATCH ENVIRONMENT ---
No environment data available for this match


==================================================
MATCH #28 OF 76
==================================================

----- MATCH SUMMARY -----
Timestamp: 2025-04-30 11:08:44 ET
Competition ID: l965mkyh4jdr1ge
Competition: Argentine Reserve League (Argentina)
Match: CA Lugano Reserves vs Berazategui Reserves
Score: 0 - 0 (HT: 0 - 0)
Status: Half-time break (Status ID: 3)

--- MATCH BETTING ODDS ---
ML (Money Line):
Time: 3 min | Home: +200 | Draw: +225 | Away: +120 (Closest time to minutes 4-6 available: 3)

SPREAD (Asia Handicap):
Time: 4 min | Home: -130 | Handicap: -0.25 | Away: -108

Over/Under:
Time: 4 min | Over: -118 | Line: 2.5 | Under: -118

--- MATCH ENVIRONMENT ---
Weather: Sunny
Wind: 2.9m/s
Humidity: 61%


==================================================
MATCH #29 OF 76
==================================================

----- MATCH SUMMARY -----
Timestamp: 2025-04-30 11:08:45 ET
Competition ID: l965mkyh4jdr1ge
Competition: Argentine Reserve League (Argentina)
Match: Real Pilar Reserves vs Deportivo Merlo Reserves
Score: 0 - 0 (HT: 0 - 0)
Status: Half-time break (Status ID: 3)

--- MATCH BETTING ODDS ---
ML (Money Line):
Time: 6 min | Home: +130 | Draw: +240 | Away: +175

SPREAD (Asia Handicap):
Time: 4 min | Home: -104 | Handicap: 0.25 | Away: -130

Over/Under:
Time: 4 min | Over: -122 | Line: 2.25 | Under: -103

--- MATCH ENVIRONMENT ---
No environment data available for this match


==================================================
MATCH #30 OF 76
==================================================

----- MATCH SUMMARY -----
Timestamp: 2025-04-30 11:08:46 ET
Competition ID: 56ypq3nh01nmd7o
Competition: Egyptian Premier League (Egypt)
Match: Haras El Hodood vs Pyramids FC
Score: 0 - 1 (HT: 0 - 1)
Status: Second half (Status ID: 4)

--- MATCH BETTING ODDS ---
ML (Money Line):
Time: 4 min | Home: +650 | Draw: +275 | Away: -200

SPREAD (Asia Handicap):
Time: 4 min | Home: -103 | Handicap: -1.0 | Away: -122

Over/Under:
Time: 4 min | Over: +100 | Line: 2.25 | Under: -125

--- MATCH ENVIRONMENT ---
Weather: Partially cloudy
Wind: 6.1m/s
Humidity: 70%


==================================================
MATCH #31 OF 76
==================================================

----- MATCH SUMMARY -----
Timestamp: 2025-04-30 11:08:47 ET
Competition ID: kdj2ryohjn7q1zp
Competition: Cameroon Elite two (Cameroon)
Match: Djiko FC de Bandjoun vs Fovu de Baham
Score: 0 - 0 (HT: 0 - 0)
Status: Abandoned (Status ID: 13)

--- MATCH BETTING ODDS ---


--- MATCH ENVIRONMENT ---
No environment data available for this match


==================================================
MATCH #32 OF 76
==================================================

----- MATCH SUMMARY -----
Timestamp: 2025-04-30 11:08:49 ET
Competition ID: 9k82rekhokorepz
Competition: Namibia Premier League (Namibia)
Match: Young Africans Sports Club vs Mighty Gunners
Score: 0 - 0 (HT: 0 - 0)
Status: Abandoned (Status ID: 13)

--- MATCH BETTING ODDS ---


--- MATCH ENVIRONMENT ---
No environment data available for this match


==================================================
MATCH #33 OF 76
==================================================

----- MATCH SUMMARY -----
Timestamp: 2025-04-30 11:08:50 ET
Competition ID: e4wyrn4hdzvq86p
Competition: Poland Liga 3 (Poland)
Match: Polonia Lidzbark vs Sieradz
Score: 0 - 0 (HT: 0 - 0)
Status: Second half (Status ID: 4)

--- MATCH BETTING ODDS ---


--- MATCH ENVIRONMENT ---
No environment data available for this match


==================================================
MATCH #34 OF 76
==================================================

----- MATCH SUMMARY -----
Timestamp: 2025-04-30 11:08:51 ET
Competition ID: e4wyrn4hdzvq86p
Competition: Poland Liga 3 (Poland)
Match: Warta Gorzów Wielkopolski vs Lechia Zielona Gora
Score: 0 - 0 (HT: 0 - 0)
Status: Second half (Status ID: 4)

--- MATCH BETTING ODDS ---
ML (Money Line):
Time: 4 min | Home: +125 | Draw: +260 | Away: +162

SPREAD (Asia Handicap):
Time: 4 min | Home: -152 | Handicap: 0.0 | Away: +102

Over/Under:
Time: 4 min | Over: -103 | Line: 2.75 | Under: -122

--- MATCH ENVIRONMENT ---
Weather: Windy
Wind: 3.1m/s
Humidity: 44%


==================================================
MATCH #35 OF 76
==================================================

----- MATCH SUMMARY -----
Timestamp: 2025-04-30 11:08:53 ET
Competition ID: v2y8m4zhw4ql074
Competition: Romanian Liga II (Romania)
Match: Steaua Bucuresti vs FK Csikszereda Miercurea Ciuc
Score: 0 - 0 (HT: 0 - 0)
Status: Second half (Status ID: 4)

--- MATCH BETTING ODDS ---
ML (Money Line):
Time: 4 min | Home: +160 | Draw: +162 | Away: +210

SPREAD (Asia Handicap):
Time: 4 min | Home: -133 | Handicap: 0.0 | Away: +105

Over/Under:
Time: 4 min | Over: +102 | Line: 2.0 | Under: -130

--- MATCH ENVIRONMENT ---
Weather: Sunny
Wind: 1.2m/s
Humidity: 31%


==================================================
MATCH #36 OF 76
==================================================

----- MATCH SUMMARY -----
Timestamp: 2025-04-30 11:08:55 ET
Competition ID: 9dn1m1gh84pmoep
Competition: Portuguese U23 League (Portugal)
Match: Benfica U23 vs Vizela U23
Score: 1 - 1 (HT: 1 - 1)
Status: Half-time break (Status ID: 3)

--- MATCH BETTING ODDS ---
ML (Money Line):
Time: 4 min | Home: -152 | Draw: +300 | Away: +300

SPREAD (Asia Handicap):
Time: 4 min | Home: -122 | Handicap: 0.75 | Away: -103

Over/Under:
Time: 4 min | Over: -118 | Line: 3.0 | Under: -105

--- MATCH ENVIRONMENT ---
Weather: Partially cloudy
Wind: 3.7m/s
Humidity: 64%


==================================================
MATCH #37 OF 76
==================================================

----- MATCH SUMMARY -----
Timestamp: 2025-04-30 11:08:56 ET
Competition ID: 9dn1m1gh84pmoep
Competition: Portuguese U23 League (Portugal)
Match: Gil Vicente U23 vs Estoril U23
Score: 1 - 0 (HT: 1 - 0)
Status: Half-time break (Status ID: 3)

--- MATCH BETTING ODDS ---
ML (Money Line):
Time: 4 min | Home: +125 | Draw: +260 | Away: +175

SPREAD (Asia Handicap):
Time: 4 min | Home: +100 | Handicap: 0.25 | Away: -125

Over/Under:
Time: 4 min | Over: -114 | Line: 2.75 | Under: -106

--- MATCH ENVIRONMENT ---
Weather: Unknown (10)
Wind: 4.5m/s
Humidity: 93%


==================================================
MATCH #38 OF 76
==================================================

----- MATCH SUMMARY -----
Timestamp: 2025-04-30 11:08:57 ET
Competition ID: 9dn1m1gh84pmoep
Competition: Portuguese U23 League (Portugal)
Match: Sporting CP U23 vs Estrela FC U23
Score: 0 - 0 (HT: 0 - 0)
Status: Second half (Status ID: 4)

--- MATCH BETTING ODDS ---
ML (Money Line):
Time: 4 min | Home: -164 | Draw: +275 | Away: +375

SPREAD (Asia Handicap):
Time: 4 min | Home: -125 | Handicap: 0.75 | Away: +100

Over/Under:
Time: 4 min | Over: -105 | Line: 2.5 | Under: -118

--- MATCH ENVIRONMENT ---
Weather: Partially cloudy
Wind: 3.7m/s
Humidity: 64%


==================================================
MATCH #39 OF 76
==================================================

----- MATCH SUMMARY -----
Timestamp: 2025-04-30 11:08:59 ET
Competition ID: p4jwq2ghv1vm0ve
Competition: Rwandan Cup (Rwanda)
Match: APR FC vs Police(RWA)
Score: 1 - 0 (HT: 1 - 0)
Status: Half-time break (Status ID: 3)

--- MATCH BETTING ODDS ---
ML (Money Line):
Time: 5 min | Home: -175 | Draw: +225 | Away: +550

SPREAD (Asia Handicap):
Time: 4 min | Home: -105 | Handicap: 1.0 | Away: -141

Over/Under:
Time: 4 min | Over: -103 | Line: 2.0 | Under: -122

--- MATCH ENVIRONMENT ---
Weather: Snowy
Wind: 2.6m/s
Humidity: 79%


==================================================
MATCH #40 OF 76
==================================================

----- MATCH SUMMARY -----
Timestamp: 2025-04-30 11:09:00 ET
Competition ID: kjw2r09hl1wrz84
Competition: Tunisian Professional League 2 (Tunisia)
Match: CS.Hammam-Lif vs Megrine
Score: 0 - 0 (HT: 0 - 0)
Status: Half-time break (Status ID: 3)

--- MATCH BETTING ODDS ---

SPREAD (Asia Handicap):
Time: 21 min | Home: +121 | Handicap: -0.5 | Away: -182 (Closest time to minutes 4-6 available: 21)

Over/Under:
Time: 18 min | Over: -132 | Line: 2.25 | Under: -114 (Closest time to minutes 4-6 available: 18)

--- MATCH ENVIRONMENT ---
No environment data available for this match


==================================================
MATCH #41 OF 76
==================================================

----- MATCH SUMMARY -----
Timestamp: 2025-04-30 11:09:02 ET
Competition ID: kjw2r09hl1wrz84
Competition: Tunisian Professional League 2 (Tunisia)
Match: Croissant Msaken vs Stade Africain Menzel Bourguib
Score: 0 - 0 (HT: 0 - 0)
Status: Second half (Status ID: 4)

--- MATCH BETTING ODDS ---

SPREAD (Asia Handicap):
Time: 4 min | Home: -122 | Handicap: 0.5 | Away: +100

Over/Under:
Time: 4 min | Over: -112 | Line: 1.5 | Under: -110

--- MATCH ENVIRONMENT ---
Weather: Partially cloudy
Wind: 8.1m/s
Humidity: 45%


==================================================
MATCH #42 OF 76
==================================================

----- MATCH SUMMARY -----
Timestamp: 2025-04-30 11:09:03 ET
Competition ID: kjw2r09hl1wrz84
Competition: Tunisian Professional League 2 (Tunisia)
Match: AS Kasserine vs AS jelma
Score: 1 - 0 (HT: 1 - 0)
Status: Second half (Status ID: 4)

--- MATCH BETTING ODDS ---

Over/Under:
Time: pre-match min | Over: +160 | Line: 2.5 | Under: -244 (Closest time to minutes 4-6 available: pre-match)

--- MATCH ENVIRONMENT ---
No environment data available for this match


==================================================
MATCH #43 OF 76
==================================================

----- MATCH SUMMARY -----
Timestamp: 2025-04-30 11:09:05 ET
Competition ID: kn54qllhey9qvy9
Competition: Egyptian Division 2 (Egypt)
Match: Team FC Cairo vs Al Nasr Cairo
Score: 2 - 1 (HT: 1 - 1)
Status: Second half (Status ID: 4)

--- MATCH BETTING ODDS ---
ML (Money Line):
Time: 11 min | Home: +162 | Draw: +250 | Away: +137 (Closest time to minutes 4-6 available: 11)

SPREAD (Asia Handicap):
Time: 11 min | Home: -139 | Handicap: 0.75 | Away: +107 (Closest time to minutes 4-6 available: 11)

Over/Under:
Time: 11 min | Over: -122 | Line: 3.0 | Under: -103 (Closest time to minutes 4-6 available: 11)

--- MATCH ENVIRONMENT ---
No environment data available for this match


==================================================
MATCH #44 OF 76
==================================================

----- MATCH SUMMARY -----
Timestamp: 2025-04-30 11:09:07 ET
Competition ID: kn54qllhey9qvy9
Competition: Egyptian Division 2 (Egypt)
Match: Aswan vs El Mansoura
Score: 1 - 1 (HT: 1 - 1)
Status: Second half (Status ID: 4)

--- MATCH BETTING ODDS ---
ML (Money Line):
Time: 4 min | Home: +187 | Draw: +220 | Away: +137

SPREAD (Asia Handicap):
Time: 4 min | Home: -133 | Handicap: 0.75 | Away: +105

Over/Under:
Time: 4 min | Over: -130 | Line: 3.0 | Under: +102

--- MATCH ENVIRONMENT ---
Weather: Partially cloudy
Wind: 4.0m/s
Humidity: 10%


==================================================
MATCH #45 OF 76
==================================================

----- MATCH SUMMARY -----
Timestamp: 2025-04-30 11:09:08 ET
Competition ID: kn54qllhey9qvy9
Competition: Egyptian Division 2 (Egypt)
Match: Olympic El Qanal vs Proxy SC
Score: 1 - 0 (HT: 1 - 0)
Status: Second half (Status ID: 4)

--- MATCH BETTING ODDS ---
ML (Money Line):
Time: 4 min | Home: +160 | Draw: +175 | Away: +175

SPREAD (Asia Handicap):
Time: 4 min | Home: -110 | Handicap: 0.0 | Away: -110

Over/Under:
Time: 4 min | Over: -130 | Line: 1.75 | Under: +102

--- MATCH ENVIRONMENT ---
Weather: Partially cloudy
Wind: 13.m/s
Humidity: 34%


==================================================
MATCH #46 OF 76
==================================================

----- MATCH SUMMARY -----
Timestamp: 2025-04-30 11:09:10 ET
Competition ID: kn54qllhey9qvy9
Competition: Egyptian Division 2 (Egypt)
Match: Asyut Petroleum vs Abou Qir Fertilizers SC
Score: 1 - 1 (HT: 1 - 1)
Status: Second half (Status ID: 4)

--- MATCH BETTING ODDS ---
ML (Money Line):
Time: 4 min | Home: +350 | Draw: +210 | Away: -125

SPREAD (Asia Handicap):
Time: 4 min | Home: +100 | Handicap: -0.5 | Away: -125

Over/Under:
Time: 4 min | Over: -118 | Line: 2.0 | Under: -105

--- MATCH ENVIRONMENT ---
Weather: Partially cloudy
Wind: 8.7m/s
Humidity: 24%


==================================================
MATCH #47 OF 76
==================================================

----- MATCH SUMMARY -----
Timestamp: 2025-04-30 11:09:12 ET
Competition ID: kn54qllhey9qvy9
Competition: Egyptian Division 2 (Egypt)
Match: Dayrot vs Gazl Kafr Eldwar
Score: 1 - 1 (HT: 0 - 1)
Status: Second half (Status ID: 4)

--- MATCH BETTING ODDS ---
ML (Money Line):
Time: 4 min | Home: +130 | Draw: +175 | Away: +240

SPREAD (Asia Handicap):
Time: 4 min | Home: +100 | Handicap: 0.25 | Away: -125

Over/Under:
Time: 4 min | Over: -122 | Line: 1.5 | Under: -103

--- MATCH ENVIRONMENT ---
Weather: Unknown (8)
Wind: 7.3m/s
Humidity: 32%


==================================================
MATCH #48 OF 76
==================================================

----- MATCH SUMMARY -----
Timestamp: 2025-04-30 11:09:13 ET
Competition ID: e4wyrn4hdzvq86p
Competition: Poland Liga 3 (Poland)
Match: Star Starachowice vs Lewart Lubartow
Score: 4 - 0 (HT: 4 - 0)
Status: Second half (Status ID: 4)

--- MATCH BETTING ODDS ---
ML (Money Line):
Time: 4 min | Home: -303 | Draw: +400 | Away: +600

SPREAD (Asia Handicap):
Time: 4 min | Home: -118 | Handicap: 1.5 | Away: -105

Over/Under:
Time: 4 min | Over: -109 | Line: 3.25 | Under: -115

--- MATCH ENVIRONMENT ---
Weather: Partially cloudy
Wind: 4.1m/s
Humidity: 34%


==================================================
MATCH #49 OF 76
==================================================

----- MATCH SUMMARY -----
Timestamp: 2025-04-30 11:09:14 ET
Competition ID: kn54qllhey9qvy9
Competition: Egyptian Division 2 (Egypt)
Match: Baladiyat El Mahalla vs La Viena
Score: 0 - 0 (HT: 0 - 0)
Status: Second half (Status ID: 4)

--- MATCH BETTING ODDS ---
ML (Money Line):
Time: 5 min | Home: +150 | Draw: +175 | Away: +200

SPREAD (Asia Handicap):
Time: 4 min | Home: -141 | Handicap: 0.0 | Away: +105

Over/Under:
Time: 4 min | Over: -115 | Line: 1.75 | Under: -109

--- MATCH ENVIRONMENT ---
Weather: Partially cloudy
Wind: 7.1m/s
Humidity: 56%


==================================================
MATCH #50 OF 76
==================================================

----- MATCH SUMMARY -----
Timestamp: 2025-04-30 11:09:16 ET
Competition ID: vl7oqdehn11r510
Competition: Tunisian Cup (Tunisia)
Match: J.S. Kairouanaise vs ES du Sahel
Score: 0 - 0 (HT: 0 - 0)
Status: Second half (Status ID: 4)

--- MATCH BETTING ODDS ---
ML (Money Line):
Time: 4 min | Home: +500 | Draw: +220 | Away: -152

SPREAD (Asia Handicap):
Time: 4 min | Home: -109 | Handicap: -0.75 | Away: -115

Over/Under:
Time: 4 min | Over: -103 | Line: 2.0 | Under: -122

--- MATCH ENVIRONMENT ---
Weather: Sunny
Wind: 2.0m/s
Humidity: 30%


==================================================
MATCH #51 OF 76
==================================================

----- MATCH SUMMARY -----
Timestamp: 2025-04-30 11:09:17 ET
Competition ID: jednm9whkg3ryox
Competition: South Africa First League (South Africa)
Match: Milford vs Pretoria Callies
Score: 0 - 2 (HT: 0 - 0)
Status: Finished (Status ID: 8)

--- MATCH BETTING ODDS ---
ML (Money Line):
Time: 4 min | Home: -152 | Draw: +260 | Away: +350

SPREAD (Asia Handicap):
Time: 4 min | Home: -123 | Handicap: 0.5 | Away: -112

Over/Under:
Time: 4 min | Over: -133 | Line: 2.0 | Under: +105

--- MATCH ENVIRONMENT ---
Weather: Sunny
Wind: 1.5m/s
Humidity: 74%


==================================================
MATCH #52 OF 76
==================================================

----- MATCH SUMMARY -----
Timestamp: 2025-04-30 11:09:18 ET
Competition ID: 4zp5rzgh7loq82w
Competition: Zimbabwe Premier Soccer League (Zimbabwe)
Match: CAPS United vs FC Platinum
Score: 1 - 2 (HT: 0 - 1)
Status: Finished (Status ID: 8)

--- MATCH BETTING ODDS ---
ML (Money Line):
Time: 4 min | Home: +110 | Draw: +175 | Away: +300

SPREAD (Asia Handicap):
Time: 4 min | Home: -125 | Handicap: 0.25 | Away: +100

Over/Under:
Time: 4 min | Over: -130 | Line: 1.5 | Under: +102

--- MATCH ENVIRONMENT ---
Weather: Snowy
Wind: 8.7m/s
Humidity: 51%


==================================================
MATCH #53 OF 76
==================================================

----- MATCH SUMMARY -----
Timestamp: 2025-04-30 11:09:19 ET
Competition ID: 4zp5rzgh7loq82w
Competition: Zimbabwe Premier Soccer League (Zimbabwe)
Match: GreenFuel vs Dynamos FC
Score: 0 - 0 (HT: 0 - 0)
Status: Finished (Status ID: 8)

--- MATCH BETTING ODDS ---


--- MATCH ENVIRONMENT ---
No environment data available for this match


==================================================
MATCH #54 OF 76
==================================================

----- MATCH SUMMARY -----
Timestamp: 2025-04-30 11:09:20 ET
Competition ID: 4zp5rzgh7loq82w
Competition: Zimbabwe Premier Soccer League (Zimbabwe)
Match: Kwekwe United vs Simba Bhora
Score: 1 - 2 (HT: 0 - 1)
Status: Finished (Status ID: 8)

--- MATCH BETTING ODDS ---


--- MATCH ENVIRONMENT ---
No environment data available for this match


==================================================
MATCH #55 OF 76
==================================================

----- MATCH SUMMARY -----
Timestamp: 2025-04-30 11:09:21 ET
Competition ID: 4zp5rzgh7loq82w
Competition: Zimbabwe Premier Soccer League (Zimbabwe)
Match: Ngezi Platinum vs Yadah FC
Score: 1 - 2 (HT: 0 - 1)
Status: Finished (Status ID: 8)

--- MATCH BETTING ODDS ---


--- MATCH ENVIRONMENT ---
No environment data available for this match


==================================================
MATCH #56 OF 76
==================================================

----- MATCH SUMMARY -----
Timestamp: 2025-04-30 11:09:22 ET
Competition ID: 4zp5rzgh7loq82w
Competition: Zimbabwe Premier Soccer League (Zimbabwe)
Match: Triangle FC vs ZPC Kariba
Score: 1 - 1 (HT: 0 - 1)
Status: Finished (Status ID: 8)

--- MATCH BETTING ODDS ---


--- MATCH ENVIRONMENT ---
No environment data available for this match


==================================================
MATCH #57 OF 76
==================================================

----- MATCH SUMMARY -----
Timestamp: 2025-04-30 11:09:24 ET
Competition ID: jednm9whg03ryox
Competition: Italian Campionato Primavera 2 (Italy)
Match: AlbinoLeffe Youth vs Padova U19
Score: 3 - 1 (HT: 1 - 1)
Status: Finished (Status ID: 8)

--- MATCH BETTING ODDS ---
ML (Money Line):
Time: 4 min | Home: +200 | Draw: +260 | Away: +110

SPREAD (Asia Handicap):
Time: 4 min | Home: -105 | Handicap: -0.25 | Away: -118

Over/Under:
Time: 4 min | Over: -109 | Line: 3.0 | Under: -115

--- MATCH ENVIRONMENT ---
Weather: Sunny
Wind: 3.7m/s
Humidity: 47%


==================================================
MATCH #58 OF 76
==================================================

----- MATCH SUMMARY -----
Timestamp: 2025-04-30 11:09:25 ET
Competition ID: kn54qllh40qvy9d
Competition: Kazakhstan Premier League (Kazakhstan)
Match: FK Atyrau vs FC Astana
Score: 0 - 2 (HT: 0 - 1)
Status: Finished (Status ID: 8)

--- MATCH BETTING ODDS ---
ML (Money Line):
Time: 4 min | Home: +500 | Draw: +375 | Away: -250

SPREAD (Asia Handicap):
Time: 4 min | Home: -103 | Handicap: -1.25 | Away: -122

Over/Under:
Time: 4 min | Over: -125 | Line: 2.75 | Under: +100

--- MATCH ENVIRONMENT ---
Weather: Partially cloudy
Wind: 3.7m/s
Humidity: 25%


==================================================
MATCH #59 OF 76
==================================================

----- MATCH SUMMARY -----
Timestamp: 2025-04-30 11:09:27 ET
Competition ID: 9dn1m1ghl1moepl
Competition: Turkish Third League (Turkey)
Match: Kutahyaspor vs Duzcespor
Score: 2 - 1 (HT: 1 - 0)
Status: Finished (Status ID: 8)

--- MATCH BETTING ODDS ---
ML (Money Line):
Time: 4 min | Home: +137 | Draw: +240 | Away: +175

SPREAD (Asia Handicap):
Time: 4 min | Home: -108 | Handicap: 0.25 | Away: -130

Over/Under:
Time: 4 min | Over: -118 | Line: 2.25 | Under: -105

--- MATCH ENVIRONMENT ---
Weather: Partially cloudy
Wind: 3.7m/s
Humidity: 53%


==================================================
MATCH #60 OF 76
==================================================

----- MATCH SUMMARY -----
Timestamp: 2025-04-30 11:09:28 ET
Competition ID: 9dn1m1ghl1moepl
Competition: Turkish Third League (Turkey)
Match: Kucukcekmece vs Corluspor
Score: 0 - 0 (HT: 0 - 0)
Status: Extra time (Status ID: 5)

--- MATCH BETTING ODDS ---
ML (Money Line):
Time: 4 min | Home: +125 | Draw: +240 | Away: +175

SPREAD (Asia Handicap):
Time: 4 min | Home: +100 | Handicap: 0.25 | Away: -125

Over/Under:
Time: 4 min | Over: -108 | Line: 2.5 | Under: -120

--- MATCH ENVIRONMENT ---
Weather: Partially cloudy
Wind: 11.m/s
Humidity: 61%


==================================================
MATCH #61 OF 76
==================================================

----- MATCH SUMMARY -----
Timestamp: 2025-04-30 11:09:30 ET
Competition ID: 9dn1m1ghl1moepl
Competition: Turkish Third League (Turkey)
Match: Silivrispor vs Tire 2021 FK
Score: 0 - 0 (HT: 0 - 0)
Status: Extra time (Status ID: 5)

--- MATCH BETTING ODDS ---
ML (Money Line):
Time: 5 min | Home: +105 | Draw: +220 | Away: +240

SPREAD (Asia Handicap):
Time: 4 min | Home: -130 | Handicap: 0.25 | Away: -104

Over/Under:
Time: 4 min | Over: -130 | Line: 2.25 | Under: +102

--- MATCH ENVIRONMENT ---
Weather: Partially cloudy
Wind: 11.m/s
Humidity: 63%


==================================================
MATCH #62 OF 76
==================================================

----- MATCH SUMMARY -----
Timestamp: 2025-04-30 11:09:31 ET
Competition ID: 9dn1m1ghl1moepl
Competition: Turkish Third League (Turkey)
Match: Zonguldak vs Kahramanmaras Bld
Score: 0 - 0 (HT: 0 - 0)
Status: Extra time (Status ID: 5)

--- MATCH BETTING ODDS ---
ML (Money Line):
Time: 4 min | Home: +140 | Draw: +210 | Away: +187

SPREAD (Asia Handicap):
Time: 4 min | Home: -125 | Handicap: 0.0 | Away: -104

Over/Under:
Time: 4 min | Over: -118 | Line: 2.25 | Under: -110

--- MATCH ENVIRONMENT ---
Weather: Partially cloudy
Wind: 6.1m/s
Humidity: 77%


==================================================
MATCH #63 OF 76
==================================================

----- MATCH SUMMARY -----
Timestamp: 2025-04-30 11:09:32 ET
Competition ID: e4wyrn4hdzvq86p
Competition: Poland Liga 3 (Poland)
Match: Cracovia II vs GKS Glinik Gorlice
Score: 3 - 2 (HT: 1 - 0)
Status: Finished (Status ID: 8)

--- MATCH BETTING ODDS ---
ML (Money Line):
Time: 4 min | Home: -303 | Draw: +450 | Away: +550

SPREAD (Asia Handicap):
Time: 4 min | Home: -122 | Handicap: 1.5 | Away: -103

Over/Under:
Time: 4 min | Over: +102 | Line: 3.25 | Under: -130

--- MATCH ENVIRONMENT ---
Weather: Partially cloudy
Wind: 3.1m/s
Humidity: 33%


==================================================
MATCH #64 OF 76
==================================================

----- MATCH SUMMARY -----
Timestamp: 2025-04-30 11:09:33 ET
Competition ID: 56ypq3nhepnmd7o
Competition: IRQ D2 (Iraq)
Match: Peshmerga Sulaymaniya SC vs Masafi Al-Junoob
Score: 1 - 0 (HT: 0 - 0)
Status: Finished (Status ID: 8)

--- MATCH BETTING ODDS ---
ML (Money Line):
Time: 4 min | Home: +160 | Draw: +175 | Away: +200

SPREAD (Asia Handicap):
Time: 7 min | Home: +108 | Handicap: 0.25 | Away: -161 (Closest time to minutes 4-6 available: 7)

Over/Under:
Time: 4 min | Over: +105 | Line: 2.0 | Under: -133

--- MATCH ENVIRONMENT ---
No environment data available for this match


==================================================
MATCH #65 OF 76
==================================================

----- MATCH SUMMARY -----
Timestamp: 2025-04-30 11:09:35 ET
Competition ID: 9vjxm8ghgy0r6od
Competition: Uganda Premier League (Uganda)
Match: Mbarara City vs NEC FC Bugolobi
Score: 1 - 2 (HT: 0 - 0)
Status: Finished (Status ID: 8)

--- MATCH BETTING ODDS ---
ML (Money Line):
Time: 4 min | Home: +550 | Draw: +250 | Away: -189

SPREAD (Asia Handicap):
Time: 4 min | Home: -125 | Handicap: -1.0 | Away: +100

Over/Under:
Time: 4 min | Over: -111 | Line: 2.0 | Under: -111

--- MATCH ENVIRONMENT ---
Weather: Snowy
Wind: 4.3m/s
Humidity: 71%


==================================================
MATCH #66 OF 76
==================================================

----- MATCH SUMMARY -----
Timestamp: 2025-04-30 11:09:36 ET
Competition ID: 56ypq3nhepnmd7o
Competition: IRQ D2 (Iraq)
Match: Kadhimiya SC vs Naft Al-Wassat SC
Score: 2 - 0 (HT: 0 - 0)
Status: Finished (Status ID: 8)

--- MATCH BETTING ODDS ---
ML (Money Line):
Time: 4 min | Home: -164 | Draw: +240 | Away: +450

SPREAD (Asia Handicap):
Time: 4 min | Home: -118 | Handicap: 0.75 | Away: -105

Over/Under:
Time: 4 min | Over: +102 | Line: 2.0 | Under: -130

--- MATCH ENVIRONMENT ---
Weather: Sunny
Wind: 3.2m/s
Humidity: 19%


==================================================
MATCH #67 OF 76
==================================================

----- MATCH SUMMARY -----
Timestamp: 2025-04-30 11:09:37 ET
Competition ID: 56ypq3nhepnmd7o
Competition: IRQ D2 (Iraq)
Match: Al-Masafi vs Al Gharraf
Score: 1 - 1 (HT: 0 - 0)
Status: Finished (Status ID: 8)

--- MATCH BETTING ODDS ---
ML (Money Line):
Time: 4 min | Home: +200 | Draw: +210 | Away: +130

SPREAD (Asia Handicap):
Time: 4 min | Home: +112 | Handicap: 0.0 | Away: -169

Over/Under:
Time: 4 min | Over: +102 | Line: 2.25 | Under: -130

--- MATCH ENVIRONMENT ---
Weather: Sunny
Wind: 3.2m/s
Humidity: 20%


==================================================
MATCH #68 OF 76
==================================================

----- MATCH SUMMARY -----
Timestamp: 2025-04-30 11:09:39 ET
Competition ID: 56ypq3nhepnmd7o
Competition: IRQ D2 (Iraq)
Match: Amanat Baghdad vs Afak SC
Score: 1 - 1 (HT: 1 - 0)
Status: Finished (Status ID: 8)

--- MATCH BETTING ODDS ---
ML (Money Line):
Time: 4 min | Home: -125 | Draw: +220 | Away: +350

SPREAD (Asia Handicap):
Time: 4 min | Home: -122 | Handicap: 0.5 | Away: -103

Over/Under:
Time: 4 min | Over: -105 | Line: 2.0 | Under: -118

--- MATCH ENVIRONMENT ---
Weather: Sunny
Wind: 3.2m/s
Humidity: 19%


==================================================
MATCH #69 OF 76
==================================================

----- MATCH SUMMARY -----
Timestamp: 2025-04-30 11:09:40 ET
Competition ID: 9dn1m1gh8zomoep
Competition: Kenya Football League (Kenya)
Match: Darajani Gogo vs MOFA FC
Score: 4 - 0 (HT: 3 - 0)
Status: Finished (Status ID: 8)

--- MATCH BETTING ODDS ---
ML (Money Line):
Time: 4 min | Home: -303 | Draw: +375 | Away: +650

SPREAD (Asia Handicap):
Time: 4 min | Home: -125 | Handicap: 0.25 | Away: +100

Over/Under:
Time: 4 min | Over: +102 | Line: 3.25 | Under: -130

--- MATCH ENVIRONMENT ---
Weather: Partially cloudy
Wind: 5.6m/s
Humidity: 57%


==================================================
MATCH #70 OF 76
==================================================

----- MATCH SUMMARY -----
Timestamp: 2025-04-30 11:09:42 ET
Competition ID: gy0or5jhexdqwzv
Competition: Ethiopia Premier League (Ethiopia)
Match: Shire Endaselassie FC vs Wolaita Dicha
Score: 1 - 1 (HT: 0 - 0)
Status: Finished (Status ID: 8)

--- MATCH BETTING ODDS ---
ML (Money Line):
Time: 4 min | Home: +275 | Draw: +200 | Away: +105

SPREAD (Asia Handicap):
Time: 6 min | Home: -102 | Handicap: -0.25 | Away: -128

Over/Under:
Time: 4 min | Over: -115 | Line: 1.75 | Under: -109

--- MATCH ENVIRONMENT ---
Weather: Partially cloudy
Wind: 3.4m/s
Humidity: 34%


==================================================
MATCH #71 OF 76
==================================================

----- MATCH SUMMARY -----
Timestamp: 2025-04-30 11:09:43 ET
Competition ID: l965mkyhdgr1ge4
Competition: Chilean Primera B (Chile)
Match: D. Concepcion vs Santiago Morning
Score: 3 - 0 (HT: 2 - 0)
Status: Finished (Status ID: 8)

--- MATCH BETTING ODDS ---
ML (Money Line):
Time: 4 min | Home: +137 | Draw: +200 | Away: +187

SPREAD (Asia Handicap):
Time: 4 min | Home: -101 | Handicap: 0.25 | Away: -130

Over/Under:
Time: 4 min | Over: +105 | Line: 2.25 | Under: -133

--- MATCH ENVIRONMENT ---
Weather: Sunny
Wind: 1.2m/s
Humidity: 39%


==================================================
MATCH #72 OF 76
==================================================

----- MATCH SUMMARY -----
Timestamp: 2025-04-30 11:09:44 ET
Competition ID: p4jwq2ghv1vm0ve
Competition: Rwandan Cup (Rwanda)
Match: APR FC vs Police(RWA)
Score: 0 - 0 (HT: 0 - 0)
Status: Postponed (Status ID: 9)

--- MATCH BETTING ODDS ---
ML (Money Line):
Time: pre-match min | Home: -143 | Draw: +225 | Away: +350 (Closest time to minutes 4-6 available: pre-match)

SPREAD (Asia Handicap):
Time: pre-match min | Home: +100 | Handicap: 0.75 | Away: -125 (Closest time to minutes 4-6 available: pre-match)

Over/Under:
Time: pre-match min | Over: -111 | Line: 2.0 | Under: -111 (Closest time to minutes 4-6 available: pre-match)

--- MATCH ENVIRONMENT ---
Weather: Snowy
Wind: 2.6m/s
Humidity: 74%


==================================================
MATCH #73 OF 76
==================================================

----- MATCH SUMMARY -----
Timestamp: 2025-04-30 11:09:45 ET
Competition ID: v2y8m4zhydql074
Competition: Uruguay Primera Division (Uruguay)
Match: Montevideo City Torque vs Montevideo Wanderers FC
Score: 0 - 0 (HT: 0 - 0)
Status: Finished (Status ID: 8)

--- MATCH BETTING ODDS ---
ML (Money Line):
Time: 4 min | Home: +160 | Draw: +210 | Away: +175

SPREAD (Asia Handicap):
Time: 4 min | Home: -122 | Handicap: 0.0 | Away: -104

Over/Under:
Time: 4 min | Over: -108 | Line: 2.25 | Under: -115

--- MATCH ENVIRONMENT ---
Weather: Partially cloudy
Wind: 1.8m/s
Humidity: 88%


==================================================
MATCH #74 OF 76
==================================================

----- MATCH SUMMARY -----
Timestamp: 2025-04-30 11:09:46 ET
Competition ID: kdj2ryohjn7q1zp
Competition: Cameroon Elite two (Cameroon)
Match: APEJES Academy vs Dragon Club Yaounde
Score: 0 - 0 (HT: 0 - 0)
Status: Abandoned (Status ID: 13)

--- MATCH BETTING ODDS ---


--- MATCH ENVIRONMENT ---
No environment data available for this match


==================================================
MATCH #75 OF 76
==================================================

----- MATCH SUMMARY -----
Timestamp: 2025-04-30 11:09:48 ET
Competition ID: v2y8m4zhv6ql074
Competition: Israel Leumit League (Israel)
Match: Hapoel Ramat Gan vs Maccabi Herzliya
Score: 2 - 0 (HT: 2 - 0)
Status: Finished (Status ID: 8)

--- MATCH BETTING ODDS ---
ML (Money Line):
Time: 4 min | Home: -105 | Draw: +300 | Away: +210

SPREAD (Asia Handicap):
Time: 4 min | Home: -130 | Handicap: 0.25 | Away: +102

Over/Under:
Time: 4 min | Over: -125 | Line: 2.75 | Under: +100

--- MATCH ENVIRONMENT ---
Weather: Sunny
Wind: 8.4m/s
Humidity: 40%


==================================================
MATCH #76 OF 76
==================================================

----- MATCH SUMMARY -----
Timestamp: 2025-04-30 11:09:49 ET
Competition ID: kjw2r09hj8rz84o
Competition: Italian Primavera Cup (Italy)
Match: Cagliari U19 vs AC Milan U20
Score: 3 - 0 (HT: 2 - 0)
Status: Finished (Status ID: 8)

--- MATCH BETTING ODDS ---
ML (Money Line):
Time: 4 min | Home: +240 | Draw: +240 | Away: +105

SPREAD (Asia Handicap):
Time: 4 min | Home: -139 | Handicap: -0.5 | Away: +107

Over/Under:
Time: 4 min | Over: -109 | Line: 2.5 | Under: -115

--- MATCH ENVIRONMENT ---
Weather: Sunny
Wind: 2.6m/s
Humidity: 48%


==================================================
END OF LIVE MATCH DATA - 76 MATCHES DISPLAYED
==================================================
Refreshing in 30 seconds... (Press Ctrl+C to exit)

================================================================================


================================================================================
FETCH TIMESTAMP: 2025-04-30 11:12:13 ET
================================================================================

Fetching country data...
Fetching live matches...

===== FOUND 73 LIVE FOOTBALL MATCHES =====

Last updated: 2025-04-30 15:10:20
==================================================
MATCH #1 OF 73
==================================================

----- MATCH SUMMARY -----
Timestamp: 2025-04-30 11:10:22 ET
Competition ID: l965mkyh4jdr1ge
Competition: Argentine Reserve League (Argentina)
Match: CA Atlanta Reserves vs Tristan Suarez Reserves
Score: 0 - 0 (HT: 0 - 0)
Status: First half (Status ID: 2)

--- MATCH BETTING ODDS ---
ML (Money Line):
Time: 4 min | Home: -152 | Draw: +260 | Away: +375

SPREAD (Asia Handicap):
Time: 4 min | Home: -115 | Handicap: 0.75 | Away: -109

Over/Under:
Time: 4 min | Over: -118 | Line: 2.0 | Under: -105

--- MATCH ENVIRONMENT ---
No environment data available for this match


==================================================
MATCH #2 OF 73
==================================================

----- MATCH SUMMARY -----
Timestamp: 2025-04-30 11:10:24 ET
Competition ID: l965mkyh4jdr1ge
Competition: Argentine Reserve League (Argentina)
Match: Ferrocarril Midland Reserves vs Atletico Fenix Reserves
Score: 0 - 0 (HT: 0 - 0)
Status: First half (Status ID: 2)

--- MATCH BETTING ODDS ---
ML (Money Line):
Time: 4 min | Home: -105 | Draw: +240 | Away: +240

SPREAD (Asia Handicap):
Time: 4 min | Home: -103 | Handicap: 0.5 | Away: -122

Over/Under:
Time: 4 min | Over: -125 | Line: 2.0 | Under: +100

--- MATCH ENVIRONMENT ---
No environment data available for this match


==================================================
MATCH #3 OF 73
==================================================

----- MATCH SUMMARY -----
Timestamp: 2025-04-30 11:10:26 ET
Competition ID: gy0or5jhn9qwzv3
Competition: Lithuanian Cup (Lithuania)
Match: Kazlu Ruda Kaunas vs BE1 NFA
Score: 0 - 0 (HT: 0 - 0)
Status: Postponed (Status ID: 9)

--- MATCH BETTING ODDS ---


--- MATCH ENVIRONMENT ---
No environment data available for this match


==================================================
MATCH #4 OF 73
==================================================

----- MATCH SUMMARY -----
Timestamp: 2025-04-30 11:10:27 ET
Competition ID: 9dn1m1ghew6moep
Competition: Spanish Tercera División RFEF (Spain)
Match: CD Gerena vs Ceuta B
Score: 0 - 0 (HT: 0 - 0)
Status: First half (Status ID: 2)

--- MATCH BETTING ODDS ---

SPREAD (Asia Handicap):
Time: 4 min | Home: -108 | Handicap: -1.25 | Away: -118

Over/Under:
Time: 4 min | Over: -114 | Line: 2.5 | Under: -111

--- MATCH ENVIRONMENT ---
Weather: Unknown (10)
Wind: 1.5m/s
Humidity: 84%


==================================================
MATCH #5 OF 73
==================================================

----- MATCH SUMMARY -----
Timestamp: 2025-04-30 11:10:29 ET
Competition ID: 56ypq3nh8kmd7oj
Competition: Montenegro Cup (Montenegro)
Match: Decic Tuzi vs OFK Petrovac
Score: 0 - 0 (HT: 0 - 0)
Status: First half (Status ID: 2)

--- MATCH BETTING ODDS ---
ML (Money Line):
Time: 4 min | Home: +150 | Draw: +225 | Away: +162

SPREAD (Asia Handicap):
Time: 4 min | Home: -122 | Handicap: 0.0 | Away: -103

Over/Under:
Time: 4 min | Over: -118 | Line: 2.0 | Under: -105

--- MATCH ENVIRONMENT ---
Weather: Sunny
Wind: 3.2m/s
Humidity: 29%


==================================================
MATCH #6 OF 73
==================================================

----- MATCH SUMMARY -----
Timestamp: 2025-04-30 11:10:30 ET
Competition ID: 56ypq3nhzogmd7o
Competition: Portuguese Champions Nacional Juniores A 2 (Portugal)
Match: Braga U19 vs Gil Vicente U19
Score: 0 - 0 (HT: 0 - 0)
Status: First half (Status ID: 2)

--- MATCH BETTING ODDS ---
ML (Money Line):
Time: 4 min | Home: +130 | Draw: +275 | Away: +150

SPREAD (Asia Handicap):
Time: 4 min | Home: -125 | Handicap: 0.0 | Away: +100

Over/Under:
Time: 4 min | Over: -105 | Line: 2.75 | Under: -118

--- MATCH ENVIRONMENT ---
Weather: Unknown (10)
Wind: 4.0m/s
Humidity: 94%


==================================================
MATCH #7 OF 73
==================================================

----- MATCH SUMMARY -----
Timestamp: 2025-04-30 11:10:32 ET
Competition ID: 56ypq3nhzogmd7o
Competition: Portuguese Champions Nacional Juniores A 2 (Portugal)
Match: FC Porto U19 vs SC Uniao Torreense U19
Score: 0 - 0 (HT: 0 - 0)
Status: First half (Status ID: 2)

--- MATCH BETTING ODDS ---
ML (Money Line):
Time: 4 min | Home: -303 | Draw: +400 | Away: +600

SPREAD (Asia Handicap):
Time: 4 min | Home: -111 | Handicap: 1.5 | Away: -111

Over/Under:
Time: 4 min | Over: -115 | Line: 3.0 | Under: -109

--- MATCH ENVIRONMENT ---
Weather: Unknown (10)
Wind: 4.8m/s
Humidity: 83%


==================================================
MATCH #8 OF 73
==================================================

----- MATCH SUMMARY -----
Timestamp: 2025-04-30 11:10:33 ET
Competition ID: kjw2r09hwwyrz84
Competition: Croatian Second Football League (Croatia)
Match: Nk Neretvanac Opuzen vs NK Primorac Biograd
Score: 0 - 1 (HT: 0 - 1)
Status: First half (Status ID: 2)

--- MATCH BETTING ODDS ---
ML (Money Line):
Time: 4 min | Home: -164 | Draw: +260 | Away: +400

SPREAD (Asia Handicap):
Time: 4 min | Home: +105 | Handicap: 1.0 | Away: -133

Over/Under:
Time: 4 min | Over: -115 | Line: 2.5 | Under: -109

--- MATCH ENVIRONMENT ---
Weather: Sunny
Wind: 4.8m/s
Humidity: 32%


==================================================
MATCH #9 OF 73
==================================================

----- MATCH SUMMARY -----
Timestamp: 2025-04-30 11:10:35 ET
Competition ID: kjw2r09hwwyrz84
Competition: Croatian Second Football League (Croatia)
Match: NK Vodice vs NK Hrvatski VP
Score: 0 - 0 (HT: 0 - 0)
Status: First half (Status ID: 2)

--- MATCH BETTING ODDS ---
ML (Money Line):
Time: 3 min | Home: -164 | Draw: +275 | Away: +375 (Closest time to minutes 4-6 available: 3)

SPREAD (Asia Handicap):
Time: 4 min | Home: +100 | Handicap: 1.0 | Away: -125

Over/Under:
Time: 4 min | Over: -130 | Line: 3.0 | Under: -115

--- MATCH ENVIRONMENT ---
Weather: Sunny
Wind: 6.5m/s
Humidity: 43%


==================================================
MATCH #10 OF 73
==================================================

----- MATCH SUMMARY -----
Timestamp: 2025-04-30 11:10:36 ET
Competition ID: kjw2r09hwwyrz84
Competition: Croatian Second Football League (Croatia)
Match: NK Gosk Kastel Gomilica vs HNK Val Kastel Stari
Score: 0 - 0 (HT: 0 - 0)
Status: First half (Status ID: 2)

--- MATCH BETTING ODDS ---
ML (Money Line):
Time: 5 min | Home: -175 | Draw: +333 | Away: +375

SPREAD (Asia Handicap):
Time: 4 min | Home: -122 | Handicap: 1.0 | Away: -103

Over/Under:
Time: 4 min | Over: +120 | Line: 3.5 | Under: -182

--- MATCH ENVIRONMENT ---
Weather: Sunny
Wind: 3.2m/s
Humidity: 41%


==================================================
MATCH #11 OF 73
==================================================

----- MATCH SUMMARY -----
Timestamp: 2025-04-30 11:10:39 ET
Competition ID: e4wyrn4hdzvq86p
Competition: Poland Liga 3 (Poland)
Match: Piast Gliwice (Youth) vs Gwarek Tarnowskie Gory
Score: 0 - 0 (HT: 0 - 0)
Status: First half (Status ID: 2)

--- MATCH BETTING ODDS ---
ML (Money Line):
Time: 5 min | Home: -139 | Draw: +275 | Away: +300

SPREAD (Asia Handicap):
Time: 4 min | Home: -108 | Handicap: 0.75 | Away: -125

Over/Under:
Time: 4 min | Over: +100 | Line: 3.0 | Under: -125

--- MATCH ENVIRONMENT ---
Weather: Sunny
Wind: 4.3m/s
Humidity: 44%


==================================================
MATCH #12 OF 73
==================================================

----- MATCH SUMMARY -----
Timestamp: 2025-04-30 11:10:41 ET
Competition ID: yl5ergph8vr8k0o
Competition: Russian Cup (Russia)
Match: Lokomotiv Moscow vs FK Rostov
Score: 0 - 0 (HT: 0 - 0)
Status: First half (Status ID: 2)

--- MATCH BETTING ODDS ---

SPREAD (Asia Handicap):
Time: 4 min | Home: -109 | Handicap: 0.0 | Away: -104

Over/Under:
Time: 4 min | Over: -115 | Line: 2.75 | Under: -130

--- MATCH ENVIRONMENT ---
Weather: Sunny
Wind: 3.7m/s
Humidity: 77%


==================================================
MATCH #13 OF 73
==================================================

----- MATCH SUMMARY -----
Timestamp: 2025-04-30 11:10:44 ET
Competition ID: p3glrw7hwzlqdyj
Competition: CAF African Youth Championship (Unknown Country)
Match: South Africa U20 vs Tanzania U20
Score: 0 - 0 (HT: 0 - 0)
Status: First half (Status ID: 2)

--- MATCH BETTING ODDS ---
ML (Money Line):
Time: 4 min | Home: -120 | Draw: +240 | Away: +300

SPREAD (Asia Handicap):
Time: 4 min | Home: -118 | Handicap: 0.5 | Away: -105

Over/Under:
Time: 4 min | Over: -109 | Line: 2.0 | Under: -115

--- MATCH ENVIRONMENT ---
Weather: Partially cloudy
Wind: 13.m/s
Humidity: 35%


==================================================
MATCH #14 OF 73
==================================================

----- MATCH SUMMARY -----
Timestamp: 2025-04-30 11:10:45 ET
Competition ID: jednm9wh0nryox8
Competition: Czech Third League (Czech Republic)
Match: Zlin B vs Blansko
Score: 0 - 0 (HT: 0 - 0)
Status: First half (Status ID: 2)

--- MATCH BETTING ODDS ---
ML (Money Line):
Time: 5 min | Home: -125 | Draw: +275 | Away: +275

SPREAD (Asia Handicap):
Time: 4 min | Home: -122 | Handicap: 0.5 | Away: -103

Over/Under:
Time: 4 min | Over: +102 | Line: 3.0 | Under: -130

--- MATCH ENVIRONMENT ---
Weather: Partially cloudy
Wind: 3.1m/s
Humidity: 38%


==================================================
MATCH #15 OF 73
==================================================

----- MATCH SUMMARY -----
Timestamp: 2025-04-30 11:10:47 ET
Competition ID: gy0or5jhexdqwzv
Competition: Ethiopia Premier League (Ethiopia)
Match: Adama City vs Welwalo Adigrat
Score: 0 - 0 (HT: 0 - 0)
Status: First half (Status ID: 2)

--- MATCH BETTING ODDS ---
ML (Money Line):
Time: 4 min | Home: +125 | Draw: +200 | Away: +220

SPREAD (Asia Handicap):
Time: 4 min | Home: -105 | Handicap: 0.25 | Away: -118

Over/Under:
Time: 4 min | Over: -130 | Line: 1.75 | Under: +102

--- MATCH ENVIRONMENT ---
Weather: Windy
Wind: 6.1m/s
Humidity: 35%


==================================================
MATCH #16 OF 73
==================================================

----- MATCH SUMMARY -----
Timestamp: 2025-04-30 11:10:49 ET
Competition ID: vl7oqdeholr510j
Competition: Latvian Higher League (Latvia)
Match: Tukums-2000 vs BFC Daugavpils
Score: 0 - 0 (HT: 0 - 0)
Status: First half (Status ID: 2)

--- MATCH BETTING ODDS ---
ML (Money Line):
Time: 4 min | Home: +162 | Draw: +250 | Away: +150

SPREAD (Asia Handicap):
Time: 4 min | Home: -103 | Handicap: 0.0 | Away: -122

Over/Under:
Time: 4 min | Over: -109 | Line: 2.5 | Under: -115

--- MATCH ENVIRONMENT ---
Weather: Partially cloudy
Wind: 7.3m/s
Humidity: 58%


==================================================
MATCH #17 OF 73
==================================================

----- MATCH SUMMARY -----
Timestamp: 2025-04-30 11:10:51 ET
Competition ID: kdj2ryohjn7q1zp
Competition: Cameroon Elite two (Cameroon)
Match: Union Abong-Mbang vs Tonnerre Yaounde
Score: 0 - 0 (HT: 0 - 0)
Status: First half (Status ID: 2)

--- MATCH BETTING ODDS ---


--- MATCH ENVIRONMENT ---
No environment data available for this match


==================================================
MATCH #18 OF 73
==================================================

----- MATCH SUMMARY -----
Timestamp: 2025-04-30 11:10:52 ET
Competition ID: kdj2ryohjn7q1zp
Competition: Cameroon Elite two (Cameroon)
Match: Isohsa Limbe vs Bafmeng United
Score: 0 - 1 (HT: 0 - 1)
Status: First half (Status ID: 2)

--- MATCH BETTING ODDS ---


--- MATCH ENVIRONMENT ---
No environment data available for this match


==================================================
MATCH #19 OF 73
==================================================

----- MATCH SUMMARY -----
Timestamp: 2025-04-30 11:10:55 ET
Competition ID: j1l4rjnhxpvm7vx
Competition: Indian Super Cup (India)
Match: Mumbai City FC  vs Jamshedpur FC
Score: 0 - 0 (HT: 0 - 0)
Status: First half (Status ID: 2)

--- MATCH BETTING ODDS ---
ML (Money Line):
Time: 4 min | Home: +220 | Draw: +260 | Away: +105

SPREAD (Asia Handicap):
Time: 4 min | Home: +100 | Handicap: -0.25 | Away: -125

Over/Under:
Time: 4 min | Over: -112 | Line: 2.5 | Under: -103

--- MATCH ENVIRONMENT ---
Weather: Sunny
Wind: 5.3m/s
Humidity: 69%


==================================================
MATCH #20 OF 73
==================================================

----- MATCH SUMMARY -----
Timestamp: 2025-04-30 11:10:56 ET
Competition ID: kdj2ryohjn7q1zp
Competition: Cameroon Elite two (Cameroon)
Match: Eding Sport FC vs FAP Yaounde
Score: 0 - 0 (HT: 0 - 0)
Status: First half (Status ID: 2)

--- MATCH BETTING ODDS ---
ML (Money Line):
Time: pre-match min | Home: +300 | Draw: +175 | Away: -105 (Closest time to minutes 4-6 available: pre-match)

SPREAD (Asia Handicap):
Time: 4 min | Home: -114 | Handicap: -0.5 | Away: -118

Over/Under:
Time: 4 min | Over: +100 | Line: 2.0 | Under: -130

--- MATCH ENVIRONMENT ---
No environment data available for this match


==================================================
MATCH #21 OF 73
==================================================

----- MATCH SUMMARY -----
Timestamp: 2025-04-30 11:10:57 ET
Competition ID: 9vjxm8gh5lr6odg
Competition: Slovak 2.Liga (Slovakia)
Match: FC Artmedia Petrzalka vs MSK Zilina B
Score: 1 - 0 (HT: 1 - 0)
Status: First half (Status ID: 2)

--- MATCH BETTING ODDS ---

SPREAD (Asia Handicap):
Time: 4 min | Home: -114 | Handicap: 0.75 | Away: -122

Over/Under:
Time: 4 min | Over: -119 | Line: 4.0 | Under: -116

--- MATCH ENVIRONMENT ---
Weather: Sunny
Wind: 3.7m/s
Humidity: 35%


==================================================
MATCH #22 OF 73
==================================================

----- MATCH SUMMARY -----
Timestamp: 2025-04-30 11:10:59 ET
Competition ID: l965mkyh4jdr1ge
Competition: Argentine Reserve League (Argentina)
Match: Acassuso Reserves vs Deportivo Liniers Reserves
Score: 0 - 0 (HT: 0 - 0)
Status: Half-time break (Status ID: 3)

--- MATCH BETTING ODDS ---
ML (Money Line):
Time: 4 min | Home: -120 | Draw: +240 | Away: +275

SPREAD (Asia Handicap):
Time: 4 min | Home: -111 | Handicap: 0.5 | Away: -111

Over/Under:
Time: 4 min | Over: +102 | Line: 2.5 | Under: -130

--- MATCH ENVIRONMENT ---
No environment data available for this match


==================================================
MATCH #23 OF 73
==================================================

----- MATCH SUMMARY -----
Timestamp: 2025-04-30 11:11:00 ET
Competition ID: v2y8m4zhg91ql07
Competition: Greek Amateur Cup (Greece)
Match: Kyanos Astir Varis vs Aris Voulas FC
Score: 1 - 1 (HT: 1 - 1)
Status: First half (Status ID: 2)

--- MATCH BETTING ODDS ---
ML (Money Line):
Time: 5 min | Home: -152 | Draw: +275 | Away: +375

SPREAD (Asia Handicap):
Time: 6 min | Home: -133 | Handicap: 0.75 | Away: -111

Over/Under:
Time: 4 min | Over: -122 | Line: 2.5 | Under: -123

--- MATCH ENVIRONMENT ---
No environment data available for this match


==================================================
MATCH #24 OF 73
==================================================

----- MATCH SUMMARY -----
Timestamp: 2025-04-30 11:11:02 ET
Competition ID: z8yomo4h7vvq0j6
Competition: Uzbekistan Cup (Uzbekistan)
Match: Neftchi Fargona vs Fergana University
Score: 2 - 0 (HT: 2 - 0)
Status: Half-time break (Status ID: 3)

--- MATCH BETTING ODDS ---
ML (Money Line):
Time: 4 min | Home: -455 | Draw: +500 | Away: +800

SPREAD (Asia Handicap):
Time: 4 min | Home: -125 | Handicap: 1.75 | Away: +100

Over/Under:
Time: 4 min | Over: -118 | Line: 2.75 | Under: -105

--- MATCH ENVIRONMENT ---
Weather: Partially cloudy
Wind: 4.3m/s
Humidity: 37%


==================================================
MATCH #25 OF 73
==================================================

----- MATCH SUMMARY -----
Timestamp: 2025-04-30 11:11:04 ET
Competition ID: 9dn1m1ghe56moep
Competition: North Macedonia Women's League (North Macedonia)
Match: ZFK Skopje 2014 (w) vs ZFK Atletiko Bitola (W)
Score: 1 - 0 (HT: 1 - 0)
Status: Half-time break (Status ID: 3)

--- MATCH BETTING ODDS ---
ML (Money Line):
Time: 4 min | Home: -909 | Draw: +650 | Away: +1200

SPREAD (Asia Handicap):
Time: 5 min | Home: -115 | Handicap: 2.5 | Away: -130

Over/Under:
Time: 4 min | Over: -103 | Line: 3.25 | Under: -122

--- MATCH ENVIRONMENT ---
No environment data available for this match


==================================================
MATCH #26 OF 73
==================================================

----- MATCH SUMMARY -----
Timestamp: 2025-04-30 11:11:06 ET
Competition ID: l965mkyh4jdr1ge
Competition: Argentine Reserve League (Argentina)
Match: Defensores de Belgrano Reserves vs Gimnasia Mendoza Reserves
Score: 1 - 2 (HT: 1 - 2)
Status: Second half (Status ID: 4)

--- MATCH BETTING ODDS ---
ML (Money Line):
Time: 3 min | Home: -111 | Draw: +220 | Away: +300 (Closest time to minutes 4-6 available: 3)

SPREAD (Asia Handicap):
Time: 4 min | Home: -111 | Handicap: 0.5 | Away: -114

Over/Under:
Time: 4 min | Over: -108 | Line: 2.25 | Under: -130

--- MATCH ENVIRONMENT ---
No environment data available for this match


==================================================
MATCH #27 OF 73
==================================================

----- MATCH SUMMARY -----
Timestamp: 2025-04-30 11:11:07 ET
Competition ID: l965mkyh4jdr1ge
Competition: Argentine Reserve League (Argentina)
Match: Temperley Reserves vs Chacarita Juniors Reserves
Score: 0 - 0 (HT: 0 - 0)
Status: Second half (Status ID: 4)

--- MATCH BETTING ODDS ---
ML (Money Line):
Time: 4 min | Home: -105 | Draw: +225 | Away: +260

SPREAD (Asia Handicap):
Time: 4 min | Home: +100 | Handicap: 0.5 | Away: -125

Over/Under:
Time: 4 min | Over: -125 | Line: 2.0 | Under: +100

--- MATCH ENVIRONMENT ---
No environment data available for this match


==================================================
MATCH #28 OF 73
==================================================

----- MATCH SUMMARY -----
Timestamp: 2025-04-30 11:11:09 ET
Competition ID: l965mkyh4jdr1ge
Competition: Argentine Reserve League (Argentina)
Match: CA Lugano Reserves vs Berazategui Reserves
Score: 0 - 0 (HT: 0 - 0)
Status: Half-time break (Status ID: 3)

--- MATCH BETTING ODDS ---
ML (Money Line):
Time: 3 min | Home: +200 | Draw: +225 | Away: +120 (Closest time to minutes 4-6 available: 3)

SPREAD (Asia Handicap):
Time: 4 min | Home: -130 | Handicap: -0.25 | Away: -108

Over/Under:
Time: 4 min | Over: -118 | Line: 2.5 | Under: -118

--- MATCH ENVIRONMENT ---
Weather: Sunny
Wind: 2.9m/s
Humidity: 61%


==================================================
MATCH #29 OF 73
==================================================

----- MATCH SUMMARY -----
Timestamp: 2025-04-30 11:11:10 ET
Competition ID: l965mkyh4jdr1ge
Competition: Argentine Reserve League (Argentina)
Match: Real Pilar Reserves vs Deportivo Merlo Reserves
Score: 0 - 0 (HT: 0 - 0)
Status: Half-time break (Status ID: 3)

--- MATCH BETTING ODDS ---
ML (Money Line):
Time: 6 min | Home: +130 | Draw: +240 | Away: +175

SPREAD (Asia Handicap):
Time: 4 min | Home: -104 | Handicap: 0.25 | Away: -130

Over/Under:
Time: 4 min | Over: -122 | Line: 2.25 | Under: -103

--- MATCH ENVIRONMENT ---
No environment data available for this match


==================================================
MATCH #30 OF 73
==================================================

----- MATCH SUMMARY -----
Timestamp: 2025-04-30 11:11:12 ET
Competition ID: 56ypq3nh01nmd7o
Competition: Egyptian Premier League (Egypt)
Match: Haras El Hodood vs Pyramids FC
Score: 0 - 1 (HT: 0 - 1)
Status: Second half (Status ID: 4)

--- MATCH BETTING ODDS ---
ML (Money Line):
Time: 4 min | Home: +650 | Draw: +275 | Away: -200

SPREAD (Asia Handicap):
Time: 4 min | Home: -103 | Handicap: -1.0 | Away: -122

Over/Under:
Time: 4 min | Over: +100 | Line: 2.25 | Under: -125

--- MATCH ENVIRONMENT ---
Weather: Partially cloudy
Wind: 6.1m/s
Humidity: 71%


==================================================
MATCH #31 OF 73
==================================================

----- MATCH SUMMARY -----
Timestamp: 2025-04-30 11:11:13 ET
Competition ID: kdj2ryohjn7q1zp
Competition: Cameroon Elite two (Cameroon)
Match: Djiko FC de Bandjoun vs Fovu de Baham
Score: 0 - 0 (HT: 0 - 0)
Status: Abandoned (Status ID: 13)

--- MATCH BETTING ODDS ---


--- MATCH ENVIRONMENT ---
No environment data available for this match


==================================================
MATCH #32 OF 73
==================================================

----- MATCH SUMMARY -----
Timestamp: 2025-04-30 11:11:15 ET
Competition ID: 9k82rekhokorepz
Competition: Namibia Premier League (Namibia)
Match: Young Africans Sports Club vs Mighty Gunners
Score: 0 - 0 (HT: 0 - 0)
Status: Abandoned (Status ID: 13)

--- MATCH BETTING ODDS ---


--- MATCH ENVIRONMENT ---
No environment data available for this match


==================================================
MATCH #33 OF 73
==================================================

----- MATCH SUMMARY -----
Timestamp: 2025-04-30 11:11:16 ET
Competition ID: e4wyrn4hdzvq86p
Competition: Poland Liga 3 (Poland)
Match: Polonia Lidzbark vs Sieradz
Score: 0 - 0 (HT: 0 - 0)
Status: Second half (Status ID: 4)

--- MATCH BETTING ODDS ---


--- MATCH ENVIRONMENT ---
No environment data available for this match


==================================================
MATCH #34 OF 73
==================================================

----- MATCH SUMMARY -----
Timestamp: 2025-04-30 11:11:17 ET
Competition ID: e4wyrn4hdzvq86p
Competition: Poland Liga 3 (Poland)
Match: Warta Gorzów Wielkopolski vs Lechia Zielona Gora
Score: 0 - 0 (HT: 0 - 0)
Status: Second half (Status ID: 4)

--- MATCH BETTING ODDS ---
ML (Money Line):
Time: 4 min | Home: +125 | Draw: +260 | Away: +162

SPREAD (Asia Handicap):
Time: 4 min | Home: -152 | Handicap: 0.0 | Away: +102

Over/Under:
Time: 4 min | Over: -103 | Line: 2.75 | Under: -122

--- MATCH ENVIRONMENT ---
Weather: Windy
Wind: 3.1m/s
Humidity: 44%


==================================================
MATCH #35 OF 73
==================================================

----- MATCH SUMMARY -----
Timestamp: 2025-04-30 11:11:18 ET
Competition ID: v2y8m4zhw4ql074
Competition: Romanian Liga II (Romania)
Match: Steaua Bucuresti vs FK Csikszereda Miercurea Ciuc
Score: 0 - 0 (HT: 0 - 0)
Status: Second half (Status ID: 4)

--- MATCH BETTING ODDS ---
ML (Money Line):
Time: 4 min | Home: +160 | Draw: +162 | Away: +210

SPREAD (Asia Handicap):
Time: 4 min | Home: -133 | Handicap: 0.0 | Away: +105

Over/Under:
Time: 4 min | Over: +102 | Line: 2.0 | Under: -130

--- MATCH ENVIRONMENT ---
Weather: Sunny
Wind: 1.2m/s
Humidity: 33%


==================================================
MATCH #36 OF 73
==================================================

----- MATCH SUMMARY -----
Timestamp: 2025-04-30 11:11:20 ET
Competition ID: 9dn1m1gh84pmoep
Competition: Portuguese U23 League (Portugal)
Match: Benfica U23 vs Vizela U23
Score: 1 - 1 (HT: 1 - 1)
Status: Half-time break (Status ID: 3)

--- MATCH BETTING ODDS ---
ML (Money Line):
Time: 4 min | Home: -152 | Draw: +300 | Away: +300

SPREAD (Asia Handicap):
Time: 4 min | Home: -122 | Handicap: 0.75 | Away: -103

Over/Under:
Time: 4 min | Over: -118 | Line: 3.0 | Under: -105

--- MATCH ENVIRONMENT ---
Weather: Partially cloudy
Wind: 3.7m/s
Humidity: 64%


==================================================
MATCH #37 OF 73
==================================================

----- MATCH SUMMARY -----
Timestamp: 2025-04-30 11:11:21 ET
Competition ID: 9dn1m1gh84pmoep
Competition: Portuguese U23 League (Portugal)
Match: Gil Vicente U23 vs Estoril U23
Score: 1 - 0 (HT: 1 - 0)
Status: Second half (Status ID: 4)

--- MATCH BETTING ODDS ---
ML (Money Line):
Time: 4 min | Home: +125 | Draw: +260 | Away: +175

SPREAD (Asia Handicap):
Time: 4 min | Home: +100 | Handicap: 0.25 | Away: -125

Over/Under:
Time: 4 min | Over: -114 | Line: 2.75 | Under: -106

--- MATCH ENVIRONMENT ---
Weather: Unknown (10)
Wind: 4.5m/s
Humidity: 88%


==================================================
MATCH #38 OF 73
==================================================

----- MATCH SUMMARY -----
Timestamp: 2025-04-30 11:11:22 ET
Competition ID: 9dn1m1gh84pmoep
Competition: Portuguese U23 League (Portugal)
Match: Sporting CP U23 vs Estrela FC U23
Score: 0 - 0 (HT: 0 - 0)
Status: Second half (Status ID: 4)

--- MATCH BETTING ODDS ---
ML (Money Line):
Time: 4 min | Home: -164 | Draw: +275 | Away: +375

SPREAD (Asia Handicap):
Time: 4 min | Home: -125 | Handicap: 0.75 | Away: +100

Over/Under:
Time: 4 min | Over: -105 | Line: 2.5 | Under: -118

--- MATCH ENVIRONMENT ---
Weather: Partially cloudy
Wind: 3.7m/s
Humidity: 64%


==================================================
MATCH #39 OF 73
==================================================

----- MATCH SUMMARY -----
Timestamp: 2025-04-30 11:11:23 ET
Competition ID: p4jwq2ghv1vm0ve
Competition: Rwandan Cup (Rwanda)
Match: APR FC vs Police(RWA)
Score: 1 - 0 (HT: 1 - 0)
Status: Half-time break (Status ID: 3)

--- MATCH BETTING ODDS ---
ML (Money Line):
Time: 5 min | Home: -175 | Draw: +225 | Away: +550

SPREAD (Asia Handicap):
Time: 4 min | Home: -105 | Handicap: 1.0 | Away: -141

Over/Under:
Time: 4 min | Over: -103 | Line: 2.0 | Under: -122

--- MATCH ENVIRONMENT ---
Weather: Partially cloudy
Wind: 2.6m/s
Humidity: 79%


==================================================
MATCH #40 OF 73
==================================================

----- MATCH SUMMARY -----
Timestamp: 2025-04-30 11:11:25 ET
Competition ID: kjw2r09hl1wrz84
Competition: Tunisian Professional League 2 (Tunisia)
Match: CS.Hammam-Lif vs Megrine
Score: 0 - 0 (HT: 0 - 0)
Status: Second half (Status ID: 4)

--- MATCH BETTING ODDS ---

SPREAD (Asia Handicap):
Time: 21 min | Home: +121 | Handicap: -0.5 | Away: -182 (Closest time to minutes 4-6 available: 21)

Over/Under:
Time: 18 min | Over: -132 | Line: 2.25 | Under: -114 (Closest time to minutes 4-6 available: 18)

--- MATCH ENVIRONMENT ---
No environment data available for this match


==================================================
MATCH #41 OF 73
==================================================

----- MATCH SUMMARY -----
Timestamp: 2025-04-30 11:11:26 ET
Competition ID: kjw2r09hl1wrz84
Competition: Tunisian Professional League 2 (Tunisia)
Match: Croissant Msaken vs Stade Africain Menzel Bourguib
Score: 0 - 0 (HT: 0 - 0)
Status: Second half (Status ID: 4)

--- MATCH BETTING ODDS ---

SPREAD (Asia Handicap):
Time: 4 min | Home: -122 | Handicap: 0.5 | Away: +100

Over/Under:
Time: 4 min | Over: -112 | Line: 1.5 | Under: -110

--- MATCH ENVIRONMENT ---
Weather: Partially cloudy
Wind: 8.1m/s
Humidity: 45%


==================================================
MATCH #42 OF 73
==================================================

----- MATCH SUMMARY -----
Timestamp: 2025-04-30 11:11:27 ET
Competition ID: kjw2r09hl1wrz84
Competition: Tunisian Professional League 2 (Tunisia)
Match: AS Kasserine vs AS jelma
Score: 1 - 0 (HT: 1 - 0)
Status: Second half (Status ID: 4)

--- MATCH BETTING ODDS ---

Over/Under:
Time: pre-match min | Over: +160 | Line: 2.5 | Under: -244 (Closest time to minutes 4-6 available: pre-match)

--- MATCH ENVIRONMENT ---
No environment data available for this match


==================================================
MATCH #43 OF 73
==================================================

----- MATCH SUMMARY -----
Timestamp: 2025-04-30 11:11:29 ET
Competition ID: kn54qllhey9qvy9
Competition: Egyptian Division 2 (Egypt)
Match: Team FC Cairo vs Al Nasr Cairo
Score: 2 - 1 (HT: 1 - 1)
Status: Second half (Status ID: 4)

--- MATCH BETTING ODDS ---
ML (Money Line):
Time: 11 min | Home: +162 | Draw: +250 | Away: +137 (Closest time to minutes 4-6 available: 11)

SPREAD (Asia Handicap):
Time: 11 min | Home: -139 | Handicap: 0.75 | Away: +107 (Closest time to minutes 4-6 available: 11)

Over/Under:
Time: 11 min | Over: -122 | Line: 3.0 | Under: -103 (Closest time to minutes 4-6 available: 11)

--- MATCH ENVIRONMENT ---
No environment data available for this match


==================================================
MATCH #44 OF 73
==================================================

----- MATCH SUMMARY -----
Timestamp: 2025-04-30 11:11:31 ET
Competition ID: kn54qllhey9qvy9
Competition: Egyptian Division 2 (Egypt)
Match: Aswan vs El Mansoura
Score: 1 - 1 (HT: 1 - 1)
Status: Second half (Status ID: 4)

--- MATCH BETTING ODDS ---
ML (Money Line):
Time: 4 min | Home: +187 | Draw: +220 | Away: +137

SPREAD (Asia Handicap):
Time: 4 min | Home: -133 | Handicap: 0.75 | Away: +105

Over/Under:
Time: 4 min | Over: -130 | Line: 3.0 | Under: +102

--- MATCH ENVIRONMENT ---
Weather: Partially cloudy
Wind: 4.0m/s
Humidity: 10%


==================================================
MATCH #45 OF 73
==================================================

----- MATCH SUMMARY -----
Timestamp: 2025-04-30 11:11:32 ET
Competition ID: kn54qllhey9qvy9
Competition: Egyptian Division 2 (Egypt)
Match: Olympic El Qanal vs Proxy SC
Score: 1 - 0 (HT: 1 - 0)
Status: Second half (Status ID: 4)

--- MATCH BETTING ODDS ---
ML (Money Line):
Time: 4 min | Home: +160 | Draw: +175 | Away: +175

SPREAD (Asia Handicap):
Time: 4 min | Home: -110 | Handicap: 0.0 | Away: -110

Over/Under:
Time: 4 min | Over: -130 | Line: 1.75 | Under: +102

--- MATCH ENVIRONMENT ---
Weather: Partially cloudy
Wind: 13.m/s
Humidity: 35%


==================================================
MATCH #46 OF 73
==================================================

----- MATCH SUMMARY -----
Timestamp: 2025-04-30 11:11:34 ET
Competition ID: kn54qllhey9qvy9
Competition: Egyptian Division 2 (Egypt)
Match: Asyut Petroleum vs Abou Qir Fertilizers SC
Score: 1 - 1 (HT: 1 - 1)
Status: Second half (Status ID: 4)

--- MATCH BETTING ODDS ---
ML (Money Line):
Time: 4 min | Home: +350 | Draw: +210 | Away: -125

SPREAD (Asia Handicap):
Time: 4 min | Home: +100 | Handicap: -0.5 | Away: -125

Over/Under:
Time: 4 min | Over: -118 | Line: 2.0 | Under: -105

--- MATCH ENVIRONMENT ---
Weather: Partially cloudy
Wind: 8.7m/s
Humidity: 24%


==================================================
MATCH #47 OF 73
==================================================

----- MATCH SUMMARY -----
Timestamp: 2025-04-30 11:11:35 ET
Competition ID: kn54qllhey9qvy9
Competition: Egyptian Division 2 (Egypt)
Match: Dayrot vs Gazl Kafr Eldwar
Score: 1 - 1 (HT: 0 - 1)
Status: Second half (Status ID: 4)

--- MATCH BETTING ODDS ---
ML (Money Line):
Time: 4 min | Home: +130 | Draw: +175 | Away: +240

SPREAD (Asia Handicap):
Time: 4 min | Home: +100 | Handicap: 0.25 | Away: -125

Over/Under:
Time: 4 min | Over: -122 | Line: 1.5 | Under: -103

--- MATCH ENVIRONMENT ---
Weather: Unknown (8)
Wind: 7.3m/s
Humidity: 32%


==================================================
MATCH #48 OF 73
==================================================

----- MATCH SUMMARY -----
Timestamp: 2025-04-30 11:11:36 ET
Competition ID: e4wyrn4hdzvq86p
Competition: Poland Liga 3 (Poland)
Match: Star Starachowice vs Lewart Lubartow
Score: 4 - 0 (HT: 4 - 0)
Status: Second half (Status ID: 4)

--- MATCH BETTING ODDS ---
ML (Money Line):
Time: 4 min | Home: -303 | Draw: +400 | Away: +600

SPREAD (Asia Handicap):
Time: 4 min | Home: -118 | Handicap: 1.5 | Away: -105

Over/Under:
Time: 4 min | Over: -109 | Line: 3.25 | Under: -115

--- MATCH ENVIRONMENT ---
Weather: Partially cloudy
Wind: 4.1m/s
Humidity: 34%


==================================================
MATCH #49 OF 73
==================================================

----- MATCH SUMMARY -----
Timestamp: 2025-04-30 11:11:37 ET
Competition ID: kn54qllhey9qvy9
Competition: Egyptian Division 2 (Egypt)
Match: Baladiyat El Mahalla vs La Viena
Score: 0 - 0 (HT: 0 - 0)
Status: Second half (Status ID: 4)

--- MATCH BETTING ODDS ---
ML (Money Line):
Time: 5 min | Home: +150 | Draw: +175 | Away: +200

SPREAD (Asia Handicap):
Time: 4 min | Home: -141 | Handicap: 0.0 | Away: +105

Over/Under:
Time: 4 min | Over: -115 | Line: 1.75 | Under: -109

--- MATCH ENVIRONMENT ---
Weather: Partially cloudy
Wind: 7.1m/s
Humidity: 56%


==================================================
MATCH #50 OF 73
==================================================

----- MATCH SUMMARY -----
Timestamp: 2025-04-30 11:11:39 ET
Competition ID: vl7oqdehn11r510
Competition: Tunisian Cup (Tunisia)
Match: J.S. Kairouanaise vs ES du Sahel
Score: 0 - 1 (HT: 0 - 0)
Status: Second half (Status ID: 4)

--- MATCH BETTING ODDS ---
ML (Money Line):
Time: 4 min | Home: +500 | Draw: +220 | Away: -152

SPREAD (Asia Handicap):
Time: 4 min | Home: -109 | Handicap: -0.75 | Away: -115

Over/Under:
Time: 4 min | Over: -103 | Line: 2.0 | Under: -122

--- MATCH ENVIRONMENT ---
Weather: Sunny
Wind: 2.0m/s
Humidity: 30%


==================================================
MATCH #51 OF 73
==================================================

----- MATCH SUMMARY -----
Timestamp: 2025-04-30 11:11:40 ET
Competition ID: 4zp5rzgh7loq82w
Competition: Zimbabwe Premier Soccer League (Zimbabwe)
Match: CAPS United vs FC Platinum
Score: 1 - 2 (HT: 0 - 1)
Status: Finished (Status ID: 8)

--- MATCH BETTING ODDS ---
ML (Money Line):
Time: 4 min | Home: +110 | Draw: +175 | Away: +300

SPREAD (Asia Handicap):
Time: 4 min | Home: -125 | Handicap: 0.25 | Away: +100

Over/Under:
Time: 4 min | Over: -130 | Line: 1.5 | Under: +102

--- MATCH ENVIRONMENT ---
Weather: Snowy
Wind: 8.7m/s
Humidity: 51%


==================================================
MATCH #52 OF 73
==================================================

----- MATCH SUMMARY -----
Timestamp: 2025-04-30 11:11:41 ET
Competition ID: 4zp5rzgh7loq82w
Competition: Zimbabwe Premier Soccer League (Zimbabwe)
Match: GreenFuel vs Dynamos FC
Score: 0 - 0 (HT: 0 - 0)
Status: Finished (Status ID: 8)

--- MATCH BETTING ODDS ---


--- MATCH ENVIRONMENT ---
No environment data available for this match


==================================================
MATCH #53 OF 73
==================================================

----- MATCH SUMMARY -----
Timestamp: 2025-04-30 11:11:42 ET
Competition ID: 4zp5rzgh7loq82w
Competition: Zimbabwe Premier Soccer League (Zimbabwe)
Match: Kwekwe United vs Simba Bhora
Score: 1 - 2 (HT: 0 - 1)
Status: Finished (Status ID: 8)

--- MATCH BETTING ODDS ---


--- MATCH ENVIRONMENT ---
No environment data available for this match


==================================================
MATCH #54 OF 73
==================================================

----- MATCH SUMMARY -----
Timestamp: 2025-04-30 11:11:43 ET
Competition ID: 4zp5rzgh7loq82w
Competition: Zimbabwe Premier Soccer League (Zimbabwe)
Match: Ngezi Platinum vs Yadah FC
Score: 1 - 2 (HT: 0 - 1)
Status: Finished (Status ID: 8)

--- MATCH BETTING ODDS ---


--- MATCH ENVIRONMENT ---
No environment data available for this match


==================================================
MATCH #55 OF 73
==================================================

----- MATCH SUMMARY -----
Timestamp: 2025-04-30 11:11:44 ET
Competition ID: 4zp5rzgh7loq82w
Competition: Zimbabwe Premier Soccer League (Zimbabwe)
Match: Triangle FC vs ZPC Kariba
Score: 1 - 1 (HT: 0 - 1)
Status: Finished (Status ID: 8)

--- MATCH BETTING ODDS ---


--- MATCH ENVIRONMENT ---
No environment data available for this match


==================================================
MATCH #56 OF 73
==================================================

----- MATCH SUMMARY -----
Timestamp: 2025-04-30 11:11:46 ET
Competition ID: jednm9whg03ryox
Competition: Italian Campionato Primavera 2 (Italy)
Match: AlbinoLeffe Youth vs Padova U19
Score: 3 - 1 (HT: 1 - 1)
Status: Finished (Status ID: 8)

--- MATCH BETTING ODDS ---
ML (Money Line):
Time: 4 min | Home: +200 | Draw: +260 | Away: +110

SPREAD (Asia Handicap):
Time: 4 min | Home: -105 | Handicap: -0.25 | Away: -118

Over/Under:
Time: 4 min | Over: -109 | Line: 3.0 | Under: -115

--- MATCH ENVIRONMENT ---
Weather: Sunny
Wind: 3.7m/s
Humidity: 47%


==================================================
MATCH #57 OF 73
==================================================

----- MATCH SUMMARY -----
Timestamp: 2025-04-30 11:11:47 ET
Competition ID: 9dn1m1ghl1moepl
Competition: Turkish Third League (Turkey)
Match: Kutahyaspor vs Duzcespor
Score: 2 - 1 (HT: 1 - 0)
Status: Finished (Status ID: 8)

--- MATCH BETTING ODDS ---
ML (Money Line):
Time: 4 min | Home: +137 | Draw: +240 | Away: +175

SPREAD (Asia Handicap):
Time: 4 min | Home: -108 | Handicap: 0.25 | Away: -130

Over/Under:
Time: 4 min | Over: -118 | Line: 2.25 | Under: -105

--- MATCH ENVIRONMENT ---
Weather: Partially cloudy
Wind: 3.7m/s
Humidity: 53%


==================================================
MATCH #58 OF 73
==================================================

----- MATCH SUMMARY -----
Timestamp: 2025-04-30 11:11:48 ET
Competition ID: 9dn1m1ghl1moepl
Competition: Turkish Third League (Turkey)
Match: Kucukcekmece vs Corluspor
Score: 0 - 0 (HT: 0 - 0)
Status: Extra time (Status ID: 5)

--- MATCH BETTING ODDS ---
ML (Money Line):
Time: 4 min | Home: +125 | Draw: +240 | Away: +175

SPREAD (Asia Handicap):
Time: 4 min | Home: +100 | Handicap: 0.25 | Away: -125

Over/Under:
Time: 4 min | Over: -108 | Line: 2.5 | Under: -120

--- MATCH ENVIRONMENT ---
Weather: Partially cloudy
Wind: 11.m/s
Humidity: 61%


==================================================
MATCH #59 OF 73
==================================================

----- MATCH SUMMARY -----
Timestamp: 2025-04-30 11:11:50 ET
Competition ID: 9dn1m1ghl1moepl
Competition: Turkish Third League (Turkey)
Match: Silivrispor vs Tire 2021 FK
Score: 0 - 0 (HT: 0 - 0)
Status: Extra time (Status ID: 5)

--- MATCH BETTING ODDS ---
ML (Money Line):
Time: 5 min | Home: +105 | Draw: +220 | Away: +240

SPREAD (Asia Handicap):
Time: 4 min | Home: -130 | Handicap: 0.25 | Away: -104

Over/Under:
Time: 4 min | Over: -130 | Line: 2.25 | Under: +102

--- MATCH ENVIRONMENT ---
Weather: Partially cloudy
Wind: 11.m/s
Humidity: 63%


==================================================
MATCH #60 OF 73
==================================================

----- MATCH SUMMARY -----
Timestamp: 2025-04-30 11:11:51 ET
Competition ID: 9dn1m1ghl1moepl
Competition: Turkish Third League (Turkey)
Match: Zonguldak vs Kahramanmaras Bld
Score: 0 - 0 (HT: 0 - 0)
Status: Extra time (Status ID: 5)

--- MATCH BETTING ODDS ---
ML (Money Line):
Time: 4 min | Home: +140 | Draw: +210 | Away: +187

SPREAD (Asia Handicap):
Time: 4 min | Home: -125 | Handicap: 0.0 | Away: -104

Over/Under:
Time: 4 min | Over: -118 | Line: 2.25 | Under: -110

--- MATCH ENVIRONMENT ---
Weather: Partially cloudy
Wind: 6.1m/s
Humidity: 77%


==================================================
MATCH #61 OF 73
==================================================

----- MATCH SUMMARY -----
Timestamp: 2025-04-30 11:11:52 ET
Competition ID: e4wyrn4hdzvq86p
Competition: Poland Liga 3 (Poland)
Match: Cracovia II vs GKS Glinik Gorlice
Score: 3 - 2 (HT: 1 - 0)
Status: Finished (Status ID: 8)

--- MATCH BETTING ODDS ---
ML (Money Line):
Time: 4 min | Home: -303 | Draw: +450 | Away: +550

SPREAD (Asia Handicap):
Time: 4 min | Home: -122 | Handicap: 1.5 | Away: -103

Over/Under:
Time: 4 min | Over: +102 | Line: 3.25 | Under: -130

--- MATCH ENVIRONMENT ---
Weather: Partially cloudy
Wind: 3.1m/s
Humidity: 33%


==================================================
MATCH #62 OF 73
==================================================

----- MATCH SUMMARY -----
Timestamp: 2025-04-30 11:11:54 ET
Competition ID: 9vjxm8ghgy0r6od
Competition: Uganda Premier League (Uganda)
Match: Mbarara City vs NEC FC Bugolobi
Score: 1 - 2 (HT: 0 - 0)
Status: Finished (Status ID: 8)

--- MATCH BETTING ODDS ---
ML (Money Line):
Time: 4 min | Home: +550 | Draw: +250 | Away: -189

SPREAD (Asia Handicap):
Time: 4 min | Home: -125 | Handicap: -1.0 | Away: +100

Over/Under:
Time: 4 min | Over: -111 | Line: 2.0 | Under: -111

--- MATCH ENVIRONMENT ---
Weather: Snowy
Wind: 4.3m/s
Humidity: 71%


==================================================
MATCH #63 OF 73
==================================================

----- MATCH SUMMARY -----
Timestamp: 2025-04-30 11:11:55 ET
Competition ID: 56ypq3nhepnmd7o
Competition: IRQ D2 (Iraq)
Match: Kadhimiya SC vs Naft Al-Wassat SC
Score: 2 - 0 (HT: 0 - 0)
Status: Finished (Status ID: 8)

--- MATCH BETTING ODDS ---
ML (Money Line):
Time: 4 min | Home: -164 | Draw: +240 | Away: +450

SPREAD (Asia Handicap):
Time: 4 min | Home: -118 | Handicap: 0.75 | Away: -105

Over/Under:
Time: 4 min | Over: +102 | Line: 2.0 | Under: -130

--- MATCH ENVIRONMENT ---
Weather: Sunny
Wind: 3.2m/s
Humidity: 19%


==================================================
MATCH #64 OF 73
==================================================

----- MATCH SUMMARY -----
Timestamp: 2025-04-30 11:11:56 ET
Competition ID: 56ypq3nhepnmd7o
Competition: IRQ D2 (Iraq)
Match: Al-Masafi vs Al Gharraf
Score: 1 - 1 (HT: 0 - 0)
Status: Finished (Status ID: 8)

--- MATCH BETTING ODDS ---
ML (Money Line):
Time: 4 min | Home: +200 | Draw: +210 | Away: +130

SPREAD (Asia Handicap):
Time: 4 min | Home: +112 | Handicap: 0.0 | Away: -169

Over/Under:
Time: 4 min | Over: +102 | Line: 2.25 | Under: -130

--- MATCH ENVIRONMENT ---
Weather: Sunny
Wind: 3.2m/s
Humidity: 20%


==================================================
MATCH #65 OF 73
==================================================

----- MATCH SUMMARY -----
Timestamp: 2025-04-30 11:11:57 ET
Competition ID: 56ypq3nhepnmd7o
Competition: IRQ D2 (Iraq)
Match: Amanat Baghdad vs Afak SC
Score: 1 - 1 (HT: 1 - 0)
Status: Finished (Status ID: 8)

--- MATCH BETTING ODDS ---
ML (Money Line):
Time: 4 min | Home: -125 | Draw: +220 | Away: +350

SPREAD (Asia Handicap):
Time: 4 min | Home: -122 | Handicap: 0.5 | Away: -103

Over/Under:
Time: 4 min | Over: -105 | Line: 2.0 | Under: -118

--- MATCH ENVIRONMENT ---
Weather: Sunny
Wind: 3.2m/s
Humidity: 19%


==================================================
MATCH #66 OF 73
==================================================

----- MATCH SUMMARY -----
Timestamp: 2025-04-30 11:11:59 ET
Competition ID: gy0or5jhexdqwzv
Competition: Ethiopia Premier League (Ethiopia)
Match: Shire Endaselassie FC vs Wolaita Dicha
Score: 1 - 1 (HT: 0 - 0)
Status: Finished (Status ID: 8)

--- MATCH BETTING ODDS ---
ML (Money Line):
Time: 4 min | Home: +275 | Draw: +200 | Away: +105

SPREAD (Asia Handicap):
Time: 6 min | Home: -102 | Handicap: -0.25 | Away: -128

Over/Under:
Time: 4 min | Over: -115 | Line: 1.75 | Under: -109

--- MATCH ENVIRONMENT ---
Weather: Partially cloudy
Wind: 3.4m/s
Humidity: 34%


==================================================
MATCH #67 OF 73
==================================================

----- MATCH SUMMARY -----
Timestamp: 2025-04-30 11:12:00 ET
Competition ID: 4zp5rzghjjgq82w
Competition: Australia FFA Cup (Australia)
Match: Wollongong United vs A.P.I.A. Leichhardt Tigers
Score: 0 - 3 (HT: 0 - 0)
Status: Postponed (Status ID: 9)

--- MATCH BETTING ODDS ---
ML (Money Line):
Time: pre-match min | Home: +2800 | Draw: +1200 | Away: -2000 (Closest time to minutes 4-6 available: pre-match)

SPREAD (Asia Handicap):
Time: pre-match min | Home: -103 | Handicap: -3.25 | Away: -122 (Closest time to minutes 4-6 available: pre-match)

Over/Under:
Time: pre-match min | Over: +100 | Line: 4.0 | Under: -125 (Closest time to minutes 4-6 available: pre-match)

--- MATCH ENVIRONMENT ---
Weather: Sunny
Wind: 2.9m/s
Humidity: 37%


==================================================
MATCH #68 OF 73
==================================================

----- MATCH SUMMARY -----
Timestamp: 2025-04-30 11:12:02 ET
Competition ID: l965mkyhdgr1ge4
Competition: Chilean Primera B (Chile)
Match: D. Concepcion vs Santiago Morning
Score: 3 - 0 (HT: 2 - 0)
Status: Finished (Status ID: 8)

--- MATCH BETTING ODDS ---
ML (Money Line):
Time: 4 min | Home: +137 | Draw: +200 | Away: +187

SPREAD (Asia Handicap):
Time: 4 min | Home: -101 | Handicap: 0.25 | Away: -130

Over/Under:
Time: 4 min | Over: +105 | Line: 2.25 | Under: -133

--- MATCH ENVIRONMENT ---
Weather: Sunny
Wind: 1.2m/s
Humidity: 39%


==================================================
MATCH #69 OF 73
==================================================

----- MATCH SUMMARY -----
Timestamp: 2025-04-30 11:12:05 ET
Competition ID: yl5ergphd2r8k0o
Competition: Moldova Division 2 (Moldova)
Match: Saxan Ceadir Lunga vs FC Ursidos Stauceni
Score: 1 - 1 (HT: 0 - 1)
Status: Finished (Status ID: 8)

--- MATCH BETTING ODDS ---

SPREAD (Asia Handicap):
Time: 7 min | Home: -127 | Handicap: 0.5 | Away: -118 (Closest time to minutes 4-6 available: 7)

Over/Under:
Time: 4 min | Over: -154 | Line: 2.5 | Under: +110

--- MATCH ENVIRONMENT ---
No environment data available for this match


==================================================
MATCH #70 OF 73
==================================================

----- MATCH SUMMARY -----
Timestamp: 2025-04-30 11:12:07 ET
Competition ID: v2y8m4zhydql074
Competition: Uruguay Primera Division (Uruguay)
Match: Montevideo City Torque vs Montevideo Wanderers FC
Score: 0 - 0 (HT: 0 - 0)
Status: Finished (Status ID: 8)

--- MATCH BETTING ODDS ---
ML (Money Line):
Time: 4 min | Home: +160 | Draw: +210 | Away: +175

SPREAD (Asia Handicap):
Time: 4 min | Home: -122 | Handicap: 0.0 | Away: -104

Over/Under:
Time: 4 min | Over: -108 | Line: 2.25 | Under: -115

--- MATCH ENVIRONMENT ---
Weather: Partially cloudy
Wind: 1.8m/s
Humidity: 88%


==================================================
MATCH #71 OF 73
==================================================

----- MATCH SUMMARY -----
Timestamp: 2025-04-30 11:12:09 ET
Competition ID: kdj2ryohjn7q1zp
Competition: Cameroon Elite two (Cameroon)
Match: APEJES Academy vs Dragon Club Yaounde
Score: 0 - 0 (HT: 0 - 0)
Status: Abandoned (Status ID: 13)

--- MATCH BETTING ODDS ---


--- MATCH ENVIRONMENT ---
No environment data available for this match


==================================================
MATCH #72 OF 73
==================================================

----- MATCH SUMMARY -----
Timestamp: 2025-04-30 11:12:11 ET
Competition ID: v2y8m4zhv6ql074
Competition: Israel Leumit League (Israel)
Match: Hapoel Ramat Gan vs Maccabi Herzliya
Score: 2 - 0 (HT: 2 - 0)
Status: Finished (Status ID: 8)

--- MATCH BETTING ODDS ---
ML (Money Line):
Time: 4 min | Home: -105 | Draw: +300 | Away: +210

SPREAD (Asia Handicap):
Time: 4 min | Home: -130 | Handicap: 0.25 | Away: +102

Over/Under:
Time: 4 min | Over: -125 | Line: 2.75 | Under: +100

--- MATCH ENVIRONMENT ---
Weather: Sunny
Wind: 8.4m/s
Humidity: 40%


==================================================
MATCH #73 OF 73
==================================================

----- MATCH SUMMARY -----
Timestamp: 2025-04-30 11:12:13 ET
Competition ID: kjw2r09hj8rz84o
Competition: Italian Primavera Cup (Italy)
Match: Cagliari U19 vs AC Milan U20
Score: 3 - 0 (HT: 2 - 0)
Status: Finished (Status ID: 8)

--- MATCH BETTING ODDS ---
ML (Money Line):
Time: 4 min | Home: +240 | Draw: +240 | Away: +105

SPREAD (Asia Handicap):
Time: 4 min | Home: -139 | Handicap: -0.5 | Away: +107

Over/Under:
Time: 4 min | Over: -109 | Line: 2.5 | Under: -115

--- MATCH ENVIRONMENT ---
Weather: Sunny
Wind: 2.6m/s
Humidity: 48%


==================================================
END OF LIVE MATCH DATA - 73 MATCHES DISPLAYED
==================================================
Refreshing in 30 seconds... (Press Ctrl+C to exit)

================================================================================
