2025-04-29 23:45:46,338 - log_alerts - INFO - Starting continuous log scanning every 60 seconds
2025-04-29 23:45:46,338 - log_alerts - INFO - Scanning log file: /root/CascadeProjects/sports bot/football/logs/football_fetches_2025-04-29.log
2025-04-29 23:46:46,341 - log_alerts - INFO - Scanning log file: /root/CascadeProjects/sports bot/football/logs/football_fetches_2025-04-29.log
2025-04-29 23:47:46,344 - log_alerts - INFO - Scanning log file: /root/CascadeProjects/sports bot/football/logs/football_fetches_2025-04-29.log
2025-04-29 23:48:29,038 - log_alerts - INFO - Starting continuous log scanning every 60 seconds
2025-04-29 23:48:29,039 - log_alerts - INFO - Scanning log file: /root/CascadeProjects/sports bot/football/logs/football_fetches_2025-04-29.log
2025-04-29 23:49:29,042 - log_alerts - INFO - Scanning log file: /root/CascadeProjects/sports bot/football/logs/football_fetches_2025-04-29.log
2025-04-29 23:50:29,044 - log_alerts - INFO - Scanning log file: /root/CascadeProjects/sports bot/football/logs/football_fetches_2025-04-29.log
2025-04-29 23:51:29,047 - log_alerts - INFO - Scanning log file: /root/CascadeProjects/sports bot/football/logs/football_fetches_2025-04-29.log
2025-04-29 23:52:29,051 - log_alerts - INFO - Scanning log file: /root/CascadeProjects/sports bot/football/logs/football_fetches_2025-04-29.log
2025-04-29 23:52:50 ET - log_alerts - INFO - Log scanner starting at 2025-04-29 19:52:50 ET
2025-04-29 23:52:50 ET - log_alerts - INFO - Starting continuous log scanning every 60 seconds
2025-04-29 23:52:50 ET - log_alerts - INFO - Scanning log file: /root/CascadeProjects/sports bot/football/logs/football_fetches_2025-04-29.log
2025-04-29 23:53:50 ET - log_alerts - INFO - Scanning log file: /root/CascadeProjects/sports bot/football/logs/football_fetches_2025-04-29.log
2025-04-29 23:54:50 ET - log_alerts - INFO - Scanning log file: /root/CascadeProjects/sports bot/football/logs/football_fetches_2025-04-29.log
2025-04-29 23:55:50 ET - log_alerts - INFO - Scanning log file: /root/CascadeProjects/sports bot/football/logs/football_fetches_2025-04-29.log
2025-04-29 23:56:50 ET - log_alerts - INFO - Scanning log file: /root/CascadeProjects/sports bot/football/logs/football_fetches_2025-04-29.log
2025-04-29 23:57:50 ET - log_alerts - INFO - Scanning log file: /root/CascadeProjects/sports bot/football/logs/football_fetches_2025-04-29.log
2025-04-29 23:58:50 ET - log_alerts - INFO - Scanning log file: /root/CascadeProjects/sports bot/football/logs/football_fetches_2025-04-29.log
2025-04-29 23:59:50 ET - log_alerts - INFO - Scanning log file: /root/CascadeProjects/sports bot/football/logs/football_fetches_2025-04-29.log
2025-04-29 23:59:50 ET - log_alerts - INFO - Found match meeting 3HT0 criteria: Barbados Premier League (Barbados) - Wotton FC vs Kick Start FC, O/U line: 3.5, Time: 4 min
2025-04-29 23:59:51 ET - log_alerts - ERROR - Failed to send Telegram alert: {"ok":false,"error_code":401,"description":"Unauthorized"}
2025-04-30 00:00:51 ET - log_alerts - INFO - Scanning log file: /root/CascadeProjects/sports bot/football/logs/football_fetches_2025-04-29.log
2025-04-30 00:01:51 ET - log_alerts - INFO - Scanning log file: /root/CascadeProjects/sports bot/football/logs/football_fetches_2025-04-29.log
2025-04-30 00:02:51 ET - log_alerts - INFO - Scanning log file: /root/CascadeProjects/sports bot/football/logs/football_fetches_2025-04-29.log
2025-04-30 00:03:51 ET - log_alerts - INFO - Scanning log file: /root/CascadeProjects/sports bot/football/logs/football_fetches_2025-04-29.log
2025-04-30 00:04:51 ET - log_alerts - INFO - Scanning log file: /root/CascadeProjects/sports bot/football/logs/football_fetches_2025-04-29.log
2025-04-30 00:05:51 ET - log_alerts - INFO - Scanning log file: /root/CascadeProjects/sports bot/football/logs/football_fetches_2025-04-29.log
2025-04-30 00:06:51 ET - log_alerts - INFO - Scanning log file: /root/CascadeProjects/sports bot/football/logs/football_fetches_2025-04-29.log
2025-04-30 00:07:51 ET - log_alerts - INFO - Scanning log file: /root/CascadeProjects/sports bot/football/logs/football_fetches_2025-04-29.log
2025-04-30 00:08:51 ET - log_alerts - INFO - Scanning log file: /root/CascadeProjects/sports bot/football/logs/football_fetches_2025-04-29.log
2025-04-30 00:09:51 ET - log_alerts - INFO - Scanning log file: /root/CascadeProjects/sports bot/football/logs/football_fetches_2025-04-29.log
2025-04-30 00:10:51 ET - log_alerts - INFO - Scanning log file: /root/CascadeProjects/sports bot/football/logs/football_fetches_2025-04-29.log
2025-04-30 00:11:51 ET - log_alerts - INFO - Scanning log file: /root/CascadeProjects/sports bot/football/logs/football_fetches_2025-04-29.log
2025-04-30 00:12:51 ET - log_alerts - INFO - Scanning log file: /root/CascadeProjects/sports bot/football/logs/football_fetches_2025-04-29.log
2025-04-30 00:13:51 ET - log_alerts - INFO - Scanning log file: /root/CascadeProjects/sports bot/football/logs/football_fetches_2025-04-29.log
2025-04-30 00:14:51 ET - log_alerts - INFO - Scanning log file: /root/CascadeProjects/sports bot/football/logs/football_fetches_2025-04-29.log
2025-04-30 00:15:51 ET - log_alerts - INFO - Scanning log file: /root/CascadeProjects/sports bot/football/logs/football_fetches_2025-04-29.log
2025-04-30 00:16:51 ET - log_alerts - INFO - Scanning log file: /root/CascadeProjects/sports bot/football/logs/football_fetches_2025-04-29.log
2025-04-30 00:17:51 ET - log_alerts - INFO - Scanning log file: /root/CascadeProjects/sports bot/football/logs/football_fetches_2025-04-29.log
2025-04-30 00:18:51 ET - log_alerts - INFO - Scanning log file: /root/CascadeProjects/sports bot/football/logs/football_fetches_2025-04-29.log
2025-04-30 00:19:51 ET - log_alerts - INFO - Scanning log file: /root/CascadeProjects/sports bot/football/logs/football_fetches_2025-04-29.log
2025-04-30 00:20:51 ET - log_alerts - INFO - Scanning log file: /root/CascadeProjects/sports bot/football/logs/football_fetches_2025-04-29.log
2025-04-30 00:21:51 ET - log_alerts - INFO - Scanning log file: /root/CascadeProjects/sports bot/football/logs/football_fetches_2025-04-29.log
2025-04-30 00:22:51 ET - log_alerts - INFO - Scanning log file: /root/CascadeProjects/sports bot/football/logs/football_fetches_2025-04-29.log
2025-04-30 00:23:51 ET - log_alerts - INFO - Scanning log file: /root/CascadeProjects/sports bot/football/logs/football_fetches_2025-04-29.log
2025-04-30 00:24:51 ET - log_alerts - INFO - Scanning log file: /root/CascadeProjects/sports bot/football/logs/football_fetches_2025-04-29.log
2025-04-30 00:25:51 ET - log_alerts - INFO - Scanning log file: /root/CascadeProjects/sports bot/football/logs/football_fetches_2025-04-29.log
2025-04-30 00:26:51 ET - log_alerts - INFO - Scanning log file: /root/CascadeProjects/sports bot/football/logs/football_fetches_2025-04-29.log
2025-04-30 00:27:51 ET - log_alerts - INFO - Scanning log file: /root/CascadeProjects/sports bot/football/logs/football_fetches_2025-04-29.log
2025-04-30 00:28:51 ET - log_alerts - INFO - Scanning log file: /root/CascadeProjects/sports bot/football/logs/football_fetches_2025-04-29.log
2025-04-30 00:29:51 ET - log_alerts - INFO - Scanning log file: /root/CascadeProjects/sports bot/football/logs/football_fetches_2025-04-29.log
2025-04-30 00:30:51 ET - log_alerts - INFO - Scanning log file: /root/CascadeProjects/sports bot/football/logs/football_fetches_2025-04-29.log
2025-04-30 00:31:51 ET - log_alerts - INFO - Scanning log file: /root/CascadeProjects/sports bot/football/logs/football_fetches_2025-04-29.log
2025-04-30 00:32:51 ET - log_alerts - INFO - Scanning log file: /root/CascadeProjects/sports bot/football/logs/football_fetches_2025-04-29.log
2025-04-30 00:33:51 ET - log_alerts - INFO - Scanning log file: /root/CascadeProjects/sports bot/football/logs/football_fetches_2025-04-29.log
2025-04-30 00:34:51 ET - log_alerts - INFO - Scanning log file: /root/CascadeProjects/sports bot/football/logs/football_fetches_2025-04-29.log
2025-04-30 00:35:51 ET - log_alerts - INFO - Scanning log file: /root/CascadeProjects/sports bot/football/logs/football_fetches_2025-04-29.log
2025-04-30 00:36:51 ET - log_alerts - INFO - Scanning log file: /root/CascadeProjects/sports bot/football/logs/football_fetches_2025-04-29.log
2025-04-30 00:37:51 ET - log_alerts - INFO - Scanning log file: /root/CascadeProjects/sports bot/football/logs/football_fetches_2025-04-29.log
2025-04-30 00:38:51 ET - log_alerts - INFO - Scanning log file: /root/CascadeProjects/sports bot/football/logs/football_fetches_2025-04-29.log
2025-04-30 00:39:51 ET - log_alerts - INFO - Scanning log file: /root/CascadeProjects/sports bot/football/logs/football_fetches_2025-04-29.log
2025-04-30 00:40:51 ET - log_alerts - INFO - Scanning log file: /root/CascadeProjects/sports bot/football/logs/football_fetches_2025-04-29.log
2025-04-30 00:41:51 ET - log_alerts - INFO - Scanning log file: /root/CascadeProjects/sports bot/football/logs/football_fetches_2025-04-29.log
2025-04-30 00:42:51 ET - log_alerts - INFO - Scanning log file: /root/CascadeProjects/sports bot/football/logs/football_fetches_2025-04-29.log
2025-04-30 00:43:51 ET - log_alerts - INFO - Scanning log file: /root/CascadeProjects/sports bot/football/logs/football_fetches_2025-04-29.log
2025-04-30 00:44:51 ET - log_alerts - INFO - Scanning log file: /root/CascadeProjects/sports bot/football/logs/football_fetches_2025-04-29.log
2025-04-30 00:45:51 ET - log_alerts - INFO - Scanning log file: /root/CascadeProjects/sports bot/football/logs/football_fetches_2025-04-29.log
2025-04-30 00:46:51 ET - log_alerts - INFO - Scanning log file: /root/CascadeProjects/sports bot/football/logs/football_fetches_2025-04-29.log
2025-04-30 00:47:51 ET - log_alerts - INFO - Scanning log file: /root/CascadeProjects/sports bot/football/logs/football_fetches_2025-04-29.log
2025-04-30 00:48:51 ET - log_alerts - INFO - Scanning log file: /root/CascadeProjects/sports bot/football/logs/football_fetches_2025-04-29.log
2025-04-30 00:49:51 ET - log_alerts - INFO - Scanning log file: /root/CascadeProjects/sports bot/football/logs/football_fetches_2025-04-29.log
2025-04-30 00:50:51 ET - log_alerts - INFO - Scanning log file: /root/CascadeProjects/sports bot/football/logs/football_fetches_2025-04-29.log
2025-04-30 00:51:51 ET - log_alerts - INFO - Scanning log file: /root/CascadeProjects/sports bot/football/logs/football_fetches_2025-04-29.log
2025-04-30 00:52:51 ET - log_alerts - INFO - Scanning log file: /root/CascadeProjects/sports bot/football/logs/football_fetches_2025-04-29.log
2025-04-30 00:59:20 ET - log_alerts - INFO - Log scanner starting at 2025-04-29 20:59:20 ET
2025-04-30 00:59:20 ET - log_alerts - INFO - Starting continuous log scanning every 60 seconds
2025-04-30 00:59:20 ET - log_alerts - INFO - Scanning log file: /root/CascadeProjects/sports bot/football/logs/football_fetches_2025-04-29.log
2025-04-30 00:59:20 ET - log_alerts - INFO - Found match meeting 3HT0 criteria: Barbados Premier League (Barbados) - Wotton FC vs Kick Start FC, O/U line: 3.5, Time: 4 min
2025-04-30 00:59:21 ET - log_alerts - INFO - Successfully sent Telegram alert for 3HT0 (Logger)
2025-04-30 01:00:21 ET - log_alerts - INFO - Scanning log file: /root/CascadeProjects/sports bot/football/logs/football_fetches_2025-04-29.log
2025-04-30 01:01:21 ET - log_alerts - INFO - Scanning log file: /root/CascadeProjects/sports bot/football/logs/football_fetches_2025-04-29.log
2025-04-30 01:02:21 ET - log_alerts - INFO - Scanning log file: /root/CascadeProjects/sports bot/football/logs/football_fetches_2025-04-29.log
2025-04-30 01:03:21 ET - log_alerts - INFO - Scanning log file: /root/CascadeProjects/sports bot/football/logs/football_fetches_2025-04-29.log
2025-04-30 01:04:21 ET - log_alerts - INFO - Scanning log file: /root/CascadeProjects/sports bot/football/logs/football_fetches_2025-04-29.log
2025-04-30 01:05:21 ET - log_alerts - INFO - Scanning log file: /root/CascadeProjects/sports bot/football/logs/football_fetches_2025-04-29.log
2025-04-30 01:06:21 ET - log_alerts - INFO - Scanning log file: /root/CascadeProjects/sports bot/football/logs/football_fetches_2025-04-29.log
2025-04-30 01:07:21 ET - log_alerts - INFO - Scanning log file: /root/CascadeProjects/sports bot/football/logs/football_fetches_2025-04-29.log
2025-04-30 01:08:21 ET - log_alerts - INFO - Scanning log file: /root/CascadeProjects/sports bot/football/logs/football_fetches_2025-04-29.log
2025-04-30 01:09:21 ET - log_alerts - INFO - Scanning log file: /root/CascadeProjects/sports bot/football/logs/football_fetches_2025-04-29.log
2025-04-30 01:10:21 ET - log_alerts - INFO - Scanning log file: /root/CascadeProjects/sports bot/football/logs/football_fetches_2025-04-29.log
2025-04-30 01:11:21 ET - log_alerts - INFO - Scanning log file: /root/CascadeProjects/sports bot/football/logs/football_fetches_2025-04-29.log
2025-04-30 01:12:21 ET - log_alerts - INFO - Scanning log file: /root/CascadeProjects/sports bot/football/logs/football_fetches_2025-04-29.log
2025-04-30 01:13:21 ET - log_alerts - INFO - Scanning log file: /root/CascadeProjects/sports bot/football/logs/football_fetches_2025-04-29.log
2025-04-30 01:14:21 ET - log_alerts - INFO - Scanning log file: /root/CascadeProjects/sports bot/football/logs/football_fetches_2025-04-29.log
2025-04-30 01:15:21 ET - log_alerts - INFO - Scanning log file: /root/CascadeProjects/sports bot/football/logs/football_fetches_2025-04-29.log
2025-04-30 01:16:21 ET - log_alerts - INFO - Scanning log file: /root/CascadeProjects/sports bot/football/logs/football_fetches_2025-04-29.log
2025-04-30 01:17:21 ET - log_alerts - INFO - Scanning log file: /root/CascadeProjects/sports bot/football/logs/football_fetches_2025-04-29.log
2025-04-30 01:17:21 ET - log_alerts - INFO - Found match meeting 3HT0 criteria: Bolivian Copa LFPB (Bolivia) - Oriente Petrolero vs Independiente Petrolero, O/U line: 3.0, Time: 4 min
2025-04-30 01:17:21 ET - log_alerts - INFO - Successfully sent Telegram alert for 3HT0 (Logger)
2025-04-30 01:18:21 ET - log_alerts - INFO - Scanning log file: /root/CascadeProjects/sports bot/football/logs/football_fetches_2025-04-29.log
2025-04-30 01:19:21 ET - log_alerts - INFO - Scanning log file: /root/CascadeProjects/sports bot/football/logs/football_fetches_2025-04-29.log
2025-04-30 01:20:21 ET - log_alerts - INFO - Scanning log file: /root/CascadeProjects/sports bot/football/logs/football_fetches_2025-04-29.log
2025-04-30 01:21:21 ET - log_alerts - INFO - Scanning log file: /root/CascadeProjects/sports bot/football/logs/football_fetches_2025-04-29.log
2025-04-30 01:22:21 ET - log_alerts - INFO - Scanning log file: /root/CascadeProjects/sports bot/football/logs/football_fetches_2025-04-29.log
2025-04-30 01:23:22 ET - log_alerts - INFO - Scanning log file: /root/CascadeProjects/sports bot/football/logs/football_fetches_2025-04-29.log
2025-04-30 01:24:22 ET - log_alerts - INFO - Scanning log file: /root/CascadeProjects/sports bot/football/logs/football_fetches_2025-04-29.log
2025-04-30 01:25:22 ET - log_alerts - INFO - Scanning log file: /root/CascadeProjects/sports bot/football/logs/football_fetches_2025-04-29.log
2025-04-30 01:26:22 ET - log_alerts - INFO - Scanning log file: /root/CascadeProjects/sports bot/football/logs/football_fetches_2025-04-29.log
2025-04-30 01:27:22 ET - log_alerts - INFO - Scanning log file: /root/CascadeProjects/sports bot/football/logs/football_fetches_2025-04-29.log
2025-04-30 01:28:22 ET - log_alerts - INFO - Scanning log file: /root/CascadeProjects/sports bot/football/logs/football_fetches_2025-04-29.log
2025-04-30 01:29:22 ET - log_alerts - INFO - Scanning log file: /root/CascadeProjects/sports bot/football/logs/football_fetches_2025-04-29.log
2025-04-30 01:30:22 ET - log_alerts - INFO - Scanning log file: /root/CascadeProjects/sports bot/football/logs/football_fetches_2025-04-29.log
2025-04-30 01:31:22 ET - log_alerts - INFO - Scanning log file: /root/CascadeProjects/sports bot/football/logs/football_fetches_2025-04-29.log
2025-04-30 01:32:22 ET - log_alerts - INFO - Scanning log file: /root/CascadeProjects/sports bot/football/logs/football_fetches_2025-04-29.log
2025-04-30 01:33:22 ET - log_alerts - INFO - Scanning log file: /root/CascadeProjects/sports bot/football/logs/football_fetches_2025-04-29.log
2025-04-30 01:34:22 ET - log_alerts - INFO - Scanning log file: /root/CascadeProjects/sports bot/football/logs/football_fetches_2025-04-29.log
2025-04-30 01:35:22 ET - log_alerts - INFO - Scanning log file: /root/CascadeProjects/sports bot/football/logs/football_fetches_2025-04-29.log
2025-04-30 01:36:22 ET - log_alerts - INFO - Scanning log file: /root/CascadeProjects/sports bot/football/logs/football_fetches_2025-04-29.log
2025-04-30 01:37:22 ET - log_alerts - INFO - Scanning log file: /root/CascadeProjects/sports bot/football/logs/football_fetches_2025-04-29.log
2025-04-30 01:38:09 ET - log_alerts - INFO - Log scanner starting at 2025-04-29 21:38:09 ET
2025-04-30 01:38:09 ET - log_alerts - INFO - Starting continuous log scanning every 60 seconds
2025-04-30 01:38:09 ET - log_alerts - INFO - Scanning log file: /root/CascadeProjects/sports bot/football/logs/football_fetches_2025-04-29.log
2025-04-30 01:38:09 ET - log_alerts - INFO - Found match meeting 3HT0 criteria: Barbados Premier League (Barbados) - Wotton FC vs Kick Start FC, O/U line: 3.5, Time: 4 min
2025-04-30 01:38:09 ET - log_alerts - INFO - Successfully sent Telegram alert for 3HT0 (Logger)
2025-04-30 01:38:09 ET - log_alerts - INFO - Found match meeting 3HT0 criteria: Bolivian Copa LFPB (Bolivia) - Oriente Petrolero vs Independiente Petrolero, O/U line: 3.0, Time: 4 min
2025-04-30 01:38:10 ET - log_alerts - INFO - Successfully sent Telegram alert for 3HT0 (Logger)
2025-04-30 01:39:10 ET - log_alerts - INFO - Scanning log file: /root/CascadeProjects/sports bot/football/logs/football_fetches_2025-04-29.log
2025-04-30 01:40:10 ET - log_alerts - INFO - Scanning log file: /root/CascadeProjects/sports bot/football/logs/football_fetches_2025-04-29.log
2025-04-30 01:41:10 ET - log_alerts - INFO - Scanning log file: /root/CascadeProjects/sports bot/football/logs/football_fetches_2025-04-29.log
2025-04-30 01:41:37 ET - log_alerts - INFO - Log scanner starting at 2025-04-29 21:41:37 ET
2025-04-30 01:41:37 ET - log_alerts - INFO - Starting continuous log scanning every 60 seconds
2025-04-30 01:41:37 ET - log_alerts - INFO - Scanning log file: /root/CascadeProjects/sports bot/football/logs/football_fetches_2025-04-29.log
2025-04-30 01:41:37 ET - log_alerts - INFO - Found match meeting 3HT0 criteria: Barbados Premier League (Barbados) - Wotton FC vs Kick Start FC, O/U line: 3.5, Time: 4 min
2025-04-30 01:41:37 ET - log_alerts - INFO - Successfully sent Telegram alert for 3HT0 (Logger)
2025-04-30 01:41:37 ET - log_alerts - INFO - Found match meeting 3HT0 criteria: Bolivian Copa LFPB (Bolivia) - Oriente Petrolero vs Independiente Petrolero, O/U line: 3.0, Time: 4 min
2025-04-30 01:41:38 ET - log_alerts - INFO - Successfully sent Telegram alert for 3HT0 (Logger)
2025-04-30 01:42:38 ET - log_alerts - INFO - Scanning log file: /root/CascadeProjects/sports bot/football/logs/football_fetches_2025-04-29.log
2025-04-30 01:43:38 ET - log_alerts - INFO - Scanning log file: /root/CascadeProjects/sports bot/football/logs/football_fetches_2025-04-29.log
2025-04-30 01:44:38 ET - log_alerts - INFO - Scanning log file: /root/CascadeProjects/sports bot/football/logs/football_fetches_2025-04-29.log
2025-04-30 01:45:38 ET - log_alerts - INFO - Scanning log file: /root/CascadeProjects/sports bot/football/logs/football_fetches_2025-04-29.log
2025-04-30 01:46:38 ET - log_alerts - INFO - Scanning log file: /root/CascadeProjects/sports bot/football/logs/football_fetches_2025-04-29.log
2025-04-30 01:47:38 ET - log_alerts - INFO - Scanning log file: /root/CascadeProjects/sports bot/football/logs/football_fetches_2025-04-29.log
2025-04-30 01:48:38 ET - log_alerts - INFO - Scanning log file: /root/CascadeProjects/sports bot/football/logs/football_fetches_2025-04-29.log
2025-04-30 01:49:38 ET - log_alerts - INFO - Scanning log file: /root/CascadeProjects/sports bot/football/logs/football_fetches_2025-04-29.log
2025-04-30 01:50:38 ET - log_alerts - INFO - Scanning log file: /root/CascadeProjects/sports bot/football/logs/football_fetches_2025-04-29.log
2025-04-30 01:51:38 ET - log_alerts - INFO - Scanning log file: /root/CascadeProjects/sports bot/football/logs/football_fetches_2025-04-29.log
2025-04-30 01:52:38 ET - log_alerts - INFO - Scanning log file: /root/CascadeProjects/sports bot/football/logs/football_fetches_2025-04-29.log
2025-04-30 01:53:38 ET - log_alerts - INFO - Scanning log file: /root/CascadeProjects/sports bot/football/logs/football_fetches_2025-04-29.log
2025-04-30 01:54:38 ET - log_alerts - INFO - Scanning log file: /root/CascadeProjects/sports bot/football/logs/football_fetches_2025-04-29.log
2025-04-30 01:55:38 ET - log_alerts - INFO - Scanning log file: /root/CascadeProjects/sports bot/football/logs/football_fetches_2025-04-29.log
2025-04-30 01:56:38 ET - log_alerts - INFO - Scanning log file: /root/CascadeProjects/sports bot/football/logs/football_fetches_2025-04-29.log
2025-04-30 01:57:38 ET - log_alerts - INFO - Scanning log file: /root/CascadeProjects/sports bot/football/logs/football_fetches_2025-04-29.log
2025-04-30 01:58:38 ET - log_alerts - INFO - Scanning log file: /root/CascadeProjects/sports bot/football/logs/football_fetches_2025-04-29.log
2025-04-30 01:59:38 ET - log_alerts - INFO - Scanning log file: /root/CascadeProjects/sports bot/football/logs/football_fetches_2025-04-29.log
2025-04-30 02:00:38 ET - log_alerts - INFO - Scanning log file: /root/CascadeProjects/sports bot/football/logs/football_fetches_2025-04-29.log
2025-04-30 02:01:38 ET - log_alerts - INFO - Scanning log file: /root/CascadeProjects/sports bot/football/logs/football_fetches_2025-04-29.log
2025-04-30 02:02:38 ET - log_alerts - INFO - Scanning log file: /root/CascadeProjects/sports bot/football/logs/football_fetches_2025-04-29.log
2025-04-30 02:03:38 ET - log_alerts - INFO - Scanning log file: /root/CascadeProjects/sports bot/football/logs/football_fetches_2025-04-29.log
2025-04-30 02:04:38 ET - log_alerts - INFO - Scanning log file: /root/CascadeProjects/sports bot/football/logs/football_fetches_2025-04-29.log
2025-04-30 02:05:38 ET - log_alerts - INFO - Scanning log file: /root/CascadeProjects/sports bot/football/logs/football_fetches_2025-04-29.log
2025-04-30 02:06:38 ET - log_alerts - INFO - Scanning log file: /root/CascadeProjects/sports bot/football/logs/football_fetches_2025-04-29.log
2025-04-30 02:07:38 ET - log_alerts - INFO - Scanning log file: /root/CascadeProjects/sports bot/football/logs/football_fetches_2025-04-29.log
2025-04-30 02:08:38 ET - log_alerts - INFO - Scanning log file: /root/CascadeProjects/sports bot/football/logs/football_fetches_2025-04-29.log
2025-04-30 02:09:38 ET - log_alerts - INFO - Scanning log file: /root/CascadeProjects/sports bot/football/logs/football_fetches_2025-04-29.log
2025-04-30 02:10:38 ET - log_alerts - INFO - Scanning log file: /root/CascadeProjects/sports bot/football/logs/football_fetches_2025-04-29.log
2025-04-30 02:11:38 ET - log_alerts - INFO - Scanning log file: /root/CascadeProjects/sports bot/football/logs/football_fetches_2025-04-29.log
2025-04-30 02:12:38 ET - log_alerts - INFO - Scanning log file: /root/CascadeProjects/sports bot/football/logs/football_fetches_2025-04-29.log
2025-04-30 02:13:38 ET - log_alerts - INFO - Scanning log file: /root/CascadeProjects/sports bot/football/logs/football_fetches_2025-04-29.log
2025-04-30 02:14:38 ET - log_alerts - INFO - Scanning log file: /root/CascadeProjects/sports bot/football/logs/football_fetches_2025-04-29.log
2025-04-30 02:15:38 ET - log_alerts - INFO - Scanning log file: /root/CascadeProjects/sports bot/football/logs/football_fetches_2025-04-29.log
2025-04-30 02:16:38 ET - log_alerts - INFO - Scanning log file: /root/CascadeProjects/sports bot/football/logs/football_fetches_2025-04-29.log
2025-04-30 02:17:38 ET - log_alerts - INFO - Scanning log file: /root/CascadeProjects/sports bot/football/logs/football_fetches_2025-04-29.log
2025-04-30 02:18:38 ET - log_alerts - INFO - Scanning log file: /root/CascadeProjects/sports bot/football/logs/football_fetches_2025-04-29.log
2025-04-30 02:19:38 ET - log_alerts - INFO - Scanning log file: /root/CascadeProjects/sports bot/football/logs/football_fetches_2025-04-29.log
2025-04-30 02:20:38 ET - log_alerts - INFO - Scanning log file: /root/CascadeProjects/sports bot/football/logs/football_fetches_2025-04-29.log
2025-04-30 02:21:38 ET - log_alerts - INFO - Scanning log file: /root/CascadeProjects/sports bot/football/logs/football_fetches_2025-04-29.log
2025-04-30 02:22:39 ET - log_alerts - INFO - Scanning log file: /root/CascadeProjects/sports bot/football/logs/football_fetches_2025-04-29.log
2025-04-30 02:23:39 ET - log_alerts - INFO - Scanning log file: /root/CascadeProjects/sports bot/football/logs/football_fetches_2025-04-29.log
2025-04-30 02:24:39 ET - log_alerts - INFO - Scanning log file: /root/CascadeProjects/sports bot/football/logs/football_fetches_2025-04-29.log
2025-04-30 02:25:39 ET - log_alerts - INFO - Scanning log file: /root/CascadeProjects/sports bot/football/logs/football_fetches_2025-04-29.log
2025-04-30 02:26:39 ET - log_alerts - INFO - Scanning log file: /root/CascadeProjects/sports bot/football/logs/football_fetches_2025-04-29.log
2025-04-30 02:27:39 ET - log_alerts - INFO - Scanning log file: /root/CascadeProjects/sports bot/football/logs/football_fetches_2025-04-29.log
2025-04-30 02:28:39 ET - log_alerts - INFO - Scanning log file: /root/CascadeProjects/sports bot/football/logs/football_fetches_2025-04-29.log
2025-04-30 02:29:39 ET - log_alerts - INFO - Scanning log file: /root/CascadeProjects/sports bot/football/logs/football_fetches_2025-04-29.log
2025-04-30 02:30:39 ET - log_alerts - INFO - Scanning log file: /root/CascadeProjects/sports bot/football/logs/football_fetches_2025-04-29.log
2025-04-30 02:31:39 ET - log_alerts - INFO - Scanning log file: /root/CascadeProjects/sports bot/football/logs/football_fetches_2025-04-29.log
2025-04-30 02:32:39 ET - log_alerts - INFO - Scanning log file: /root/CascadeProjects/sports bot/football/logs/football_fetches_2025-04-29.log
2025-04-30 02:33:39 ET - log_alerts - INFO - Scanning log file: /root/CascadeProjects/sports bot/football/logs/football_fetches_2025-04-29.log
2025-04-30 02:34:39 ET - log_alerts - INFO - Scanning log file: /root/CascadeProjects/sports bot/football/logs/football_fetches_2025-04-29.log
2025-04-30 02:35:39 ET - log_alerts - INFO - Scanning log file: /root/CascadeProjects/sports bot/football/logs/football_fetches_2025-04-29.log
2025-04-30 02:36:39 ET - log_alerts - INFO - Scanning log file: /root/CascadeProjects/sports bot/football/logs/football_fetches_2025-04-29.log
2025-04-30 02:37:39 ET - log_alerts - INFO - Scanning log file: /root/CascadeProjects/sports bot/football/logs/football_fetches_2025-04-29.log
2025-04-30 02:38:39 ET - log_alerts - INFO - Scanning log file: /root/CascadeProjects/sports bot/football/logs/football_fetches_2025-04-29.log
2025-04-30 02:39:39 ET - log_alerts - INFO - Scanning log file: /root/CascadeProjects/sports bot/football/logs/football_fetches_2025-04-29.log
2025-04-30 02:40:39 ET - log_alerts - INFO - Scanning log file: /root/CascadeProjects/sports bot/football/logs/football_fetches_2025-04-29.log
2025-04-30 02:41:39 ET - log_alerts - INFO - Scanning log file: /root/CascadeProjects/sports bot/football/logs/football_fetches_2025-04-29.log
2025-04-30 02:42:39 ET - log_alerts - INFO - Scanning log file: /root/CascadeProjects/sports bot/football/logs/football_fetches_2025-04-29.log
2025-04-30 02:43:39 ET - log_alerts - INFO - Scanning log file: /root/CascadeProjects/sports bot/football/logs/football_fetches_2025-04-29.log
2025-04-30 02:44:39 ET - log_alerts - INFO - Scanning log file: /root/CascadeProjects/sports bot/football/logs/football_fetches_2025-04-29.log
2025-04-30 02:45:39 ET - log_alerts - INFO - Scanning log file: /root/CascadeProjects/sports bot/football/logs/football_fetches_2025-04-29.log
2025-04-30 02:46:39 ET - log_alerts - INFO - Scanning log file: /root/CascadeProjects/sports bot/football/logs/football_fetches_2025-04-29.log
2025-04-30 02:47:39 ET - log_alerts - INFO - Scanning log file: /root/CascadeProjects/sports bot/football/logs/football_fetches_2025-04-29.log
2025-04-30 02:48:39 ET - log_alerts - INFO - Scanning log file: /root/CascadeProjects/sports bot/football/logs/football_fetches_2025-04-29.log
2025-04-30 02:49:39 ET - log_alerts - INFO - Scanning log file: /root/CascadeProjects/sports bot/football/logs/football_fetches_2025-04-29.log
2025-04-30 02:50:39 ET - log_alerts - INFO - Scanning log file: /root/CascadeProjects/sports bot/football/logs/football_fetches_2025-04-29.log
2025-04-30 02:51:39 ET - log_alerts - INFO - Scanning log file: /root/CascadeProjects/sports bot/football/logs/football_fetches_2025-04-29.log
2025-04-30 02:52:39 ET - log_alerts - INFO - Scanning log file: /root/CascadeProjects/sports bot/football/logs/football_fetches_2025-04-29.log
2025-04-30 02:53:39 ET - log_alerts - INFO - Scanning log file: /root/CascadeProjects/sports bot/football/logs/football_fetches_2025-04-29.log
2025-04-30 02:54:39 ET - log_alerts - INFO - Scanning log file: /root/CascadeProjects/sports bot/football/logs/football_fetches_2025-04-29.log
2025-04-30 02:55:39 ET - log_alerts - INFO - Scanning log file: /root/CascadeProjects/sports bot/football/logs/football_fetches_2025-04-29.log
2025-04-30 02:56:39 ET - log_alerts - INFO - Scanning log file: /root/CascadeProjects/sports bot/football/logs/football_fetches_2025-04-29.log
2025-04-30 02:57:39 ET - log_alerts - INFO - Scanning log file: /root/CascadeProjects/sports bot/football/logs/football_fetches_2025-04-29.log
2025-04-30 02:58:39 ET - log_alerts - INFO - Scanning log file: /root/CascadeProjects/sports bot/football/logs/football_fetches_2025-04-29.log
2025-04-30 02:59:39 ET - log_alerts - INFO - Scanning log file: /root/CascadeProjects/sports bot/football/logs/football_fetches_2025-04-29.log
2025-04-30 03:00:39 ET - log_alerts - INFO - Scanning log file: /root/CascadeProjects/sports bot/football/logs/football_fetches_2025-04-29.log
2025-04-30 03:01:39 ET - log_alerts - INFO - Scanning log file: /root/CascadeProjects/sports bot/football/logs/football_fetches_2025-04-29.log
2025-04-30 03:02:39 ET - log_alerts - INFO - Scanning log file: /root/CascadeProjects/sports bot/football/logs/football_fetches_2025-04-29.log
2025-04-30 03:03:39 ET - log_alerts - INFO - Scanning log file: /root/CascadeProjects/sports bot/football/logs/football_fetches_2025-04-29.log
2025-04-30 03:04:39 ET - log_alerts - INFO - Scanning log file: /root/CascadeProjects/sports bot/football/logs/football_fetches_2025-04-29.log
2025-04-30 03:05:39 ET - log_alerts - INFO - Scanning log file: /root/CascadeProjects/sports bot/football/logs/football_fetches_2025-04-29.log
2025-04-30 03:06:39 ET - log_alerts - INFO - Scanning log file: /root/CascadeProjects/sports bot/football/logs/football_fetches_2025-04-29.log
2025-04-30 03:07:39 ET - log_alerts - INFO - Scanning log file: /root/CascadeProjects/sports bot/football/logs/football_fetches_2025-04-29.log
2025-04-30 03:08:39 ET - log_alerts - INFO - Scanning log file: /root/CascadeProjects/sports bot/football/logs/football_fetches_2025-04-29.log
2025-04-30 03:09:39 ET - log_alerts - INFO - Scanning log file: /root/CascadeProjects/sports bot/football/logs/football_fetches_2025-04-29.log
2025-04-30 03:10:40 ET - log_alerts - INFO - Scanning log file: /root/CascadeProjects/sports bot/football/logs/football_fetches_2025-04-29.log
2025-04-30 03:11:40 ET - log_alerts - INFO - Scanning log file: /root/CascadeProjects/sports bot/football/logs/football_fetches_2025-04-29.log
2025-04-30 03:12:40 ET - log_alerts - INFO - Scanning log file: /root/CascadeProjects/sports bot/football/logs/football_fetches_2025-04-29.log
2025-04-30 03:13:40 ET - log_alerts - INFO - Scanning log file: /root/CascadeProjects/sports bot/football/logs/football_fetches_2025-04-29.log
2025-04-30 03:14:40 ET - log_alerts - INFO - Scanning log file: /root/CascadeProjects/sports bot/football/logs/football_fetches_2025-04-29.log
2025-04-30 03:15:40 ET - log_alerts - INFO - Scanning log file: /root/CascadeProjects/sports bot/football/logs/football_fetches_2025-04-29.log
2025-04-30 03:16:40 ET - log_alerts - INFO - Scanning log file: /root/CascadeProjects/sports bot/football/logs/football_fetches_2025-04-29.log
2025-04-30 03:17:40 ET - log_alerts - INFO - Scanning log file: /root/CascadeProjects/sports bot/football/logs/football_fetches_2025-04-29.log
2025-04-30 03:18:40 ET - log_alerts - INFO - Scanning log file: /root/CascadeProjects/sports bot/football/logs/football_fetches_2025-04-29.log
2025-04-30 03:19:40 ET - log_alerts - INFO - Scanning log file: /root/CascadeProjects/sports bot/football/logs/football_fetches_2025-04-29.log
2025-04-30 03:20:40 ET - log_alerts - INFO - Scanning log file: /root/CascadeProjects/sports bot/football/logs/football_fetches_2025-04-29.log
2025-04-30 03:21:40 ET - log_alerts - INFO - Scanning log file: /root/CascadeProjects/sports bot/football/logs/football_fetches_2025-04-29.log
2025-04-30 03:22:40 ET - log_alerts - INFO - Scanning log file: /root/CascadeProjects/sports bot/football/logs/football_fetches_2025-04-29.log
2025-04-30 03:23:40 ET - log_alerts - INFO - Scanning log file: /root/CascadeProjects/sports bot/football/logs/football_fetches_2025-04-29.log
2025-04-30 03:24:40 ET - log_alerts - INFO - Scanning log file: /root/CascadeProjects/sports bot/football/logs/football_fetches_2025-04-29.log
2025-04-30 03:25:40 ET - log_alerts - INFO - Scanning log file: /root/CascadeProjects/sports bot/football/logs/football_fetches_2025-04-29.log
2025-04-30 03:26:40 ET - log_alerts - INFO - Scanning log file: /root/CascadeProjects/sports bot/football/logs/football_fetches_2025-04-29.log
2025-04-30 03:27:40 ET - log_alerts - INFO - Scanning log file: /root/CascadeProjects/sports bot/football/logs/football_fetches_2025-04-29.log
2025-04-30 03:28:40 ET - log_alerts - INFO - Scanning log file: /root/CascadeProjects/sports bot/football/logs/football_fetches_2025-04-29.log
2025-04-30 03:29:40 ET - log_alerts - INFO - Scanning log file: /root/CascadeProjects/sports bot/football/logs/football_fetches_2025-04-29.log
2025-04-30 03:30:40 ET - log_alerts - INFO - Scanning log file: /root/CascadeProjects/sports bot/football/logs/football_fetches_2025-04-29.log
2025-04-30 03:31:40 ET - log_alerts - INFO - Scanning log file: /root/CascadeProjects/sports bot/football/logs/football_fetches_2025-04-29.log
2025-04-30 03:32:40 ET - log_alerts - INFO - Scanning log file: /root/CascadeProjects/sports bot/football/logs/football_fetches_2025-04-29.log
2025-04-30 03:33:40 ET - log_alerts - INFO - Scanning log file: /root/CascadeProjects/sports bot/football/logs/football_fetches_2025-04-29.log
2025-04-30 03:34:40 ET - log_alerts - INFO - Scanning log file: /root/CascadeProjects/sports bot/football/logs/football_fetches_2025-04-29.log
2025-04-30 03:35:40 ET - log_alerts - INFO - Scanning log file: /root/CascadeProjects/sports bot/football/logs/football_fetches_2025-04-29.log
2025-04-30 03:36:40 ET - log_alerts - INFO - Scanning log file: /root/CascadeProjects/sports bot/football/logs/football_fetches_2025-04-29.log
2025-04-30 03:37:40 ET - log_alerts - INFO - Scanning log file: /root/CascadeProjects/sports bot/football/logs/football_fetches_2025-04-29.log
2025-04-30 03:38:40 ET - log_alerts - INFO - Scanning log file: /root/CascadeProjects/sports bot/football/logs/football_fetches_2025-04-29.log
2025-04-30 03:39:40 ET - log_alerts - INFO - Scanning log file: /root/CascadeProjects/sports bot/football/logs/football_fetches_2025-04-29.log
2025-04-30 03:40:40 ET - log_alerts - INFO - Scanning log file: /root/CascadeProjects/sports bot/football/logs/football_fetches_2025-04-29.log
2025-04-30 03:41:40 ET - log_alerts - INFO - Scanning log file: /root/CascadeProjects/sports bot/football/logs/football_fetches_2025-04-29.log
2025-04-30 03:42:40 ET - log_alerts - INFO - Scanning log file: /root/CascadeProjects/sports bot/football/logs/football_fetches_2025-04-29.log
2025-04-30 03:43:40 ET - log_alerts - INFO - Scanning log file: /root/CascadeProjects/sports bot/football/logs/football_fetches_2025-04-29.log
2025-04-30 03:44:40 ET - log_alerts - INFO - Scanning log file: /root/CascadeProjects/sports bot/football/logs/football_fetches_2025-04-29.log
2025-04-30 03:45:40 ET - log_alerts - INFO - Scanning log file: /root/CascadeProjects/sports bot/football/logs/football_fetches_2025-04-29.log
2025-04-30 03:46:40 ET - log_alerts - INFO - Scanning log file: /root/CascadeProjects/sports bot/football/logs/football_fetches_2025-04-29.log
2025-04-30 03:47:40 ET - log_alerts - INFO - Scanning log file: /root/CascadeProjects/sports bot/football/logs/football_fetches_2025-04-29.log
2025-04-30 03:48:40 ET - log_alerts - INFO - Scanning log file: /root/CascadeProjects/sports bot/football/logs/football_fetches_2025-04-29.log
2025-04-30 03:49:40 ET - log_alerts - INFO - Scanning log file: /root/CascadeProjects/sports bot/football/logs/football_fetches_2025-04-29.log
2025-04-30 03:50:40 ET - log_alerts - INFO - Scanning log file: /root/CascadeProjects/sports bot/football/logs/football_fetches_2025-04-29.log
2025-04-30 03:51:41 ET - log_alerts - INFO - Scanning log file: /root/CascadeProjects/sports bot/football/logs/football_fetches_2025-04-29.log
2025-04-30 03:52:41 ET - log_alerts - INFO - Scanning log file: /root/CascadeProjects/sports bot/football/logs/football_fetches_2025-04-29.log
2025-04-30 03:53:41 ET - log_alerts - INFO - Scanning log file: /root/CascadeProjects/sports bot/football/logs/football_fetches_2025-04-29.log
2025-04-30 03:54:41 ET - log_alerts - INFO - Scanning log file: /root/CascadeProjects/sports bot/football/logs/football_fetches_2025-04-29.log
2025-04-30 03:55:41 ET - log_alerts - INFO - Scanning log file: /root/CascadeProjects/sports bot/football/logs/football_fetches_2025-04-29.log
2025-04-30 03:56:41 ET - log_alerts - INFO - Scanning log file: /root/CascadeProjects/sports bot/football/logs/football_fetches_2025-04-29.log
2025-04-30 03:57:41 ET - log_alerts - INFO - Scanning log file: /root/CascadeProjects/sports bot/football/logs/football_fetches_2025-04-29.log
2025-04-30 03:58:41 ET - log_alerts - INFO - Scanning log file: /root/CascadeProjects/sports bot/football/logs/football_fetches_2025-04-29.log
2025-04-30 03:59:41 ET - log_alerts - INFO - Scanning log file: /root/CascadeProjects/sports bot/football/logs/football_fetches_2025-04-29.log
2025-04-30 04:00:41 ET - log_alerts - INFO - Scanning log file: /root/CascadeProjects/sports bot/football/logs/football_fetches_2025-04-30.log
2025-04-30 04:01:41 ET - log_alerts - INFO - Scanning log file: /root/CascadeProjects/sports bot/football/logs/football_fetches_2025-04-30.log
2025-04-30 04:02:41 ET - log_alerts - INFO - Scanning log file: /root/CascadeProjects/sports bot/football/logs/football_fetches_2025-04-30.log
2025-04-30 04:03:41 ET - log_alerts - INFO - Scanning log file: /root/CascadeProjects/sports bot/football/logs/football_fetches_2025-04-30.log
2025-04-30 04:04:41 ET - log_alerts - INFO - Scanning log file: /root/CascadeProjects/sports bot/football/logs/football_fetches_2025-04-30.log
2025-04-30 04:05:41 ET - log_alerts - INFO - Scanning log file: /root/CascadeProjects/sports bot/football/logs/football_fetches_2025-04-30.log
2025-04-30 04:06:41 ET - log_alerts - INFO - Scanning log file: /root/CascadeProjects/sports bot/football/logs/football_fetches_2025-04-30.log
2025-04-30 04:07:41 ET - log_alerts - INFO - Scanning log file: /root/CascadeProjects/sports bot/football/logs/football_fetches_2025-04-30.log
2025-04-30 04:08:41 ET - log_alerts - INFO - Scanning log file: /root/CascadeProjects/sports bot/football/logs/football_fetches_2025-04-30.log
2025-04-30 04:09:41 ET - log_alerts - INFO - Scanning log file: /root/CascadeProjects/sports bot/football/logs/football_fetches_2025-04-30.log
2025-04-30 04:10:41 ET - log_alerts - INFO - Scanning log file: /root/CascadeProjects/sports bot/football/logs/football_fetches_2025-04-30.log
2025-04-30 04:11:41 ET - log_alerts - INFO - Scanning log file: /root/CascadeProjects/sports bot/football/logs/football_fetches_2025-04-30.log
2025-04-30 04:12:41 ET - log_alerts - INFO - Scanning log file: /root/CascadeProjects/sports bot/football/logs/football_fetches_2025-04-30.log
2025-04-30 04:13:41 ET - log_alerts - INFO - Scanning log file: /root/CascadeProjects/sports bot/football/logs/football_fetches_2025-04-30.log
2025-04-30 04:14:41 ET - log_alerts - INFO - Scanning log file: /root/CascadeProjects/sports bot/football/logs/football_fetches_2025-04-30.log
2025-04-30 04:15:41 ET - log_alerts - INFO - Scanning log file: /root/CascadeProjects/sports bot/football/logs/football_fetches_2025-04-30.log
2025-04-30 04:16:41 ET - log_alerts - INFO - Scanning log file: /root/CascadeProjects/sports bot/football/logs/football_fetches_2025-04-30.log
2025-04-30 04:17:41 ET - log_alerts - INFO - Scanning log file: /root/CascadeProjects/sports bot/football/logs/football_fetches_2025-04-30.log
2025-04-30 04:18:41 ET - log_alerts - INFO - Scanning log file: /root/CascadeProjects/sports bot/football/logs/football_fetches_2025-04-30.log
2025-04-30 04:19:41 ET - log_alerts - INFO - Scanning log file: /root/CascadeProjects/sports bot/football/logs/football_fetches_2025-04-30.log
2025-04-30 04:20:41 ET - log_alerts - INFO - Scanning log file: /root/CascadeProjects/sports bot/football/logs/football_fetches_2025-04-30.log
2025-04-30 04:21:41 ET - log_alerts - INFO - Scanning log file: /root/CascadeProjects/sports bot/football/logs/football_fetches_2025-04-30.log
2025-04-30 04:22:41 ET - log_alerts - INFO - Scanning log file: /root/CascadeProjects/sports bot/football/logs/football_fetches_2025-04-30.log
2025-04-30 04:23:41 ET - log_alerts - INFO - Scanning log file: /root/CascadeProjects/sports bot/football/logs/football_fetches_2025-04-30.log
2025-04-30 04:24:41 ET - log_alerts - INFO - Scanning log file: /root/CascadeProjects/sports bot/football/logs/football_fetches_2025-04-30.log
2025-04-30 04:25:41 ET - log_alerts - INFO - Scanning log file: /root/CascadeProjects/sports bot/football/logs/football_fetches_2025-04-30.log
2025-04-30 04:26:41 ET - log_alerts - INFO - Scanning log file: /root/CascadeProjects/sports bot/football/logs/football_fetches_2025-04-30.log
2025-04-30 04:27:41 ET - log_alerts - INFO - Scanning log file: /root/CascadeProjects/sports bot/football/logs/football_fetches_2025-04-30.log
2025-04-30 04:28:41 ET - log_alerts - INFO - Scanning log file: /root/CascadeProjects/sports bot/football/logs/football_fetches_2025-04-30.log
2025-04-30 04:29:41 ET - log_alerts - INFO - Scanning log file: /root/CascadeProjects/sports bot/football/logs/football_fetches_2025-04-30.log
2025-04-30 04:30:41 ET - log_alerts - INFO - Scanning log file: /root/CascadeProjects/sports bot/football/logs/football_fetches_2025-04-30.log
2025-04-30 04:31:41 ET - log_alerts - INFO - Scanning log file: /root/CascadeProjects/sports bot/football/logs/football_fetches_2025-04-30.log
2025-04-30 04:32:41 ET - log_alerts - INFO - Scanning log file: /root/CascadeProjects/sports bot/football/logs/football_fetches_2025-04-30.log
2025-04-30 04:33:41 ET - log_alerts - INFO - Scanning log file: /root/CascadeProjects/sports bot/football/logs/football_fetches_2025-04-30.log
2025-04-30 04:34:41 ET - log_alerts - INFO - Scanning log file: /root/CascadeProjects/sports bot/football/logs/football_fetches_2025-04-30.log
2025-04-30 04:35:41 ET - log_alerts - INFO - Scanning log file: /root/CascadeProjects/sports bot/football/logs/football_fetches_2025-04-30.log
2025-04-30 04:36:41 ET - log_alerts - INFO - Scanning log file: /root/CascadeProjects/sports bot/football/logs/football_fetches_2025-04-30.log
2025-04-30 04:37:41 ET - log_alerts - INFO - Scanning log file: /root/CascadeProjects/sports bot/football/logs/football_fetches_2025-04-30.log
2025-04-30 04:38:41 ET - log_alerts - INFO - Scanning log file: /root/CascadeProjects/sports bot/football/logs/football_fetches_2025-04-30.log
2025-04-30 04:39:41 ET - log_alerts - INFO - Scanning log file: /root/CascadeProjects/sports bot/football/logs/football_fetches_2025-04-30.log
2025-04-30 04:40:41 ET - log_alerts - INFO - Scanning log file: /root/CascadeProjects/sports bot/football/logs/football_fetches_2025-04-30.log
2025-04-30 04:41:41 ET - log_alerts - INFO - Scanning log file: /root/CascadeProjects/sports bot/football/logs/football_fetches_2025-04-30.log
2025-04-30 04:42:41 ET - log_alerts - INFO - Scanning log file: /root/CascadeProjects/sports bot/football/logs/football_fetches_2025-04-30.log
2025-04-30 04:43:41 ET - log_alerts - INFO - Scanning log file: /root/CascadeProjects/sports bot/football/logs/football_fetches_2025-04-30.log
2025-04-30 04:44:41 ET - log_alerts - INFO - Scanning log file: /root/CascadeProjects/sports bot/football/logs/football_fetches_2025-04-30.log
2025-04-30 04:45:41 ET - log_alerts - INFO - Scanning log file: /root/CascadeProjects/sports bot/football/logs/football_fetches_2025-04-30.log
2025-04-30 04:46:41 ET - log_alerts - INFO - Scanning log file: /root/CascadeProjects/sports bot/football/logs/football_fetches_2025-04-30.log
2025-04-30 04:47:41 ET - log_alerts - INFO - Scanning log file: /root/CascadeProjects/sports bot/football/logs/football_fetches_2025-04-30.log
2025-04-30 04:48:41 ET - log_alerts - INFO - Scanning log file: /root/CascadeProjects/sports bot/football/logs/football_fetches_2025-04-30.log
2025-04-30 04:49:41 ET - log_alerts - INFO - Scanning log file: /root/CascadeProjects/sports bot/football/logs/football_fetches_2025-04-30.log
2025-04-30 04:50:41 ET - log_alerts - INFO - Scanning log file: /root/CascadeProjects/sports bot/football/logs/football_fetches_2025-04-30.log
2025-04-30 04:51:41 ET - log_alerts - INFO - Scanning log file: /root/CascadeProjects/sports bot/football/logs/football_fetches_2025-04-30.log
2025-04-30 04:52:41 ET - log_alerts - INFO - Scanning log file: /root/CascadeProjects/sports bot/football/logs/football_fetches_2025-04-30.log
2025-04-30 04:53:41 ET - log_alerts - INFO - Scanning log file: /root/CascadeProjects/sports bot/football/logs/football_fetches_2025-04-30.log
2025-04-30 04:54:41 ET - log_alerts - INFO - Scanning log file: /root/CascadeProjects/sports bot/football/logs/football_fetches_2025-04-30.log
2025-04-30 04:55:41 ET - log_alerts - INFO - Scanning log file: /root/CascadeProjects/sports bot/football/logs/football_fetches_2025-04-30.log
2025-04-30 04:56:41 ET - log_alerts - INFO - Scanning log file: /root/CascadeProjects/sports bot/football/logs/football_fetches_2025-04-30.log
2025-04-30 04:57:41 ET - log_alerts - INFO - Scanning log file: /root/CascadeProjects/sports bot/football/logs/football_fetches_2025-04-30.log
2025-04-30 04:58:41 ET - log_alerts - INFO - Scanning log file: /root/CascadeProjects/sports bot/football/logs/football_fetches_2025-04-30.log
2025-04-30 04:59:41 ET - log_alerts - INFO - Scanning log file: /root/CascadeProjects/sports bot/football/logs/football_fetches_2025-04-30.log
2025-04-30 05:00:41 ET - log_alerts - INFO - Scanning log file: /root/CascadeProjects/sports bot/football/logs/football_fetches_2025-04-30.log
2025-04-30 05:01:41 ET - log_alerts - INFO - Scanning log file: /root/CascadeProjects/sports bot/football/logs/football_fetches_2025-04-30.log
2025-04-30 05:02:41 ET - log_alerts - INFO - Scanning log file: /root/CascadeProjects/sports bot/football/logs/football_fetches_2025-04-30.log
2025-04-30 05:03:41 ET - log_alerts - INFO - Scanning log file: /root/CascadeProjects/sports bot/football/logs/football_fetches_2025-04-30.log
2025-04-30 05:04:41 ET - log_alerts - INFO - Scanning log file: /root/CascadeProjects/sports bot/football/logs/football_fetches_2025-04-30.log
2025-04-30 05:05:41 ET - log_alerts - INFO - Scanning log file: /root/CascadeProjects/sports bot/football/logs/football_fetches_2025-04-30.log
2025-04-30 05:06:41 ET - log_alerts - INFO - Scanning log file: /root/CascadeProjects/sports bot/football/logs/football_fetches_2025-04-30.log
2025-04-30 05:07:41 ET - log_alerts - INFO - Scanning log file: /root/CascadeProjects/sports bot/football/logs/football_fetches_2025-04-30.log
2025-04-30 05:08:41 ET - log_alerts - INFO - Scanning log file: /root/CascadeProjects/sports bot/football/logs/football_fetches_2025-04-30.log
2025-04-30 05:09:41 ET - log_alerts - INFO - Scanning log file: /root/CascadeProjects/sports bot/football/logs/football_fetches_2025-04-30.log
2025-04-30 05:10:41 ET - log_alerts - INFO - Scanning log file: /root/CascadeProjects/sports bot/football/logs/football_fetches_2025-04-30.log
2025-04-30 05:11:41 ET - log_alerts - INFO - Scanning log file: /root/CascadeProjects/sports bot/football/logs/football_fetches_2025-04-30.log
2025-04-30 05:12:41 ET - log_alerts - INFO - Scanning log file: /root/CascadeProjects/sports bot/football/logs/football_fetches_2025-04-30.log
2025-04-30 05:13:41 ET - log_alerts - INFO - Scanning log file: /root/CascadeProjects/sports bot/football/logs/football_fetches_2025-04-30.log
2025-04-30 05:14:41 ET - log_alerts - INFO - Scanning log file: /root/CascadeProjects/sports bot/football/logs/football_fetches_2025-04-30.log
2025-04-30 05:15:41 ET - log_alerts - INFO - Scanning log file: /root/CascadeProjects/sports bot/football/logs/football_fetches_2025-04-30.log
2025-04-30 05:16:41 ET - log_alerts - INFO - Scanning log file: /root/CascadeProjects/sports bot/football/logs/football_fetches_2025-04-30.log
2025-04-30 05:17:41 ET - log_alerts - INFO - Scanning log file: /root/CascadeProjects/sports bot/football/logs/football_fetches_2025-04-30.log
2025-04-30 05:18:41 ET - log_alerts - INFO - Scanning log file: /root/CascadeProjects/sports bot/football/logs/football_fetches_2025-04-30.log
2025-04-30 05:19:41 ET - log_alerts - INFO - Scanning log file: /root/CascadeProjects/sports bot/football/logs/football_fetches_2025-04-30.log
2025-04-30 05:20:41 ET - log_alerts - INFO - Scanning log file: /root/CascadeProjects/sports bot/football/logs/football_fetches_2025-04-30.log
2025-04-30 05:21:41 ET - log_alerts - INFO - Scanning log file: /root/CascadeProjects/sports bot/football/logs/football_fetches_2025-04-30.log
2025-04-30 05:22:41 ET - log_alerts - INFO - Scanning log file: /root/CascadeProjects/sports bot/football/logs/football_fetches_2025-04-30.log
2025-04-30 05:23:41 ET - log_alerts - INFO - Scanning log file: /root/CascadeProjects/sports bot/football/logs/football_fetches_2025-04-30.log
2025-04-30 05:24:41 ET - log_alerts - INFO - Scanning log file: /root/CascadeProjects/sports bot/football/logs/football_fetches_2025-04-30.log
2025-04-30 05:25:41 ET - log_alerts - INFO - Scanning log file: /root/CascadeProjects/sports bot/football/logs/football_fetches_2025-04-30.log
2025-04-30 05:26:41 ET - log_alerts - INFO - Scanning log file: /root/CascadeProjects/sports bot/football/logs/football_fetches_2025-04-30.log
2025-04-30 05:27:41 ET - log_alerts - INFO - Scanning log file: /root/CascadeProjects/sports bot/football/logs/football_fetches_2025-04-30.log
2025-04-30 05:28:41 ET - log_alerts - INFO - Scanning log file: /root/CascadeProjects/sports bot/football/logs/football_fetches_2025-04-30.log
2025-04-30 05:29:41 ET - log_alerts - INFO - Scanning log file: /root/CascadeProjects/sports bot/football/logs/football_fetches_2025-04-30.log
2025-04-30 05:30:41 ET - log_alerts - INFO - Scanning log file: /root/CascadeProjects/sports bot/football/logs/football_fetches_2025-04-30.log
2025-04-30 05:31:41 ET - log_alerts - INFO - Scanning log file: /root/CascadeProjects/sports bot/football/logs/football_fetches_2025-04-30.log
2025-04-30 05:32:41 ET - log_alerts - INFO - Scanning log file: /root/CascadeProjects/sports bot/football/logs/football_fetches_2025-04-30.log
2025-04-30 05:33:41 ET - log_alerts - INFO - Scanning log file: /root/CascadeProjects/sports bot/football/logs/football_fetches_2025-04-30.log
2025-04-30 05:34:41 ET - log_alerts - INFO - Scanning log file: /root/CascadeProjects/sports bot/football/logs/football_fetches_2025-04-30.log
2025-04-30 05:35:41 ET - log_alerts - INFO - Scanning log file: /root/CascadeProjects/sports bot/football/logs/football_fetches_2025-04-30.log
2025-04-30 05:36:41 ET - log_alerts - INFO - Scanning log file: /root/CascadeProjects/sports bot/football/logs/football_fetches_2025-04-30.log
2025-04-30 05:37:41 ET - log_alerts - INFO - Scanning log file: /root/CascadeProjects/sports bot/football/logs/football_fetches_2025-04-30.log
2025-04-30 05:38:41 ET - log_alerts - INFO - Scanning log file: /root/CascadeProjects/sports bot/football/logs/football_fetches_2025-04-30.log
2025-04-30 05:39:41 ET - log_alerts - INFO - Scanning log file: /root/CascadeProjects/sports bot/football/logs/football_fetches_2025-04-30.log
2025-04-30 05:40:41 ET - log_alerts - INFO - Scanning log file: /root/CascadeProjects/sports bot/football/logs/football_fetches_2025-04-30.log
2025-04-30 05:41:41 ET - log_alerts - INFO - Scanning log file: /root/CascadeProjects/sports bot/football/logs/football_fetches_2025-04-30.log
2025-04-30 05:42:41 ET - log_alerts - INFO - Scanning log file: /root/CascadeProjects/sports bot/football/logs/football_fetches_2025-04-30.log
2025-04-30 05:43:41 ET - log_alerts - INFO - Scanning log file: /root/CascadeProjects/sports bot/football/logs/football_fetches_2025-04-30.log
2025-04-30 05:44:41 ET - log_alerts - INFO - Scanning log file: /root/CascadeProjects/sports bot/football/logs/football_fetches_2025-04-30.log
2025-04-30 05:45:41 ET - log_alerts - INFO - Scanning log file: /root/CascadeProjects/sports bot/football/logs/football_fetches_2025-04-30.log
2025-04-30 05:46:41 ET - log_alerts - INFO - Scanning log file: /root/CascadeProjects/sports bot/football/logs/football_fetches_2025-04-30.log
2025-04-30 05:47:41 ET - log_alerts - INFO - Scanning log file: /root/CascadeProjects/sports bot/football/logs/football_fetches_2025-04-30.log
2025-04-30 05:48:41 ET - log_alerts - INFO - Scanning log file: /root/CascadeProjects/sports bot/football/logs/football_fetches_2025-04-30.log
2025-04-30 05:49:41 ET - log_alerts - INFO - Scanning log file: /root/CascadeProjects/sports bot/football/logs/football_fetches_2025-04-30.log
2025-04-30 05:50:41 ET - log_alerts - INFO - Scanning log file: /root/CascadeProjects/sports bot/football/logs/football_fetches_2025-04-30.log
2025-04-30 05:51:41 ET - log_alerts - INFO - Scanning log file: /root/CascadeProjects/sports bot/football/logs/football_fetches_2025-04-30.log
2025-04-30 05:52:41 ET - log_alerts - INFO - Scanning log file: /root/CascadeProjects/sports bot/football/logs/football_fetches_2025-04-30.log
2025-04-30 05:53:41 ET - log_alerts - INFO - Scanning log file: /root/CascadeProjects/sports bot/football/logs/football_fetches_2025-04-30.log
2025-04-30 05:54:41 ET - log_alerts - INFO - Scanning log file: /root/CascadeProjects/sports bot/football/logs/football_fetches_2025-04-30.log
2025-04-30 05:55:41 ET - log_alerts - INFO - Scanning log file: /root/CascadeProjects/sports bot/football/logs/football_fetches_2025-04-30.log
2025-04-30 05:56:41 ET - log_alerts - INFO - Scanning log file: /root/CascadeProjects/sports bot/football/logs/football_fetches_2025-04-30.log
2025-04-30 05:57:41 ET - log_alerts - INFO - Scanning log file: /root/CascadeProjects/sports bot/football/logs/football_fetches_2025-04-30.log
2025-04-30 05:58:41 ET - log_alerts - INFO - Scanning log file: /root/CascadeProjects/sports bot/football/logs/football_fetches_2025-04-30.log
2025-04-30 05:59:41 ET - log_alerts - INFO - Scanning log file: /root/CascadeProjects/sports bot/football/logs/football_fetches_2025-04-30.log
2025-04-30 06:00:41 ET - log_alerts - INFO - Scanning log file: /root/CascadeProjects/sports bot/football/logs/football_fetches_2025-04-30.log
2025-04-30 06:01:41 ET - log_alerts - INFO - Scanning log file: /root/CascadeProjects/sports bot/football/logs/football_fetches_2025-04-30.log
2025-04-30 06:02:41 ET - log_alerts - INFO - Scanning log file: /root/CascadeProjects/sports bot/football/logs/football_fetches_2025-04-30.log
2025-04-30 06:03:41 ET - log_alerts - INFO - Scanning log file: /root/CascadeProjects/sports bot/football/logs/football_fetches_2025-04-30.log
2025-04-30 06:04:41 ET - log_alerts - INFO - Scanning log file: /root/CascadeProjects/sports bot/football/logs/football_fetches_2025-04-30.log
2025-04-30 06:05:41 ET - log_alerts - INFO - Scanning log file: /root/CascadeProjects/sports bot/football/logs/football_fetches_2025-04-30.log
2025-04-30 06:06:41 ET - log_alerts - INFO - Scanning log file: /root/CascadeProjects/sports bot/football/logs/football_fetches_2025-04-30.log
2025-04-30 06:07:41 ET - log_alerts - INFO - Scanning log file: /root/CascadeProjects/sports bot/football/logs/football_fetches_2025-04-30.log
2025-04-30 06:08:41 ET - log_alerts - INFO - Scanning log file: /root/CascadeProjects/sports bot/football/logs/football_fetches_2025-04-30.log
2025-04-30 06:09:41 ET - log_alerts - INFO - Scanning log file: /root/CascadeProjects/sports bot/football/logs/football_fetches_2025-04-30.log
2025-04-30 06:10:41 ET - log_alerts - INFO - Scanning log file: /root/CascadeProjects/sports bot/football/logs/football_fetches_2025-04-30.log
2025-04-30 06:11:41 ET - log_alerts - INFO - Scanning log file: /root/CascadeProjects/sports bot/football/logs/football_fetches_2025-04-30.log
2025-04-30 06:12:41 ET - log_alerts - INFO - Scanning log file: /root/CascadeProjects/sports bot/football/logs/football_fetches_2025-04-30.log
2025-04-30 06:13:41 ET - log_alerts - INFO - Scanning log file: /root/CascadeProjects/sports bot/football/logs/football_fetches_2025-04-30.log
2025-04-30 06:14:41 ET - log_alerts - INFO - Scanning log file: /root/CascadeProjects/sports bot/football/logs/football_fetches_2025-04-30.log
2025-04-30 06:15:41 ET - log_alerts - INFO - Scanning log file: /root/CascadeProjects/sports bot/football/logs/football_fetches_2025-04-30.log
2025-04-30 06:16:41 ET - log_alerts - INFO - Scanning log file: /root/CascadeProjects/sports bot/football/logs/football_fetches_2025-04-30.log
2025-04-30 06:17:41 ET - log_alerts - INFO - Scanning log file: /root/CascadeProjects/sports bot/football/logs/football_fetches_2025-04-30.log
2025-04-30 06:18:41 ET - log_alerts - INFO - Scanning log file: /root/CascadeProjects/sports bot/football/logs/football_fetches_2025-04-30.log
2025-04-30 06:19:41 ET - log_alerts - INFO - Scanning log file: /root/CascadeProjects/sports bot/football/logs/football_fetches_2025-04-30.log
2025-04-30 06:20:41 ET - log_alerts - INFO - Scanning log file: /root/CascadeProjects/sports bot/football/logs/football_fetches_2025-04-30.log
2025-04-30 06:21:41 ET - log_alerts - INFO - Scanning log file: /root/CascadeProjects/sports bot/football/logs/football_fetches_2025-04-30.log
2025-04-30 06:22:41 ET - log_alerts - INFO - Scanning log file: /root/CascadeProjects/sports bot/football/logs/football_fetches_2025-04-30.log
2025-04-30 06:23:41 ET - log_alerts - INFO - Scanning log file: /root/CascadeProjects/sports bot/football/logs/football_fetches_2025-04-30.log
2025-04-30 06:24:41 ET - log_alerts - INFO - Scanning log file: /root/CascadeProjects/sports bot/football/logs/football_fetches_2025-04-30.log
2025-04-30 06:25:41 ET - log_alerts - INFO - Scanning log file: /root/CascadeProjects/sports bot/football/logs/football_fetches_2025-04-30.log
2025-04-30 06:26:41 ET - log_alerts - INFO - Scanning log file: /root/CascadeProjects/sports bot/football/logs/football_fetches_2025-04-30.log
2025-04-30 06:27:41 ET - log_alerts - INFO - Scanning log file: /root/CascadeProjects/sports bot/football/logs/football_fetches_2025-04-30.log
2025-04-30 06:28:41 ET - log_alerts - INFO - Scanning log file: /root/CascadeProjects/sports bot/football/logs/football_fetches_2025-04-30.log
2025-04-30 06:29:41 ET - log_alerts - INFO - Scanning log file: /root/CascadeProjects/sports bot/football/logs/football_fetches_2025-04-30.log
2025-04-30 06:30:41 ET - log_alerts - INFO - Scanning log file: /root/CascadeProjects/sports bot/football/logs/football_fetches_2025-04-30.log
2025-04-30 06:31:41 ET - log_alerts - INFO - Scanning log file: /root/CascadeProjects/sports bot/football/logs/football_fetches_2025-04-30.log
2025-04-30 06:32:41 ET - log_alerts - INFO - Scanning log file: /root/CascadeProjects/sports bot/football/logs/football_fetches_2025-04-30.log
2025-04-30 06:33:41 ET - log_alerts - INFO - Scanning log file: /root/CascadeProjects/sports bot/football/logs/football_fetches_2025-04-30.log
2025-04-30 06:34:41 ET - log_alerts - INFO - Scanning log file: /root/CascadeProjects/sports bot/football/logs/football_fetches_2025-04-30.log
2025-04-30 06:35:41 ET - log_alerts - INFO - Scanning log file: /root/CascadeProjects/sports bot/football/logs/football_fetches_2025-04-30.log
2025-04-30 06:36:41 ET - log_alerts - INFO - Scanning log file: /root/CascadeProjects/sports bot/football/logs/football_fetches_2025-04-30.log
2025-04-30 06:37:41 ET - log_alerts - INFO - Scanning log file: /root/CascadeProjects/sports bot/football/logs/football_fetches_2025-04-30.log
2025-04-30 06:38:41 ET - log_alerts - INFO - Scanning log file: /root/CascadeProjects/sports bot/football/logs/football_fetches_2025-04-30.log
2025-04-30 06:39:41 ET - log_alerts - INFO - Scanning log file: /root/CascadeProjects/sports bot/football/logs/football_fetches_2025-04-30.log
2025-04-30 06:40:41 ET - log_alerts - INFO - Scanning log file: /root/CascadeProjects/sports bot/football/logs/football_fetches_2025-04-30.log
2025-04-30 06:41:41 ET - log_alerts - INFO - Scanning log file: /root/CascadeProjects/sports bot/football/logs/football_fetches_2025-04-30.log
2025-04-30 06:42:41 ET - log_alerts - INFO - Scanning log file: /root/CascadeProjects/sports bot/football/logs/football_fetches_2025-04-30.log
2025-04-30 06:43:41 ET - log_alerts - INFO - Scanning log file: /root/CascadeProjects/sports bot/football/logs/football_fetches_2025-04-30.log
2025-04-30 06:44:41 ET - log_alerts - INFO - Scanning log file: /root/CascadeProjects/sports bot/football/logs/football_fetches_2025-04-30.log
2025-04-30 06:45:41 ET - log_alerts - INFO - Scanning log file: /root/CascadeProjects/sports bot/football/logs/football_fetches_2025-04-30.log
2025-04-30 06:46:41 ET - log_alerts - INFO - Scanning log file: /root/CascadeProjects/sports bot/football/logs/football_fetches_2025-04-30.log
2025-04-30 06:47:41 ET - log_alerts - INFO - Scanning log file: /root/CascadeProjects/sports bot/football/logs/football_fetches_2025-04-30.log
2025-04-30 06:48:41 ET - log_alerts - INFO - Scanning log file: /root/CascadeProjects/sports bot/football/logs/football_fetches_2025-04-30.log
2025-04-30 06:49:41 ET - log_alerts - INFO - Scanning log file: /root/CascadeProjects/sports bot/football/logs/football_fetches_2025-04-30.log
2025-04-30 06:50:41 ET - log_alerts - INFO - Scanning log file: /root/CascadeProjects/sports bot/football/logs/football_fetches_2025-04-30.log
2025-04-30 06:51:41 ET - log_alerts - INFO - Scanning log file: /root/CascadeProjects/sports bot/football/logs/football_fetches_2025-04-30.log
2025-04-30 06:52:41 ET - log_alerts - INFO - Scanning log file: /root/CascadeProjects/sports bot/football/logs/football_fetches_2025-04-30.log
2025-04-30 06:53:41 ET - log_alerts - INFO - Scanning log file: /root/CascadeProjects/sports bot/football/logs/football_fetches_2025-04-30.log
2025-04-30 06:54:41 ET - log_alerts - INFO - Scanning log file: /root/CascadeProjects/sports bot/football/logs/football_fetches_2025-04-30.log
2025-04-30 06:55:41 ET - log_alerts - INFO - Scanning log file: /root/CascadeProjects/sports bot/football/logs/football_fetches_2025-04-30.log
2025-04-30 06:56:41 ET - log_alerts - INFO - Scanning log file: /root/CascadeProjects/sports bot/football/logs/football_fetches_2025-04-30.log
2025-04-30 06:57:41 ET - log_alerts - INFO - Scanning log file: /root/CascadeProjects/sports bot/football/logs/football_fetches_2025-04-30.log
2025-04-30 06:58:41 ET - log_alerts - INFO - Scanning log file: /root/CascadeProjects/sports bot/football/logs/football_fetches_2025-04-30.log
2025-04-30 06:59:41 ET - log_alerts - INFO - Scanning log file: /root/CascadeProjects/sports bot/football/logs/football_fetches_2025-04-30.log
2025-04-30 07:00:41 ET - log_alerts - INFO - Scanning log file: /root/CascadeProjects/sports bot/football/logs/football_fetches_2025-04-30.log
2025-04-30 07:01:41 ET - log_alerts - INFO - Scanning log file: /root/CascadeProjects/sports bot/football/logs/football_fetches_2025-04-30.log
2025-04-30 07:02:41 ET - log_alerts - INFO - Scanning log file: /root/CascadeProjects/sports bot/football/logs/football_fetches_2025-04-30.log
2025-04-30 07:03:41 ET - log_alerts - INFO - Scanning log file: /root/CascadeProjects/sports bot/football/logs/football_fetches_2025-04-30.log
2025-04-30 07:04:41 ET - log_alerts - INFO - Scanning log file: /root/CascadeProjects/sports bot/football/logs/football_fetches_2025-04-30.log
2025-04-30 07:05:41 ET - log_alerts - INFO - Scanning log file: /root/CascadeProjects/sports bot/football/logs/football_fetches_2025-04-30.log
2025-04-30 07:06:41 ET - log_alerts - INFO - Scanning log file: /root/CascadeProjects/sports bot/football/logs/football_fetches_2025-04-30.log
2025-04-30 07:07:41 ET - log_alerts - INFO - Scanning log file: /root/CascadeProjects/sports bot/football/logs/football_fetches_2025-04-30.log
2025-04-30 07:08:41 ET - log_alerts - INFO - Scanning log file: /root/CascadeProjects/sports bot/football/logs/football_fetches_2025-04-30.log
2025-04-30 07:09:41 ET - log_alerts - INFO - Scanning log file: /root/CascadeProjects/sports bot/football/logs/football_fetches_2025-04-30.log
2025-04-30 07:10:41 ET - log_alerts - INFO - Scanning log file: /root/CascadeProjects/sports bot/football/logs/football_fetches_2025-04-30.log
2025-04-30 07:11:41 ET - log_alerts - INFO - Scanning log file: /root/CascadeProjects/sports bot/football/logs/football_fetches_2025-04-30.log
2025-04-30 07:12:41 ET - log_alerts - INFO - Scanning log file: /root/CascadeProjects/sports bot/football/logs/football_fetches_2025-04-30.log
2025-04-30 07:13:41 ET - log_alerts - INFO - Scanning log file: /root/CascadeProjects/sports bot/football/logs/football_fetches_2025-04-30.log
2025-04-30 07:14:41 ET - log_alerts - INFO - Scanning log file: /root/CascadeProjects/sports bot/football/logs/football_fetches_2025-04-30.log
2025-04-30 07:15:41 ET - log_alerts - INFO - Scanning log file: /root/CascadeProjects/sports bot/football/logs/football_fetches_2025-04-30.log
2025-04-30 07:16:41 ET - log_alerts - INFO - Scanning log file: /root/CascadeProjects/sports bot/football/logs/football_fetches_2025-04-30.log
2025-04-30 07:17:41 ET - log_alerts - INFO - Scanning log file: /root/CascadeProjects/sports bot/football/logs/football_fetches_2025-04-30.log
2025-04-30 07:18:41 ET - log_alerts - INFO - Scanning log file: /root/CascadeProjects/sports bot/football/logs/football_fetches_2025-04-30.log
2025-04-30 07:19:41 ET - log_alerts - INFO - Scanning log file: /root/CascadeProjects/sports bot/football/logs/football_fetches_2025-04-30.log
2025-04-30 07:20:41 ET - log_alerts - INFO - Scanning log file: /root/CascadeProjects/sports bot/football/logs/football_fetches_2025-04-30.log
2025-04-30 07:21:41 ET - log_alerts - INFO - Scanning log file: /root/CascadeProjects/sports bot/football/logs/football_fetches_2025-04-30.log
2025-04-30 07:22:41 ET - log_alerts - INFO - Scanning log file: /root/CascadeProjects/sports bot/football/logs/football_fetches_2025-04-30.log
2025-04-30 07:23:41 ET - log_alerts - INFO - Scanning log file: /root/CascadeProjects/sports bot/football/logs/football_fetches_2025-04-30.log
2025-04-30 07:24:41 ET - log_alerts - INFO - Scanning log file: /root/CascadeProjects/sports bot/football/logs/football_fetches_2025-04-30.log
2025-04-30 07:25:41 ET - log_alerts - INFO - Scanning log file: /root/CascadeProjects/sports bot/football/logs/football_fetches_2025-04-30.log
2025-04-30 07:26:41 ET - log_alerts - INFO - Scanning log file: /root/CascadeProjects/sports bot/football/logs/football_fetches_2025-04-30.log
2025-04-30 07:27:41 ET - log_alerts - INFO - Scanning log file: /root/CascadeProjects/sports bot/football/logs/football_fetches_2025-04-30.log
2025-04-30 07:28:41 ET - log_alerts - INFO - Scanning log file: /root/CascadeProjects/sports bot/football/logs/football_fetches_2025-04-30.log
2025-04-30 07:29:41 ET - log_alerts - INFO - Scanning log file: /root/CascadeProjects/sports bot/football/logs/football_fetches_2025-04-30.log
2025-04-30 07:30:41 ET - log_alerts - INFO - Scanning log file: /root/CascadeProjects/sports bot/football/logs/football_fetches_2025-04-30.log
2025-04-30 07:31:41 ET - log_alerts - INFO - Scanning log file: /root/CascadeProjects/sports bot/football/logs/football_fetches_2025-04-30.log
2025-04-30 07:32:41 ET - log_alerts - INFO - Scanning log file: /root/CascadeProjects/sports bot/football/logs/football_fetches_2025-04-30.log
2025-04-30 07:33:41 ET - log_alerts - INFO - Scanning log file: /root/CascadeProjects/sports bot/football/logs/football_fetches_2025-04-30.log
2025-04-30 07:34:41 ET - log_alerts - INFO - Scanning log file: /root/CascadeProjects/sports bot/football/logs/football_fetches_2025-04-30.log
2025-04-30 07:35:41 ET - log_alerts - INFO - Scanning log file: /root/CascadeProjects/sports bot/football/logs/football_fetches_2025-04-30.log
2025-04-30 07:36:41 ET - log_alerts - INFO - Scanning log file: /root/CascadeProjects/sports bot/football/logs/football_fetches_2025-04-30.log
2025-04-30 07:37:41 ET - log_alerts - INFO - Scanning log file: /root/CascadeProjects/sports bot/football/logs/football_fetches_2025-04-30.log
2025-04-30 07:38:41 ET - log_alerts - INFO - Scanning log file: /root/CascadeProjects/sports bot/football/logs/football_fetches_2025-04-30.log
2025-04-30 07:39:41 ET - log_alerts - INFO - Scanning log file: /root/CascadeProjects/sports bot/football/logs/football_fetches_2025-04-30.log
2025-04-30 07:40:41 ET - log_alerts - INFO - Scanning log file: /root/CascadeProjects/sports bot/football/logs/football_fetches_2025-04-30.log
2025-04-30 07:41:41 ET - log_alerts - INFO - Scanning log file: /root/CascadeProjects/sports bot/football/logs/football_fetches_2025-04-30.log
2025-04-30 07:42:41 ET - log_alerts - INFO - Scanning log file: /root/CascadeProjects/sports bot/football/logs/football_fetches_2025-04-30.log
2025-04-30 07:43:41 ET - log_alerts - INFO - Scanning log file: /root/CascadeProjects/sports bot/football/logs/football_fetches_2025-04-30.log
2025-04-30 07:44:41 ET - log_alerts - INFO - Scanning log file: /root/CascadeProjects/sports bot/football/logs/football_fetches_2025-04-30.log
2025-04-30 07:45:41 ET - log_alerts - INFO - Scanning log file: /root/CascadeProjects/sports bot/football/logs/football_fetches_2025-04-30.log
2025-04-30 07:46:41 ET - log_alerts - INFO - Scanning log file: /root/CascadeProjects/sports bot/football/logs/football_fetches_2025-04-30.log
2025-04-30 07:47:41 ET - log_alerts - INFO - Scanning log file: /root/CascadeProjects/sports bot/football/logs/football_fetches_2025-04-30.log
2025-04-30 07:48:41 ET - log_alerts - INFO - Scanning log file: /root/CascadeProjects/sports bot/football/logs/football_fetches_2025-04-30.log
2025-04-30 07:49:41 ET - log_alerts - INFO - Scanning log file: /root/CascadeProjects/sports bot/football/logs/football_fetches_2025-04-30.log
2025-04-30 07:50:41 ET - log_alerts - INFO - Scanning log file: /root/CascadeProjects/sports bot/football/logs/football_fetches_2025-04-30.log
2025-04-30 07:51:41 ET - log_alerts - INFO - Scanning log file: /root/CascadeProjects/sports bot/football/logs/football_fetches_2025-04-30.log
2025-04-30 07:52:41 ET - log_alerts - INFO - Scanning log file: /root/CascadeProjects/sports bot/football/logs/football_fetches_2025-04-30.log
2025-04-30 07:53:41 ET - log_alerts - INFO - Scanning log file: /root/CascadeProjects/sports bot/football/logs/football_fetches_2025-04-30.log
2025-04-30 07:54:41 ET - log_alerts - INFO - Scanning log file: /root/CascadeProjects/sports bot/football/logs/football_fetches_2025-04-30.log
2025-04-30 07:55:41 ET - log_alerts - INFO - Scanning log file: /root/CascadeProjects/sports bot/football/logs/football_fetches_2025-04-30.log
2025-04-30 07:56:41 ET - log_alerts - INFO - Scanning log file: /root/CascadeProjects/sports bot/football/logs/football_fetches_2025-04-30.log
2025-04-30 07:57:41 ET - log_alerts - INFO - Scanning log file: /root/CascadeProjects/sports bot/football/logs/football_fetches_2025-04-30.log
2025-04-30 07:58:41 ET - log_alerts - INFO - Scanning log file: /root/CascadeProjects/sports bot/football/logs/football_fetches_2025-04-30.log
2025-04-30 07:59:41 ET - log_alerts - INFO - Scanning log file: /root/CascadeProjects/sports bot/football/logs/football_fetches_2025-04-30.log
2025-04-30 08:00:41 ET - log_alerts - INFO - Scanning log file: /root/CascadeProjects/sports bot/football/logs/football_fetches_2025-04-30.log
2025-04-30 08:01:41 ET - log_alerts - INFO - Scanning log file: /root/CascadeProjects/sports bot/football/logs/football_fetches_2025-04-30.log
2025-04-30 08:02:41 ET - log_alerts - INFO - Scanning log file: /root/CascadeProjects/sports bot/football/logs/football_fetches_2025-04-30.log
2025-04-30 08:03:41 ET - log_alerts - INFO - Scanning log file: /root/CascadeProjects/sports bot/football/logs/football_fetches_2025-04-30.log
2025-04-30 08:04:41 ET - log_alerts - INFO - Scanning log file: /root/CascadeProjects/sports bot/football/logs/football_fetches_2025-04-30.log
2025-04-30 08:05:41 ET - log_alerts - INFO - Scanning log file: /root/CascadeProjects/sports bot/football/logs/football_fetches_2025-04-30.log
2025-04-30 08:06:41 ET - log_alerts - INFO - Scanning log file: /root/CascadeProjects/sports bot/football/logs/football_fetches_2025-04-30.log
2025-04-30 08:07:41 ET - log_alerts - INFO - Scanning log file: /root/CascadeProjects/sports bot/football/logs/football_fetches_2025-04-30.log
2025-04-30 08:08:41 ET - log_alerts - INFO - Scanning log file: /root/CascadeProjects/sports bot/football/logs/football_fetches_2025-04-30.log
2025-04-30 08:09:41 ET - log_alerts - INFO - Scanning log file: /root/CascadeProjects/sports bot/football/logs/football_fetches_2025-04-30.log
2025-04-30 08:10:41 ET - log_alerts - INFO - Scanning log file: /root/CascadeProjects/sports bot/football/logs/football_fetches_2025-04-30.log
2025-04-30 08:11:41 ET - log_alerts - INFO - Scanning log file: /root/CascadeProjects/sports bot/football/logs/football_fetches_2025-04-30.log
2025-04-30 08:12:41 ET - log_alerts - INFO - Scanning log file: /root/CascadeProjects/sports bot/football/logs/football_fetches_2025-04-30.log
2025-04-30 08:13:41 ET - log_alerts - INFO - Scanning log file: /root/CascadeProjects/sports bot/football/logs/football_fetches_2025-04-30.log
2025-04-30 08:14:41 ET - log_alerts - INFO - Scanning log file: /root/CascadeProjects/sports bot/football/logs/football_fetches_2025-04-30.log
2025-04-30 08:15:41 ET - log_alerts - INFO - Scanning log file: /root/CascadeProjects/sports bot/football/logs/football_fetches_2025-04-30.log
2025-04-30 08:16:41 ET - log_alerts - INFO - Scanning log file: /root/CascadeProjects/sports bot/football/logs/football_fetches_2025-04-30.log
2025-04-30 08:17:41 ET - log_alerts - INFO - Scanning log file: /root/CascadeProjects/sports bot/football/logs/football_fetches_2025-04-30.log
2025-04-30 08:18:41 ET - log_alerts - INFO - Scanning log file: /root/CascadeProjects/sports bot/football/logs/football_fetches_2025-04-30.log
2025-04-30 08:19:41 ET - log_alerts - INFO - Scanning log file: /root/CascadeProjects/sports bot/football/logs/football_fetches_2025-04-30.log
2025-04-30 08:20:41 ET - log_alerts - INFO - Scanning log file: /root/CascadeProjects/sports bot/football/logs/football_fetches_2025-04-30.log
2025-04-30 08:21:41 ET - log_alerts - INFO - Scanning log file: /root/CascadeProjects/sports bot/football/logs/football_fetches_2025-04-30.log
2025-04-30 08:22:41 ET - log_alerts - INFO - Scanning log file: /root/CascadeProjects/sports bot/football/logs/football_fetches_2025-04-30.log
2025-04-30 08:23:41 ET - log_alerts - INFO - Scanning log file: /root/CascadeProjects/sports bot/football/logs/football_fetches_2025-04-30.log
2025-04-30 08:24:41 ET - log_alerts - INFO - Scanning log file: /root/CascadeProjects/sports bot/football/logs/football_fetches_2025-04-30.log
2025-04-30 08:25:41 ET - log_alerts - INFO - Scanning log file: /root/CascadeProjects/sports bot/football/logs/football_fetches_2025-04-30.log
2025-04-30 08:26:41 ET - log_alerts - INFO - Scanning log file: /root/CascadeProjects/sports bot/football/logs/football_fetches_2025-04-30.log
2025-04-30 08:27:41 ET - log_alerts - INFO - Scanning log file: /root/CascadeProjects/sports bot/football/logs/football_fetches_2025-04-30.log
2025-04-30 08:28:41 ET - log_alerts - INFO - Scanning log file: /root/CascadeProjects/sports bot/football/logs/football_fetches_2025-04-30.log
2025-04-30 08:29:41 ET - log_alerts - INFO - Scanning log file: /root/CascadeProjects/sports bot/football/logs/football_fetches_2025-04-30.log
2025-04-30 08:30:41 ET - log_alerts - INFO - Scanning log file: /root/CascadeProjects/sports bot/football/logs/football_fetches_2025-04-30.log
2025-04-30 08:31:41 ET - log_alerts - INFO - Scanning log file: /root/CascadeProjects/sports bot/football/logs/football_fetches_2025-04-30.log
2025-04-30 08:32:41 ET - log_alerts - INFO - Scanning log file: /root/CascadeProjects/sports bot/football/logs/football_fetches_2025-04-30.log
2025-04-30 08:33:41 ET - log_alerts - INFO - Scanning log file: /root/CascadeProjects/sports bot/football/logs/football_fetches_2025-04-30.log
2025-04-30 08:34:41 ET - log_alerts - INFO - Scanning log file: /root/CascadeProjects/sports bot/football/logs/football_fetches_2025-04-30.log
2025-04-30 08:35:41 ET - log_alerts - INFO - Scanning log file: /root/CascadeProjects/sports bot/football/logs/football_fetches_2025-04-30.log
2025-04-30 08:36:41 ET - log_alerts - INFO - Scanning log file: /root/CascadeProjects/sports bot/football/logs/football_fetches_2025-04-30.log
2025-04-30 08:37:41 ET - log_alerts - INFO - Scanning log file: /root/CascadeProjects/sports bot/football/logs/football_fetches_2025-04-30.log
2025-04-30 08:38:41 ET - log_alerts - INFO - Scanning log file: /root/CascadeProjects/sports bot/football/logs/football_fetches_2025-04-30.log
2025-04-30 08:39:41 ET - log_alerts - INFO - Scanning log file: /root/CascadeProjects/sports bot/football/logs/football_fetches_2025-04-30.log
2025-04-30 08:40:41 ET - log_alerts - INFO - Scanning log file: /root/CascadeProjects/sports bot/football/logs/football_fetches_2025-04-30.log
2025-04-30 08:41:41 ET - log_alerts - INFO - Scanning log file: /root/CascadeProjects/sports bot/football/logs/football_fetches_2025-04-30.log
2025-04-30 08:42:41 ET - log_alerts - INFO - Scanning log file: /root/CascadeProjects/sports bot/football/logs/football_fetches_2025-04-30.log
2025-04-30 08:43:41 ET - log_alerts - INFO - Scanning log file: /root/CascadeProjects/sports bot/football/logs/football_fetches_2025-04-30.log
2025-04-30 08:44:41 ET - log_alerts - INFO - Scanning log file: /root/CascadeProjects/sports bot/football/logs/football_fetches_2025-04-30.log
2025-04-30 08:45:41 ET - log_alerts - INFO - Scanning log file: /root/CascadeProjects/sports bot/football/logs/football_fetches_2025-04-30.log
2025-04-30 08:46:41 ET - log_alerts - INFO - Scanning log file: /root/CascadeProjects/sports bot/football/logs/football_fetches_2025-04-30.log
2025-04-30 08:47:41 ET - log_alerts - INFO - Scanning log file: /root/CascadeProjects/sports bot/football/logs/football_fetches_2025-04-30.log
2025-04-30 08:48:41 ET - log_alerts - INFO - Scanning log file: /root/CascadeProjects/sports bot/football/logs/football_fetches_2025-04-30.log
2025-04-30 08:49:41 ET - log_alerts - INFO - Scanning log file: /root/CascadeProjects/sports bot/football/logs/football_fetches_2025-04-30.log
2025-04-30 08:50:41 ET - log_alerts - INFO - Scanning log file: /root/CascadeProjects/sports bot/football/logs/football_fetches_2025-04-30.log
2025-04-30 08:51:41 ET - log_alerts - INFO - Scanning log file: /root/CascadeProjects/sports bot/football/logs/football_fetches_2025-04-30.log
2025-04-30 08:52:41 ET - log_alerts - INFO - Scanning log file: /root/CascadeProjects/sports bot/football/logs/football_fetches_2025-04-30.log
2025-04-30 08:53:41 ET - log_alerts - INFO - Scanning log file: /root/CascadeProjects/sports bot/football/logs/football_fetches_2025-04-30.log
2025-04-30 08:54:41 ET - log_alerts - INFO - Scanning log file: /root/CascadeProjects/sports bot/football/logs/football_fetches_2025-04-30.log
2025-04-30 08:55:41 ET - log_alerts - INFO - Scanning log file: /root/CascadeProjects/sports bot/football/logs/football_fetches_2025-04-30.log
2025-04-30 08:56:41 ET - log_alerts - INFO - Scanning log file: /root/CascadeProjects/sports bot/football/logs/football_fetches_2025-04-30.log
2025-04-30 08:57:41 ET - log_alerts - INFO - Scanning log file: /root/CascadeProjects/sports bot/football/logs/football_fetches_2025-04-30.log
2025-04-30 08:58:41 ET - log_alerts - INFO - Scanning log file: /root/CascadeProjects/sports bot/football/logs/football_fetches_2025-04-30.log
2025-04-30 08:59:41 ET - log_alerts - INFO - Scanning log file: /root/CascadeProjects/sports bot/football/logs/football_fetches_2025-04-30.log
2025-04-30 09:00:41 ET - log_alerts - INFO - Scanning log file: /root/CascadeProjects/sports bot/football/logs/football_fetches_2025-04-30.log
2025-04-30 09:01:41 ET - log_alerts - INFO - Scanning log file: /root/CascadeProjects/sports bot/football/logs/football_fetches_2025-04-30.log
2025-04-30 09:02:41 ET - log_alerts - INFO - Scanning log file: /root/CascadeProjects/sports bot/football/logs/football_fetches_2025-04-30.log
2025-04-30 09:03:41 ET - log_alerts - INFO - Scanning log file: /root/CascadeProjects/sports bot/football/logs/football_fetches_2025-04-30.log
2025-04-30 09:04:41 ET - log_alerts - INFO - Scanning log file: /root/CascadeProjects/sports bot/football/logs/football_fetches_2025-04-30.log
2025-04-30 09:05:41 ET - log_alerts - INFO - Scanning log file: /root/CascadeProjects/sports bot/football/logs/football_fetches_2025-04-30.log
2025-04-30 09:06:41 ET - log_alerts - INFO - Scanning log file: /root/CascadeProjects/sports bot/football/logs/football_fetches_2025-04-30.log
2025-04-30 09:07:41 ET - log_alerts - INFO - Scanning log file: /root/CascadeProjects/sports bot/football/logs/football_fetches_2025-04-30.log
2025-04-30 09:08:41 ET - log_alerts - INFO - Scanning log file: /root/CascadeProjects/sports bot/football/logs/football_fetches_2025-04-30.log
2025-04-30 09:09:41 ET - log_alerts - INFO - Scanning log file: /root/CascadeProjects/sports bot/football/logs/football_fetches_2025-04-30.log
2025-04-30 09:10:41 ET - log_alerts - INFO - Scanning log file: /root/CascadeProjects/sports bot/football/logs/football_fetches_2025-04-30.log
2025-04-30 09:11:41 ET - log_alerts - INFO - Scanning log file: /root/CascadeProjects/sports bot/football/logs/football_fetches_2025-04-30.log
2025-04-30 09:12:41 ET - log_alerts - INFO - Scanning log file: /root/CascadeProjects/sports bot/football/logs/football_fetches_2025-04-30.log
2025-04-30 09:13:41 ET - log_alerts - INFO - Scanning log file: /root/CascadeProjects/sports bot/football/logs/football_fetches_2025-04-30.log
2025-04-30 09:14:41 ET - log_alerts - INFO - Scanning log file: /root/CascadeProjects/sports bot/football/logs/football_fetches_2025-04-30.log
2025-04-30 09:15:41 ET - log_alerts - INFO - Scanning log file: /root/CascadeProjects/sports bot/football/logs/football_fetches_2025-04-30.log
2025-04-30 09:16:41 ET - log_alerts - INFO - Scanning log file: /root/CascadeProjects/sports bot/football/logs/football_fetches_2025-04-30.log
2025-04-30 09:17:41 ET - log_alerts - INFO - Scanning log file: /root/CascadeProjects/sports bot/football/logs/football_fetches_2025-04-30.log
2025-04-30 09:18:41 ET - log_alerts - INFO - Scanning log file: /root/CascadeProjects/sports bot/football/logs/football_fetches_2025-04-30.log
2025-04-30 09:19:41 ET - log_alerts - INFO - Scanning log file: /root/CascadeProjects/sports bot/football/logs/football_fetches_2025-04-30.log
2025-04-30 09:20:41 ET - log_alerts - INFO - Scanning log file: /root/CascadeProjects/sports bot/football/logs/football_fetches_2025-04-30.log
2025-04-30 09:21:41 ET - log_alerts - INFO - Scanning log file: /root/CascadeProjects/sports bot/football/logs/football_fetches_2025-04-30.log
2025-04-30 09:22:41 ET - log_alerts - INFO - Scanning log file: /root/CascadeProjects/sports bot/football/logs/football_fetches_2025-04-30.log
2025-04-30 09:23:41 ET - log_alerts - INFO - Scanning log file: /root/CascadeProjects/sports bot/football/logs/football_fetches_2025-04-30.log
2025-04-30 09:24:41 ET - log_alerts - INFO - Scanning log file: /root/CascadeProjects/sports bot/football/logs/football_fetches_2025-04-30.log
2025-04-30 09:25:41 ET - log_alerts - INFO - Scanning log file: /root/CascadeProjects/sports bot/football/logs/football_fetches_2025-04-30.log
2025-04-30 09:26:41 ET - log_alerts - INFO - Scanning log file: /root/CascadeProjects/sports bot/football/logs/football_fetches_2025-04-30.log
2025-04-30 09:27:41 ET - log_alerts - INFO - Scanning log file: /root/CascadeProjects/sports bot/football/logs/football_fetches_2025-04-30.log
2025-04-30 09:28:41 ET - log_alerts - INFO - Scanning log file: /root/CascadeProjects/sports bot/football/logs/football_fetches_2025-04-30.log
2025-04-30 09:29:41 ET - log_alerts - INFO - Scanning log file: /root/CascadeProjects/sports bot/football/logs/football_fetches_2025-04-30.log
2025-04-30 09:30:41 ET - log_alerts - INFO - Scanning log file: /root/CascadeProjects/sports bot/football/logs/football_fetches_2025-04-30.log
2025-04-30 09:31:41 ET - log_alerts - INFO - Scanning log file: /root/CascadeProjects/sports bot/football/logs/football_fetches_2025-04-30.log
2025-04-30 09:32:41 ET - log_alerts - INFO - Scanning log file: /root/CascadeProjects/sports bot/football/logs/football_fetches_2025-04-30.log
2025-04-30 09:33:41 ET - log_alerts - INFO - Scanning log file: /root/CascadeProjects/sports bot/football/logs/football_fetches_2025-04-30.log
2025-04-30 09:34:41 ET - log_alerts - INFO - Scanning log file: /root/CascadeProjects/sports bot/football/logs/football_fetches_2025-04-30.log
2025-04-30 09:35:41 ET - log_alerts - INFO - Scanning log file: /root/CascadeProjects/sports bot/football/logs/football_fetches_2025-04-30.log
2025-04-30 09:36:41 ET - log_alerts - INFO - Scanning log file: /root/CascadeProjects/sports bot/football/logs/football_fetches_2025-04-30.log
2025-04-30 09:37:41 ET - log_alerts - INFO - Scanning log file: /root/CascadeProjects/sports bot/football/logs/football_fetches_2025-04-30.log
2025-04-30 09:38:41 ET - log_alerts - INFO - Scanning log file: /root/CascadeProjects/sports bot/football/logs/football_fetches_2025-04-30.log
2025-04-30 09:39:41 ET - log_alerts - INFO - Scanning log file: /root/CascadeProjects/sports bot/football/logs/football_fetches_2025-04-30.log
2025-04-30 09:40:41 ET - log_alerts - INFO - Scanning log file: /root/CascadeProjects/sports bot/football/logs/football_fetches_2025-04-30.log
2025-04-30 09:41:41 ET - log_alerts - INFO - Scanning log file: /root/CascadeProjects/sports bot/football/logs/football_fetches_2025-04-30.log
2025-04-30 09:42:41 ET - log_alerts - INFO - Scanning log file: /root/CascadeProjects/sports bot/football/logs/football_fetches_2025-04-30.log
2025-04-30 09:43:41 ET - log_alerts - INFO - Scanning log file: /root/CascadeProjects/sports bot/football/logs/football_fetches_2025-04-30.log
2025-04-30 09:44:41 ET - log_alerts - INFO - Scanning log file: /root/CascadeProjects/sports bot/football/logs/football_fetches_2025-04-30.log
2025-04-30 09:45:41 ET - log_alerts - INFO - Scanning log file: /root/CascadeProjects/sports bot/football/logs/football_fetches_2025-04-30.log
2025-04-30 09:46:41 ET - log_alerts - INFO - Scanning log file: /root/CascadeProjects/sports bot/football/logs/football_fetches_2025-04-30.log
2025-04-30 09:47:41 ET - log_alerts - INFO - Scanning log file: /root/CascadeProjects/sports bot/football/logs/football_fetches_2025-04-30.log
2025-04-30 09:48:41 ET - log_alerts - INFO - Scanning log file: /root/CascadeProjects/sports bot/football/logs/football_fetches_2025-04-30.log
2025-04-30 09:49:41 ET - log_alerts - INFO - Scanning log file: /root/CascadeProjects/sports bot/football/logs/football_fetches_2025-04-30.log
2025-04-30 09:50:41 ET - log_alerts - INFO - Scanning log file: /root/CascadeProjects/sports bot/football/logs/football_fetches_2025-04-30.log
2025-04-30 09:51:41 ET - log_alerts - INFO - Scanning log file: /root/CascadeProjects/sports bot/football/logs/football_fetches_2025-04-30.log
2025-04-30 09:52:41 ET - log_alerts - INFO - Scanning log file: /root/CascadeProjects/sports bot/football/logs/football_fetches_2025-04-30.log
2025-04-30 09:53:41 ET - log_alerts - INFO - Scanning log file: /root/CascadeProjects/sports bot/football/logs/football_fetches_2025-04-30.log
2025-04-30 09:54:41 ET - log_alerts - INFO - Scanning log file: /root/CascadeProjects/sports bot/football/logs/football_fetches_2025-04-30.log
2025-04-30 09:55:41 ET - log_alerts - INFO - Scanning log file: /root/CascadeProjects/sports bot/football/logs/football_fetches_2025-04-30.log
2025-04-30 09:56:41 ET - log_alerts - INFO - Scanning log file: /root/CascadeProjects/sports bot/football/logs/football_fetches_2025-04-30.log
2025-04-30 09:57:41 ET - log_alerts - INFO - Scanning log file: /root/CascadeProjects/sports bot/football/logs/football_fetches_2025-04-30.log
2025-04-30 09:58:41 ET - log_alerts - INFO - Scanning log file: /root/CascadeProjects/sports bot/football/logs/football_fetches_2025-04-30.log
2025-04-30 09:59:41 ET - log_alerts - INFO - Scanning log file: /root/CascadeProjects/sports bot/football/logs/football_fetches_2025-04-30.log
2025-04-30 10:00:41 ET - log_alerts - INFO - Scanning log file: /root/CascadeProjects/sports bot/football/logs/football_fetches_2025-04-30.log
2025-04-30 10:01:41 ET - log_alerts - INFO - Scanning log file: /root/CascadeProjects/sports bot/football/logs/football_fetches_2025-04-30.log
2025-04-30 10:02:41 ET - log_alerts - INFO - Scanning log file: /root/CascadeProjects/sports bot/football/logs/football_fetches_2025-04-30.log
2025-04-30 10:03:41 ET - log_alerts - INFO - Scanning log file: /root/CascadeProjects/sports bot/football/logs/football_fetches_2025-04-30.log
2025-04-30 10:04:41 ET - log_alerts - INFO - Scanning log file: /root/CascadeProjects/sports bot/football/logs/football_fetches_2025-04-30.log
2025-04-30 10:05:41 ET - log_alerts - INFO - Scanning log file: /root/CascadeProjects/sports bot/football/logs/football_fetches_2025-04-30.log
2025-04-30 10:06:41 ET - log_alerts - INFO - Scanning log file: /root/CascadeProjects/sports bot/football/logs/football_fetches_2025-04-30.log
2025-04-30 10:07:41 ET - log_alerts - INFO - Scanning log file: /root/CascadeProjects/sports bot/football/logs/football_fetches_2025-04-30.log
2025-04-30 10:08:41 ET - log_alerts - INFO - Scanning log file: /root/CascadeProjects/sports bot/football/logs/football_fetches_2025-04-30.log
2025-04-30 10:09:41 ET - log_alerts - INFO - Scanning log file: /root/CascadeProjects/sports bot/football/logs/football_fetches_2025-04-30.log
2025-04-30 10:10:41 ET - log_alerts - INFO - Scanning log file: /root/CascadeProjects/sports bot/football/logs/football_fetches_2025-04-30.log
2025-04-30 10:11:41 ET - log_alerts - INFO - Scanning log file: /root/CascadeProjects/sports bot/football/logs/football_fetches_2025-04-30.log
2025-04-30 10:12:41 ET - log_alerts - INFO - Scanning log file: /root/CascadeProjects/sports bot/football/logs/football_fetches_2025-04-30.log
2025-04-30 10:13:41 ET - log_alerts - INFO - Scanning log file: /root/CascadeProjects/sports bot/football/logs/football_fetches_2025-04-30.log
2025-04-30 10:14:41 ET - log_alerts - INFO - Scanning log file: /root/CascadeProjects/sports bot/football/logs/football_fetches_2025-04-30.log
2025-04-30 10:15:41 ET - log_alerts - INFO - Scanning log file: /root/CascadeProjects/sports bot/football/logs/football_fetches_2025-04-30.log
2025-04-30 10:16:41 ET - log_alerts - INFO - Scanning log file: /root/CascadeProjects/sports bot/football/logs/football_fetches_2025-04-30.log
2025-04-30 10:17:41 ET - log_alerts - INFO - Scanning log file: /root/CascadeProjects/sports bot/football/logs/football_fetches_2025-04-30.log
2025-04-30 10:18:41 ET - log_alerts - INFO - Scanning log file: /root/CascadeProjects/sports bot/football/logs/football_fetches_2025-04-30.log
2025-04-30 10:19:41 ET - log_alerts - INFO - Scanning log file: /root/CascadeProjects/sports bot/football/logs/football_fetches_2025-04-30.log
2025-04-30 10:20:41 ET - log_alerts - INFO - Scanning log file: /root/CascadeProjects/sports bot/football/logs/football_fetches_2025-04-30.log
2025-04-30 10:21:41 ET - log_alerts - INFO - Scanning log file: /root/CascadeProjects/sports bot/football/logs/football_fetches_2025-04-30.log
2025-04-30 10:22:41 ET - log_alerts - INFO - Scanning log file: /root/CascadeProjects/sports bot/football/logs/football_fetches_2025-04-30.log
2025-04-30 10:23:41 ET - log_alerts - INFO - Scanning log file: /root/CascadeProjects/sports bot/football/logs/football_fetches_2025-04-30.log
2025-04-30 10:24:41 ET - log_alerts - INFO - Scanning log file: /root/CascadeProjects/sports bot/football/logs/football_fetches_2025-04-30.log
2025-04-30 10:25:41 ET - log_alerts - INFO - Scanning log file: /root/CascadeProjects/sports bot/football/logs/football_fetches_2025-04-30.log
2025-04-30 10:26:41 ET - log_alerts - INFO - Scanning log file: /root/CascadeProjects/sports bot/football/logs/football_fetches_2025-04-30.log
2025-04-30 10:27:41 ET - log_alerts - INFO - Scanning log file: /root/CascadeProjects/sports bot/football/logs/football_fetches_2025-04-30.log
2025-04-30 10:28:41 ET - log_alerts - INFO - Scanning log file: /root/CascadeProjects/sports bot/football/logs/football_fetches_2025-04-30.log
2025-04-30 10:29:41 ET - log_alerts - INFO - Scanning log file: /root/CascadeProjects/sports bot/football/logs/football_fetches_2025-04-30.log
2025-04-30 10:30:41 ET - log_alerts - INFO - Scanning log file: /root/CascadeProjects/sports bot/football/logs/football_fetches_2025-04-30.log
2025-04-30 10:31:41 ET - log_alerts - INFO - Scanning log file: /root/CascadeProjects/sports bot/football/logs/football_fetches_2025-04-30.log
2025-04-30 10:32:41 ET - log_alerts - INFO - Scanning log file: /root/CascadeProjects/sports bot/football/logs/football_fetches_2025-04-30.log
2025-04-30 10:33:41 ET - log_alerts - INFO - Scanning log file: /root/CascadeProjects/sports bot/football/logs/football_fetches_2025-04-30.log
2025-04-30 10:34:41 ET - log_alerts - INFO - Scanning log file: /root/CascadeProjects/sports bot/football/logs/football_fetches_2025-04-30.log
2025-04-30 10:35:41 ET - log_alerts - INFO - Scanning log file: /root/CascadeProjects/sports bot/football/logs/football_fetches_2025-04-30.log
2025-04-30 10:36:41 ET - log_alerts - INFO - Scanning log file: /root/CascadeProjects/sports bot/football/logs/football_fetches_2025-04-30.log
2025-04-30 10:37:41 ET - log_alerts - INFO - Scanning log file: /root/CascadeProjects/sports bot/football/logs/football_fetches_2025-04-30.log
2025-04-30 10:38:41 ET - log_alerts - INFO - Scanning log file: /root/CascadeProjects/sports bot/football/logs/football_fetches_2025-04-30.log
2025-04-30 10:39:41 ET - log_alerts - INFO - Scanning log file: /root/CascadeProjects/sports bot/football/logs/football_fetches_2025-04-30.log
2025-04-30 10:40:41 ET - log_alerts - INFO - Scanning log file: /root/CascadeProjects/sports bot/football/logs/football_fetches_2025-04-30.log
2025-04-30 10:41:41 ET - log_alerts - INFO - Scanning log file: /root/CascadeProjects/sports bot/football/logs/football_fetches_2025-04-30.log
2025-04-30 10:42:41 ET - log_alerts - INFO - Scanning log file: /root/CascadeProjects/sports bot/football/logs/football_fetches_2025-04-30.log
2025-04-30 10:43:41 ET - log_alerts - INFO - Scanning log file: /root/CascadeProjects/sports bot/football/logs/football_fetches_2025-04-30.log
2025-04-30 10:44:41 ET - log_alerts - INFO - Scanning log file: /root/CascadeProjects/sports bot/football/logs/football_fetches_2025-04-30.log
2025-04-30 10:45:41 ET - log_alerts - INFO - Scanning log file: /root/CascadeProjects/sports bot/football/logs/football_fetches_2025-04-30.log
2025-04-30 10:46:41 ET - log_alerts - INFO - Scanning log file: /root/CascadeProjects/sports bot/football/logs/football_fetches_2025-04-30.log
2025-04-30 10:47:41 ET - log_alerts - INFO - Scanning log file: /root/CascadeProjects/sports bot/football/logs/football_fetches_2025-04-30.log
2025-04-30 10:48:41 ET - log_alerts - INFO - Scanning log file: /root/CascadeProjects/sports bot/football/logs/football_fetches_2025-04-30.log
2025-04-30 10:49:41 ET - log_alerts - INFO - Scanning log file: /root/CascadeProjects/sports bot/football/logs/football_fetches_2025-04-30.log
2025-04-30 10:50:41 ET - log_alerts - INFO - Scanning log file: /root/CascadeProjects/sports bot/football/logs/football_fetches_2025-04-30.log
2025-04-30 10:51:41 ET - log_alerts - INFO - Scanning log file: /root/CascadeProjects/sports bot/football/logs/football_fetches_2025-04-30.log
2025-04-30 10:52:41 ET - log_alerts - INFO - Scanning log file: /root/CascadeProjects/sports bot/football/logs/football_fetches_2025-04-30.log
2025-04-30 10:53:41 ET - log_alerts - INFO - Scanning log file: /root/CascadeProjects/sports bot/football/logs/football_fetches_2025-04-30.log
2025-04-30 10:54:41 ET - log_alerts - INFO - Scanning log file: /root/CascadeProjects/sports bot/football/logs/football_fetches_2025-04-30.log
2025-04-30 10:55:41 ET - log_alerts - INFO - Scanning log file: /root/CascadeProjects/sports bot/football/logs/football_fetches_2025-04-30.log
2025-04-30 10:56:41 ET - log_alerts - INFO - Scanning log file: /root/CascadeProjects/sports bot/football/logs/football_fetches_2025-04-30.log
2025-04-30 10:57:41 ET - log_alerts - INFO - Scanning log file: /root/CascadeProjects/sports bot/football/logs/football_fetches_2025-04-30.log
2025-04-30 10:58:41 ET - log_alerts - INFO - Scanning log file: /root/CascadeProjects/sports bot/football/logs/football_fetches_2025-04-30.log
2025-04-30 10:59:41 ET - log_alerts - INFO - Scanning log file: /root/CascadeProjects/sports bot/football/logs/football_fetches_2025-04-30.log
2025-04-30 11:00:41 ET - log_alerts - INFO - Scanning log file: /root/CascadeProjects/sports bot/football/logs/football_fetches_2025-04-30.log
2025-04-30 11:01:41 ET - log_alerts - INFO - Scanning log file: /root/CascadeProjects/sports bot/football/logs/football_fetches_2025-04-30.log
2025-04-30 11:02:41 ET - log_alerts - INFO - Scanning log file: /root/CascadeProjects/sports bot/football/logs/football_fetches_2025-04-30.log
2025-04-30 11:03:41 ET - log_alerts - INFO - Scanning log file: /root/CascadeProjects/sports bot/football/logs/football_fetches_2025-04-30.log
2025-04-30 11:04:41 ET - log_alerts - INFO - Scanning log file: /root/CascadeProjects/sports bot/football/logs/football_fetches_2025-04-30.log
2025-04-30 11:05:41 ET - log_alerts - INFO - Scanning log file: /root/CascadeProjects/sports bot/football/logs/football_fetches_2025-04-30.log
2025-04-30 11:06:41 ET - log_alerts - INFO - Scanning log file: /root/CascadeProjects/sports bot/football/logs/football_fetches_2025-04-30.log
2025-04-30 11:07:41 ET - log_alerts - INFO - Scanning log file: /root/CascadeProjects/sports bot/football/logs/football_fetches_2025-04-30.log
2025-04-30 11:08:41 ET - log_alerts - INFO - Scanning log file: /root/CascadeProjects/sports bot/football/logs/football_fetches_2025-04-30.log
2025-04-30 11:09:41 ET - log_alerts - INFO - Scanning log file: /root/CascadeProjects/sports bot/football/logs/football_fetches_2025-04-30.log
2025-04-30 11:10:41 ET - log_alerts - INFO - Scanning log file: /root/CascadeProjects/sports bot/football/logs/football_fetches_2025-04-30.log
2025-04-30 11:11:41 ET - log_alerts - INFO - Scanning log file: /root/CascadeProjects/sports bot/football/logs/football_fetches_2025-04-30.log
2025-04-30 11:12:41 ET - log_alerts - INFO - Scanning log file: /root/CascadeProjects/sports bot/football/logs/football_fetches_2025-04-30.log
2025-04-30 11:13:41 ET - log_alerts - INFO - Scanning log file: /root/CascadeProjects/sports bot/football/logs/football_fetches_2025-04-30.log
2025-04-30 11:14:41 ET - log_alerts - INFO - Scanning log file: /root/CascadeProjects/sports bot/football/logs/football_fetches_2025-04-30.log
2025-04-30 11:15:41 ET - log_alerts - INFO - Scanning log file: /root/CascadeProjects/sports bot/football/logs/football_fetches_2025-04-30.log
2025-04-30 11:16:41 ET - log_alerts - INFO - Scanning log file: /root/CascadeProjects/sports bot/football/logs/football_fetches_2025-04-30.log
2025-04-30 11:17:41 ET - log_alerts - INFO - Scanning log file: /root/CascadeProjects/sports bot/football/logs/football_fetches_2025-04-30.log
2025-04-30 11:18:41 ET - log_alerts - INFO - Scanning log file: /root/CascadeProjects/sports bot/football/logs/football_fetches_2025-04-30.log
2025-04-30 11:19:41 ET - log_alerts - INFO - Scanning log file: /root/CascadeProjects/sports bot/football/logs/football_fetches_2025-04-30.log
2025-04-30 11:20:41 ET - log_alerts - INFO - Scanning log file: /root/CascadeProjects/sports bot/football/logs/football_fetches_2025-04-30.log
2025-04-30 11:21:41 ET - log_alerts - INFO - Scanning log file: /root/CascadeProjects/sports bot/football/logs/football_fetches_2025-04-30.log
2025-04-30 11:22:41 ET - log_alerts - INFO - Scanning log file: /root/CascadeProjects/sports bot/football/logs/football_fetches_2025-04-30.log
2025-04-30 11:23:41 ET - log_alerts - INFO - Scanning log file: /root/CascadeProjects/sports bot/football/logs/football_fetches_2025-04-30.log
2025-04-30 11:24:41 ET - log_alerts - INFO - Scanning log file: /root/CascadeProjects/sports bot/football/logs/football_fetches_2025-04-30.log
2025-04-30 11:25:41 ET - log_alerts - INFO - Scanning log file: /root/CascadeProjects/sports bot/football/logs/football_fetches_2025-04-30.log
2025-04-30 11:26:41 ET - log_alerts - INFO - Scanning log file: /root/CascadeProjects/sports bot/football/logs/football_fetches_2025-04-30.log
2025-04-30 11:27:41 ET - log_alerts - INFO - Scanning log file: /root/CascadeProjects/sports bot/football/logs/football_fetches_2025-04-30.log
2025-04-30 11:28:41 ET - log_alerts - INFO - Scanning log file: /root/CascadeProjects/sports bot/football/logs/football_fetches_2025-04-30.log
2025-04-30 11:29:41 ET - log_alerts - INFO - Scanning log file: /root/CascadeProjects/sports bot/football/logs/football_fetches_2025-04-30.log
2025-04-30 11:30:41 ET - log_alerts - INFO - Scanning log file: /root/CascadeProjects/sports bot/football/logs/football_fetches_2025-04-30.log
2025-04-30 11:31:41 ET - log_alerts - INFO - Scanning log file: /root/CascadeProjects/sports bot/football/logs/football_fetches_2025-04-30.log
2025-04-30 11:32:41 ET - log_alerts - INFO - Scanning log file: /root/CascadeProjects/sports bot/football/logs/football_fetches_2025-04-30.log
2025-04-30 11:33:41 ET - log_alerts - INFO - Scanning log file: /root/CascadeProjects/sports bot/football/logs/football_fetches_2025-04-30.log
2025-04-30 11:34:41 ET - log_alerts - INFO - Scanning log file: /root/CascadeProjects/sports bot/football/logs/football_fetches_2025-04-30.log
2025-04-30 11:35:41 ET - log_alerts - INFO - Scanning log file: /root/CascadeProjects/sports bot/football/logs/football_fetches_2025-04-30.log
2025-04-30 11:36:41 ET - log_alerts - INFO - Scanning log file: /root/CascadeProjects/sports bot/football/logs/football_fetches_2025-04-30.log
2025-04-30 11:37:41 ET - log_alerts - INFO - Scanning log file: /root/CascadeProjects/sports bot/football/logs/football_fetches_2025-04-30.log
2025-04-30 11:38:41 ET - log_alerts - INFO - Scanning log file: /root/CascadeProjects/sports bot/football/logs/football_fetches_2025-04-30.log
2025-04-30 11:39:41 ET - log_alerts - INFO - Scanning log file: /root/CascadeProjects/sports bot/football/logs/football_fetches_2025-04-30.log
2025-04-30 11:40:41 ET - log_alerts - INFO - Scanning log file: /root/CascadeProjects/sports bot/football/logs/football_fetches_2025-04-30.log
2025-04-30 11:41:41 ET - log_alerts - INFO - Scanning log file: /root/CascadeProjects/sports bot/football/logs/football_fetches_2025-04-30.log
2025-04-30 11:42:41 ET - log_alerts - INFO - Scanning log file: /root/CascadeProjects/sports bot/football/logs/football_fetches_2025-04-30.log
2025-04-30 11:43:41 ET - log_alerts - INFO - Scanning log file: /root/CascadeProjects/sports bot/football/logs/football_fetches_2025-04-30.log
2025-04-30 11:44:41 ET - log_alerts - INFO - Scanning log file: /root/CascadeProjects/sports bot/football/logs/football_fetches_2025-04-30.log
2025-04-30 11:45:41 ET - log_alerts - INFO - Scanning log file: /root/CascadeProjects/sports bot/football/logs/football_fetches_2025-04-30.log
2025-04-30 11:46:41 ET - log_alerts - INFO - Scanning log file: /root/CascadeProjects/sports bot/football/logs/football_fetches_2025-04-30.log
2025-04-30 11:47:41 ET - log_alerts - INFO - Scanning log file: /root/CascadeProjects/sports bot/football/logs/football_fetches_2025-04-30.log
2025-04-30 11:48:41 ET - log_alerts - INFO - Scanning log file: /root/CascadeProjects/sports bot/football/logs/football_fetches_2025-04-30.log
2025-04-30 11:49:41 ET - log_alerts - INFO - Scanning log file: /root/CascadeProjects/sports bot/football/logs/football_fetches_2025-04-30.log
2025-04-30 11:50:41 ET - log_alerts - INFO - Scanning log file: /root/CascadeProjects/sports bot/football/logs/football_fetches_2025-04-30.log
2025-04-30 11:51:41 ET - log_alerts - INFO - Scanning log file: /root/CascadeProjects/sports bot/football/logs/football_fetches_2025-04-30.log
2025-04-30 11:52:41 ET - log_alerts - INFO - Scanning log file: /root/CascadeProjects/sports bot/football/logs/football_fetches_2025-04-30.log
2025-04-30 11:53:41 ET - log_alerts - INFO - Scanning log file: /root/CascadeProjects/sports bot/football/logs/football_fetches_2025-04-30.log
2025-04-30 11:54:41 ET - log_alerts - INFO - Scanning log file: /root/CascadeProjects/sports bot/football/logs/football_fetches_2025-04-30.log
2025-04-30 11:55:41 ET - log_alerts - INFO - Scanning log file: /root/CascadeProjects/sports bot/football/logs/football_fetches_2025-04-30.log
2025-04-30 11:56:41 ET - log_alerts - INFO - Scanning log file: /root/CascadeProjects/sports bot/football/logs/football_fetches_2025-04-30.log
2025-04-30 11:57:41 ET - log_alerts - INFO - Scanning log file: /root/CascadeProjects/sports bot/football/logs/football_fetches_2025-04-30.log
2025-04-30 11:58:41 ET - log_alerts - INFO - Scanning log file: /root/CascadeProjects/sports bot/football/logs/football_fetches_2025-04-30.log
2025-04-30 11:59:41 ET - log_alerts - INFO - Scanning log file: /root/CascadeProjects/sports bot/football/logs/football_fetches_2025-04-30.log
2025-04-30 12:00:41 ET - log_alerts - INFO - Scanning log file: /root/CascadeProjects/sports bot/football/logs/football_fetches_2025-04-30.log
2025-04-30 12:01:41 ET - log_alerts - INFO - Scanning log file: /root/CascadeProjects/sports bot/football/logs/football_fetches_2025-04-30.log
2025-04-30 12:02:41 ET - log_alerts - INFO - Scanning log file: /root/CascadeProjects/sports bot/football/logs/football_fetches_2025-04-30.log
2025-04-30 12:03:41 ET - log_alerts - INFO - Scanning log file: /root/CascadeProjects/sports bot/football/logs/football_fetches_2025-04-30.log
2025-04-30 12:04:41 ET - log_alerts - INFO - Scanning log file: /root/CascadeProjects/sports bot/football/logs/football_fetches_2025-04-30.log
2025-04-30 12:05:41 ET - log_alerts - INFO - Scanning log file: /root/CascadeProjects/sports bot/football/logs/football_fetches_2025-04-30.log
2025-04-30 12:06:41 ET - log_alerts - INFO - Scanning log file: /root/CascadeProjects/sports bot/football/logs/football_fetches_2025-04-30.log
2025-04-30 12:07:41 ET - log_alerts - INFO - Scanning log file: /root/CascadeProjects/sports bot/football/logs/football_fetches_2025-04-30.log
2025-04-30 12:08:41 ET - log_alerts - INFO - Scanning log file: /root/CascadeProjects/sports bot/football/logs/football_fetches_2025-04-30.log
2025-04-30 12:09:41 ET - log_alerts - INFO - Scanning log file: /root/CascadeProjects/sports bot/football/logs/football_fetches_2025-04-30.log
2025-04-30 12:10:41 ET - log_alerts - INFO - Scanning log file: /root/CascadeProjects/sports bot/football/logs/football_fetches_2025-04-30.log
2025-04-30 12:11:41 ET - log_alerts - INFO - Scanning log file: /root/CascadeProjects/sports bot/football/logs/football_fetches_2025-04-30.log
2025-04-30 12:12:41 ET - log_alerts - INFO - Scanning log file: /root/CascadeProjects/sports bot/football/logs/football_fetches_2025-04-30.log
2025-04-30 12:13:41 ET - log_alerts - INFO - Scanning log file: /root/CascadeProjects/sports bot/football/logs/football_fetches_2025-04-30.log
2025-04-30 12:14:41 ET - log_alerts - INFO - Scanning log file: /root/CascadeProjects/sports bot/football/logs/football_fetches_2025-04-30.log
2025-04-30 12:15:41 ET - log_alerts - INFO - Scanning log file: /root/CascadeProjects/sports bot/football/logs/football_fetches_2025-04-30.log
2025-04-30 12:16:41 ET - log_alerts - INFO - Scanning log file: /root/CascadeProjects/sports bot/football/logs/football_fetches_2025-04-30.log
2025-04-30 12:17:41 ET - log_alerts - INFO - Scanning log file: /root/CascadeProjects/sports bot/football/logs/football_fetches_2025-04-30.log
2025-04-30 12:18:41 ET - log_alerts - INFO - Scanning log file: /root/CascadeProjects/sports bot/football/logs/football_fetches_2025-04-30.log
2025-04-30 12:19:41 ET - log_alerts - INFO - Scanning log file: /root/CascadeProjects/sports bot/football/logs/football_fetches_2025-04-30.log
2025-04-30 12:20:41 ET - log_alerts - INFO - Scanning log file: /root/CascadeProjects/sports bot/football/logs/football_fetches_2025-04-30.log
2025-04-30 12:21:41 ET - log_alerts - INFO - Scanning log file: /root/CascadeProjects/sports bot/football/logs/football_fetches_2025-04-30.log
2025-04-30 12:22:41 ET - log_alerts - INFO - Scanning log file: /root/CascadeProjects/sports bot/football/logs/football_fetches_2025-04-30.log
2025-04-30 12:23:41 ET - log_alerts - INFO - Scanning log file: /root/CascadeProjects/sports bot/football/logs/football_fetches_2025-04-30.log
2025-04-30 12:24:41 ET - log_alerts - INFO - Scanning log file: /root/CascadeProjects/sports bot/football/logs/football_fetches_2025-04-30.log
2025-04-30 12:25:41 ET - log_alerts - INFO - Scanning log file: /root/CascadeProjects/sports bot/football/logs/football_fetches_2025-04-30.log
2025-04-30 12:26:41 ET - log_alerts - INFO - Scanning log file: /root/CascadeProjects/sports bot/football/logs/football_fetches_2025-04-30.log
2025-04-30 12:27:41 ET - log_alerts - INFO - Scanning log file: /root/CascadeProjects/sports bot/football/logs/football_fetches_2025-04-30.log
2025-04-30 12:28:41 ET - log_alerts - INFO - Scanning log file: /root/CascadeProjects/sports bot/football/logs/football_fetches_2025-04-30.log
2025-04-30 12:29:41 ET - log_alerts - INFO - Scanning log file: /root/CascadeProjects/sports bot/football/logs/football_fetches_2025-04-30.log
2025-04-30 12:30:41 ET - log_alerts - INFO - Scanning log file: /root/CascadeProjects/sports bot/football/logs/football_fetches_2025-04-30.log
2025-04-30 12:31:41 ET - log_alerts - INFO - Scanning log file: /root/CascadeProjects/sports bot/football/logs/football_fetches_2025-04-30.log
2025-04-30 12:32:41 ET - log_alerts - INFO - Scanning log file: /root/CascadeProjects/sports bot/football/logs/football_fetches_2025-04-30.log
2025-04-30 12:33:41 ET - log_alerts - INFO - Scanning log file: /root/CascadeProjects/sports bot/football/logs/football_fetches_2025-04-30.log
2025-04-30 12:34:41 ET - log_alerts - INFO - Scanning log file: /root/CascadeProjects/sports bot/football/logs/football_fetches_2025-04-30.log
2025-04-30 12:35:41 ET - log_alerts - INFO - Scanning log file: /root/CascadeProjects/sports bot/football/logs/football_fetches_2025-04-30.log
2025-04-30 12:36:41 ET - log_alerts - INFO - Scanning log file: /root/CascadeProjects/sports bot/football/logs/football_fetches_2025-04-30.log
2025-04-30 12:37:41 ET - log_alerts - INFO - Scanning log file: /root/CascadeProjects/sports bot/football/logs/football_fetches_2025-04-30.log
2025-04-30 12:38:41 ET - log_alerts - INFO - Scanning log file: /root/CascadeProjects/sports bot/football/logs/football_fetches_2025-04-30.log
2025-04-30 12:39:41 ET - log_alerts - INFO - Scanning log file: /root/CascadeProjects/sports bot/football/logs/football_fetches_2025-04-30.log
2025-04-30 12:40:41 ET - log_alerts - INFO - Scanning log file: /root/CascadeProjects/sports bot/football/logs/football_fetches_2025-04-30.log
2025-04-30 12:41:41 ET - log_alerts - INFO - Scanning log file: /root/CascadeProjects/sports bot/football/logs/football_fetches_2025-04-30.log
2025-04-30 12:42:41 ET - log_alerts - INFO - Scanning log file: /root/CascadeProjects/sports bot/football/logs/football_fetches_2025-04-30.log
2025-04-30 12:43:41 ET - log_alerts - INFO - Scanning log file: /root/CascadeProjects/sports bot/football/logs/football_fetches_2025-04-30.log
2025-04-30 12:44:41 ET - log_alerts - INFO - Scanning log file: /root/CascadeProjects/sports bot/football/logs/football_fetches_2025-04-30.log
2025-04-30 12:45:41 ET - log_alerts - INFO - Scanning log file: /root/CascadeProjects/sports bot/football/logs/football_fetches_2025-04-30.log
2025-04-30 12:46:41 ET - log_alerts - INFO - Scanning log file: /root/CascadeProjects/sports bot/football/logs/football_fetches_2025-04-30.log
2025-04-30 12:47:41 ET - log_alerts - INFO - Scanning log file: /root/CascadeProjects/sports bot/football/logs/football_fetches_2025-04-30.log
2025-04-30 12:48:41 ET - log_alerts - INFO - Scanning log file: /root/CascadeProjects/sports bot/football/logs/football_fetches_2025-04-30.log
2025-04-30 12:49:41 ET - log_alerts - INFO - Scanning log file: /root/CascadeProjects/sports bot/football/logs/football_fetches_2025-04-30.log
2025-04-30 12:50:41 ET - log_alerts - INFO - Scanning log file: /root/CascadeProjects/sports bot/football/logs/football_fetches_2025-04-30.log
2025-04-30 12:51:41 ET - log_alerts - INFO - Scanning log file: /root/CascadeProjects/sports bot/football/logs/football_fetches_2025-04-30.log
2025-04-30 12:52:41 ET - log_alerts - INFO - Scanning log file: /root/CascadeProjects/sports bot/football/logs/football_fetches_2025-04-30.log
2025-04-30 12:53:41 ET - log_alerts - INFO - Scanning log file: /root/CascadeProjects/sports bot/football/logs/football_fetches_2025-04-30.log
2025-04-30 12:54:41 ET - log_alerts - INFO - Scanning log file: /root/CascadeProjects/sports bot/football/logs/football_fetches_2025-04-30.log
2025-04-30 12:55:41 ET - log_alerts - INFO - Scanning log file: /root/CascadeProjects/sports bot/football/logs/football_fetches_2025-04-30.log
2025-04-30 12:56:41 ET - log_alerts - INFO - Scanning log file: /root/CascadeProjects/sports bot/football/logs/football_fetches_2025-04-30.log
2025-04-30 12:57:41 ET - log_alerts - INFO - Scanning log file: /root/CascadeProjects/sports bot/football/logs/football_fetches_2025-04-30.log
2025-04-30 12:58:41 ET - log_alerts - INFO - Scanning log file: /root/CascadeProjects/sports bot/football/logs/football_fetches_2025-04-30.log
2025-04-30 12:59:41 ET - log_alerts - INFO - Scanning log file: /root/CascadeProjects/sports bot/football/logs/football_fetches_2025-04-30.log
2025-04-30 13:00:41 ET - log_alerts - INFO - Scanning log file: /root/CascadeProjects/sports bot/football/logs/football_fetches_2025-04-30.log
2025-04-30 13:01:41 ET - log_alerts - INFO - Scanning log file: /root/CascadeProjects/sports bot/football/logs/football_fetches_2025-04-30.log
2025-04-30 13:02:41 ET - log_alerts - INFO - Scanning log file: /root/CascadeProjects/sports bot/football/logs/football_fetches_2025-04-30.log
2025-04-30 13:03:41 ET - log_alerts - INFO - Scanning log file: /root/CascadeProjects/sports bot/football/logs/football_fetches_2025-04-30.log
2025-04-30 13:04:41 ET - log_alerts - INFO - Scanning log file: /root/CascadeProjects/sports bot/football/logs/football_fetches_2025-04-30.log
2025-04-30 13:05:41 ET - log_alerts - INFO - Scanning log file: /root/CascadeProjects/sports bot/football/logs/football_fetches_2025-04-30.log
2025-04-30 13:06:41 ET - log_alerts - INFO - Scanning log file: /root/CascadeProjects/sports bot/football/logs/football_fetches_2025-04-30.log
2025-04-30 13:07:41 ET - log_alerts - INFO - Scanning log file: /root/CascadeProjects/sports bot/football/logs/football_fetches_2025-04-30.log
2025-04-30 13:08:41 ET - log_alerts - INFO - Scanning log file: /root/CascadeProjects/sports bot/football/logs/football_fetches_2025-04-30.log
2025-04-30 13:09:41 ET - log_alerts - INFO - Scanning log file: /root/CascadeProjects/sports bot/football/logs/football_fetches_2025-04-30.log
2025-04-30 13:10:41 ET - log_alerts - INFO - Scanning log file: /root/CascadeProjects/sports bot/football/logs/football_fetches_2025-04-30.log
2025-04-30 13:11:41 ET - log_alerts - INFO - Scanning log file: /root/CascadeProjects/sports bot/football/logs/football_fetches_2025-04-30.log
2025-04-30 13:12:41 ET - log_alerts - INFO - Scanning log file: /root/CascadeProjects/sports bot/football/logs/football_fetches_2025-04-30.log
2025-04-30 13:13:41 ET - log_alerts - INFO - Scanning log file: /root/CascadeProjects/sports bot/football/logs/football_fetches_2025-04-30.log
2025-04-30 13:14:41 ET - log_alerts - INFO - Scanning log file: /root/CascadeProjects/sports bot/football/logs/football_fetches_2025-04-30.log
2025-04-30 13:15:41 ET - log_alerts - INFO - Scanning log file: /root/CascadeProjects/sports bot/football/logs/football_fetches_2025-04-30.log
2025-04-30 13:16:41 ET - log_alerts - INFO - Scanning log file: /root/CascadeProjects/sports bot/football/logs/football_fetches_2025-04-30.log
2025-04-30 13:17:41 ET - log_alerts - INFO - Scanning log file: /root/CascadeProjects/sports bot/football/logs/football_fetches_2025-04-30.log
2025-04-30 13:18:41 ET - log_alerts - INFO - Scanning log file: /root/CascadeProjects/sports bot/football/logs/football_fetches_2025-04-30.log
2025-04-30 13:19:41 ET - log_alerts - INFO - Scanning log file: /root/CascadeProjects/sports bot/football/logs/football_fetches_2025-04-30.log
2025-04-30 13:20:41 ET - log_alerts - INFO - Scanning log file: /root/CascadeProjects/sports bot/football/logs/football_fetches_2025-04-30.log
2025-04-30 13:21:41 ET - log_alerts - INFO - Scanning log file: /root/CascadeProjects/sports bot/football/logs/football_fetches_2025-04-30.log
2025-04-30 13:22:41 ET - log_alerts - INFO - Scanning log file: /root/CascadeProjects/sports bot/football/logs/football_fetches_2025-04-30.log
2025-04-30 13:23:41 ET - log_alerts - INFO - Scanning log file: /root/CascadeProjects/sports bot/football/logs/football_fetches_2025-04-30.log
2025-04-30 13:24:41 ET - log_alerts - INFO - Scanning log file: /root/CascadeProjects/sports bot/football/logs/football_fetches_2025-04-30.log
2025-04-30 13:25:41 ET - log_alerts - INFO - Scanning log file: /root/CascadeProjects/sports bot/football/logs/football_fetches_2025-04-30.log
2025-04-30 13:26:41 ET - log_alerts - INFO - Scanning log file: /root/CascadeProjects/sports bot/football/logs/football_fetches_2025-04-30.log
2025-04-30 13:27:41 ET - log_alerts - INFO - Scanning log file: /root/CascadeProjects/sports bot/football/logs/football_fetches_2025-04-30.log
2025-04-30 13:28:41 ET - log_alerts - INFO - Scanning log file: /root/CascadeProjects/sports bot/football/logs/football_fetches_2025-04-30.log
2025-04-30 13:29:41 ET - log_alerts - INFO - Scanning log file: /root/CascadeProjects/sports bot/football/logs/football_fetches_2025-04-30.log
2025-04-30 13:30:41 ET - log_alerts - INFO - Scanning log file: /root/CascadeProjects/sports bot/football/logs/football_fetches_2025-04-30.log
2025-04-30 13:31:41 ET - log_alerts - INFO - Scanning log file: /root/CascadeProjects/sports bot/football/logs/football_fetches_2025-04-30.log
2025-04-30 13:32:41 ET - log_alerts - INFO - Scanning log file: /root/CascadeProjects/sports bot/football/logs/football_fetches_2025-04-30.log
2025-04-30 13:33:41 ET - log_alerts - INFO - Scanning log file: /root/CascadeProjects/sports bot/football/logs/football_fetches_2025-04-30.log
2025-04-30 13:34:41 ET - log_alerts - INFO - Scanning log file: /root/CascadeProjects/sports bot/football/logs/football_fetches_2025-04-30.log
2025-04-30 13:35:41 ET - log_alerts - INFO - Scanning log file: /root/CascadeProjects/sports bot/football/logs/football_fetches_2025-04-30.log
2025-04-30 13:36:41 ET - log_alerts - INFO - Scanning log file: /root/CascadeProjects/sports bot/football/logs/football_fetches_2025-04-30.log
2025-04-30 13:37:41 ET - log_alerts - INFO - Scanning log file: /root/CascadeProjects/sports bot/football/logs/football_fetches_2025-04-30.log
2025-04-30 13:38:41 ET - log_alerts - INFO - Scanning log file: /root/CascadeProjects/sports bot/football/logs/football_fetches_2025-04-30.log
2025-04-30 13:39:41 ET - log_alerts - INFO - Scanning log file: /root/CascadeProjects/sports bot/football/logs/football_fetches_2025-04-30.log
2025-04-30 13:40:41 ET - log_alerts - INFO - Scanning log file: /root/CascadeProjects/sports bot/football/logs/football_fetches_2025-04-30.log
2025-04-30 13:41:41 ET - log_alerts - INFO - Scanning log file: /root/CascadeProjects/sports bot/football/logs/football_fetches_2025-04-30.log
2025-04-30 13:42:41 ET - log_alerts - INFO - Scanning log file: /root/CascadeProjects/sports bot/football/logs/football_fetches_2025-04-30.log
2025-04-30 13:43:41 ET - log_alerts - INFO - Scanning log file: /root/CascadeProjects/sports bot/football/logs/football_fetches_2025-04-30.log
2025-04-30 13:44:41 ET - log_alerts - INFO - Scanning log file: /root/CascadeProjects/sports bot/football/logs/football_fetches_2025-04-30.log
2025-04-30 13:45:41 ET - log_alerts - INFO - Scanning log file: /root/CascadeProjects/sports bot/football/logs/football_fetches_2025-04-30.log
2025-04-30 13:46:41 ET - log_alerts - INFO - Scanning log file: /root/CascadeProjects/sports bot/football/logs/football_fetches_2025-04-30.log
2025-04-30 13:47:41 ET - log_alerts - INFO - Scanning log file: /root/CascadeProjects/sports bot/football/logs/football_fetches_2025-04-30.log
2025-04-30 13:48:41 ET - log_alerts - INFO - Scanning log file: /root/CascadeProjects/sports bot/football/logs/football_fetches_2025-04-30.log
2025-04-30 13:49:41 ET - log_alerts - INFO - Scanning log file: /root/CascadeProjects/sports bot/football/logs/football_fetches_2025-04-30.log
2025-04-30 13:50:41 ET - log_alerts - INFO - Scanning log file: /root/CascadeProjects/sports bot/football/logs/football_fetches_2025-04-30.log
2025-04-30 13:51:41 ET - log_alerts - INFO - Scanning log file: /root/CascadeProjects/sports bot/football/logs/football_fetches_2025-04-30.log
2025-04-30 13:52:41 ET - log_alerts - INFO - Scanning log file: /root/CascadeProjects/sports bot/football/logs/football_fetches_2025-04-30.log
2025-04-30 13:53:41 ET - log_alerts - INFO - Scanning log file: /root/CascadeProjects/sports bot/football/logs/football_fetches_2025-04-30.log
2025-04-30 13:54:41 ET - log_alerts - INFO - Scanning log file: /root/CascadeProjects/sports bot/football/logs/football_fetches_2025-04-30.log
2025-04-30 13:55:41 ET - log_alerts - INFO - Scanning log file: /root/CascadeProjects/sports bot/football/logs/football_fetches_2025-04-30.log
2025-04-30 13:56:41 ET - log_alerts - INFO - Scanning log file: /root/CascadeProjects/sports bot/football/logs/football_fetches_2025-04-30.log
2025-04-30 13:57:41 ET - log_alerts - INFO - Scanning log file: /root/CascadeProjects/sports bot/football/logs/football_fetches_2025-04-30.log
2025-04-30 13:58:41 ET - log_alerts - INFO - Scanning log file: /root/CascadeProjects/sports bot/football/logs/football_fetches_2025-04-30.log
2025-04-30 13:59:41 ET - log_alerts - INFO - Scanning log file: /root/CascadeProjects/sports bot/football/logs/football_fetches_2025-04-30.log
2025-04-30 14:00:41 ET - log_alerts - INFO - Scanning log file: /root/CascadeProjects/sports bot/football/logs/football_fetches_2025-04-30.log
2025-04-30 14:01:41 ET - log_alerts - INFO - Scanning log file: /root/CascadeProjects/sports bot/football/logs/football_fetches_2025-04-30.log
2025-04-30 14:02:41 ET - log_alerts - INFO - Scanning log file: /root/CascadeProjects/sports bot/football/logs/football_fetches_2025-04-30.log
2025-04-30 14:03:41 ET - log_alerts - INFO - Scanning log file: /root/CascadeProjects/sports bot/football/logs/football_fetches_2025-04-30.log
2025-04-30 14:04:41 ET - log_alerts - INFO - Scanning log file: /root/CascadeProjects/sports bot/football/logs/football_fetches_2025-04-30.log
2025-04-30 14:05:41 ET - log_alerts - INFO - Scanning log file: /root/CascadeProjects/sports bot/football/logs/football_fetches_2025-04-30.log
2025-04-30 14:06:41 ET - log_alerts - INFO - Scanning log file: /root/CascadeProjects/sports bot/football/logs/football_fetches_2025-04-30.log
2025-04-30 14:07:41 ET - log_alerts - INFO - Scanning log file: /root/CascadeProjects/sports bot/football/logs/football_fetches_2025-04-30.log
2025-04-30 14:08:41 ET - log_alerts - INFO - Scanning log file: /root/CascadeProjects/sports bot/football/logs/football_fetches_2025-04-30.log
2025-04-30 14:09:41 ET - log_alerts - INFO - Scanning log file: /root/CascadeProjects/sports bot/football/logs/football_fetches_2025-04-30.log
2025-04-30 14:10:41 ET - log_alerts - INFO - Scanning log file: /root/CascadeProjects/sports bot/football/logs/football_fetches_2025-04-30.log
2025-04-30 14:11:41 ET - log_alerts - INFO - Scanning log file: /root/CascadeProjects/sports bot/football/logs/football_fetches_2025-04-30.log
2025-04-30 14:12:41 ET - log_alerts - INFO - Scanning log file: /root/CascadeProjects/sports bot/football/logs/football_fetches_2025-04-30.log
2025-04-30 14:13:41 ET - log_alerts - INFO - Scanning log file: /root/CascadeProjects/sports bot/football/logs/football_fetches_2025-04-30.log
2025-04-30 14:14:41 ET - log_alerts - INFO - Scanning log file: /root/CascadeProjects/sports bot/football/logs/football_fetches_2025-04-30.log
2025-04-30 14:15:41 ET - log_alerts - INFO - Scanning log file: /root/CascadeProjects/sports bot/football/logs/football_fetches_2025-04-30.log
2025-04-30 14:16:41 ET - log_alerts - INFO - Scanning log file: /root/CascadeProjects/sports bot/football/logs/football_fetches_2025-04-30.log
2025-04-30 14:17:41 ET - log_alerts - INFO - Scanning log file: /root/CascadeProjects/sports bot/football/logs/football_fetches_2025-04-30.log
2025-04-30 14:18:41 ET - log_alerts - INFO - Scanning log file: /root/CascadeProjects/sports bot/football/logs/football_fetches_2025-04-30.log
2025-04-30 14:19:41 ET - log_alerts - INFO - Scanning log file: /root/CascadeProjects/sports bot/football/logs/football_fetches_2025-04-30.log
2025-04-30 14:20:41 ET - log_alerts - INFO - Scanning log file: /root/CascadeProjects/sports bot/football/logs/football_fetches_2025-04-30.log
2025-04-30 14:21:41 ET - log_alerts - INFO - Scanning log file: /root/CascadeProjects/sports bot/football/logs/football_fetches_2025-04-30.log
2025-04-30 14:22:41 ET - log_alerts - INFO - Scanning log file: /root/CascadeProjects/sports bot/football/logs/football_fetches_2025-04-30.log
2025-04-30 14:23:41 ET - log_alerts - INFO - Scanning log file: /root/CascadeProjects/sports bot/football/logs/football_fetches_2025-04-30.log
2025-04-30 14:24:41 ET - log_alerts - INFO - Scanning log file: /root/CascadeProjects/sports bot/football/logs/football_fetches_2025-04-30.log
2025-04-30 14:25:41 ET - log_alerts - INFO - Scanning log file: /root/CascadeProjects/sports bot/football/logs/football_fetches_2025-04-30.log
2025-04-30 14:26:41 ET - log_alerts - INFO - Scanning log file: /root/CascadeProjects/sports bot/football/logs/football_fetches_2025-04-30.log
2025-04-30 14:27:41 ET - log_alerts - INFO - Scanning log file: /root/CascadeProjects/sports bot/football/logs/football_fetches_2025-04-30.log
2025-04-30 14:28:41 ET - log_alerts - INFO - Scanning log file: /root/CascadeProjects/sports bot/football/logs/football_fetches_2025-04-30.log
2025-04-30 14:29:41 ET - log_alerts - INFO - Scanning log file: /root/CascadeProjects/sports bot/football/logs/football_fetches_2025-04-30.log
2025-04-30 14:30:41 ET - log_alerts - INFO - Scanning log file: /root/CascadeProjects/sports bot/football/logs/football_fetches_2025-04-30.log
2025-04-30 14:31:41 ET - log_alerts - INFO - Scanning log file: /root/CascadeProjects/sports bot/football/logs/football_fetches_2025-04-30.log
2025-04-30 14:32:41 ET - log_alerts - INFO - Scanning log file: /root/CascadeProjects/sports bot/football/logs/football_fetches_2025-04-30.log
2025-04-30 14:33:41 ET - log_alerts - INFO - Scanning log file: /root/CascadeProjects/sports bot/football/logs/football_fetches_2025-04-30.log
2025-04-30 14:34:41 ET - log_alerts - INFO - Scanning log file: /root/CascadeProjects/sports bot/football/logs/football_fetches_2025-04-30.log
2025-04-30 14:35:41 ET - log_alerts - INFO - Scanning log file: /root/CascadeProjects/sports bot/football/logs/football_fetches_2025-04-30.log
2025-04-30 14:36:36 ET - log_alerts - INFO - Log scanner starting at 2025-04-30 10:36:36 ET
2025-04-30 14:36:36 ET - log_alerts - INFO - Starting continuous log scanning every 60 seconds
2025-04-30 14:36:36 ET - log_alerts - INFO - Scanning log file: /root/CascadeProjects/sports bot/football/logs/football_fetches_2025-04-30.log
2025-04-30 14:37:36 ET - log_alerts - INFO - Scanning log file: /root/CascadeProjects/sports bot/football/logs/football_fetches_2025-04-30.log
2025-04-30 14:38:36 ET - log_alerts - INFO - Scanning log file: /root/CascadeProjects/sports bot/football/logs/football_fetches_2025-04-30.log
2025-04-30 14:39:36 ET - log_alerts - INFO - Scanning log file: /root/CascadeProjects/sports bot/football/logs/football_fetches_2025-04-30.log
2025-04-30 14:40:36 ET - log_alerts - INFO - Scanning log file: /root/CascadeProjects/sports bot/football/logs/football_fetches_2025-04-30.log
2025-04-30 14:40:42 ET - log_alerts - INFO - Log scanner starting at 2025-04-30 10:40:42 ET
2025-04-30 14:40:42 ET - log_alerts - INFO - Starting continuous log scanning every 60 seconds
2025-04-30 14:40:42 ET - log_alerts - INFO - Scanning log file: /root/CascadeProjects/sports bot/football/logs/football_fetches_2025-04-30.log
2025-04-30 14:41:42 ET - log_alerts - INFO - Scanning log file: /root/CascadeProjects/sports bot/football/logs/football_fetches_2025-04-30.log
2025-04-30 14:42:42 ET - log_alerts - INFO - Scanning log file: /root/CascadeProjects/sports bot/football/logs/football_fetches_2025-04-30.log
2025-04-30 14:43:42 ET - log_alerts - INFO - Scanning log file: /root/CascadeProjects/sports bot/football/logs/football_fetches_2025-04-30.log
2025-04-30 14:44:42 ET - log_alerts - INFO - Scanning log file: /root/CascadeProjects/sports bot/football/logs/football_fetches_2025-04-30.log
2025-04-30 14:45:08 ET - log_alerts - INFO - Log scanner starting at 2025-04-30 10:45:08 ET
2025-04-30 14:45:08 ET - log_alerts - INFO - Starting continuous log scanning every 60 seconds
2025-04-30 14:45:08 ET - log_alerts - INFO - Scanning log file: /root/CascadeProjects/sports bot/football/logs/football_fetches_2025-04-30.log
2025-04-30 14:46:08 ET - log_alerts - INFO - Scanning log file: /root/CascadeProjects/sports bot/football/logs/football_fetches_2025-04-30.log
2025-04-30 14:47:08 ET - log_alerts - INFO - Scanning log file: /root/CascadeProjects/sports bot/football/logs/football_fetches_2025-04-30.log
2025-04-30 14:48:08 ET - log_alerts - INFO - Scanning log file: /root/CascadeProjects/sports bot/football/logs/football_fetches_2025-04-30.log
2025-04-30 14:49:08 ET - log_alerts - INFO - Scanning log file: /root/CascadeProjects/sports bot/football/logs/football_fetches_2025-04-30.log
2025-04-30 14:49:52 ET - log_alerts - INFO - Log scanner starting at 2025-04-30 10:49:52 ET
2025-04-30 14:49:52 ET - log_alerts - INFO - Starting continuous log scanning every 60 seconds
2025-04-30 14:49:52 ET - log_alerts - INFO - Scanning log file: /root/CascadeProjects/sports bot/football/logs/football_fetches_2025-04-30.log
2025-04-30 14:50:52 ET - log_alerts - INFO - Scanning log file: /root/CascadeProjects/sports bot/football/logs/football_fetches_2025-04-30.log
2025-04-30 14:51:52 ET - log_alerts - INFO - Scanning log file: /root/CascadeProjects/sports bot/football/logs/football_fetches_2025-04-30.log
2025-04-30 14:52:49 ET - log_alerts - INFO - Log scanner starting at 2025-04-30 10:52:49 ET
2025-04-30 14:52:49 ET - log_alerts - INFO - Starting continuous log scanning every 60 seconds
2025-04-30 14:52:49 ET - log_alerts - INFO - Scanning log file: /root/CascadeProjects/sports bot/football/logs/football_fetches_2025-04-30.log
2025-04-30 14:53:49 ET - log_alerts - INFO - Scanning log file: /root/CascadeProjects/sports bot/football/logs/football_fetches_2025-04-30.log
2025-04-30 14:54:49 ET - log_alerts - INFO - Scanning log file: /root/CascadeProjects/sports bot/football/logs/football_fetches_2025-04-30.log
2025-04-30 14:55:49 ET - log_alerts - INFO - Scanning log file: /root/CascadeProjects/sports bot/football/logs/football_fetches_2025-04-30.log
2025-04-30 14:56:49 ET - log_alerts - INFO - Scanning log file: /root/CascadeProjects/sports bot/football/logs/football_fetches_2025-04-30.log
2025-04-30 14:57:49 ET - log_alerts - INFO - Scanning log file: /root/CascadeProjects/sports bot/football/logs/football_fetches_2025-04-30.log
2025-04-30 14:58:49 ET - log_alerts - INFO - Scanning log file: /root/CascadeProjects/sports bot/football/logs/football_fetches_2025-04-30.log
2025-04-30 14:59:49 ET - log_alerts - INFO - Scanning log file: /root/CascadeProjects/sports bot/football/logs/football_fetches_2025-04-30.log
2025-04-30 15:00:49 ET - log_alerts - INFO - Scanning log file: /root/CascadeProjects/sports bot/football/logs/football_fetches_2025-04-30.log
2025-04-30 15:01:49 ET - log_alerts - INFO - Scanning log file: /root/CascadeProjects/sports bot/football/logs/football_fetches_2025-04-30.log
2025-04-30 15:02:49 ET - log_alerts - INFO - Scanning log file: /root/CascadeProjects/sports bot/football/logs/football_fetches_2025-04-30.log
2025-04-30 15:03:49 ET - log_alerts - INFO - Scanning log file: /root/CascadeProjects/sports bot/football/logs/football_fetches_2025-04-30.log
2025-04-30 15:04:49 ET - log_alerts - INFO - Scanning log file: /root/CascadeProjects/sports bot/football/logs/football_fetches_2025-04-30.log
2025-04-30 15:05:49 ET - log_alerts - INFO - Scanning log file: /root/CascadeProjects/sports bot/football/logs/football_fetches_2025-04-30.log
2025-04-30 15:06:49 ET - log_alerts - INFO - Scanning log file: /root/CascadeProjects/sports bot/football/logs/football_fetches_2025-04-30.log
2025-04-30 15:07:49 ET - log_alerts - INFO - Scanning log file: /root/CascadeProjects/sports bot/football/logs/football_fetches_2025-04-30.log
2025-04-30 15:08:49 ET - log_alerts - INFO - Scanning log file: /root/CascadeProjects/sports bot/football/logs/football_fetches_2025-04-30.log
2025-04-30 15:09:49 ET - log_alerts - INFO - Scanning log file: /root/CascadeProjects/sports bot/football/logs/football_fetches_2025-04-30.log
2025-04-30 15:10:49 ET - log_alerts - INFO - Scanning log file: /root/CascadeProjects/sports bot/football/logs/football_fetches_2025-04-30.log
2025-04-30 15:11:50 ET - log_alerts - INFO - Scanning log file: /root/CascadeProjects/sports bot/football/logs/football_fetches_2025-04-30.log
2025-04-30 15:12:50 ET - log_alerts - INFO - Scanning log file: /root/CascadeProjects/sports bot/football/logs/football_fetches_2025-04-30.log
