======================================================================
                     REVERSED MAIN LOG
                 Last Updated: 2025-04-30 21:22:17
======================================================================

(Newest entries appear at the top)

==================================================
MATCH #12 OF 17
==================================================

----- MATCH SUMMARY -----
Timestamp: 2025-04-30 21:22:17 ET
Competition ID: gpxwrxlh84ryk0j
Competition: Colombian Torneo BetPlay Dimayor (Colombia)
Match: Real Cartagena vs Atletico Huila
Score: 0 - 1 (HT: 0 - 1)
Status: Second half (Status ID: 4)

--- MATCH BETTING ODDS ---
ML (Money Line):
Time: 4 min | Home: +130 | Draw: +210 | Away: +210

SPREAD (Asia Handicap):
Time: 4 min | Home: +100 | Handicap: 0.25 | Away: -125

Over/Under:
Time: 4 min | Over: -133 | Line: 2.0 | Under: +105

--- MATCH ENVIRONMENT ---
Weather: Partially cloudy
Humidity: 79%
Wind: 3.2m/s (7.2 mph)

------------------------------------------------------------

==================================================
MATCH #10 OF 17
==================================================

----- MATCH SUMMARY -----
Timestamp: 2025-04-30 21:22:16 ET
Competition ID: vl7oqdeh6v4r510
Competition: Ecuadorian Campeonato Serie B (Ecuador)
Match: Atletico Vinotinto vs Chacaritas SC
Score: 3 - 0 (HT: 2 - 0)
Status: Second half (Status ID: 4)

--- MATCH BETTING ODDS ---
ML (Money Line):
Time: 4 min | Home: -200 | Draw: +300 | Away: +450

SPREAD (Asia Handicap):
Time: 4 min | Home: -115 | Handicap: 1.0 | Away: -109

Over/Under:
Time: 4 min | Over: -122 | Line: 2.25 | Under: -103

--- MATCH ENVIRONMENT ---
Weather: Cloudy
Humidity: 98%
Wind: 0.9m/s (2.0 mph)


==================================================
MATCH #11 OF 17
==================================================

----- MATCH SUMMARY -----
Timestamp: 2025-04-30 21:22:17 ET
Competition ID: gpxwrxlh0nryk0j
Competition: CNCF CHL (Unknown Country)
Match: Inter Miami CF vs Vancouver Whitecaps
Score: 1 - 2 (HT: 1 - 0)
Status: Second half (Status ID: 4)

--- MATCH BETTING ODDS ---
ML (Money Line):
Time: 7 min | Home: -175 | Draw: +300 | Away: +400 (Closest time to minutes 4-6 available: 7)

SPREAD (Asia Handicap):
Time: 4 min | Home: -102 | Handicap: 1.0 | Away: -111

Over/Under:
Time: 4 min | Over: -109 | Line: 3.0 | Under: -115

--- MATCH ENVIRONMENT ---
Weather: Windy
Humidity: 60%
Wind: 6.1m/s (13.6 mph)

------------------------------------------------------------

==================================================
MATCH #9 OF 17
==================================================

----- MATCH SUMMARY -----
Timestamp: 2025-04-30 21:22:15 ET
Competition ID: l965mkyh9gr1ge4
Competition: CONMEBOL U17 Women's Sudamericano (Unknown Country)
Match: Colombia (w) U17 vs Argentina (w) U17
Score: 0 - 1 (HT: 0 - 1)
Status: Second half (Status ID: 4)

--- MATCH BETTING ODDS ---


--- MATCH ENVIRONMENT ---
No environment data available for this match

------------------------------------------------------------

==================================================
MATCH #7 OF 17
==================================================

----- MATCH SUMMARY -----
Timestamp: 2025-04-30 21:22:14 ET
Competition ID: 8y39mp1hgpmojxg
Competition: Chilean Cup (Chile)
Match: Municipal Iquique vs CD Copiapo S.A.
Score: 2 - 1 (HT: 2 - 0)
Status: Second half (Status ID: 4)

--- MATCH BETTING ODDS ---
ML (Money Line):
Time: 4 min | Home: -152 | Draw: +260 | Away: +450

SPREAD (Asia Handicap):
Time: 4 min | Home: -122 | Handicap: 0.75 | Away: +100

Over/Under:
Time: 4 min | Over: -118 | Line: 2.5 | Under: -105

--- MATCH ENVIRONMENT ---
Weather: Sunny
Humidity: 74%
Wind: 1.8m/s (4.0 mph)


==================================================
MATCH #8 OF 17
==================================================

----- MATCH SUMMARY -----
Timestamp: 2025-04-30 21:22:15 ET
Competition ID: p3glrw7hevqdyjv
Competition: Argentine Division 1 (Argentina)
Match: Atletico Tucuman vs CA Independiente
Score: 1 - 0 (HT: 1 - 0)
Status: Second half (Status ID: 4)

--- MATCH BETTING ODDS ---
ML (Money Line):
Time: 4 min | Home: +187 | Draw: +200 | Away: +160

SPREAD (Asia Handicap):
Time: 4 min | Home: +102 | Handicap: 0.0 | Away: -130

Over/Under:
Time: 4 min | Over: -118 | Line: 2.0 | Under: -105

--- MATCH ENVIRONMENT ---
Weather: Windy
Humidity: 86%
Wind: 1.1m/s (2.5 mph)

------------------------------------------------------------

==================================================
MATCH #6 OF 17
==================================================

----- MATCH SUMMARY -----
Timestamp: 2025-04-30 21:22:13 ET
Competition ID: j1l4rjnhz31m7vx
Competition: Colombian Liga Betplay Femenina (Colombia)
Match: Atletico Nacional Medellin (w) vs Independiente Medellin (w)
Score: 1 - 0 (HT: 1 - 0)
Status: Second half (Status ID: 4)

--- MATCH BETTING ODDS ---
ML (Money Line):
Time: 4 min | Home: -152 | Draw: +260 | Away: +400

SPREAD (Asia Handicap):
Time: 4 min | Home: -109 | Handicap: 0.75 | Away: -115

Over/Under:
Time: 4 min | Over: -125 | Line: 2.0 | Under: +100

--- MATCH ENVIRONMENT ---
Weather: Windy
Humidity: 91%
Wind: 1.1m/s (2.5 mph)

------------------------------------------------------------

==================================================
MATCH #4 OF 17
==================================================

----- MATCH SUMMARY -----
Timestamp: 2025-04-30 21:22:12 ET
Competition ID: z8yomo4hooq0j6l
Competition: Brazilian Cup (Brazil)
Match: SC Paysandu Para vs Bahia
Score: 0 - 1 (HT: 0 - 1)
Status: Half-time break (Status ID: 3)

--- MATCH BETTING ODDS ---
ML (Money Line):
Time: 4 min | Home: +350 | Draw: +200 | Away: -105

SPREAD (Asia Handicap):
Time: 4 min | Home: -122 | Handicap: -0.5 | Away: -103

Over/Under:
Time: 4 min | Over: -118 | Line: 2.0 | Under: -105

--- MATCH ENVIRONMENT ---
Weather: Partially cloudy
Humidity: 91%
Wind: 1.1m/s (2.5 mph)


==================================================
MATCH #5 OF 17
==================================================

----- MATCH SUMMARY -----
Timestamp: 2025-04-30 21:22:13 ET
Competition ID: d23xmvkh5oqg8ny
Competition: Bolivian Copa LFPB (Bolivia)
Match: Blooming vs Nacional Potosi
Score: 1 - 0 (HT: 1 - 0)
Status: Half-time break (Status ID: 3)

--- MATCH BETTING ODDS ---
ML (Money Line):
Time: 4 min | Home: -175 | Draw: +333 | Away: +350

SPREAD (Asia Handicap):
Time: 4 min | Home: +100 | Handicap: 1.0 | Away: -125

Over/Under:
Time: 4 min | Over: -118 | Line: 3.0 | Under: -105

--- MATCH ENVIRONMENT ---
Weather: Sunny
Humidity: 89%
Wind: 1.8m/s (4.0 mph)

------------------------------------------------------------

==================================================
MATCH #2 OF 17
==================================================

----- MATCH SUMMARY -----
Timestamp: 2025-04-30 21:22:11 ET
Competition ID: z8yomo4hooq0j6l
Competition: Brazilian Cup (Brazil)
Match: Centro Sportivo Alagoano vs Gremio (RS)
Score: 1 - 1 (HT: 1 - 1)
Status: Half-time break (Status ID: 3)

--- MATCH BETTING ODDS ---
ML (Money Line):
Time: 4 min | Home: +350 | Draw: +210 | Away: -111

SPREAD (Asia Handicap):
Time: 4 min | Home: -115 | Handicap: -0.5 | Away: -109

Over/Under:
Time: 4 min | Over: -122 | Line: 2.0 | Under: -103

--- MATCH ENVIRONMENT ---
Weather: Partially cloudy
Humidity: 65%
Wind: 2.6m/s (5.8 mph)


==================================================
MATCH #3 OF 17
==================================================

----- MATCH SUMMARY -----
Timestamp: 2025-04-30 21:22:12 ET
Competition ID: z8yomo4hooq0j6l
Competition: Brazilian Cup (Brazil)
Match: Gremio Novorizontino vs Corinthians Paulista (SP)
Score: 0 - 1 (HT: 0 - 1)
Status: Half-time break (Status ID: 3)

--- MATCH BETTING ODDS ---
ML (Money Line):
Time: 5 min | Home: +187 | Draw: +175 | Away: +187

SPREAD (Asia Handicap):
Time: 4 min | Home: -111 | Handicap: 0.0 | Away: -111

Over/Under:
Time: 4 min | Over: -111 | Line: 1.75 | Under: -111

--- MATCH ENVIRONMENT ---
Weather: Sunny
Humidity: 72%
Wind: 4.0m/s (8.9 mph)

------------------------------------------------------------

==================================================
MATCH #1 OF 17
==================================================

----- MATCH SUMMARY -----
Timestamp: 2025-04-30 21:22:10 ET
Competition ID: 56ypq3nhyymd7oj
Competition: Categoría Primera A (Colombia)
Match: Llaneros FC vs Independiente Santa Fe
Score: 0 - 0 (HT: 0 - 0)
Status: First half (Status ID: 2)

--- MATCH BETTING ODDS ---
ML (Money Line):
Time: 4 min | Home: +175 | Draw: +210 | Away: +175

SPREAD (Asia Handicap):
Time: 4 min | Home: +100 | Handicap: 0.0 | Away: -125

Over/Under:
Time: 4 min | Over: -103 | Line: 2.0 | Under: -122

--- MATCH ENVIRONMENT ---
Weather: Partially cloudy
Humidity: 84%
Wind: 1.2m/s (2.7 mph)

------------------------------------------------------------

==================================================
REFRESHING DATA AT: 2025-05-01 01:22:09
==================================================

Fetching live matches...

===== FOUND 17 LIVE FOOTBALL MATCHES =====

Last updated: 2025-05-01 01:22:09

------------------------------------------------------------

==================================================
MATCH #17 OF 17
==================================================

----- MATCH SUMMARY -----
Timestamp: 2025-04-30 21:21:39 ET
Competition ID: v2y8m4zhv6ql074
Competition: Israel Leumit League (Israel)
Match: Hapoel Ramat Gan vs Maccabi Herzliya
Score: 2 - 0 (HT: 2 - 0)
Status: Finished (Status ID: 8)

--- MATCH BETTING ODDS ---
ML (Money Line):
Time: 4 min | Home: -105 | Draw: +300 | Away: +210

SPREAD (Asia Handicap):
Time: 4 min | Home: -130 | Handicap: 0.25 | Away: +102

Over/Under:
Time: 4 min | Over: -125 | Line: 2.75 | Under: +100

--- MATCH ENVIRONMENT ---
Weather: Sunny
Humidity: 40%
Wind: 8.4m/s (18.8 mph)


==================================================
END OF LIVE MATCH DATA - 17 MATCHES DISPLAYED
==================================================
Refreshing in 30 seconds... (Press Ctrl+C to exit)

Waiting 30 seconds before next update at 2025-05-01 01:21:39...
==================================================

------------------------------------------------------------

==================================================
MATCH #15 OF 17
==================================================

----- MATCH SUMMARY -----
Timestamp: 2025-04-30 21:21:37 ET
Competition ID: v2y8m4zhydql074
Competition: Uruguay Primera Division (Uruguay)
Match: Montevideo City Torque vs Montevideo Wanderers FC
Score: 0 - 0 (HT: 0 - 0)
Status: Finished (Status ID: 8)

--- MATCH BETTING ODDS ---
ML (Money Line):
Time: 4 min | Home: +160 | Draw: +210 | Away: +175

SPREAD (Asia Handicap):
Time: 4 min | Home: -122 | Handicap: 0.0 | Away: -104

Over/Under:
Time: 4 min | Over: -108 | Line: 2.25 | Under: -115

--- MATCH ENVIRONMENT ---
Weather: Partially cloudy
Humidity: 88%
Wind: 1.8m/s (4.0 mph)


==================================================
MATCH #16 OF 17
==================================================

----- MATCH SUMMARY -----
Timestamp: 2025-04-30 21:21:38 ET
Competition ID: 56ypq3nhzogmd7o
Competition: Portuguese Champions Nacional Juniores A 2 (Portugal)
Match: Vitoria SC Guimaraes U19 vs Tondela U19
Score: 1 - 2 (HT: 0 - 1)
Status: Finished (Status ID: 8)

--- MATCH BETTING ODDS ---
ML (Money Line):
Time: pre-match min | Home: +15000 | Draw: +2200 | Away: -10000 (Closest time to minutes 4-6 available: pre-match)

SPREAD (Asia Handicap):
Time: pre-match min | Home: -333 | Handicap: 0.0 | Away: +245 (Closest time to minutes 4-6 available: pre-match)

Over/Under:
Time: pre-match min | Over: +900 | Line: 3.5 | Under: -1667 (Closest time to minutes 4-6 available: pre-match)

--- MATCH ENVIRONMENT ---
Weather: Foggy
Humidity: 91%
Wind: 3.7m/s (8.3 mph)

------------------------------------------------------------

==================================================
MATCH #14 OF 17
==================================================

----- MATCH SUMMARY -----
Timestamp: 2025-04-30 21:21:36 ET
Competition ID: p4jwq2gh27m0veo
Competition: Canadian Championship (Canada)
Match: Toronto FC vs Montreal Impact
Score: 2 - 2 (HT: 1 - 0)
Status: Finished (Status ID: 8)

--- MATCH BETTING ODDS ---
ML (Money Line):
Time: 4 min | Home: +175 | Draw: +200 | Away: +150

SPREAD (Asia Handicap):
Time: 4 min | Home: -119 | Handicap: 0.25 | Away: -130

Over/Under:
Time: 4 min | Over: -109 | Line: 2.25 | Under: -115

--- MATCH ENVIRONMENT ---
Weather: Sunny
Humidity: 66%
Wind: 2.6m/s (5.8 mph)

------------------------------------------------------------

==================================================
MATCH #12 OF 17
==================================================

----- MATCH SUMMARY -----
Timestamp: 2025-04-30 21:21:35 ET
Competition ID: gpxwrxlh84ryk0j
Competition: Colombian Torneo BetPlay Dimayor (Colombia)
Match: Real Cartagena vs Atletico Huila
Score: 0 - 1 (HT: 0 - 1)
Status: Second half (Status ID: 4)

--- MATCH BETTING ODDS ---
ML (Money Line):
Time: 4 min | Home: +130 | Draw: +210 | Away: +210

SPREAD (Asia Handicap):
Time: 4 min | Home: +100 | Handicap: 0.25 | Away: -125

Over/Under:
Time: 4 min | Over: -133 | Line: 2.0 | Under: +105

--- MATCH ENVIRONMENT ---
Weather: Partially cloudy
Humidity: 79%
Wind: 3.2m/s (7.2 mph)


==================================================
MATCH #13 OF 17
==================================================

----- MATCH SUMMARY -----
Timestamp: 2025-04-30 21:21:36 ET
Competition ID: gpxwrxlho4ryk0j
Competition: Brazilian Youth League (Brazil)
Match: Sao Paulo (Youth) vs Atletico Mineiro Youth
Score: 2 - 1 (HT: 1 - 1)
Status: Second half (Status ID: 4)

--- MATCH BETTING ODDS ---
ML (Money Line):
Time: 4 min | Home: -139 | Draw: +275 | Away: +300

SPREAD (Asia Handicap):
Time: 4 min | Home: -111 | Handicap: 0.5 | Away: -111

Over/Under:
Time: 4 min | Over: +100 | Line: 3.0 | Under: -125

--- MATCH ENVIRONMENT ---
Weather: Sunny
Humidity: 87%
Wind: 4.8m/s (10.7 mph)

------------------------------------------------------------

==================================================
MATCH #11 OF 17
==================================================

----- MATCH SUMMARY -----
Timestamp: 2025-04-30 21:21:34 ET
Competition ID: gpxwrxlh0nryk0j
Competition: CNCF CHL (Unknown Country)
Match: Inter Miami CF vs Vancouver Whitecaps
Score: 1 - 2 (HT: 1 - 0)
Status: Second half (Status ID: 4)

--- MATCH BETTING ODDS ---
ML (Money Line):
Time: 7 min | Home: -175 | Draw: +300 | Away: +400 (Closest time to minutes 4-6 available: 7)

SPREAD (Asia Handicap):
Time: 4 min | Home: -102 | Handicap: 1.0 | Away: -111

Over/Under:
Time: 4 min | Over: -109 | Line: 3.0 | Under: -115

--- MATCH ENVIRONMENT ---
Weather: Windy
Humidity: 60%
Wind: 6.1m/s (13.6 mph)

------------------------------------------------------------

==================================================
MATCH #9 OF 17
==================================================

----- MATCH SUMMARY -----
Timestamp: 2025-04-30 21:21:33 ET
Competition ID: l965mkyh9gr1ge4
Competition: CONMEBOL U17 Women's Sudamericano (Unknown Country)
Match: Colombia (w) U17 vs Argentina (w) U17
Score: 0 - 1 (HT: 0 - 1)
Status: Second half (Status ID: 4)

--- MATCH BETTING ODDS ---


--- MATCH ENVIRONMENT ---
No environment data available for this match


==================================================
MATCH #10 OF 17
==================================================

----- MATCH SUMMARY -----
Timestamp: 2025-04-30 21:21:34 ET
Competition ID: vl7oqdeh6v4r510
Competition: Ecuadorian Campeonato Serie B (Ecuador)
Match: Atletico Vinotinto vs Chacaritas SC
Score: 3 - 0 (HT: 2 - 0)
Status: Second half (Status ID: 4)

--- MATCH BETTING ODDS ---
ML (Money Line):
Time: 4 min | Home: -200 | Draw: +300 | Away: +450

SPREAD (Asia Handicap):
Time: 4 min | Home: -115 | Handicap: 1.0 | Away: -109

Over/Under:
Time: 4 min | Over: -122 | Line: 2.25 | Under: -103

--- MATCH ENVIRONMENT ---
Weather: Cloudy
Humidity: 98%
Wind: 0.9m/s (2.0 mph)

------------------------------------------------------------

==================================================
MATCH #7 OF 17
==================================================

----- MATCH SUMMARY -----
Timestamp: 2025-04-30 21:21:32 ET
Competition ID: 8y39mp1hgpmojxg
Competition: Chilean Cup (Chile)
Match: Municipal Iquique vs CD Copiapo S.A.
Score: 2 - 1 (HT: 2 - 0)
Status: Second half (Status ID: 4)

--- MATCH BETTING ODDS ---
ML (Money Line):
Time: 4 min | Home: -152 | Draw: +260 | Away: +450

SPREAD (Asia Handicap):
Time: 4 min | Home: -122 | Handicap: 0.75 | Away: +100

Over/Under:
Time: 4 min | Over: -118 | Line: 2.5 | Under: -105

--- MATCH ENVIRONMENT ---
Weather: Sunny
Humidity: 74%
Wind: 1.8m/s (4.0 mph)


==================================================
MATCH #8 OF 17
==================================================

----- MATCH SUMMARY -----
Timestamp: 2025-04-30 21:21:33 ET
Competition ID: p3glrw7hevqdyjv
Competition: Argentine Division 1 (Argentina)
Match: Atletico Tucuman vs CA Independiente
Score: 1 - 0 (HT: 1 - 0)
Status: Second half (Status ID: 4)

--- MATCH BETTING ODDS ---
ML (Money Line):
Time: 4 min | Home: +187 | Draw: +200 | Away: +160

SPREAD (Asia Handicap):
Time: 4 min | Home: +102 | Handicap: 0.0 | Away: -130

Over/Under:
Time: 4 min | Over: -118 | Line: 2.0 | Under: -105

--- MATCH ENVIRONMENT ---
Weather: Windy
Humidity: 86%
Wind: 1.1m/s (2.5 mph)

------------------------------------------------------------

==================================================
MATCH #6 OF 17
==================================================

----- MATCH SUMMARY -----
Timestamp: 2025-04-30 21:21:31 ET
Competition ID: j1l4rjnhz31m7vx
Competition: Colombian Liga Betplay Femenina (Colombia)
Match: Atletico Nacional Medellin (w) vs Independiente Medellin (w)
Score: 1 - 0 (HT: 1 - 0)
Status: Second half (Status ID: 4)

--- MATCH BETTING ODDS ---
ML (Money Line):
Time: 4 min | Home: -152 | Draw: +260 | Away: +400

SPREAD (Asia Handicap):
Time: 4 min | Home: -109 | Handicap: 0.75 | Away: -115

Over/Under:
Time: 4 min | Over: -125 | Line: 2.0 | Under: +100

--- MATCH ENVIRONMENT ---
Weather: Windy
Humidity: 91%
Wind: 1.1m/s (2.5 mph)

------------------------------------------------------------

==================================================
MATCH #4 OF 17
==================================================

----- MATCH SUMMARY -----
Timestamp: 2025-04-30 21:21:30 ET
Competition ID: z8yomo4hooq0j6l
Competition: Brazilian Cup (Brazil)
Match: SC Paysandu Para vs Bahia
Score: 0 - 1 (HT: 0 - 1)
Status: Half-time break (Status ID: 3)

--- MATCH BETTING ODDS ---
ML (Money Line):
Time: 4 min | Home: +350 | Draw: +200 | Away: -105

SPREAD (Asia Handicap):
Time: 4 min | Home: -122 | Handicap: -0.5 | Away: -103

Over/Under:
Time: 4 min | Over: -118 | Line: 2.0 | Under: -105

--- MATCH ENVIRONMENT ---
Weather: Partially cloudy
Humidity: 91%
Wind: 1.1m/s (2.5 mph)


==================================================
MATCH #5 OF 17
==================================================

----- MATCH SUMMARY -----
Timestamp: 2025-04-30 21:21:31 ET
Competition ID: d23xmvkh5oqg8ny
Competition: Bolivian Copa LFPB (Bolivia)
Match: Blooming vs Nacional Potosi
Score: 1 - 0 (HT: 1 - 0)
Status: Half-time break (Status ID: 3)

--- MATCH BETTING ODDS ---
ML (Money Line):
Time: 4 min | Home: -175 | Draw: +333 | Away: +350

SPREAD (Asia Handicap):
Time: 4 min | Home: +100 | Handicap: 1.0 | Away: -125

Over/Under:
Time: 4 min | Over: -118 | Line: 3.0 | Under: -105

--- MATCH ENVIRONMENT ---
Weather: Sunny
Humidity: 89%
Wind: 1.8m/s (4.0 mph)

------------------------------------------------------------

==================================================
MATCH #3 OF 17
==================================================

----- MATCH SUMMARY -----
Timestamp: 2025-04-30 21:21:29 ET
Competition ID: z8yomo4hooq0j6l
Competition: Brazilian Cup (Brazil)
Match: Gremio Novorizontino vs Corinthians Paulista (SP)
Score: 0 - 1 (HT: 0 - 1)
Status: Half-time break (Status ID: 3)

--- MATCH BETTING ODDS ---
ML (Money Line):
Time: 5 min | Home: +187 | Draw: +175 | Away: +187

SPREAD (Asia Handicap):
Time: 4 min | Home: -111 | Handicap: 0.0 | Away: -111

Over/Under:
Time: 4 min | Over: -111 | Line: 1.75 | Under: -111

--- MATCH ENVIRONMENT ---
Weather: Sunny
Humidity: 72%
Wind: 4.0m/s (8.9 mph)

------------------------------------------------------------

==================================================
MATCH #1 OF 17
==================================================

----- MATCH SUMMARY -----
Timestamp: 2025-04-30 21:21:28 ET
Competition ID: 56ypq3nhyymd7oj
Competition: Categoría Primera A (Colombia)
Match: Llaneros FC vs Independiente Santa Fe
Score: 0 - 0 (HT: 0 - 0)
Status: First half (Status ID: 2)

--- MATCH BETTING ODDS ---
ML (Money Line):
Time: 4 min | Home: +175 | Draw: +210 | Away: +175

SPREAD (Asia Handicap):
Time: 4 min | Home: +100 | Handicap: 0.0 | Away: -125

Over/Under:
Time: 4 min | Over: -103 | Line: 2.0 | Under: -122

--- MATCH ENVIRONMENT ---
Weather: Partially cloudy
Humidity: 84%
Wind: 1.2m/s (2.7 mph)


==================================================
MATCH #2 OF 17
==================================================

----- MATCH SUMMARY -----
Timestamp: 2025-04-30 21:21:29 ET
Competition ID: z8yomo4hooq0j6l
Competition: Brazilian Cup (Brazil)
Match: Centro Sportivo Alagoano vs Gremio (RS)
Score: 1 - 1 (HT: 1 - 1)
Status: Half-time break (Status ID: 3)

--- MATCH BETTING ODDS ---
ML (Money Line):
Time: 4 min | Home: +350 | Draw: +210 | Away: -111

SPREAD (Asia Handicap):
Time: 4 min | Home: -115 | Handicap: -0.5 | Away: -109

Over/Under:
Time: 4 min | Over: -122 | Line: 2.0 | Under: -103

--- MATCH ENVIRONMENT ---
Weather: Partially cloudy
Humidity: 65%
Wind: 2.6m/s (5.8 mph)

------------------------------------------------------------

==================================================
REFRESHING DATA AT: 2025-05-01 01:21:27
==================================================

Fetching live matches...

===== FOUND 17 LIVE FOOTBALL MATCHES =====

Last updated: 2025-05-01 01:21:27

------------------------------------------------------------

==================================================
MATCH #18 OF 18
==================================================

----- MATCH SUMMARY -----
Timestamp: 2025-04-30 21:20:57 ET
Competition ID: v2y8m4zhv6ql074
Competition: Israel Leumit League (Israel)
Match: Hapoel Ramat Gan vs Maccabi Herzliya
Score: 2 - 0 (HT: 2 - 0)
Status: Finished (Status ID: 8)

--- MATCH BETTING ODDS ---
ML (Money Line):
Time: 4 min | Home: -105 | Draw: +300 | Away: +210

SPREAD (Asia Handicap):
Time: 4 min | Home: -130 | Handicap: 0.25 | Away: +102

Over/Under:
Time: 4 min | Over: -125 | Line: 2.75 | Under: +100

--- MATCH ENVIRONMENT ---
Weather: Sunny
Humidity: 40%
Wind: 8.4m/s (18.8 mph)


==================================================
END OF LIVE MATCH DATA - 18 MATCHES DISPLAYED
==================================================
Refreshing in 30 seconds... (Press Ctrl+C to exit)

Waiting 30 seconds before next update at 2025-05-01 01:20:57...
==================================================

------------------------------------------------------------

==================================================
MATCH #16 OF 18
==================================================

----- MATCH SUMMARY -----
Timestamp: 2025-04-30 21:20:56 ET
Competition ID: v2y8m4zhydql074
Competition: Uruguay Primera Division (Uruguay)
Match: Montevideo City Torque vs Montevideo Wanderers FC
Score: 0 - 0 (HT: 0 - 0)
Status: Finished (Status ID: 8)

--- MATCH BETTING ODDS ---
ML (Money Line):
Time: 4 min | Home: +160 | Draw: +210 | Away: +175

SPREAD (Asia Handicap):
Time: 4 min | Home: -122 | Handicap: 0.0 | Away: -104

Over/Under:
Time: 4 min | Over: -108 | Line: 2.25 | Under: -115

--- MATCH ENVIRONMENT ---
Weather: Partially cloudy
Humidity: 88%
Wind: 1.8m/s (4.0 mph)


==================================================
MATCH #17 OF 18
==================================================

----- MATCH SUMMARY -----
Timestamp: 2025-04-30 21:20:56 ET
Competition ID: 56ypq3nhzogmd7o
Competition: Portuguese Champions Nacional Juniores A 2 (Portugal)
Match: Vitoria SC Guimaraes U19 vs Tondela U19
Score: 1 - 2 (HT: 0 - 1)
Status: Finished (Status ID: 8)

--- MATCH BETTING ODDS ---
ML (Money Line):
Time: pre-match min | Home: +15000 | Draw: +2200 | Away: -10000 (Closest time to minutes 4-6 available: pre-match)

SPREAD (Asia Handicap):
Time: pre-match min | Home: -333 | Handicap: 0.0 | Away: +245 (Closest time to minutes 4-6 available: pre-match)

Over/Under:
Time: pre-match min | Over: +900 | Line: 3.5 | Under: -1667 (Closest time to minutes 4-6 available: pre-match)

--- MATCH ENVIRONMENT ---
Weather: Foggy
Humidity: 91%
Wind: 3.7m/s (8.3 mph)

------------------------------------------------------------

==================================================
MATCH #15 OF 18
==================================================

----- MATCH SUMMARY -----
Timestamp: 2025-04-30 21:20:55 ET
Competition ID: yl5ergphvjr8k0o
Competition: English Southern Football League (England)
Match: Walton   Hersham vs Gloucester City
Score: 2 - 2 (HT: 2 - 1)
Status: Finished (Status ID: 8)

--- MATCH BETTING ODDS ---
ML (Money Line):
Time: 4 min | Home: +110 | Draw: +250 | Away: +200

SPREAD (Asia Handicap):
Time: 4 min | Home: +102 | Handicap: 0.25 | Away: -122

Over/Under:
Time: 4 min | Over: -118 | Line: 3.0 | Under: -105

--- MATCH ENVIRONMENT ---
Weather: Sunny
Humidity: 50%
Wind: 3.4m/s (7.6 mph)

------------------------------------------------------------

==================================================
MATCH #13 OF 18
==================================================

----- MATCH SUMMARY -----
Timestamp: 2025-04-30 21:20:53 ET
Competition ID: gpxwrxlho4ryk0j
Competition: Brazilian Youth League (Brazil)
Match: Sao Paulo (Youth) vs Atletico Mineiro Youth
Score: 2 - 1 (HT: 1 - 1)
Status: Second half (Status ID: 4)

--- MATCH BETTING ODDS ---
ML (Money Line):
Time: 4 min | Home: -139 | Draw: +275 | Away: +300

SPREAD (Asia Handicap):
Time: 4 min | Home: -111 | Handicap: 0.5 | Away: -111

Over/Under:
Time: 4 min | Over: +100 | Line: 3.0 | Under: -125

--- MATCH ENVIRONMENT ---
Weather: Sunny
Humidity: 87%
Wind: 4.8m/s (10.7 mph)


==================================================
MATCH #14 OF 18
==================================================

----- MATCH SUMMARY -----
Timestamp: 2025-04-30 21:20:54 ET
Competition ID: p4jwq2gh27m0veo
Competition: Canadian Championship (Canada)
Match: Toronto FC vs Montreal Impact
Score: 2 - 2 (HT: 1 - 0)
Status: Finished (Status ID: 8)

--- MATCH BETTING ODDS ---
ML (Money Line):
Time: 4 min | Home: +175 | Draw: +200 | Away: +150

SPREAD (Asia Handicap):
Time: 4 min | Home: -119 | Handicap: 0.25 | Away: -130

Over/Under:
Time: 4 min | Over: -109 | Line: 2.25 | Under: -115

--- MATCH ENVIRONMENT ---
Weather: Sunny
Humidity: 66%
Wind: 2.6m/s (5.8 mph)

------------------------------------------------------------

==================================================
MATCH #12 OF 18
==================================================

----- MATCH SUMMARY -----
Timestamp: 2025-04-30 21:20:52 ET
Competition ID: gpxwrxlh84ryk0j
Competition: Colombian Torneo BetPlay Dimayor (Colombia)
Match: Real Cartagena vs Atletico Huila
Score: 0 - 1 (HT: 0 - 1)
Status: Second half (Status ID: 4)

--- MATCH BETTING ODDS ---
ML (Money Line):
Time: 4 min | Home: +130 | Draw: +210 | Away: +210

SPREAD (Asia Handicap):
Time: 4 min | Home: +100 | Handicap: 0.25 | Away: -125

Over/Under:
Time: 4 min | Over: -133 | Line: 2.0 | Under: +105

--- MATCH ENVIRONMENT ---
Weather: Partially cloudy
Humidity: 79%
Wind: 3.2m/s (7.2 mph)

------------------------------------------------------------

==================================================
MATCH #10 OF 18
==================================================

----- MATCH SUMMARY -----
Timestamp: 2025-04-30 21:20:51 ET
Competition ID: vl7oqdeh6v4r510
Competition: Ecuadorian Campeonato Serie B (Ecuador)
Match: Atletico Vinotinto vs Chacaritas SC
Score: 3 - 0 (HT: 2 - 0)
Status: Second half (Status ID: 4)

--- MATCH BETTING ODDS ---
ML (Money Line):
Time: 4 min | Home: -200 | Draw: +300 | Away: +450

SPREAD (Asia Handicap):
Time: 4 min | Home: -115 | Handicap: 1.0 | Away: -109

Over/Under:
Time: 4 min | Over: -122 | Line: 2.25 | Under: -103

--- MATCH ENVIRONMENT ---
Weather: Cloudy
Humidity: 98%
Wind: 0.9m/s (2.0 mph)


==================================================
MATCH #11 OF 18
==================================================

----- MATCH SUMMARY -----
Timestamp: 2025-04-30 21:20:52 ET
Competition ID: gpxwrxlh0nryk0j
Competition: CNCF CHL (Unknown Country)
Match: Inter Miami CF vs Vancouver Whitecaps
Score: 1 - 2 (HT: 1 - 0)
Status: Second half (Status ID: 4)

--- MATCH BETTING ODDS ---
ML (Money Line):
Time: 7 min | Home: -175 | Draw: +300 | Away: +400 (Closest time to minutes 4-6 available: 7)

SPREAD (Asia Handicap):
Time: 4 min | Home: -102 | Handicap: 1.0 | Away: -111

Over/Under:
Time: 4 min | Over: -109 | Line: 3.0 | Under: -115

--- MATCH ENVIRONMENT ---
Weather: Windy
Humidity: 60%
Wind: 6.1m/s (13.6 mph)

------------------------------------------------------------

==================================================
MATCH #9 OF 18
==================================================

----- MATCH SUMMARY -----
Timestamp: 2025-04-30 21:20:50 ET
Competition ID: l965mkyh9gr1ge4
Competition: CONMEBOL U17 Women's Sudamericano (Unknown Country)
Match: Colombia (w) U17 vs Argentina (w) U17
Score: 0 - 1 (HT: 0 - 1)
Status: Second half (Status ID: 4)

--- MATCH BETTING ODDS ---


--- MATCH ENVIRONMENT ---
No environment data available for this match

------------------------------------------------------------

==================================================
MATCH #7 OF 18
==================================================

----- MATCH SUMMARY -----
Timestamp: 2025-04-30 21:20:49 ET
Competition ID: 8y39mp1hgpmojxg
Competition: Chilean Cup (Chile)
Match: Municipal Iquique vs CD Copiapo S.A.
Score: 2 - 1 (HT: 2 - 0)
Status: Second half (Status ID: 4)

--- MATCH BETTING ODDS ---
ML (Money Line):
Time: 4 min | Home: -152 | Draw: +260 | Away: +450

SPREAD (Asia Handicap):
Time: 4 min | Home: -122 | Handicap: 0.75 | Away: +100

Over/Under:
Time: 4 min | Over: -118 | Line: 2.5 | Under: -105

--- MATCH ENVIRONMENT ---
Weather: Sunny
Humidity: 74%
Wind: 1.8m/s (4.0 mph)


==================================================
MATCH #8 OF 18
==================================================

----- MATCH SUMMARY -----
Timestamp: 2025-04-30 21:20:50 ET
Competition ID: p3glrw7hevqdyjv
Competition: Argentine Division 1 (Argentina)
Match: Atletico Tucuman vs CA Independiente
Score: 1 - 0 (HT: 1 - 0)
Status: Second half (Status ID: 4)

--- MATCH BETTING ODDS ---
ML (Money Line):
Time: 4 min | Home: +187 | Draw: +200 | Away: +160

SPREAD (Asia Handicap):
Time: 4 min | Home: +102 | Handicap: 0.0 | Away: -130

Over/Under:
Time: 4 min | Over: -118 | Line: 2.0 | Under: -105

--- MATCH ENVIRONMENT ---
Weather: Windy
Humidity: 86%
Wind: 1.1m/s (2.5 mph)

------------------------------------------------------------

==================================================
MATCH #5 OF 18
==================================================

----- MATCH SUMMARY -----
Timestamp: 2025-04-30 21:20:48 ET
Competition ID: d23xmvkh5oqg8ny
Competition: Bolivian Copa LFPB (Bolivia)
Match: Blooming vs Nacional Potosi
Score: 1 - 0 (HT: 1 - 0)
Status: First half (Status ID: 2)

--- MATCH BETTING ODDS ---
ML (Money Line):
Time: 4 min | Home: -175 | Draw: +333 | Away: +350

SPREAD (Asia Handicap):
Time: 4 min | Home: +100 | Handicap: 1.0 | Away: -125

Over/Under:
Time: 4 min | Over: -118 | Line: 3.0 | Under: -105

--- MATCH ENVIRONMENT ---
Weather: Sunny
Humidity: 89%
Wind: 1.8m/s (4.0 mph)


==================================================
MATCH #6 OF 18
==================================================

----- MATCH SUMMARY -----
Timestamp: 2025-04-30 21:20:48 ET
Competition ID: j1l4rjnhz31m7vx
Competition: Colombian Liga Betplay Femenina (Colombia)
Match: Atletico Nacional Medellin (w) vs Independiente Medellin (w)
Score: 1 - 0 (HT: 1 - 0)
Status: Second half (Status ID: 4)

--- MATCH BETTING ODDS ---
ML (Money Line):
Time: 4 min | Home: -152 | Draw: +260 | Away: +400

SPREAD (Asia Handicap):
Time: 4 min | Home: -109 | Handicap: 0.75 | Away: -115

Over/Under:
Time: 4 min | Over: -125 | Line: 2.0 | Under: +100

--- MATCH ENVIRONMENT ---
Weather: Windy
Humidity: 91%
Wind: 1.1m/s (2.5 mph)

------------------------------------------------------------

==================================================
MATCH #4 OF 18
==================================================

----- MATCH SUMMARY -----
Timestamp: 2025-04-30 21:20:47 ET
Competition ID: z8yomo4hooq0j6l
Competition: Brazilian Cup (Brazil)
Match: SC Paysandu Para vs Bahia
Score: 0 - 1 (HT: 0 - 1)
Status: Half-time break (Status ID: 3)

--- MATCH BETTING ODDS ---
ML (Money Line):
Time: 4 min | Home: +350 | Draw: +200 | Away: -105

SPREAD (Asia Handicap):
Time: 4 min | Home: -122 | Handicap: -0.5 | Away: -103

Over/Under:
Time: 4 min | Over: -118 | Line: 2.0 | Under: -105

--- MATCH ENVIRONMENT ---
Weather: Partially cloudy
Humidity: 91%
Wind: 1.1m/s (2.5 mph)

------------------------------------------------------------

==================================================
MATCH #3 OF 18
==================================================

----- MATCH SUMMARY -----
Timestamp: 2025-04-30 21:20:46 ET
Competition ID: z8yomo4hooq0j6l
Competition: Brazilian Cup (Brazil)
Match: Gremio Novorizontino vs Corinthians Paulista (SP)
Score: 0 - 1 (HT: 0 - 1)
Status: Half-time break (Status ID: 3)

--- MATCH BETTING ODDS ---
ML (Money Line):
Time: 5 min | Home: +187 | Draw: +175 | Away: +187

SPREAD (Asia Handicap):
Time: 4 min | Home: -111 | Handicap: 0.0 | Away: -111

Over/Under:
Time: 4 min | Over: -111 | Line: 1.75 | Under: -111

--- MATCH ENVIRONMENT ---
Weather: Sunny
Humidity: 72%
Wind: 4.0m/s (8.9 mph)

------------------------------------------------------------

==================================================
MATCH #1 OF 18
==================================================

----- MATCH SUMMARY -----
Timestamp: 2025-04-30 21:20:45 ET
Competition ID: 56ypq3nhyymd7oj
Competition: Categoría Primera A (Colombia)
Match: Llaneros FC vs Independiente Santa Fe
Score: 0 - 0 (HT: 0 - 0)
Status: First half (Status ID: 2)

--- MATCH BETTING ODDS ---
ML (Money Line):
Time: 4 min | Home: +175 | Draw: +210 | Away: +175

SPREAD (Asia Handicap):
Time: 4 min | Home: +100 | Handicap: 0.0 | Away: -125

Over/Under:
Time: 4 min | Over: -103 | Line: 2.0 | Under: -122

--- MATCH ENVIRONMENT ---
Weather: Partially cloudy
Humidity: 84%
Wind: 1.2m/s (2.7 mph)


==================================================
MATCH #2 OF 18
==================================================

----- MATCH SUMMARY -----
Timestamp: 2025-04-30 21:20:46 ET
Competition ID: z8yomo4hooq0j6l
Competition: Brazilian Cup (Brazil)
Match: Centro Sportivo Alagoano vs Gremio (RS)
Score: 1 - 1 (HT: 1 - 1)
Status: Half-time break (Status ID: 3)

--- MATCH BETTING ODDS ---
ML (Money Line):
Time: 4 min | Home: +350 | Draw: +210 | Away: -111

SPREAD (Asia Handicap):
Time: 4 min | Home: -115 | Handicap: -0.5 | Away: -109

Over/Under:
Time: 4 min | Over: -122 | Line: 2.0 | Under: -103

--- MATCH ENVIRONMENT ---
Weather: Partially cloudy
Humidity: 65%
Wind: 2.6m/s (5.8 mph)

------------------------------------------------------------

==================================================
REFRESHING DATA AT: 2025-05-01 01:20:44
==================================================

Fetching live matches...

===== FOUND 18 LIVE FOOTBALL MATCHES =====

Last updated: 2025-05-01 01:20:44

------------------------------------------------------------

==================================================
MATCH #19 OF 19
==================================================

----- MATCH SUMMARY -----
Timestamp: 2025-04-30 21:20:14 ET
Competition ID: v2y8m4zhgxoql07
Competition: Western Australia Women's League (Australia)
Match: Balcatta (w) vs Murdoch University Melville FC (w)
Score: 5 - 0 (HT: 3 - 0)
Status: Finished (Status ID: 8)

--- MATCH BETTING ODDS ---
ML (Money Line):
Time: 4 min | Home: -3333 | Draw: +1400 | Away: +5000

SPREAD (Asia Handicap):
Time: 4 min | Home: +100 | Handicap: 3.5 | Away: -125

Over/Under:
Time: 4 min | Over: -115 | Line: 3.75 | Under: -109

--- MATCH ENVIRONMENT ---
Weather: Sunny
Humidity: 37%
Wind: 5.3m/s (11.9 mph)


==================================================
END OF LIVE MATCH DATA - 19 MATCHES DISPLAYED
==================================================
Refreshing in 30 seconds... (Press Ctrl+C to exit)

Waiting 30 seconds before next update at 2025-05-01 01:20:14...
==================================================

------------------------------------------------------------

==================================================
MATCH #17 OF 19
==================================================

----- MATCH SUMMARY -----
Timestamp: 2025-04-30 21:20:13 ET
Competition ID: 56ypq3nhzogmd7o
Competition: Portuguese Champions Nacional Juniores A 2 (Portugal)
Match: Vitoria SC Guimaraes U19 vs Tondela U19
Score: 1 - 2 (HT: 0 - 1)
Status: Finished (Status ID: 8)

--- MATCH BETTING ODDS ---
ML (Money Line):
Time: pre-match min | Home: +15000 | Draw: +2200 | Away: -10000 (Closest time to minutes 4-6 available: pre-match)

SPREAD (Asia Handicap):
Time: pre-match min | Home: -333 | Handicap: 0.0 | Away: +245 (Closest time to minutes 4-6 available: pre-match)

Over/Under:
Time: pre-match min | Over: +900 | Line: 3.5 | Under: -1667 (Closest time to minutes 4-6 available: pre-match)

--- MATCH ENVIRONMENT ---
Weather: Foggy
Humidity: 91%
Wind: 3.7m/s (8.3 mph)


==================================================
MATCH #18 OF 19
==================================================

----- MATCH SUMMARY -----
Timestamp: 2025-04-30 21:20:14 ET
Competition ID: v2y8m4zhv6ql074
Competition: Israel Leumit League (Israel)
Match: Hapoel Ramat Gan vs Maccabi Herzliya
Score: 2 - 0 (HT: 2 - 0)
Status: Finished (Status ID: 8)

--- MATCH BETTING ODDS ---
ML (Money Line):
Time: 4 min | Home: -105 | Draw: +300 | Away: +210

SPREAD (Asia Handicap):
Time: 4 min | Home: -130 | Handicap: 0.25 | Away: +102

Over/Under:
Time: 4 min | Over: -125 | Line: 2.75 | Under: +100

--- MATCH ENVIRONMENT ---
Weather: Sunny
Humidity: 40%
Wind: 8.4m/s (18.8 mph)

------------------------------------------------------------

==================================================
MATCH #16 OF 19
==================================================

----- MATCH SUMMARY -----
Timestamp: 2025-04-30 21:20:12 ET
Competition ID: v2y8m4zhydql074
Competition: Uruguay Primera Division (Uruguay)
Match: Montevideo City Torque vs Montevideo Wanderers FC
Score: 0 - 0 (HT: 0 - 0)
Status: Finished (Status ID: 8)

--- MATCH BETTING ODDS ---
ML (Money Line):
Time: 4 min | Home: +160 | Draw: +210 | Away: +175

SPREAD (Asia Handicap):
Time: 4 min | Home: -122 | Handicap: 0.0 | Away: -104

Over/Under:
Time: 4 min | Over: -108 | Line: 2.25 | Under: -115

--- MATCH ENVIRONMENT ---
Weather: Partially cloudy
Humidity: 88%
Wind: 1.8m/s (4.0 mph)

------------------------------------------------------------

==================================================
MATCH #14 OF 19
==================================================

----- MATCH SUMMARY -----
Timestamp: 2025-04-30 21:20:11 ET
Competition ID: p4jwq2gh27m0veo
Competition: Canadian Championship (Canada)
Match: Toronto FC vs Montreal Impact
Score: 2 - 2 (HT: 1 - 0)
Status: Finished (Status ID: 8)

--- MATCH BETTING ODDS ---
ML (Money Line):
Time: 4 min | Home: +175 | Draw: +200 | Away: +150

SPREAD (Asia Handicap):
Time: 4 min | Home: -119 | Handicap: 0.25 | Away: -130

Over/Under:
Time: 4 min | Over: -109 | Line: 2.25 | Under: -115

--- MATCH ENVIRONMENT ---
Weather: Sunny
Humidity: 66%
Wind: 2.6m/s (5.8 mph)


==================================================
MATCH #15 OF 19
==================================================

----- MATCH SUMMARY -----
Timestamp: 2025-04-30 21:20:12 ET
Competition ID: yl5ergphvjr8k0o
Competition: English Southern Football League (England)
Match: Walton   Hersham vs Gloucester City
Score: 2 - 2 (HT: 2 - 1)
Status: Finished (Status ID: 8)

--- MATCH BETTING ODDS ---
ML (Money Line):
Time: 4 min | Home: +110 | Draw: +250 | Away: +200

SPREAD (Asia Handicap):
Time: 4 min | Home: +102 | Handicap: 0.25 | Away: -122

Over/Under:
Time: 4 min | Over: -118 | Line: 3.0 | Under: -105

--- MATCH ENVIRONMENT ---
Weather: Sunny
Humidity: 50%
Wind: 3.4m/s (7.6 mph)

------------------------------------------------------------

==================================================
MATCH #13 OF 19
==================================================

----- MATCH SUMMARY -----
Timestamp: 2025-04-30 21:20:10 ET
Competition ID: gpxwrxlho4ryk0j
Competition: Brazilian Youth League (Brazil)
Match: Sao Paulo (Youth) vs Atletico Mineiro Youth
Score: 2 - 1 (HT: 1 - 1)
Status: Second half (Status ID: 4)

--- MATCH BETTING ODDS ---
ML (Money Line):
Time: 4 min | Home: -139 | Draw: +275 | Away: +300

SPREAD (Asia Handicap):
Time: 4 min | Home: -111 | Handicap: 0.5 | Away: -111

Over/Under:
Time: 4 min | Over: +100 | Line: 3.0 | Under: -125

--- MATCH ENVIRONMENT ---
Weather: Sunny
Humidity: 87%
Wind: 4.8m/s (10.7 mph)

------------------------------------------------------------

==================================================
MATCH #11 OF 19
==================================================

----- MATCH SUMMARY -----
Timestamp: 2025-04-30 21:20:09 ET
Competition ID: gpxwrxlh0nryk0j
Competition: CNCF CHL (Unknown Country)
Match: Inter Miami CF vs Vancouver Whitecaps
Score: 1 - 2 (HT: 1 - 0)
Status: Second half (Status ID: 4)

--- MATCH BETTING ODDS ---
ML (Money Line):
Time: 7 min | Home: -175 | Draw: +300 | Away: +400 (Closest time to minutes 4-6 available: 7)

SPREAD (Asia Handicap):
Time: 4 min | Home: -102 | Handicap: 1.0 | Away: -111

Over/Under:
Time: 4 min | Over: -109 | Line: 3.0 | Under: -115

--- MATCH ENVIRONMENT ---
Weather: Partially cloudy
Humidity: 60%
Wind: 6.1m/s (13.6 mph)


==================================================
MATCH #12 OF 19
==================================================

----- MATCH SUMMARY -----
Timestamp: 2025-04-30 21:20:09 ET
Competition ID: gpxwrxlh84ryk0j
Competition: Colombian Torneo BetPlay Dimayor (Colombia)
Match: Real Cartagena vs Atletico Huila
Score: 0 - 1 (HT: 0 - 1)
Status: Second half (Status ID: 4)

--- MATCH BETTING ODDS ---
ML (Money Line):
Time: 4 min | Home: +130 | Draw: +210 | Away: +210

SPREAD (Asia Handicap):
Time: 4 min | Home: +100 | Handicap: 0.25 | Away: -125

Over/Under:
Time: 4 min | Over: -133 | Line: 2.0 | Under: +105

--- MATCH ENVIRONMENT ---
Weather: Partially cloudy
Humidity: 79%
Wind: 3.2m/s (7.2 mph)

------------------------------------------------------------

==================================================
MATCH #10 OF 19
==================================================

----- MATCH SUMMARY -----
Timestamp: 2025-04-30 21:20:08 ET
Competition ID: vl7oqdeh6v4r510
Competition: Ecuadorian Campeonato Serie B (Ecuador)
Match: Atletico Vinotinto vs Chacaritas SC
Score: 3 - 0 (HT: 2 - 0)
Status: Second half (Status ID: 4)

--- MATCH BETTING ODDS ---
ML (Money Line):
Time: 4 min | Home: -200 | Draw: +300 | Away: +450

SPREAD (Asia Handicap):
Time: 4 min | Home: -115 | Handicap: 1.0 | Away: -109

Over/Under:
Time: 4 min | Over: -122 | Line: 2.25 | Under: -103

--- MATCH ENVIRONMENT ---
Weather: Cloudy
Humidity: 94%
Wind: 0.9m/s (2.0 mph)

------------------------------------------------------------

==================================================
MATCH #8 OF 19
==================================================

----- MATCH SUMMARY -----
Timestamp: 2025-04-30 21:20:07 ET
Competition ID: p3glrw7hevqdyjv
Competition: Argentine Division 1 (Argentina)
Match: Atletico Tucuman vs CA Independiente
Score: 1 - 0 (HT: 1 - 0)
Status: Second half (Status ID: 4)

--- MATCH BETTING ODDS ---
ML (Money Line):
Time: 4 min | Home: +187 | Draw: +200 | Away: +160

SPREAD (Asia Handicap):
Time: 4 min | Home: +102 | Handicap: 0.0 | Away: -130

Over/Under:
Time: 4 min | Over: -118 | Line: 2.0 | Under: -105

--- MATCH ENVIRONMENT ---
Weather: Windy
Humidity: 85%
Wind: 1.1m/s (2.5 mph)


==================================================
MATCH #9 OF 19
==================================================

----- MATCH SUMMARY -----
Timestamp: 2025-04-30 21:20:07 ET
Competition ID: l965mkyh9gr1ge4
Competition: CONMEBOL U17 Women's Sudamericano (Unknown Country)
Match: Colombia (w) U17 vs Argentina (w) U17
Score: 0 - 1 (HT: 0 - 1)
Status: Second half (Status ID: 4)

--- MATCH BETTING ODDS ---


--- MATCH ENVIRONMENT ---
No environment data available for this match

------------------------------------------------------------

==================================================
MATCH #7 OF 19
==================================================

----- MATCH SUMMARY -----
Timestamp: 2025-04-30 21:20:06 ET
Competition ID: 8y39mp1hgpmojxg
Competition: Chilean Cup (Chile)
Match: Municipal Iquique vs CD Copiapo S.A.
Score: 2 - 1 (HT: 2 - 0)
Status: Second half (Status ID: 4)

--- MATCH BETTING ODDS ---
ML (Money Line):
Time: 4 min | Home: -152 | Draw: +260 | Away: +450

SPREAD (Asia Handicap):
Time: 4 min | Home: -122 | Handicap: 0.75 | Away: +100

Over/Under:
Time: 4 min | Over: -118 | Line: 2.5 | Under: -105

--- MATCH ENVIRONMENT ---
Weather: Sunny
Humidity: 72%
Wind: 1.8m/s (4.0 mph)

------------------------------------------------------------

==================================================
MATCH #6 OF 19
==================================================

----- MATCH SUMMARY -----
Timestamp: 2025-04-30 21:20:05 ET
Competition ID: j1l4rjnhz31m7vx
Competition: Colombian Liga Betplay Femenina (Colombia)
Match: Atletico Nacional Medellin (w) vs Independiente Medellin (w)
Score: 1 - 0 (HT: 1 - 0)
Status: Second half (Status ID: 4)

--- MATCH BETTING ODDS ---
ML (Money Line):
Time: 4 min | Home: -152 | Draw: +260 | Away: +400

SPREAD (Asia Handicap):
Time: 4 min | Home: -109 | Handicap: 0.75 | Away: -115

Over/Under:
Time: 4 min | Over: -125 | Line: 2.0 | Under: +100

--- MATCH ENVIRONMENT ---
Weather: Windy
Humidity: 92%
Wind: 1.1m/s (2.5 mph)

------------------------------------------------------------

==================================================
MATCH #5 OF 19
==================================================

----- MATCH SUMMARY -----
Timestamp: 2025-04-30 21:20:04 ET
Competition ID: d23xmvkh5oqg8ny
Competition: Bolivian Copa LFPB (Bolivia)
Match: Blooming vs Nacional Potosi
Score: 1 - 0 (HT: 1 - 0)
Status: First half (Status ID: 2)

--- MATCH BETTING ODDS ---
ML (Money Line):
Time: 4 min | Home: -175 | Draw: +333 | Away: +350

SPREAD (Asia Handicap):
Time: 4 min | Home: +100 | Handicap: 1.0 | Away: -125

Over/Under:
Time: 4 min | Over: -118 | Line: 3.0 | Under: -105

--- MATCH ENVIRONMENT ---
Weather: Sunny
Humidity: 89%
Wind: 1.8m/s (4.0 mph)

------------------------------------------------------------

==================================================
MATCH #4 OF 19
==================================================

----- MATCH SUMMARY -----
Timestamp: 2025-04-30 21:20:04 ET
Competition ID: z8yomo4hooq0j6l
Competition: Brazilian Cup (Brazil)
Match: SC Paysandu Para vs Bahia
Score: 0 - 1 (HT: 0 - 1)
Status: First half (Status ID: 2)

--- MATCH BETTING ODDS ---
ML (Money Line):
Time: 4 min | Home: +350 | Draw: +200 | Away: -105

SPREAD (Asia Handicap):
Time: 4 min | Home: -122 | Handicap: -0.5 | Away: -103

Over/Under:
Time: 4 min | Over: -118 | Line: 2.0 | Under: -105

--- MATCH ENVIRONMENT ---
Weather: Partially cloudy
Humidity: 91%
Wind: 1.1m/s (2.5 mph)

------------------------------------------------------------

==================================================
MATCH #2 OF 19
==================================================

----- MATCH SUMMARY -----
Timestamp: 2025-04-30 21:20:02 ET
Competition ID: z8yomo4hooq0j6l
Competition: Brazilian Cup (Brazil)
Match: Centro Sportivo Alagoano vs Gremio (RS)
Score: 1 - 1 (HT: 1 - 1)
Status: Half-time break (Status ID: 3)

--- MATCH BETTING ODDS ---
ML (Money Line):
Time: 4 min | Home: +350 | Draw: +210 | Away: -111

SPREAD (Asia Handicap):
Time: 4 min | Home: -115 | Handicap: -0.5 | Away: -109

Over/Under:
Time: 4 min | Over: -122 | Line: 2.0 | Under: -103

--- MATCH ENVIRONMENT ---
Weather: Partially cloudy
Humidity: 65%
Wind: 2.6m/s (5.8 mph)


==================================================
MATCH #3 OF 19
==================================================

----- MATCH SUMMARY -----
Timestamp: 2025-04-30 21:20:03 ET
Competition ID: z8yomo4hooq0j6l
Competition: Brazilian Cup (Brazil)
Match: Gremio Novorizontino vs Corinthians Paulista (SP)
Score: 0 - 1 (HT: 0 - 1)
Status: Half-time break (Status ID: 3)

--- MATCH BETTING ODDS ---
ML (Money Line):
Time: 5 min | Home: +187 | Draw: +175 | Away: +187

SPREAD (Asia Handicap):
Time: 4 min | Home: -111 | Handicap: 0.0 | Away: -111

Over/Under:
Time: 4 min | Over: -111 | Line: 1.75 | Under: -111

--- MATCH ENVIRONMENT ---
Weather: Sunny
Humidity: 68%
Wind: 4.0m/s (8.9 mph)

------------------------------------------------------------

==================================================
MATCH #1 OF 19
==================================================

----- MATCH SUMMARY -----
Timestamp: 2025-04-30 21:20:01 ET
Competition ID: 56ypq3nhyymd7oj
Competition: Categoría Primera A (Colombia)
Match: Llaneros FC vs Independiente Santa Fe
Score: 0 - 0 (HT: 0 - 0)
Status: First half (Status ID: 2)

--- MATCH BETTING ODDS ---
ML (Money Line):
Time: 4 min | Home: +175 | Draw: +210 | Away: +175

SPREAD (Asia Handicap):
Time: 4 min | Home: +100 | Handicap: 0.0 | Away: -125

Over/Under:
Time: 4 min | Over: -103 | Line: 2.0 | Under: -122

--- MATCH ENVIRONMENT ---
Weather: Partially cloudy
Humidity: 84%
Wind: 1.2m/s (2.7 mph)

------------------------------------------------------------

==================================================
REFRESHING DATA AT: 2025-05-01 01:20:00
==================================================

Fetching live matches...

===== FOUND 19 LIVE FOOTBALL MATCHES =====

Last updated: 2025-05-01 01:20:00

------------------------------------------------------------

==================================================
MATCH #18 OF 18
==================================================

----- MATCH SUMMARY -----
Timestamp: 2025-04-30 21:19:30 ET
Competition ID: v2y8m4zhgxoql07
Competition: Western Australia Women's League (Australia)
Match: Balcatta (w) vs Murdoch University Melville FC (w)
Score: 5 - 0 (HT: 3 - 0)
Status: Finished (Status ID: 8)

--- MATCH BETTING ODDS ---
ML (Money Line):
Time: 4 min | Home: -3333 | Draw: +1400 | Away: +5000

SPREAD (Asia Handicap):
Time: 4 min | Home: +100 | Handicap: 3.5 | Away: -125

Over/Under:
Time: 4 min | Over: -115 | Line: 3.75 | Under: -109

--- MATCH ENVIRONMENT ---
Weather: Sunny
Humidity: 37%
Wind: 5.3m/s (11.9 mph)


==================================================
END OF LIVE MATCH DATA - 18 MATCHES DISPLAYED
==================================================
Refreshing in 30 seconds... (Press Ctrl+C to exit)

Waiting 30 seconds before next update at 2025-05-01 01:19:30...
==================================================

------------------------------------------------------------

==================================================
MATCH #17 OF 18
==================================================

----- MATCH SUMMARY -----
Timestamp: 2025-04-30 21:19:29 ET
Competition ID: v2y8m4zhv6ql074
Competition: Israel Leumit League (Israel)
Match: Hapoel Ramat Gan vs Maccabi Herzliya
Score: 2 - 0 (HT: 2 - 0)
Status: Finished (Status ID: 8)

--- MATCH BETTING ODDS ---
ML (Money Line):
Time: 4 min | Home: -105 | Draw: +300 | Away: +210

SPREAD (Asia Handicap):
Time: 4 min | Home: -130 | Handicap: 0.25 | Away: +102

Over/Under:
Time: 4 min | Over: -125 | Line: 2.75 | Under: +100

--- MATCH ENVIRONMENT ---
Weather: Sunny
Humidity: 40%
Wind: 8.4m/s (18.8 mph)

------------------------------------------------------------

==================================================
MATCH #15 OF 18
==================================================

----- MATCH SUMMARY -----
Timestamp: 2025-04-30 21:19:28 ET
Competition ID: yl5ergphvjr8k0o
Competition: English Southern Football League (England)
Match: Walton   Hersham vs Gloucester City
Score: 2 - 2 (HT: 2 - 1)
Status: Finished (Status ID: 8)

--- MATCH BETTING ODDS ---
ML (Money Line):
Time: 4 min | Home: +110 | Draw: +250 | Away: +200

SPREAD (Asia Handicap):
Time: 4 min | Home: +102 | Handicap: 0.25 | Away: -122

Over/Under:
Time: 4 min | Over: -118 | Line: 3.0 | Under: -105

--- MATCH ENVIRONMENT ---
Weather: Sunny
Humidity: 50%
Wind: 3.4m/s (7.6 mph)


==================================================
MATCH #16 OF 18
==================================================

----- MATCH SUMMARY -----
Timestamp: 2025-04-30 21:19:28 ET
Competition ID: 56ypq3nhzogmd7o
Competition: Portuguese Champions Nacional Juniores A 2 (Portugal)
Match: Vitoria SC Guimaraes U19 vs Tondela U19
Score: 1 - 2 (HT: 0 - 1)
Status: Finished (Status ID: 8)

--- MATCH BETTING ODDS ---
ML (Money Line):
Time: pre-match min | Home: +15000 | Draw: +2200 | Away: -10000 (Closest time to minutes 4-6 available: pre-match)

SPREAD (Asia Handicap):
Time: pre-match min | Home: -333 | Handicap: 0.0 | Away: +245 (Closest time to minutes 4-6 available: pre-match)

Over/Under:
Time: pre-match min | Over: +900 | Line: 3.5 | Under: -1667 (Closest time to minutes 4-6 available: pre-match)

--- MATCH ENVIRONMENT ---
Weather: Foggy
Humidity: 91%
Wind: 3.7m/s (8.3 mph)

------------------------------------------------------------

==================================================
MATCH #13 OF 18
==================================================

----- MATCH SUMMARY -----
Timestamp: 2025-04-30 21:19:27 ET
Competition ID: gpxwrxlho4ryk0j
Competition: Brazilian Youth League (Brazil)
Match: Sao Paulo (Youth) vs Atletico Mineiro Youth
Score: 2 - 1 (HT: 1 - 1)
Status: Second half (Status ID: 4)

--- MATCH BETTING ODDS ---
ML (Money Line):
Time: 4 min | Home: -139 | Draw: +275 | Away: +300

SPREAD (Asia Handicap):
Time: 4 min | Home: -111 | Handicap: 0.5 | Away: -111

Over/Under:
Time: 4 min | Over: +100 | Line: 3.0 | Under: -125

--- MATCH ENVIRONMENT ---
Weather: Sunny
Humidity: 87%
Wind: 4.8m/s (10.7 mph)


==================================================
MATCH #14 OF 18
==================================================

----- MATCH SUMMARY -----
Timestamp: 2025-04-30 21:19:27 ET
Competition ID: p4jwq2gh27m0veo
Competition: Canadian Championship (Canada)
Match: Toronto FC vs Montreal Impact
Score: 2 - 2 (HT: 1 - 0)
Status: Finished (Status ID: 8)

--- MATCH BETTING ODDS ---
ML (Money Line):
Time: 4 min | Home: +175 | Draw: +200 | Away: +150

SPREAD (Asia Handicap):
Time: 4 min | Home: -119 | Handicap: 0.25 | Away: -130

Over/Under:
Time: 4 min | Over: -109 | Line: 2.25 | Under: -115

--- MATCH ENVIRONMENT ---
Weather: Sunny
Humidity: 66%
Wind: 2.6m/s (5.8 mph)

------------------------------------------------------------

==================================================
MATCH #12 OF 18
==================================================

----- MATCH SUMMARY -----
Timestamp: 2025-04-30 21:19:26 ET
Competition ID: gpxwrxlh84ryk0j
Competition: Colombian Torneo BetPlay Dimayor (Colombia)
Match: Real Cartagena vs Atletico Huila
Score: 0 - 1 (HT: 0 - 1)
Status: Second half (Status ID: 4)

--- MATCH BETTING ODDS ---
ML (Money Line):
Time: 4 min | Home: +130 | Draw: +210 | Away: +210

SPREAD (Asia Handicap):
Time: 4 min | Home: +100 | Handicap: 0.25 | Away: -125

Over/Under:
Time: 4 min | Over: -133 | Line: 2.0 | Under: +105

--- MATCH ENVIRONMENT ---
Weather: Partially cloudy
Humidity: 79%
Wind: 3.2m/s (7.2 mph)

------------------------------------------------------------

==================================================
MATCH #10 OF 18
==================================================

----- MATCH SUMMARY -----
Timestamp: 2025-04-30 21:19:25 ET
Competition ID: vl7oqdeh6v4r510
Competition: Ecuadorian Campeonato Serie B (Ecuador)
Match: Atletico Vinotinto vs Chacaritas SC
Score: 3 - 0 (HT: 2 - 0)
Status: Second half (Status ID: 4)

--- MATCH BETTING ODDS ---
ML (Money Line):
Time: 4 min | Home: -200 | Draw: +300 | Away: +450

SPREAD (Asia Handicap):
Time: 4 min | Home: -115 | Handicap: 1.0 | Away: -109

Over/Under:
Time: 4 min | Over: -122 | Line: 2.25 | Under: -103

--- MATCH ENVIRONMENT ---
Weather: Cloudy
Humidity: 94%
Wind: 0.9m/s (2.0 mph)


==================================================
MATCH #11 OF 18
==================================================

----- MATCH SUMMARY -----
Timestamp: 2025-04-30 21:19:25 ET
Competition ID: gpxwrxlh0nryk0j
Competition: CNCF CHL (Unknown Country)
Match: Inter Miami CF vs Vancouver Whitecaps
Score: 1 - 2 (HT: 1 - 0)
Status: Second half (Status ID: 4)

--- MATCH BETTING ODDS ---
ML (Money Line):
Time: 7 min | Home: -175 | Draw: +300 | Away: +400 (Closest time to minutes 4-6 available: 7)

SPREAD (Asia Handicap):
Time: 4 min | Home: -102 | Handicap: 1.0 | Away: -111

Over/Under:
Time: 4 min | Over: -109 | Line: 3.0 | Under: -115

--- MATCH ENVIRONMENT ---
Weather: Partially cloudy
Humidity: 60%
Wind: 6.1m/s (13.6 mph)

------------------------------------------------------------

==================================================
MATCH #8 OF 18
==================================================

----- MATCH SUMMARY -----
Timestamp: 2025-04-30 21:19:24 ET
Competition ID: p3glrw7hevqdyjv
Competition: Argentine Division 1 (Argentina)
Match: Atletico Tucuman vs CA Independiente
Score: 1 - 0 (HT: 1 - 0)
Status: Second half (Status ID: 4)

--- MATCH BETTING ODDS ---
ML (Money Line):
Time: 4 min | Home: +187 | Draw: +200 | Away: +160

SPREAD (Asia Handicap):
Time: 4 min | Home: +102 | Handicap: 0.0 | Away: -130

Over/Under:
Time: 4 min | Over: -118 | Line: 2.0 | Under: -105

--- MATCH ENVIRONMENT ---
Weather: Windy
Humidity: 85%
Wind: 1.1m/s (2.5 mph)


==================================================
MATCH #9 OF 18
==================================================

----- MATCH SUMMARY -----
Timestamp: 2025-04-30 21:19:24 ET
Competition ID: l965mkyh9gr1ge4
Competition: CONMEBOL U17 Women's Sudamericano (Unknown Country)
Match: Colombia (w) U17 vs Argentina (w) U17
Score: 0 - 1 (HT: 0 - 1)
Status: Second half (Status ID: 4)

--- MATCH BETTING ODDS ---


--- MATCH ENVIRONMENT ---
No environment data available for this match

------------------------------------------------------------

==================================================
MATCH #7 OF 18
==================================================

----- MATCH SUMMARY -----
Timestamp: 2025-04-30 21:19:23 ET
Competition ID: 8y39mp1hgpmojxg
Competition: Chilean Cup (Chile)
Match: Municipal Iquique vs CD Copiapo S.A.
Score: 2 - 1 (HT: 2 - 0)
Status: Second half (Status ID: 4)

--- MATCH BETTING ODDS ---
ML (Money Line):
Time: 4 min | Home: -152 | Draw: +260 | Away: +450

SPREAD (Asia Handicap):
Time: 4 min | Home: -122 | Handicap: 0.75 | Away: +100

Over/Under:
Time: 4 min | Over: -118 | Line: 2.5 | Under: -105

--- MATCH ENVIRONMENT ---
Weather: Sunny
Humidity: 72%
Wind: 1.8m/s (4.0 mph)

------------------------------------------------------------

==================================================
MATCH #5 OF 18
==================================================

----- MATCH SUMMARY -----
Timestamp: 2025-04-30 21:19:22 ET
Competition ID: d23xmvkh5oqg8ny
Competition: Bolivian Copa LFPB (Bolivia)
Match: Blooming vs Nacional Potosi
Score: 1 - 0 (HT: 1 - 0)
Status: First half (Status ID: 2)

--- MATCH BETTING ODDS ---
ML (Money Line):
Time: 4 min | Home: -175 | Draw: +333 | Away: +350

SPREAD (Asia Handicap):
Time: 4 min | Home: +100 | Handicap: 1.0 | Away: -125

Over/Under:
Time: 4 min | Over: -118 | Line: 3.0 | Under: -105

--- MATCH ENVIRONMENT ---
Weather: Sunny
Humidity: 89%
Wind: 1.8m/s (4.0 mph)


==================================================
MATCH #6 OF 18
==================================================

----- MATCH SUMMARY -----
Timestamp: 2025-04-30 21:19:22 ET
Competition ID: j1l4rjnhz31m7vx
Competition: Colombian Liga Betplay Femenina (Colombia)
Match: Atletico Nacional Medellin (w) vs Independiente Medellin (w)
Score: 1 - 0 (HT: 1 - 0)
Status: Second half (Status ID: 4)

--- MATCH BETTING ODDS ---
ML (Money Line):
Time: 4 min | Home: -152 | Draw: +260 | Away: +400

SPREAD (Asia Handicap):
Time: 4 min | Home: -109 | Handicap: 0.75 | Away: -115

Over/Under:
Time: 4 min | Over: -125 | Line: 2.0 | Under: +100

--- MATCH ENVIRONMENT ---
Weather: Windy
Humidity: 92%
Wind: 1.1m/s (2.5 mph)

------------------------------------------------------------

==================================================
MATCH #4 OF 18
==================================================

----- MATCH SUMMARY -----
Timestamp: 2025-04-30 21:19:21 ET
Competition ID: z8yomo4hooq0j6l
Competition: Brazilian Cup (Brazil)
Match: SC Paysandu Para vs Bahia
Score: 0 - 1 (HT: 0 - 1)
Status: First half (Status ID: 2)

--- MATCH BETTING ODDS ---
ML (Money Line):
Time: 4 min | Home: +350 | Draw: +200 | Away: -105

SPREAD (Asia Handicap):
Time: 4 min | Home: -122 | Handicap: -0.5 | Away: -103

Over/Under:
Time: 4 min | Over: -118 | Line: 2.0 | Under: -105

--- MATCH ENVIRONMENT ---
Weather: Partially cloudy
Humidity: 91%
Wind: 1.1m/s (2.5 mph)

------------------------------------------------------------

==================================================
MATCH #2 OF 18
==================================================

----- MATCH SUMMARY -----
Timestamp: 2025-04-30 21:19:20 ET
Competition ID: z8yomo4hooq0j6l
Competition: Brazilian Cup (Brazil)
Match: Centro Sportivo Alagoano vs Gremio (RS)
Score: 1 - 1 (HT: 1 - 1)
Status: Half-time break (Status ID: 3)

--- MATCH BETTING ODDS ---
ML (Money Line):
Time: 4 min | Home: +350 | Draw: +210 | Away: -111

SPREAD (Asia Handicap):
Time: 4 min | Home: -115 | Handicap: -0.5 | Away: -109

Over/Under:
Time: 4 min | Over: -122 | Line: 2.0 | Under: -103

--- MATCH ENVIRONMENT ---
Weather: Partially cloudy
Humidity: 65%
Wind: 2.6m/s (5.8 mph)


==================================================
MATCH #3 OF 18
==================================================

----- MATCH SUMMARY -----
Timestamp: 2025-04-30 21:19:20 ET
Competition ID: z8yomo4hooq0j6l
Competition: Brazilian Cup (Brazil)
Match: Gremio Novorizontino vs Corinthians Paulista (SP)
Score: 0 - 1 (HT: 0 - 1)
Status: Half-time break (Status ID: 3)

--- MATCH BETTING ODDS ---
ML (Money Line):
Time: 5 min | Home: +187 | Draw: +175 | Away: +187

SPREAD (Asia Handicap):
Time: 4 min | Home: -111 | Handicap: 0.0 | Away: -111

Over/Under:
Time: 4 min | Over: -111 | Line: 1.75 | Under: -111

--- MATCH ENVIRONMENT ---
Weather: Sunny
Humidity: 68%
Wind: 4.0m/s (8.9 mph)

------------------------------------------------------------

==================================================
MATCH #1 OF 18
==================================================

----- MATCH SUMMARY -----
Timestamp: 2025-04-30 21:19:19 ET
Competition ID: 56ypq3nhyymd7oj
Competition: Categoría Primera A (Colombia)
Match: Llaneros FC vs Independiente Santa Fe
Score: 0 - 0 (HT: 0 - 0)
Status: First half (Status ID: 2)

--- MATCH BETTING ODDS ---
ML (Money Line):
Time: 4 min | Home: +175 | Draw: +210 | Away: +175

SPREAD (Asia Handicap):
Time: 4 min | Home: +100 | Handicap: 0.0 | Away: -125

Over/Under:
Time: 4 min | Over: -103 | Line: 2.0 | Under: -122

--- MATCH ENVIRONMENT ---
Weather: Partially cloudy
Humidity: 84%
Wind: 1.2m/s (2.7 mph)

------------------------------------------------------------

==================================================
REFRESHING DATA AT: 2025-05-01 01:19:18
==================================================

Fetching live matches...

===== FOUND 18 LIVE FOOTBALL MATCHES =====

Last updated: 2025-05-01 01:19:18

------------------------------------------------------------

==================================================
MATCH #16 OF 17
==================================================

----- MATCH SUMMARY -----
Timestamp: 2025-04-30 21:18:48 ET
Competition ID: 56ypq3nhzogmd7o
Competition: Portuguese Champions Nacional Juniores A 2 (Portugal)
Match: Vitoria SC Guimaraes U19 vs Tondela U19
Score: 1 - 2 (HT: 0 - 1)
Status: Finished (Status ID: 8)

--- MATCH BETTING ODDS ---
ML (Money Line):
Time: pre-match min | Home: +15000 | Draw: +2200 | Away: -10000 (Closest time to minutes 4-6 available: pre-match)

SPREAD (Asia Handicap):
Time: pre-match min | Home: -333 | Handicap: 0.0 | Away: +245 (Closest time to minutes 4-6 available: pre-match)

Over/Under:
Time: pre-match min | Over: +900 | Line: 3.5 | Under: -1667 (Closest time to minutes 4-6 available: pre-match)

--- MATCH ENVIRONMENT ---
Weather: Foggy
Humidity: 91%
Wind: 3.7m/s (8.3 mph)


==================================================
MATCH #17 OF 17
==================================================

----- MATCH SUMMARY -----
Timestamp: 2025-04-30 21:18:48 ET
Competition ID: v2y8m4zhgxoql07
Competition: Western Australia Women's League (Australia)
Match: Balcatta (w) vs Murdoch University Melville FC (w)
Score: 5 - 0 (HT: 3 - 0)
Status: Finished (Status ID: 8)

--- MATCH BETTING ODDS ---
ML (Money Line):
Time: 4 min | Home: -3333 | Draw: +1400 | Away: +5000

SPREAD (Asia Handicap):
Time: 4 min | Home: +100 | Handicap: 3.5 | Away: -125

Over/Under:
Time: 4 min | Over: -115 | Line: 3.75 | Under: -109

--- MATCH ENVIRONMENT ---
Weather: Sunny
Humidity: 37%
Wind: 5.3m/s (11.9 mph)


==================================================
END OF LIVE MATCH DATA - 17 MATCHES DISPLAYED
==================================================
Refreshing in 30 seconds... (Press Ctrl+C to exit)

Waiting 30 seconds before next update at 2025-05-01 01:18:48...
==================================================

------------------------------------------------------------

==================================================
MATCH #15 OF 17
==================================================

----- MATCH SUMMARY -----
Timestamp: 2025-04-30 21:18:47 ET
Competition ID: yl5ergphvjr8k0o
Competition: English Southern Football League (England)
Match: Walton   Hersham vs Gloucester City
Score: 2 - 2 (HT: 2 - 1)
Status: Finished (Status ID: 8)

--- MATCH BETTING ODDS ---
ML (Money Line):
Time: 4 min | Home: +110 | Draw: +250 | Away: +200

SPREAD (Asia Handicap):
Time: 4 min | Home: +102 | Handicap: 0.25 | Away: -122

Over/Under:
Time: 4 min | Over: -118 | Line: 3.0 | Under: -105

--- MATCH ENVIRONMENT ---
Weather: Sunny
Humidity: 50%
Wind: 3.4m/s (7.6 mph)

------------------------------------------------------------

==================================================
MATCH #13 OF 17
==================================================

----- MATCH SUMMARY -----
Timestamp: 2025-04-30 21:18:46 ET
Competition ID: gpxwrxlho4ryk0j
Competition: Brazilian Youth League (Brazil)
Match: Sao Paulo (Youth) vs Atletico Mineiro Youth
Score: 2 - 1 (HT: 1 - 1)
Status: Second half (Status ID: 4)

--- MATCH BETTING ODDS ---
ML (Money Line):
Time: 4 min | Home: -139 | Draw: +275 | Away: +300

SPREAD (Asia Handicap):
Time: 4 min | Home: -111 | Handicap: 0.5 | Away: -111

Over/Under:
Time: 4 min | Over: +100 | Line: 3.0 | Under: -125

--- MATCH ENVIRONMENT ---
Weather: Sunny
Humidity: 87%
Wind: 4.8m/s (10.7 mph)


==================================================
MATCH #14 OF 17
==================================================

----- MATCH SUMMARY -----
Timestamp: 2025-04-30 21:18:46 ET
Competition ID: p4jwq2gh27m0veo
Competition: Canadian Championship (Canada)
Match: Toronto FC vs Montreal Impact
Score: 2 - 2 (HT: 1 - 0)
Status: Finished (Status ID: 8)

--- MATCH BETTING ODDS ---
ML (Money Line):
Time: 4 min | Home: +175 | Draw: +200 | Away: +150

SPREAD (Asia Handicap):
Time: 4 min | Home: -119 | Handicap: 0.25 | Away: -130

Over/Under:
Time: 4 min | Over: -109 | Line: 2.25 | Under: -115

--- MATCH ENVIRONMENT ---
Weather: Sunny
Humidity: 66%
Wind: 2.6m/s (5.8 mph)

------------------------------------------------------------

==================================================
MATCH #12 OF 17
==================================================

----- MATCH SUMMARY -----
Timestamp: 2025-04-30 21:18:45 ET
Competition ID: gpxwrxlh84ryk0j
Competition: Colombian Torneo BetPlay Dimayor (Colombia)
Match: Real Cartagena vs Atletico Huila
Score: 0 - 1 (HT: 0 - 1)
Status: Second half (Status ID: 4)

--- MATCH BETTING ODDS ---
ML (Money Line):
Time: 4 min | Home: +130 | Draw: +210 | Away: +210

SPREAD (Asia Handicap):
Time: 4 min | Home: +100 | Handicap: 0.25 | Away: -125

Over/Under:
Time: 4 min | Over: -133 | Line: 2.0 | Under: +105

--- MATCH ENVIRONMENT ---
Weather: Partially cloudy
Humidity: 79%
Wind: 3.2m/s (7.2 mph)

------------------------------------------------------------

==================================================
MATCH #10 OF 17
==================================================

----- MATCH SUMMARY -----
Timestamp: 2025-04-30 21:18:44 ET
Competition ID: vl7oqdeh6v4r510
Competition: Ecuadorian Campeonato Serie B (Ecuador)
Match: Atletico Vinotinto vs Chacaritas SC
Score: 3 - 0 (HT: 2 - 0)
Status: Second half (Status ID: 4)

--- MATCH BETTING ODDS ---
ML (Money Line):
Time: 4 min | Home: -200 | Draw: +300 | Away: +450

SPREAD (Asia Handicap):
Time: 4 min | Home: -115 | Handicap: 1.0 | Away: -109

Over/Under:
Time: 4 min | Over: -122 | Line: 2.25 | Under: -103

--- MATCH ENVIRONMENT ---
Weather: Cloudy
Humidity: 94%
Wind: 0.9m/s (2.0 mph)


==================================================
MATCH #11 OF 17
==================================================

----- MATCH SUMMARY -----
Timestamp: 2025-04-30 21:18:44 ET
Competition ID: gpxwrxlh0nryk0j
Competition: CNCF CHL (Unknown Country)
Match: Inter Miami CF vs Vancouver Whitecaps
Score: 1 - 2 (HT: 1 - 0)
Status: Second half (Status ID: 4)

--- MATCH BETTING ODDS ---
ML (Money Line):
Time: 7 min | Home: -175 | Draw: +300 | Away: +400 (Closest time to minutes 4-6 available: 7)

SPREAD (Asia Handicap):
Time: 4 min | Home: -102 | Handicap: 1.0 | Away: -111

Over/Under:
Time: 4 min | Over: -109 | Line: 3.0 | Under: -115

--- MATCH ENVIRONMENT ---
Weather: Partially cloudy
Humidity: 60%
Wind: 6.1m/s (13.6 mph)

------------------------------------------------------------

==================================================
MATCH #8 OF 17
==================================================

----- MATCH SUMMARY -----
Timestamp: 2025-04-30 21:18:43 ET
Competition ID: p3glrw7hevqdyjv
Competition: Argentine Division 1 (Argentina)
Match: Atletico Tucuman vs CA Independiente
Score: 1 - 0 (HT: 1 - 0)
Status: Second half (Status ID: 4)

--- MATCH BETTING ODDS ---
ML (Money Line):
Time: 4 min | Home: +187 | Draw: +200 | Away: +160

SPREAD (Asia Handicap):
Time: 4 min | Home: +102 | Handicap: 0.0 | Away: -130

Over/Under:
Time: 4 min | Over: -118 | Line: 2.0 | Under: -105

--- MATCH ENVIRONMENT ---
Weather: Windy
Humidity: 85%
Wind: 1.1m/s (2.5 mph)


==================================================
MATCH #9 OF 17
==================================================

----- MATCH SUMMARY -----
Timestamp: 2025-04-30 21:18:43 ET
Competition ID: l965mkyh9gr1ge4
Competition: CONMEBOL U17 Women's Sudamericano (Unknown Country)
Match: Colombia (w) U17 vs Argentina (w) U17
Score: 0 - 1 (HT: 0 - 1)
Status: Second half (Status ID: 4)

--- MATCH BETTING ODDS ---


--- MATCH ENVIRONMENT ---
No environment data available for this match

------------------------------------------------------------

==================================================
MATCH #7 OF 17
==================================================

----- MATCH SUMMARY -----
Timestamp: 2025-04-30 21:18:42 ET
Competition ID: 8y39mp1hgpmojxg
Competition: Chilean Cup (Chile)
Match: Municipal Iquique vs CD Copiapo S.A.
Score: 2 - 1 (HT: 2 - 0)
Status: Second half (Status ID: 4)

--- MATCH BETTING ODDS ---
ML (Money Line):
Time: 4 min | Home: -152 | Draw: +260 | Away: +450

SPREAD (Asia Handicap):
Time: 4 min | Home: -122 | Handicap: 0.75 | Away: +100

Over/Under:
Time: 4 min | Over: -118 | Line: 2.5 | Under: -105

--- MATCH ENVIRONMENT ---
Weather: Sunny
Humidity: 72%
Wind: 1.8m/s (4.0 mph)

------------------------------------------------------------

==================================================
MATCH #5 OF 17
==================================================

----- MATCH SUMMARY -----
Timestamp: 2025-04-30 21:18:41 ET
Competition ID: d23xmvkh5oqg8ny
Competition: Bolivian Copa LFPB (Bolivia)
Match: Blooming vs Nacional Potosi
Score: 1 - 0 (HT: 1 - 0)
Status: First half (Status ID: 2)

--- MATCH BETTING ODDS ---
ML (Money Line):
Time: 4 min | Home: -175 | Draw: +333 | Away: +350

SPREAD (Asia Handicap):
Time: 4 min | Home: +100 | Handicap: 1.0 | Away: -125

Over/Under:
Time: 4 min | Over: -118 | Line: 3.0 | Under: -105

--- MATCH ENVIRONMENT ---
Weather: Sunny
Humidity: 89%
Wind: 1.8m/s (4.0 mph)


==================================================
MATCH #6 OF 17
==================================================

----- MATCH SUMMARY -----
Timestamp: 2025-04-30 21:18:41 ET
Competition ID: j1l4rjnhz31m7vx
Competition: Colombian Liga Betplay Femenina (Colombia)
Match: Atletico Nacional Medellin (w) vs Independiente Medellin (w)
Score: 1 - 0 (HT: 1 - 0)
Status: Second half (Status ID: 4)

--- MATCH BETTING ODDS ---
ML (Money Line):
Time: 4 min | Home: -152 | Draw: +260 | Away: +400

SPREAD (Asia Handicap):
Time: 4 min | Home: -109 | Handicap: 0.75 | Away: -115

Over/Under:
Time: 4 min | Over: -125 | Line: 2.0 | Under: +100

--- MATCH ENVIRONMENT ---
Weather: Windy
Humidity: 92%
Wind: 1.1m/s (2.5 mph)

------------------------------------------------------------

==================================================
MATCH #4 OF 17
==================================================

----- MATCH SUMMARY -----
Timestamp: 2025-04-30 21:18:40 ET
Competition ID: z8yomo4hooq0j6l
Competition: Brazilian Cup (Brazil)
Match: SC Paysandu Para vs Bahia
Score: 0 - 1 (HT: 0 - 1)
Status: First half (Status ID: 2)

--- MATCH BETTING ODDS ---
ML (Money Line):
Time: 4 min | Home: +350 | Draw: +200 | Away: -105

SPREAD (Asia Handicap):
Time: 4 min | Home: -122 | Handicap: -0.5 | Away: -103

Over/Under:
Time: 4 min | Over: -118 | Line: 2.0 | Under: -105

--- MATCH ENVIRONMENT ---
Weather: Partially cloudy
Humidity: 91%
Wind: 1.1m/s (2.5 mph)

------------------------------------------------------------

==================================================
MATCH #2 OF 17
==================================================

----- MATCH SUMMARY -----
Timestamp: 2025-04-30 21:18:39 ET
Competition ID: z8yomo4hooq0j6l
Competition: Brazilian Cup (Brazil)
Match: Centro Sportivo Alagoano vs Gremio (RS)
Score: 1 - 1 (HT: 1 - 1)
Status: Half-time break (Status ID: 3)

--- MATCH BETTING ODDS ---
ML (Money Line):
Time: 4 min | Home: +350 | Draw: +210 | Away: -111

SPREAD (Asia Handicap):
Time: 4 min | Home: -115 | Handicap: -0.5 | Away: -109

Over/Under:
Time: 4 min | Over: -122 | Line: 2.0 | Under: -103

--- MATCH ENVIRONMENT ---
Weather: Partially cloudy
Humidity: 65%
Wind: 2.6m/s (5.8 mph)


==================================================
MATCH #3 OF 17
==================================================

----- MATCH SUMMARY -----
Timestamp: 2025-04-30 21:18:39 ET
Competition ID: z8yomo4hooq0j6l
Competition: Brazilian Cup (Brazil)
Match: Gremio Novorizontino vs Corinthians Paulista (SP)
Score: 0 - 1 (HT: 0 - 1)
Status: Half-time break (Status ID: 3)

--- MATCH BETTING ODDS ---
ML (Money Line):
Time: 5 min | Home: +187 | Draw: +175 | Away: +187

SPREAD (Asia Handicap):
Time: 4 min | Home: -111 | Handicap: 0.0 | Away: -111

Over/Under:
Time: 4 min | Over: -111 | Line: 1.75 | Under: -111

--- MATCH ENVIRONMENT ---
Weather: Sunny
Humidity: 68%
Wind: 4.0m/s (8.9 mph)

------------------------------------------------------------

===== FOUND 17 LIVE FOOTBALL MATCHES =====

Last updated: 2025-05-01 01:18:37
==================================================
MATCH #1 OF 17
==================================================

----- MATCH SUMMARY -----
Timestamp: 2025-04-30 21:18:38 ET
Competition ID: 56ypq3nhyymd7oj
Competition: Categoría Primera A (Colombia)
Match: Llaneros FC vs Independiente Santa Fe
Score: 0 - 0 (HT: 0 - 0)
Status: First half (Status ID: 2)

--- MATCH BETTING ODDS ---
ML (Money Line):
Time: 4 min | Home: +175 | Draw: +210 | Away: +175

SPREAD (Asia Handicap):
Time: 4 min | Home: +100 | Handicap: 0.0 | Away: -125

Over/Under:
Time: 4 min | Over: -103 | Line: 2.0 | Under: -122

--- MATCH ENVIRONMENT ---
Weather: Partially cloudy
Humidity: 84%
Wind: 1.2m/s (2.7 mph)

------------------------------------------------------------

==================================================
REFRESHING DATA AT: 2025-05-01 01:18:37
==================================================

Fetching live matches...

------------------------------------------------------------

==================================================
MATCH #16 OF 17
==================================================

----- MATCH SUMMARY -----
Timestamp: 2025-04-30 21:18:06 ET
Competition ID: 56ypq3nhzogmd7o
Competition: Portuguese Champions Nacional Juniores A 2 (Portugal)
Match: Vitoria SC Guimaraes U19 vs Tondela U19
Score: 1 - 2 (HT: 0 - 1)
Status: Finished (Status ID: 8)

--- MATCH BETTING ODDS ---
ML (Money Line):
Time: pre-match min | Home: +15000 | Draw: +2200 | Away: -10000 (Closest time to minutes 4-6 available: pre-match)

SPREAD (Asia Handicap):
Time: pre-match min | Home: -333 | Handicap: 0.0 | Away: +245 (Closest time to minutes 4-6 available: pre-match)

Over/Under:
Time: pre-match min | Over: +900 | Line: 3.5 | Under: -1667 (Closest time to minutes 4-6 available: pre-match)

--- MATCH ENVIRONMENT ---
Weather: Foggy
Humidity: 91%
Wind: 3.7m/s (8.3 mph)


==================================================
MATCH #17 OF 17
==================================================

----- MATCH SUMMARY -----
Timestamp: 2025-04-30 21:18:07 ET
Competition ID: v2y8m4zhgxoql07
Competition: Western Australia Women's League (Australia)
Match: Balcatta (w) vs Murdoch University Melville FC (w)
Score: 5 - 0 (HT: 3 - 0)
Status: Finished (Status ID: 8)

--- MATCH BETTING ODDS ---
ML (Money Line):
Time: 4 min | Home: -3333 | Draw: +1400 | Away: +5000

SPREAD (Asia Handicap):
Time: 4 min | Home: +100 | Handicap: 3.5 | Away: -125

Over/Under:
Time: 4 min | Over: -115 | Line: 3.75 | Under: -109

--- MATCH ENVIRONMENT ---
Weather: Sunny
Humidity: 37%
Wind: 5.3m/s (11.9 mph)


==================================================
END OF LIVE MATCH DATA - 17 MATCHES DISPLAYED
==================================================
Refreshing in 30 seconds... (Press Ctrl+C to exit)

Waiting 30 seconds before next update at 2025-05-01 01:18:07...
==================================================

------------------------------------------------------------

==================================================
MATCH #15 OF 17
==================================================

----- MATCH SUMMARY -----
Timestamp: 2025-04-30 21:18:06 ET
Competition ID: yl5ergphvjr8k0o
Competition: English Southern Football League (England)
Match: Walton   Hersham vs Gloucester City
Score: 2 - 2 (HT: 2 - 1)
Status: Finished (Status ID: 8)

--- MATCH BETTING ODDS ---
ML (Money Line):
Time: 4 min | Home: +110 | Draw: +250 | Away: +200

SPREAD (Asia Handicap):
Time: 4 min | Home: +102 | Handicap: 0.25 | Away: -122

Over/Under:
Time: 4 min | Over: -118 | Line: 3.0 | Under: -105

--- MATCH ENVIRONMENT ---
Weather: Sunny
Humidity: 50%
Wind: 3.4m/s (7.6 mph)

------------------------------------------------------------

==================================================
MATCH #14 OF 17
==================================================

----- MATCH SUMMARY -----
Timestamp: 2025-04-30 21:18:05 ET
Competition ID: p4jwq2gh27m0veo
Competition: Canadian Championship (Canada)
Match: Toronto FC vs Montreal Impact
Score: 2 - 2 (HT: 1 - 0)
Status: Finished (Status ID: 8)

--- MATCH BETTING ODDS ---
ML (Money Line):
Time: 4 min | Home: +175 | Draw: +200 | Away: +150

SPREAD (Asia Handicap):
Time: 4 min | Home: -119 | Handicap: 0.25 | Away: -130

Over/Under:
Time: 4 min | Over: -109 | Line: 2.25 | Under: -115

--- MATCH ENVIRONMENT ---
Weather: Sunny
Humidity: 66%
Wind: 2.6m/s (5.8 mph)

------------------------------------------------------------

==================================================
MATCH #12 OF 17
==================================================

----- MATCH SUMMARY -----
Timestamp: 2025-04-30 21:18:04 ET
Competition ID: gpxwrxlh84ryk0j
Competition: Colombian Torneo BetPlay Dimayor (Colombia)
Match: Real Cartagena vs Atletico Huila
Score: 0 - 1 (HT: 0 - 1)
Status: Second half (Status ID: 4)

--- MATCH BETTING ODDS ---
ML (Money Line):
Time: 4 min | Home: +130 | Draw: +210 | Away: +210

SPREAD (Asia Handicap):
Time: 4 min | Home: +100 | Handicap: 0.25 | Away: -125

Over/Under:
Time: 4 min | Over: -133 | Line: 2.0 | Under: +105

--- MATCH ENVIRONMENT ---
Weather: Partially cloudy
Humidity: 79%
Wind: 3.2m/s (7.2 mph)


==================================================
MATCH #13 OF 17
==================================================

----- MATCH SUMMARY -----
Timestamp: 2025-04-30 21:18:04 ET
Competition ID: gpxwrxlho4ryk0j
Competition: Brazilian Youth League (Brazil)
Match: Sao Paulo (Youth) vs Atletico Mineiro Youth
Score: 2 - 1 (HT: 1 - 1)
Status: Second half (Status ID: 4)

--- MATCH BETTING ODDS ---
ML (Money Line):
Time: 4 min | Home: -139 | Draw: +275 | Away: +300

SPREAD (Asia Handicap):
Time: 4 min | Home: -111 | Handicap: 0.5 | Away: -111

Over/Under:
Time: 4 min | Over: +100 | Line: 3.0 | Under: -125

--- MATCH ENVIRONMENT ---
Weather: Sunny
Humidity: 87%
Wind: 4.8m/s (10.7 mph)

------------------------------------------------------------

==================================================
MATCH #11 OF 17
==================================================

----- MATCH SUMMARY -----
Timestamp: 2025-04-30 21:18:03 ET
Competition ID: gpxwrxlh0nryk0j
Competition: CNCF CHL (Unknown Country)
Match: Inter Miami CF vs Vancouver Whitecaps
Score: 1 - 2 (HT: 1 - 0)
Status: Second half (Status ID: 4)

--- MATCH BETTING ODDS ---
ML (Money Line):
Time: 7 min | Home: -175 | Draw: +300 | Away: +400 (Closest time to minutes 4-6 available: 7)

SPREAD (Asia Handicap):
Time: 4 min | Home: -102 | Handicap: 1.0 | Away: -111

Over/Under:
Time: 4 min | Over: -109 | Line: 3.0 | Under: -115

--- MATCH ENVIRONMENT ---
Weather: Partially cloudy
Humidity: 60%
Wind: 6.1m/s (13.6 mph)

------------------------------------------------------------

==================================================
MATCH #10 OF 17
==================================================

----- MATCH SUMMARY -----
Timestamp: 2025-04-30 21:18:02 ET
Competition ID: vl7oqdeh6v4r510
Competition: Ecuadorian Campeonato Serie B (Ecuador)
Match: Atletico Vinotinto vs Chacaritas SC
Score: 3 - 0 (HT: 2 - 0)
Status: Second half (Status ID: 4)

--- MATCH BETTING ODDS ---
ML (Money Line):
Time: 4 min | Home: -200 | Draw: +300 | Away: +450

SPREAD (Asia Handicap):
Time: 4 min | Home: -115 | Handicap: 1.0 | Away: -109

Over/Under:
Time: 4 min | Over: -122 | Line: 2.25 | Under: -103

--- MATCH ENVIRONMENT ---
Weather: Cloudy
Humidity: 94%
Wind: 0.9m/s (2.0 mph)

------------------------------------------------------------

==================================================
MATCH #9 OF 17
==================================================

----- MATCH SUMMARY -----
Timestamp: 2025-04-30 21:18:01 ET
Competition ID: l965mkyh9gr1ge4
Competition: CONMEBOL U17 Women's Sudamericano (Unknown Country)
Match: Colombia (w) U17 vs Argentina (w) U17
Score: 0 - 1 (HT: 0 - 1)
Status: Second half (Status ID: 4)

--- MATCH BETTING ODDS ---


--- MATCH ENVIRONMENT ---
No environment data available for this match

------------------------------------------------------------

==================================================
MATCH #8 OF 17
==================================================

----- MATCH SUMMARY -----
Timestamp: 2025-04-30 21:18:00 ET
Competition ID: p3glrw7hevqdyjv
Competition: Argentine Division 1 (Argentina)
Match: Atletico Tucuman vs CA Independiente
Score: 1 - 0 (HT: 1 - 0)
Status: Second half (Status ID: 4)

--- MATCH BETTING ODDS ---
ML (Money Line):
Time: 4 min | Home: +187 | Draw: +200 | Away: +160

SPREAD (Asia Handicap):
Time: 4 min | Home: +102 | Handicap: 0.0 | Away: -130

Over/Under:
Time: 4 min | Over: -118 | Line: 2.0 | Under: -105

--- MATCH ENVIRONMENT ---
Weather: Windy
Humidity: 85%
Wind: 1.1m/s (2.5 mph)

------------------------------------------------------------

==================================================
MATCH #7 OF 17
==================================================

----- MATCH SUMMARY -----
Timestamp: 2025-04-30 21:17:59 ET
Competition ID: 8y39mp1hgpmojxg
Competition: Chilean Cup (Chile)
Match: Municipal Iquique vs CD Copiapo S.A.
Score: 2 - 1 (HT: 2 - 0)
Status: Second half (Status ID: 4)

--- MATCH BETTING ODDS ---
ML (Money Line):
Time: 4 min | Home: -152 | Draw: +260 | Away: +450

SPREAD (Asia Handicap):
Time: 4 min | Home: -122 | Handicap: 0.75 | Away: +100

Over/Under:
Time: 4 min | Over: -118 | Line: 2.5 | Under: -105

--- MATCH ENVIRONMENT ---
Weather: Sunny
Humidity: 72%
Wind: 1.8m/s (4.0 mph)

------------------------------------------------------------

==================================================
MATCH #5 OF 17
==================================================

----- MATCH SUMMARY -----
Timestamp: 2025-04-30 21:17:58 ET
Competition ID: d23xmvkh5oqg8ny
Competition: Bolivian Copa LFPB (Bolivia)
Match: Blooming vs Nacional Potosi
Score: 1 - 0 (HT: 1 - 0)
Status: First half (Status ID: 2)

--- MATCH BETTING ODDS ---
ML (Money Line):
Time: 4 min | Home: -175 | Draw: +333 | Away: +350

SPREAD (Asia Handicap):
Time: 4 min | Home: +100 | Handicap: 1.0 | Away: -125

Over/Under:
Time: 4 min | Over: -118 | Line: 3.0 | Under: -105

--- MATCH ENVIRONMENT ---
Weather: Sunny
Humidity: 89%
Wind: 1.8m/s (4.0 mph)


==================================================
MATCH #6 OF 17
==================================================

----- MATCH SUMMARY -----
Timestamp: 2025-04-30 21:17:58 ET
Competition ID: j1l4rjnhz31m7vx
Competition: Colombian Liga Betplay Femenina (Colombia)
Match: Atletico Nacional Medellin (w) vs Independiente Medellin (w)
Score: 1 - 0 (HT: 1 - 0)
Status: Second half (Status ID: 4)

--- MATCH BETTING ODDS ---
ML (Money Line):
Time: 4 min | Home: -152 | Draw: +260 | Away: +400

SPREAD (Asia Handicap):
Time: 4 min | Home: -109 | Handicap: 0.75 | Away: -115

Over/Under:
Time: 4 min | Over: -125 | Line: 2.0 | Under: +100

--- MATCH ENVIRONMENT ---
Weather: Windy
Humidity: 92%
Wind: 1.1m/s (2.5 mph)

------------------------------------------------------------

==================================================
MATCH #4 OF 17
==================================================

----- MATCH SUMMARY -----
Timestamp: 2025-04-30 21:17:57 ET
Competition ID: z8yomo4hooq0j6l
Competition: Brazilian Cup (Brazil)
Match: SC Paysandu Para vs Bahia
Score: 0 - 1 (HT: 0 - 1)
Status: First half (Status ID: 2)

--- MATCH BETTING ODDS ---
ML (Money Line):
Time: 4 min | Home: +350 | Draw: +200 | Away: -105

SPREAD (Asia Handicap):
Time: 4 min | Home: -122 | Handicap: -0.5 | Away: -103

Over/Under:
Time: 4 min | Over: -118 | Line: 2.0 | Under: -105

--- MATCH ENVIRONMENT ---
Weather: Partially cloudy
Humidity: 91%
Wind: 1.1m/s (2.5 mph)

------------------------------------------------------------

==================================================
MATCH #2 OF 17
==================================================

----- MATCH SUMMARY -----
Timestamp: 2025-04-30 21:17:56 ET
Competition ID: z8yomo4hooq0j6l
Competition: Brazilian Cup (Brazil)
Match: Centro Sportivo Alagoano vs Gremio (RS)
Score: 1 - 1 (HT: 1 - 1)
Status: First half (Status ID: 2)

--- MATCH BETTING ODDS ---
ML (Money Line):
Time: 4 min | Home: +350 | Draw: +210 | Away: -111

SPREAD (Asia Handicap):
Time: 4 min | Home: -115 | Handicap: -0.5 | Away: -109

Over/Under:
Time: 4 min | Over: -122 | Line: 2.0 | Under: -103

--- MATCH ENVIRONMENT ---
Weather: Partially cloudy
Humidity: 65%
Wind: 2.6m/s (5.8 mph)


==================================================
MATCH #3 OF 17
==================================================

----- MATCH SUMMARY -----
Timestamp: 2025-04-30 21:17:56 ET
Competition ID: z8yomo4hooq0j6l
Competition: Brazilian Cup (Brazil)
Match: Gremio Novorizontino vs Corinthians Paulista (SP)
Score: 0 - 1 (HT: 0 - 1)
Status: First half (Status ID: 2)

--- MATCH BETTING ODDS ---
ML (Money Line):
Time: 5 min | Home: +187 | Draw: +175 | Away: +187

SPREAD (Asia Handicap):
Time: 4 min | Home: -111 | Handicap: 0.0 | Away: -111

Over/Under:
Time: 4 min | Over: -111 | Line: 1.75 | Under: -111

--- MATCH ENVIRONMENT ---
Weather: Sunny
Humidity: 68%
Wind: 4.0m/s (8.9 mph)

------------------------------------------------------------

==================================================
MATCH #1 OF 17
==================================================

----- MATCH SUMMARY -----
Timestamp: 2025-04-30 21:17:55 ET
Competition ID: 56ypq3nhyymd7oj
Competition: Categoría Primera A (Colombia)
Match: Llaneros FC vs Independiente Santa Fe
Score: 0 - 0 (HT: 0 - 0)
Status: First half (Status ID: 2)

--- MATCH BETTING ODDS ---
ML (Money Line):
Time: 4 min | Home: +175 | Draw: +210 | Away: +175

SPREAD (Asia Handicap):
Time: 4 min | Home: +100 | Handicap: 0.0 | Away: -125

Over/Under:
Time: 4 min | Over: -103 | Line: 2.0 | Under: -122

--- MATCH ENVIRONMENT ---
Weather: Partially cloudy
Humidity: 84%
Wind: 1.2m/s (2.7 mph)

------------------------------------------------------------

==================================================
REFRESHING DATA AT: 2025-05-01 01:17:54
==================================================

Fetching live matches...

===== FOUND 17 LIVE FOOTBALL MATCHES =====

Last updated: 2025-05-01 01:17:54

------------------------------------------------------------

==================================================
MATCH #17 OF 18
==================================================

----- MATCH SUMMARY -----
Timestamp: 2025-04-30 21:17:23 ET
Competition ID: 56ypq3nhzogmd7o
Competition: Portuguese Champions Nacional Juniores A 2 (Portugal)
Match: Vitoria SC Guimaraes U19 vs Tondela U19
Score: 1 - 2 (HT: 0 - 1)
Status: Finished (Status ID: 8)

--- MATCH BETTING ODDS ---
ML (Money Line):
Time: pre-match min | Home: +15000 | Draw: +2200 | Away: -10000 (Closest time to minutes 4-6 available: pre-match)

SPREAD (Asia Handicap):
Time: pre-match min | Home: -333 | Handicap: 0.0 | Away: +245 (Closest time to minutes 4-6 available: pre-match)

Over/Under:
Time: pre-match min | Over: +900 | Line: 3.5 | Under: -1667 (Closest time to minutes 4-6 available: pre-match)

--- MATCH ENVIRONMENT ---
Weather: Foggy
Humidity: 91%
Wind: 3.7m/s (8.3 mph)


==================================================
MATCH #18 OF 18
==================================================

----- MATCH SUMMARY -----
Timestamp: 2025-04-30 21:17:24 ET
Competition ID: v2y8m4zhgxoql07
Competition: Western Australia Women's League (Australia)
Match: Balcatta (w) vs Murdoch University Melville FC (w)
Score: 5 - 0 (HT: 3 - 0)
Status: Finished (Status ID: 8)

--- MATCH BETTING ODDS ---
ML (Money Line):
Time: 4 min | Home: -3333 | Draw: +1400 | Away: +5000

SPREAD (Asia Handicap):
Time: 4 min | Home: +100 | Handicap: 3.5 | Away: -125

Over/Under:
Time: 4 min | Over: -115 | Line: 3.75 | Under: -109

--- MATCH ENVIRONMENT ---
Weather: Sunny
Humidity: 37%
Wind: 5.3m/s (11.9 mph)


==================================================
END OF LIVE MATCH DATA - 18 MATCHES DISPLAYED
==================================================
Refreshing in 30 seconds... (Press Ctrl+C to exit)

Waiting 30 seconds before next update at 2025-05-01 01:17:24...
==================================================

------------------------------------------------------------

==================================================
MATCH #15 OF 18
==================================================

----- MATCH SUMMARY -----
Timestamp: 2025-04-30 21:17:23 ET
Competition ID: yl5ergphvjr8k0o
Competition: English Southern Football League (England)
Match: Walton   Hersham vs Gloucester City
Score: 2 - 2 (HT: 2 - 1)
Status: Finished (Status ID: 8)

--- MATCH BETTING ODDS ---
ML (Money Line):
Time: 4 min | Home: +110 | Draw: +250 | Away: +200

SPREAD (Asia Handicap):
Time: 4 min | Home: +102 | Handicap: 0.25 | Away: -122

Over/Under:
Time: 4 min | Over: -118 | Line: 3.0 | Under: -105

--- MATCH ENVIRONMENT ---
Weather: Sunny
Humidity: 50%
Wind: 3.4m/s (7.6 mph)


==================================================
MATCH #16 OF 18
==================================================

----- MATCH SUMMARY -----
Timestamp: 2025-04-30 21:17:23 ET
Competition ID: yl5ergphd2r8k0o
Competition: Moldova Division 2 (Moldova)
Match: Saxan Ceadir Lunga vs FC Ursidos Stauceni
Score: 1 - 1 (HT: 0 - 1)
Status: Finished (Status ID: 8)

--- MATCH BETTING ODDS ---

SPREAD (Asia Handicap):
Time: 7 min | Home: -127 | Handicap: 0.5 | Away: -118 (Closest time to minutes 4-6 available: 7)

Over/Under:
Time: 4 min | Over: -154 | Line: 2.5 | Under: +110

--- MATCH ENVIRONMENT ---
No environment data available for this match

------------------------------------------------------------

==================================================
MATCH #14 OF 18
==================================================

----- MATCH SUMMARY -----
Timestamp: 2025-04-30 21:17:22 ET
Competition ID: p4jwq2gh27m0veo
Competition: Canadian Championship (Canada)
Match: Toronto FC vs Montreal Impact
Score: 2 - 2 (HT: 1 - 0)
Status: Finished (Status ID: 8)

--- MATCH BETTING ODDS ---
ML (Money Line):
Time: 4 min | Home: +175 | Draw: +200 | Away: +150

SPREAD (Asia Handicap):
Time: 4 min | Home: -119 | Handicap: 0.25 | Away: -130

Over/Under:
Time: 4 min | Over: -109 | Line: 2.25 | Under: -115

--- MATCH ENVIRONMENT ---
Weather: Sunny
Humidity: 66%
Wind: 2.6m/s (5.8 mph)

------------------------------------------------------------

==================================================
MATCH #12 OF 18
==================================================

----- MATCH SUMMARY -----
Timestamp: 2025-04-30 21:17:21 ET
Competition ID: gpxwrxlh84ryk0j
Competition: Colombian Torneo BetPlay Dimayor (Colombia)
Match: Real Cartagena vs Atletico Huila
Score: 0 - 1 (HT: 0 - 1)
Status: Second half (Status ID: 4)

--- MATCH BETTING ODDS ---
ML (Money Line):
Time: 4 min | Home: +130 | Draw: +210 | Away: +210

SPREAD (Asia Handicap):
Time: 4 min | Home: +100 | Handicap: 0.25 | Away: -125

Over/Under:
Time: 4 min | Over: -133 | Line: 2.0 | Under: +105

--- MATCH ENVIRONMENT ---
Weather: Partially cloudy
Humidity: 79%
Wind: 3.2m/s (7.2 mph)


==================================================
MATCH #13 OF 18
==================================================

----- MATCH SUMMARY -----
Timestamp: 2025-04-30 21:17:21 ET
Competition ID: gpxwrxlho4ryk0j
Competition: Brazilian Youth League (Brazil)
Match: Sao Paulo (Youth) vs Atletico Mineiro Youth
Score: 2 - 1 (HT: 1 - 1)
Status: Second half (Status ID: 4)

--- MATCH BETTING ODDS ---
ML (Money Line):
Time: 4 min | Home: -139 | Draw: +275 | Away: +300

SPREAD (Asia Handicap):
Time: 4 min | Home: -111 | Handicap: 0.5 | Away: -111

Over/Under:
Time: 4 min | Over: +100 | Line: 3.0 | Under: -125

--- MATCH ENVIRONMENT ---
Weather: Sunny
Humidity: 87%
Wind: 4.8m/s (10.7 mph)

------------------------------------------------------------

==================================================
MATCH #11 OF 18
==================================================

----- MATCH SUMMARY -----
Timestamp: 2025-04-30 21:17:20 ET
Competition ID: gpxwrxlh0nryk0j
Competition: CNCF CHL (Unknown Country)
Match: Inter Miami CF vs Vancouver Whitecaps
Score: 1 - 2 (HT: 1 - 0)
Status: Second half (Status ID: 4)

--- MATCH BETTING ODDS ---
ML (Money Line):
Time: 7 min | Home: -175 | Draw: +300 | Away: +400 (Closest time to minutes 4-6 available: 7)

SPREAD (Asia Handicap):
Time: 4 min | Home: -102 | Handicap: 1.0 | Away: -111

Over/Under:
Time: 4 min | Over: -109 | Line: 3.0 | Under: -115

--- MATCH ENVIRONMENT ---
Weather: Partially cloudy
Humidity: 60%
Wind: 6.1m/s (13.6 mph)

------------------------------------------------------------

==================================================
MATCH #9 OF 18
==================================================

----- MATCH SUMMARY -----
Timestamp: 2025-04-30 21:17:19 ET
Competition ID: l965mkyh9gr1ge4
Competition: CONMEBOL U17 Women's Sudamericano (Unknown Country)
Match: Colombia (w) U17 vs Argentina (w) U17
Score: 0 - 1 (HT: 0 - 1)
Status: Second half (Status ID: 4)

--- MATCH BETTING ODDS ---


--- MATCH ENVIRONMENT ---
No environment data available for this match


==================================================
MATCH #10 OF 18
==================================================

----- MATCH SUMMARY -----
Timestamp: 2025-04-30 21:17:19 ET
Competition ID: vl7oqdeh6v4r510
Competition: Ecuadorian Campeonato Serie B (Ecuador)
Match: Atletico Vinotinto vs Chacaritas SC
Score: 3 - 0 (HT: 2 - 0)
Status: Second half (Status ID: 4)

--- MATCH BETTING ODDS ---
ML (Money Line):
Time: 4 min | Home: -200 | Draw: +300 | Away: +450

SPREAD (Asia Handicap):
Time: 4 min | Home: -115 | Handicap: 1.0 | Away: -109

Over/Under:
Time: 4 min | Over: -122 | Line: 2.25 | Under: -103

--- MATCH ENVIRONMENT ---
Weather: Cloudy
Humidity: 94%
Wind: 0.9m/s (2.0 mph)

------------------------------------------------------------

==================================================
MATCH #7 OF 18
==================================================

----- MATCH SUMMARY -----
Timestamp: 2025-04-30 21:17:17 ET
Competition ID: 8y39mp1hgpmojxg
Competition: Chilean Cup (Chile)
Match: Municipal Iquique vs CD Copiapo S.A.
Score: 2 - 1 (HT: 2 - 0)
Status: Second half (Status ID: 4)

--- MATCH BETTING ODDS ---
ML (Money Line):
Time: 4 min | Home: -152 | Draw: +260 | Away: +450

SPREAD (Asia Handicap):
Time: 4 min | Home: -122 | Handicap: 0.75 | Away: +100

Over/Under:
Time: 4 min | Over: -118 | Line: 2.5 | Under: -105

--- MATCH ENVIRONMENT ---
Weather: Sunny
Humidity: 72%
Wind: 1.8m/s (4.0 mph)


==================================================
MATCH #8 OF 18
==================================================

----- MATCH SUMMARY -----
Timestamp: 2025-04-30 21:17:18 ET
Competition ID: p3glrw7hevqdyjv
Competition: Argentine Division 1 (Argentina)
Match: Atletico Tucuman vs CA Independiente
Score: 1 - 0 (HT: 1 - 0)
Status: Second half (Status ID: 4)

--- MATCH BETTING ODDS ---
ML (Money Line):
Time: 4 min | Home: +187 | Draw: +200 | Away: +160

SPREAD (Asia Handicap):
Time: 4 min | Home: +102 | Handicap: 0.0 | Away: -130

Over/Under:
Time: 4 min | Over: -118 | Line: 2.0 | Under: -105

--- MATCH ENVIRONMENT ---
Weather: Windy
Humidity: 85%
Wind: 1.1m/s (2.5 mph)

------------------------------------------------------------

==================================================
MATCH #6 OF 18
==================================================

----- MATCH SUMMARY -----
Timestamp: 2025-04-30 21:17:17 ET
Competition ID: j1l4rjnhz31m7vx
Competition: Colombian Liga Betplay Femenina (Colombia)
Match: Atletico Nacional Medellin (w) vs Independiente Medellin (w)
Score: 1 - 0 (HT: 1 - 0)
Status: Second half (Status ID: 4)

--- MATCH BETTING ODDS ---
ML (Money Line):
Time: 4 min | Home: -152 | Draw: +260 | Away: +400

SPREAD (Asia Handicap):
Time: 4 min | Home: -109 | Handicap: 0.75 | Away: -115

Over/Under:
Time: 4 min | Over: -125 | Line: 2.0 | Under: +100

--- MATCH ENVIRONMENT ---
Weather: Windy
Humidity: 92%
Wind: 1.1m/s (2.5 mph)

------------------------------------------------------------

==================================================
MATCH #4 OF 18
==================================================

----- MATCH SUMMARY -----
Timestamp: 2025-04-30 21:17:16 ET
Competition ID: z8yomo4hooq0j6l
Competition: Brazilian Cup (Brazil)
Match: SC Paysandu Para vs Bahia
Score: 0 - 1 (HT: 0 - 1)
Status: First half (Status ID: 2)

--- MATCH BETTING ODDS ---
ML (Money Line):
Time: 4 min | Home: +350 | Draw: +200 | Away: -105

SPREAD (Asia Handicap):
Time: 4 min | Home: -122 | Handicap: -0.5 | Away: -103

Over/Under:
Time: 4 min | Over: -118 | Line: 2.0 | Under: -105

--- MATCH ENVIRONMENT ---
Weather: Partially cloudy
Humidity: 91%
Wind: 1.1m/s (2.5 mph)


==================================================
MATCH #5 OF 18
==================================================

----- MATCH SUMMARY -----
Timestamp: 2025-04-30 21:17:16 ET
Competition ID: d23xmvkh5oqg8ny
Competition: Bolivian Copa LFPB (Bolivia)
Match: Blooming vs Nacional Potosi
Score: 1 - 0 (HT: 1 - 0)
Status: First half (Status ID: 2)

--- MATCH BETTING ODDS ---
ML (Money Line):
Time: 4 min | Home: -175 | Draw: +333 | Away: +350

SPREAD (Asia Handicap):
Time: 4 min | Home: +100 | Handicap: 1.0 | Away: -125

Over/Under:
Time: 4 min | Over: -118 | Line: 3.0 | Under: -105

--- MATCH ENVIRONMENT ---
Weather: Sunny
Humidity: 89%
Wind: 1.8m/s (4.0 mph)

------------------------------------------------------------

==================================================
MATCH #2 OF 18
==================================================

----- MATCH SUMMARY -----
Timestamp: 2025-04-30 21:17:14 ET
Competition ID: z8yomo4hooq0j6l
Competition: Brazilian Cup (Brazil)
Match: Centro Sportivo Alagoano vs Gremio (RS)
Score: 1 - 1 (HT: 1 - 1)
Status: First half (Status ID: 2)

--- MATCH BETTING ODDS ---
ML (Money Line):
Time: 4 min | Home: +350 | Draw: +210 | Away: -111

SPREAD (Asia Handicap):
Time: 4 min | Home: -115 | Handicap: -0.5 | Away: -109

Over/Under:
Time: 4 min | Over: -122 | Line: 2.0 | Under: -103

--- MATCH ENVIRONMENT ---
Weather: Partially cloudy
Humidity: 65%
Wind: 2.6m/s (5.8 mph)


==================================================
MATCH #3 OF 18
==================================================

----- MATCH SUMMARY -----
Timestamp: 2025-04-30 21:17:15 ET
Competition ID: z8yomo4hooq0j6l
Competition: Brazilian Cup (Brazil)
Match: Gremio Novorizontino vs Corinthians Paulista (SP)
Score: 0 - 1 (HT: 0 - 1)
Status: First half (Status ID: 2)

--- MATCH BETTING ODDS ---
ML (Money Line):
Time: 5 min | Home: +187 | Draw: +175 | Away: +187

SPREAD (Asia Handicap):
Time: 4 min | Home: -111 | Handicap: 0.0 | Away: -111

Over/Under:
Time: 4 min | Over: -111 | Line: 1.75 | Under: -111

--- MATCH ENVIRONMENT ---
Weather: Sunny
Humidity: 68%
Wind: 4.0m/s (8.9 mph)

------------------------------------------------------------

==================================================
MATCH #1 OF 18
==================================================

----- MATCH SUMMARY -----
Timestamp: 2025-04-30 21:17:14 ET
Competition ID: 56ypq3nhyymd7oj
Competition: Categoría Primera A (Colombia)
Match: Llaneros FC vs Independiente Santa Fe
Score: 0 - 0 (HT: 0 - 0)
Status: First half (Status ID: 2)

--- MATCH BETTING ODDS ---
ML (Money Line):
Time: 4 min | Home: +175 | Draw: +210 | Away: +175

SPREAD (Asia Handicap):
Time: 4 min | Home: +100 | Handicap: 0.0 | Away: -125

Over/Under:
Time: 4 min | Over: -103 | Line: 2.0 | Under: -122

--- MATCH ENVIRONMENT ---
Weather: Partially cloudy
Humidity: 84%
Wind: 1.2m/s (2.7 mph)

------------------------------------------------------------

==================================================
REFRESHING DATA AT: 2025-05-01 01:17:13
==================================================

Fetching live matches...

===== FOUND 18 LIVE FOOTBALL MATCHES =====

Last updated: 2025-05-01 01:17:13

------------------------------------------------------------

==================================================
MATCH #18 OF 18
==================================================

----- MATCH SUMMARY -----
Timestamp: 2025-04-30 21:16:43 ET
Competition ID: v2y8m4zhgxoql07
Competition: Western Australia Women's League (Australia)
Match: Balcatta (w) vs Murdoch University Melville FC (w)
Score: 5 - 0 (HT: 3 - 0)
Status: Finished (Status ID: 8)

--- MATCH BETTING ODDS ---
ML (Money Line):
Time: 4 min | Home: -3333 | Draw: +1400 | Away: +5000

SPREAD (Asia Handicap):
Time: 4 min | Home: +100 | Handicap: 3.5 | Away: -125

Over/Under:
Time: 4 min | Over: -115 | Line: 3.75 | Under: -109

--- MATCH ENVIRONMENT ---
Weather: Sunny
Humidity: 37%
Wind: 5.3m/s (11.9 mph)


==================================================
END OF LIVE MATCH DATA - 18 MATCHES DISPLAYED
==================================================
Refreshing in 30 seconds... (Press Ctrl+C to exit)

Waiting 30 seconds before next update at 2025-05-01 01:16:43...
==================================================

------------------------------------------------------------

==================================================
MATCH #16 OF 18
==================================================

----- MATCH SUMMARY -----
Timestamp: 2025-04-30 21:16:41 ET
Competition ID: yl5ergphd2r8k0o
Competition: Moldova Division 2 (Moldova)
Match: Saxan Ceadir Lunga vs FC Ursidos Stauceni
Score: 1 - 1 (HT: 0 - 1)
Status: Finished (Status ID: 8)

--- MATCH BETTING ODDS ---

SPREAD (Asia Handicap):
Time: 7 min | Home: -127 | Handicap: 0.5 | Away: -118 (Closest time to minutes 4-6 available: 7)

Over/Under:
Time: 4 min | Over: -154 | Line: 2.5 | Under: +110

--- MATCH ENVIRONMENT ---
No environment data available for this match


==================================================
MATCH #17 OF 18
==================================================

----- MATCH SUMMARY -----
Timestamp: 2025-04-30 21:16:42 ET
Competition ID: 56ypq3nhzogmd7o
Competition: Portuguese Champions Nacional Juniores A 2 (Portugal)
Match: Vitoria SC Guimaraes U19 vs Tondela U19
Score: 1 - 2 (HT: 0 - 1)
Status: Finished (Status ID: 8)

--- MATCH BETTING ODDS ---
ML (Money Line):
Time: pre-match min | Home: +15000 | Draw: +2200 | Away: -10000 (Closest time to minutes 4-6 available: pre-match)

SPREAD (Asia Handicap):
Time: pre-match min | Home: -333 | Handicap: 0.0 | Away: +245 (Closest time to minutes 4-6 available: pre-match)

Over/Under:
Time: pre-match min | Over: +900 | Line: 3.5 | Under: -1667 (Closest time to minutes 4-6 available: pre-match)

--- MATCH ENVIRONMENT ---
Weather: Foggy
Humidity: 91%
Wind: 3.7m/s (8.3 mph)

------------------------------------------------------------

==================================================
MATCH #14 OF 18
==================================================

----- MATCH SUMMARY -----
Timestamp: 2025-04-30 21:16:40 ET
Competition ID: p4jwq2gh27m0veo
Competition: Canadian Championship (Canada)
Match: Toronto FC vs Montreal Impact
Score: 2 - 2 (HT: 1 - 0)
Status: Finished (Status ID: 8)

--- MATCH BETTING ODDS ---
ML (Money Line):
Time: 4 min | Home: +175 | Draw: +200 | Away: +150

SPREAD (Asia Handicap):
Time: 4 min | Home: -119 | Handicap: 0.25 | Away: -130

Over/Under:
Time: 4 min | Over: -109 | Line: 2.25 | Under: -115

--- MATCH ENVIRONMENT ---
Weather: Sunny
Humidity: 66%
Wind: 2.6m/s (5.8 mph)


==================================================
MATCH #15 OF 18
==================================================

----- MATCH SUMMARY -----
Timestamp: 2025-04-30 21:16:41 ET
Competition ID: yl5ergphvjr8k0o
Competition: English Southern Football League (England)
Match: Walton   Hersham vs Gloucester City
Score: 2 - 2 (HT: 2 - 1)
Status: Finished (Status ID: 8)

--- MATCH BETTING ODDS ---
ML (Money Line):
Time: 4 min | Home: +110 | Draw: +250 | Away: +200

SPREAD (Asia Handicap):
Time: 4 min | Home: +102 | Handicap: 0.25 | Away: -122

Over/Under:
Time: 4 min | Over: -118 | Line: 3.0 | Under: -105

--- MATCH ENVIRONMENT ---
Weather: Sunny
Humidity: 50%
Wind: 3.4m/s (7.6 mph)

------------------------------------------------------------

==================================================
MATCH #12 OF 18
==================================================

----- MATCH SUMMARY -----
Timestamp: 2025-04-30 21:16:38 ET
Competition ID: gpxwrxlh84ryk0j
Competition: Colombian Torneo BetPlay Dimayor (Colombia)
Match: Real Cartagena vs Atletico Huila
Score: 0 - 1 (HT: 0 - 1)
Status: Second half (Status ID: 4)

--- MATCH BETTING ODDS ---
ML (Money Line):
Time: 4 min | Home: +130 | Draw: +210 | Away: +210

SPREAD (Asia Handicap):
Time: 4 min | Home: +100 | Handicap: 0.25 | Away: -125

Over/Under:
Time: 4 min | Over: -133 | Line: 2.0 | Under: +105

--- MATCH ENVIRONMENT ---
Weather: Partially cloudy
Humidity: 79%
Wind: 3.2m/s (7.2 mph)


==================================================
MATCH #13 OF 18
==================================================

----- MATCH SUMMARY -----
Timestamp: 2025-04-30 21:16:39 ET
Competition ID: gpxwrxlho4ryk0j
Competition: Brazilian Youth League (Brazil)
Match: Sao Paulo (Youth) vs Atletico Mineiro Youth
Score: 2 - 1 (HT: 1 - 1)
Status: Second half (Status ID: 4)

--- MATCH BETTING ODDS ---
ML (Money Line):
Time: 4 min | Home: -139 | Draw: +275 | Away: +300

SPREAD (Asia Handicap):
Time: 4 min | Home: -111 | Handicap: 0.5 | Away: -111

Over/Under:
Time: 4 min | Over: +100 | Line: 3.0 | Under: -125

--- MATCH ENVIRONMENT ---
Weather: Sunny
Humidity: 87%
Wind: 4.8m/s (10.7 mph)

------------------------------------------------------------

==================================================
MATCH #11 OF 18
==================================================

----- MATCH SUMMARY -----
Timestamp: 2025-04-30 21:16:38 ET
Competition ID: gpxwrxlh0nryk0j
Competition: CNCF CHL (Unknown Country)
Match: Inter Miami CF vs Vancouver Whitecaps
Score: 1 - 1 (HT: 1 - 0)
Status: Second half (Status ID: 4)

--- MATCH BETTING ODDS ---
ML (Money Line):
Time: 7 min | Home: -175 | Draw: +300 | Away: +400 (Closest time to minutes 4-6 available: 7)

SPREAD (Asia Handicap):
Time: 4 min | Home: -102 | Handicap: 1.0 | Away: -111

Over/Under:
Time: 4 min | Over: -109 | Line: 3.0 | Under: -115

--- MATCH ENVIRONMENT ---
Weather: Partially cloudy
Humidity: 60%
Wind: 6.1m/s (13.6 mph)

------------------------------------------------------------

==================================================
MATCH #9 OF 18
==================================================

----- MATCH SUMMARY -----
Timestamp: 2025-04-30 21:16:37 ET
Competition ID: l965mkyh9gr1ge4
Competition: CONMEBOL U17 Women's Sudamericano (Unknown Country)
Match: Colombia (w) U17 vs Argentina (w) U17
Score: 0 - 1 (HT: 0 - 1)
Status: Second half (Status ID: 4)

--- MATCH BETTING ODDS ---


--- MATCH ENVIRONMENT ---
No environment data available for this match


==================================================
MATCH #10 OF 18
==================================================

----- MATCH SUMMARY -----
Timestamp: 2025-04-30 21:16:37 ET
Competition ID: vl7oqdeh6v4r510
Competition: Ecuadorian Campeonato Serie B (Ecuador)
Match: Atletico Vinotinto vs Chacaritas SC
Score: 3 - 0 (HT: 2 - 0)
Status: Second half (Status ID: 4)

--- MATCH BETTING ODDS ---
ML (Money Line):
Time: 4 min | Home: -200 | Draw: +300 | Away: +450

SPREAD (Asia Handicap):
Time: 4 min | Home: -115 | Handicap: 1.0 | Away: -109

Over/Under:
Time: 4 min | Over: -122 | Line: 2.25 | Under: -103

--- MATCH ENVIRONMENT ---
Weather: Cloudy
Humidity: 94%
Wind: 0.9m/s (2.0 mph)

------------------------------------------------------------

==================================================
MATCH #8 OF 18
==================================================

----- MATCH SUMMARY -----
Timestamp: 2025-04-30 21:16:36 ET
Competition ID: p3glrw7hevqdyjv
Competition: Argentine Division 1 (Argentina)
Match: Atletico Tucuman vs CA Independiente
Score: 1 - 0 (HT: 1 - 0)
Status: Second half (Status ID: 4)

--- MATCH BETTING ODDS ---
ML (Money Line):
Time: 4 min | Home: +187 | Draw: +200 | Away: +160

SPREAD (Asia Handicap):
Time: 4 min | Home: +102 | Handicap: 0.0 | Away: -130

Over/Under:
Time: 4 min | Over: -118 | Line: 2.0 | Under: -105

--- MATCH ENVIRONMENT ---
Weather: Windy
Humidity: 85%
Wind: 1.1m/s (2.5 mph)

------------------------------------------------------------

==================================================
MATCH #6 OF 18
==================================================

----- MATCH SUMMARY -----
Timestamp: 2025-04-30 21:16:35 ET
Competition ID: j1l4rjnhz31m7vx
Competition: Colombian Liga Betplay Femenina (Colombia)
Match: Atletico Nacional Medellin (w) vs Independiente Medellin (w)
Score: 1 - 0 (HT: 1 - 0)
Status: Second half (Status ID: 4)

--- MATCH BETTING ODDS ---
ML (Money Line):
Time: 4 min | Home: -152 | Draw: +260 | Away: +400

SPREAD (Asia Handicap):
Time: 4 min | Home: -109 | Handicap: 0.75 | Away: -115

Over/Under:
Time: 4 min | Over: -125 | Line: 2.0 | Under: +100

--- MATCH ENVIRONMENT ---
Weather: Windy
Humidity: 92%
Wind: 1.1m/s (2.5 mph)


==================================================
MATCH #7 OF 18
==================================================

----- MATCH SUMMARY -----
Timestamp: 2025-04-30 21:16:35 ET
Competition ID: 8y39mp1hgpmojxg
Competition: Chilean Cup (Chile)
Match: Municipal Iquique vs CD Copiapo S.A.
Score: 2 - 1 (HT: 2 - 0)
Status: Second half (Status ID: 4)

--- MATCH BETTING ODDS ---
ML (Money Line):
Time: 4 min | Home: -152 | Draw: +260 | Away: +450

SPREAD (Asia Handicap):
Time: 4 min | Home: -122 | Handicap: 0.75 | Away: +100

Over/Under:
Time: 4 min | Over: -118 | Line: 2.5 | Under: -105

--- MATCH ENVIRONMENT ---
Weather: Sunny
Humidity: 72%
Wind: 1.8m/s (4.0 mph)

------------------------------------------------------------

==================================================
MATCH #5 OF 18
==================================================

----- MATCH SUMMARY -----
Timestamp: 2025-04-30 21:16:34 ET
Competition ID: d23xmvkh5oqg8ny
Competition: Bolivian Copa LFPB (Bolivia)
Match: Blooming vs Nacional Potosi
Score: 1 - 0 (HT: 1 - 0)
Status: First half (Status ID: 2)

--- MATCH BETTING ODDS ---
ML (Money Line):
Time: 4 min | Home: -175 | Draw: +333 | Away: +350

SPREAD (Asia Handicap):
Time: 4 min | Home: +100 | Handicap: 1.0 | Away: -125

Over/Under:
Time: 4 min | Over: -118 | Line: 3.0 | Under: -105

--- MATCH ENVIRONMENT ---
Weather: Sunny
Humidity: 89%
Wind: 1.8m/s (4.0 mph)

------------------------------------------------------------

==================================================
MATCH #4 OF 18
==================================================

----- MATCH SUMMARY -----
Timestamp: 2025-04-30 21:16:33 ET
Competition ID: z8yomo4hooq0j6l
Competition: Brazilian Cup (Brazil)
Match: SC Paysandu Para vs Bahia
Score: 0 - 1 (HT: 0 - 1)
Status: First half (Status ID: 2)

--- MATCH BETTING ODDS ---
ML (Money Line):
Time: 4 min | Home: +350 | Draw: +200 | Away: -105

SPREAD (Asia Handicap):
Time: 4 min | Home: -122 | Handicap: -0.5 | Away: -103

Over/Under:
Time: 4 min | Over: -118 | Line: 2.0 | Under: -105

--- MATCH ENVIRONMENT ---
Weather: Partially cloudy
Humidity: 91%
Wind: 1.1m/s (2.5 mph)

------------------------------------------------------------

==================================================
MATCH #3 OF 18
==================================================

----- MATCH SUMMARY -----
Timestamp: 2025-04-30 21:16:32 ET
Competition ID: z8yomo4hooq0j6l
Competition: Brazilian Cup (Brazil)
Match: Gremio Novorizontino vs Corinthians Paulista (SP)
Score: 0 - 1 (HT: 0 - 1)
Status: First half (Status ID: 2)

--- MATCH BETTING ODDS ---
ML (Money Line):
Time: 5 min | Home: +187 | Draw: +175 | Away: +187

SPREAD (Asia Handicap):
Time: 4 min | Home: -111 | Handicap: 0.0 | Away: -111

Over/Under:
Time: 4 min | Over: -111 | Line: 1.75 | Under: -111

--- MATCH ENVIRONMENT ---
Weather: Sunny
Humidity: 68%
Wind: 4.0m/s (8.9 mph)

------------------------------------------------------------

==================================================
MATCH #1 OF 18
==================================================

----- MATCH SUMMARY -----
Timestamp: 2025-04-30 21:16:30 ET
Competition ID: 56ypq3nhyymd7oj
Competition: Categoría Primera A (Colombia)
Match: Llaneros FC vs Independiente Santa Fe
Score: 0 - 0 (HT: 0 - 0)
Status: First half (Status ID: 2)

--- MATCH BETTING ODDS ---
ML (Money Line):
Time: 4 min | Home: +175 | Draw: +210 | Away: +175

SPREAD (Asia Handicap):
Time: 4 min | Home: +100 | Handicap: 0.0 | Away: -125

Over/Under:
Time: 4 min | Over: -103 | Line: 2.0 | Under: -122

--- MATCH ENVIRONMENT ---
Weather: Partially cloudy
Humidity: 84%
Wind: 1.2m/s (2.7 mph)


==================================================
MATCH #2 OF 18
==================================================

----- MATCH SUMMARY -----
Timestamp: 2025-04-30 21:16:31 ET
Competition ID: z8yomo4hooq0j6l
Competition: Brazilian Cup (Brazil)
Match: Centro Sportivo Alagoano vs Gremio (RS)
Score: 1 - 1 (HT: 1 - 1)
Status: First half (Status ID: 2)

--- MATCH BETTING ODDS ---
ML (Money Line):
Time: 4 min | Home: +350 | Draw: +210 | Away: -111

SPREAD (Asia Handicap):
Time: 4 min | Home: -115 | Handicap: -0.5 | Away: -109

Over/Under:
Time: 4 min | Over: -122 | Line: 2.0 | Under: -103

--- MATCH ENVIRONMENT ---
Weather: Partially cloudy
Humidity: 65%
Wind: 2.6m/s (5.8 mph)

------------------------------------------------------------

==================================================
REFRESHING DATA AT: 2025-05-01 01:16:29
==================================================

Fetching live matches...

===== FOUND 18 LIVE FOOTBALL MATCHES =====

Last updated: 2025-05-01 01:16:30

------------------------------------------------------------

==================================================
MATCH #18 OF 18
==================================================

----- MATCH SUMMARY -----
Timestamp: 2025-04-30 21:15:59 ET
Competition ID: v2y8m4zhgxoql07
Competition: Western Australia Women's League (Australia)
Match: Balcatta (w) vs Murdoch University Melville FC (w)
Score: 5 - 0 (HT: 3 - 0)
Status: Finished (Status ID: 8)

--- MATCH BETTING ODDS ---
ML (Money Line):
Time: 4 min | Home: -3333 | Draw: +1400 | Away: +5000

SPREAD (Asia Handicap):
Time: 4 min | Home: +100 | Handicap: 3.5 | Away: -125

Over/Under:
Time: 4 min | Over: -115 | Line: 3.75 | Under: -109

--- MATCH ENVIRONMENT ---
Weather: Sunny
Humidity: 37%
Wind: 5.3m/s (11.9 mph)


==================================================
END OF LIVE MATCH DATA - 18 MATCHES DISPLAYED
==================================================
Refreshing in 30 seconds... (Press Ctrl+C to exit)

Waiting 30 seconds before next update at 2025-05-01 01:15:59...
==================================================

------------------------------------------------------------

==================================================
MATCH #16 OF 18
==================================================

----- MATCH SUMMARY -----
Timestamp: 2025-04-30 21:15:58 ET
Competition ID: yl5ergphd2r8k0o
Competition: Moldova Division 2 (Moldova)
Match: Saxan Ceadir Lunga vs FC Ursidos Stauceni
Score: 1 - 1 (HT: 0 - 1)
Status: Finished (Status ID: 8)

--- MATCH BETTING ODDS ---

SPREAD (Asia Handicap):
Time: 7 min | Home: -127 | Handicap: 0.5 | Away: -118 (Closest time to minutes 4-6 available: 7)

Over/Under:
Time: 4 min | Over: -154 | Line: 2.5 | Under: +110

--- MATCH ENVIRONMENT ---
No environment data available for this match


==================================================
MATCH #17 OF 18
==================================================

----- MATCH SUMMARY -----
Timestamp: 2025-04-30 21:15:59 ET
Competition ID: 56ypq3nhzogmd7o
Competition: Portuguese Champions Nacional Juniores A 2 (Portugal)
Match: Vitoria SC Guimaraes U19 vs Tondela U19
Score: 1 - 2 (HT: 0 - 1)
Status: Finished (Status ID: 8)

--- MATCH BETTING ODDS ---
ML (Money Line):
Time: pre-match min | Home: +15000 | Draw: +2200 | Away: -10000 (Closest time to minutes 4-6 available: pre-match)

SPREAD (Asia Handicap):
Time: pre-match min | Home: -333 | Handicap: 0.0 | Away: +245 (Closest time to minutes 4-6 available: pre-match)

Over/Under:
Time: pre-match min | Over: +900 | Line: 3.5 | Under: -1667 (Closest time to minutes 4-6 available: pre-match)

--- MATCH ENVIRONMENT ---
Weather: Foggy
Humidity: 91%
Wind: 3.7m/s (8.3 mph)

------------------------------------------------------------

==================================================
MATCH #15 OF 18
==================================================

----- MATCH SUMMARY -----
Timestamp: 2025-04-30 21:15:58 ET
Competition ID: yl5ergphvjr8k0o
Competition: English Southern Football League (England)
Match: Walton   Hersham vs Gloucester City
Score: 2 - 2 (HT: 2 - 1)
Status: Finished (Status ID: 8)

--- MATCH BETTING ODDS ---
ML (Money Line):
Time: 4 min | Home: +110 | Draw: +250 | Away: +200

SPREAD (Asia Handicap):
Time: 4 min | Home: +102 | Handicap: 0.25 | Away: -122

Over/Under:
Time: 4 min | Over: -118 | Line: 3.0 | Under: -105

--- MATCH ENVIRONMENT ---
Weather: Sunny
Humidity: 50%
Wind: 3.4m/s (7.6 mph)

------------------------------------------------------------

==================================================
MATCH #14 OF 18
==================================================

----- MATCH SUMMARY -----
Timestamp: 2025-04-30 21:15:57 ET
Competition ID: p4jwq2gh27m0veo
Competition: Canadian Championship (Canada)
Match: Toronto FC vs Montreal Impact
Score: 2 - 2 (HT: 1 - 0)
Status: Finished (Status ID: 8)

--- MATCH BETTING ODDS ---
ML (Money Line):
Time: 4 min | Home: +175 | Draw: +200 | Away: +150

SPREAD (Asia Handicap):
Time: 4 min | Home: -119 | Handicap: 0.25 | Away: -130

Over/Under:
Time: 4 min | Over: -109 | Line: 2.25 | Under: -115

--- MATCH ENVIRONMENT ---
Weather: Sunny
Humidity: 66%
Wind: 2.6m/s (5.8 mph)

------------------------------------------------------------

==================================================
MATCH #12 OF 18
==================================================

----- MATCH SUMMARY -----
Timestamp: 2025-04-30 21:15:55 ET
Competition ID: gpxwrxlh84ryk0j
Competition: Colombian Torneo BetPlay Dimayor (Colombia)
Match: Real Cartagena vs Atletico Huila
Score: 0 - 1 (HT: 0 - 1)
Status: Second half (Status ID: 4)

--- MATCH BETTING ODDS ---
ML (Money Line):
Time: 4 min | Home: +130 | Draw: +210 | Away: +210

SPREAD (Asia Handicap):
Time: 4 min | Home: +100 | Handicap: 0.25 | Away: -125

Over/Under:
Time: 4 min | Over: -133 | Line: 2.0 | Under: +105

--- MATCH ENVIRONMENT ---
Weather: Partially cloudy
Humidity: 79%
Wind: 3.2m/s (7.2 mph)


==================================================
MATCH #13 OF 18
==================================================

----- MATCH SUMMARY -----
Timestamp: 2025-04-30 21:15:56 ET
Competition ID: gpxwrxlho4ryk0j
Competition: Brazilian Youth League (Brazil)
Match: Sao Paulo (Youth) vs Atletico Mineiro Youth
Score: 2 - 1 (HT: 1 - 1)
Status: Second half (Status ID: 4)

--- MATCH BETTING ODDS ---
ML (Money Line):
Time: 4 min | Home: -139 | Draw: +275 | Away: +300

SPREAD (Asia Handicap):
Time: 4 min | Home: -111 | Handicap: 0.5 | Away: -111

Over/Under:
Time: 4 min | Over: +100 | Line: 3.0 | Under: -125

--- MATCH ENVIRONMENT ---
Weather: Sunny
Humidity: 87%
Wind: 4.8m/s (10.7 mph)

------------------------------------------------------------

==================================================
MATCH #11 OF 18
==================================================

----- MATCH SUMMARY -----
Timestamp: 2025-04-30 21:15:55 ET
Competition ID: gpxwrxlh0nryk0j
Competition: CNCF CHL (Unknown Country)
Match: Inter Miami CF vs Vancouver Whitecaps
Score: 1 - 1 (HT: 1 - 0)
Status: Second half (Status ID: 4)

--- MATCH BETTING ODDS ---
ML (Money Line):
Time: 7 min | Home: -175 | Draw: +300 | Away: +400 (Closest time to minutes 4-6 available: 7)

SPREAD (Asia Handicap):
Time: 4 min | Home: -102 | Handicap: 1.0 | Away: -111

Over/Under:
Time: 4 min | Over: -109 | Line: 3.0 | Under: -115

--- MATCH ENVIRONMENT ---
Weather: Partially cloudy
Humidity: 60%
Wind: 6.1m/s (13.6 mph)

------------------------------------------------------------

==================================================
MATCH #9 OF 18
==================================================

----- MATCH SUMMARY -----
Timestamp: 2025-04-30 21:15:53 ET
Competition ID: l965mkyh9gr1ge4
Competition: CONMEBOL U17 Women's Sudamericano (Unknown Country)
Match: Colombia (w) U17 vs Argentina (w) U17
Score: 0 - 1 (HT: 0 - 1)
Status: Second half (Status ID: 4)

--- MATCH BETTING ODDS ---


--- MATCH ENVIRONMENT ---
No environment data available for this match


==================================================
MATCH #10 OF 18
==================================================

----- MATCH SUMMARY -----
Timestamp: 2025-04-30 21:15:54 ET
Competition ID: vl7oqdeh6v4r510
Competition: Ecuadorian Campeonato Serie B (Ecuador)
Match: Atletico Vinotinto vs Chacaritas SC
Score: 3 - 0 (HT: 2 - 0)
Status: Second half (Status ID: 4)

--- MATCH BETTING ODDS ---
ML (Money Line):
Time: 4 min | Home: -200 | Draw: +300 | Away: +450

SPREAD (Asia Handicap):
Time: 4 min | Home: -115 | Handicap: 1.0 | Away: -109

Over/Under:
Time: 4 min | Over: -122 | Line: 2.25 | Under: -103

--- MATCH ENVIRONMENT ---
Weather: Cloudy
Humidity: 94%
Wind: 0.9m/s (2.0 mph)

------------------------------------------------------------

==================================================
MATCH #8 OF 18
==================================================

----- MATCH SUMMARY -----
Timestamp: 2025-04-30 21:15:52 ET
Competition ID: p3glrw7hevqdyjv
Competition: Argentine Division 1 (Argentina)
Match: Atletico Tucuman vs CA Independiente
Score: 1 - 0 (HT: 1 - 0)
Status: Second half (Status ID: 4)

--- MATCH BETTING ODDS ---
ML (Money Line):
Time: 4 min | Home: +187 | Draw: +200 | Away: +160

SPREAD (Asia Handicap):
Time: 4 min | Home: +102 | Handicap: 0.0 | Away: -130

Over/Under:
Time: 4 min | Over: -118 | Line: 2.0 | Under: -105

--- MATCH ENVIRONMENT ---
Weather: Windy
Humidity: 85%
Wind: 1.1m/s (2.5 mph)

------------------------------------------------------------

==================================================
MATCH #7 OF 18
==================================================

----- MATCH SUMMARY -----
Timestamp: 2025-04-30 21:15:52 ET
Competition ID: 8y39mp1hgpmojxg
Competition: Chilean Cup (Chile)
Match: Municipal Iquique vs CD Copiapo S.A.
Score: 2 - 1 (HT: 2 - 0)
Status: Second half (Status ID: 4)

--- MATCH BETTING ODDS ---
ML (Money Line):
Time: 4 min | Home: -152 | Draw: +260 | Away: +450

SPREAD (Asia Handicap):
Time: 4 min | Home: -122 | Handicap: 0.75 | Away: +100

Over/Under:
Time: 4 min | Over: -118 | Line: 2.5 | Under: -105

--- MATCH ENVIRONMENT ---
Weather: Sunny
Humidity: 72%
Wind: 1.8m/s (4.0 mph)

------------------------------------------------------------

==================================================
MATCH #6 OF 18
==================================================

----- MATCH SUMMARY -----
Timestamp: 2025-04-30 21:15:51 ET
Competition ID: j1l4rjnhz31m7vx
Competition: Colombian Liga Betplay Femenina (Colombia)
Match: Atletico Nacional Medellin (w) vs Independiente Medellin (w)
Score: 1 - 0 (HT: 1 - 0)
Status: Second half (Status ID: 4)

--- MATCH BETTING ODDS ---
ML (Money Line):
Time: 4 min | Home: -152 | Draw: +260 | Away: +400

SPREAD (Asia Handicap):
Time: 4 min | Home: -109 | Handicap: 0.75 | Away: -115

Over/Under:
Time: 4 min | Over: -125 | Line: 2.0 | Under: +100

--- MATCH ENVIRONMENT ---
Weather: Windy
Humidity: 92%
Wind: 1.1m/s (2.5 mph)

------------------------------------------------------------

==================================================
MATCH #4 OF 18
==================================================

----- MATCH SUMMARY -----
Timestamp: 2025-04-30 21:15:50 ET
Competition ID: z8yomo4hooq0j6l
Competition: Brazilian Cup (Brazil)
Match: SC Paysandu Para vs Bahia
Score: 0 - 1 (HT: 0 - 1)
Status: First half (Status ID: 2)

--- MATCH BETTING ODDS ---
ML (Money Line):
Time: 4 min | Home: +350 | Draw: +200 | Away: -105

SPREAD (Asia Handicap):
Time: 4 min | Home: -122 | Handicap: -0.5 | Away: -103

Over/Under:
Time: 4 min | Over: -118 | Line: 2.0 | Under: -105

--- MATCH ENVIRONMENT ---
Weather: Partially cloudy
Humidity: 91%
Wind: 1.1m/s (2.5 mph)


==================================================
MATCH #5 OF 18
==================================================

----- MATCH SUMMARY -----
Timestamp: 2025-04-30 21:15:50 ET
Competition ID: d23xmvkh5oqg8ny
Competition: Bolivian Copa LFPB (Bolivia)
Match: Blooming vs Nacional Potosi
Score: 1 - 0 (HT: 1 - 0)
Status: First half (Status ID: 2)

--- MATCH BETTING ODDS ---
ML (Money Line):
Time: 4 min | Home: -175 | Draw: +333 | Away: +350

SPREAD (Asia Handicap):
Time: 4 min | Home: +100 | Handicap: 1.0 | Away: -125

Over/Under:
Time: 4 min | Over: -118 | Line: 3.0 | Under: -105

--- MATCH ENVIRONMENT ---
Weather: Sunny
Humidity: 89%
Wind: 1.8m/s (4.0 mph)

------------------------------------------------------------

==================================================
MATCH #2 OF 18
==================================================

----- MATCH SUMMARY -----
Timestamp: 2025-04-30 21:15:48 ET
Competition ID: z8yomo4hooq0j6l
Competition: Brazilian Cup (Brazil)
Match: Centro Sportivo Alagoano vs Gremio (RS)
Score: 1 - 1 (HT: 1 - 1)
Status: First half (Status ID: 2)

--- MATCH BETTING ODDS ---
ML (Money Line):
Time: 4 min | Home: +350 | Draw: +210 | Away: -111

SPREAD (Asia Handicap):
Time: 4 min | Home: -115 | Handicap: -0.5 | Away: -109

Over/Under:
Time: 4 min | Over: -122 | Line: 2.0 | Under: -103

--- MATCH ENVIRONMENT ---
Weather: Partially cloudy
Humidity: 65%
Wind: 2.6m/s (5.8 mph)


==================================================
MATCH #3 OF 18
==================================================

----- MATCH SUMMARY -----
Timestamp: 2025-04-30 21:15:49 ET
Competition ID: z8yomo4hooq0j6l
Competition: Brazilian Cup (Brazil)
Match: Gremio Novorizontino vs Corinthians Paulista (SP)
Score: 0 - 1 (HT: 0 - 1)
Status: First half (Status ID: 2)

--- MATCH BETTING ODDS ---
ML (Money Line):
Time: 5 min | Home: +187 | Draw: +175 | Away: +187

SPREAD (Asia Handicap):
Time: 4 min | Home: -111 | Handicap: 0.0 | Away: -111

Over/Under:
Time: 4 min | Over: -111 | Line: 1.75 | Under: -111

--- MATCH ENVIRONMENT ---
Weather: Sunny
Humidity: 68%
Wind: 4.0m/s (8.9 mph)

------------------------------------------------------------

==================================================
MATCH #1 OF 18
==================================================

----- MATCH SUMMARY -----
Timestamp: 2025-04-30 21:15:47 ET
Competition ID: 56ypq3nhyymd7oj
Competition: Categoría Primera A (Colombia)
Match: Llaneros FC vs Independiente Santa Fe
Score: 0 - 0 (HT: 0 - 0)
Status: First half (Status ID: 2)

--- MATCH BETTING ODDS ---
ML (Money Line):
Time: 4 min | Home: +175 | Draw: +210 | Away: +175

SPREAD (Asia Handicap):
Time: 4 min | Home: +100 | Handicap: 0.0 | Away: -125

Over/Under:
Time: 4 min | Over: -103 | Line: 2.0 | Under: -122

--- MATCH ENVIRONMENT ---
Weather: Partially cloudy
Humidity: 84%
Wind: 1.2m/s (2.7 mph)

------------------------------------------------------------

==================================================
REFRESHING DATA AT: 2025-05-01 01:15:47
==================================================

Fetching live matches...

===== FOUND 18 LIVE FOOTBALL MATCHES =====

Last updated: 2025-05-01 01:15:47

------------------------------------------------------------

==================================================
MATCH #19 OF 19
==================================================

----- MATCH SUMMARY -----
Timestamp: 2025-04-30 21:15:17 ET
Competition ID: v2y8m4zhgxoql07
Competition: Western Australia Women's League (Australia)
Match: Balcatta (w) vs Murdoch University Melville FC (w)
Score: 5 - 0 (HT: 3 - 0)
Status: Finished (Status ID: 8)

--- MATCH BETTING ODDS ---
ML (Money Line):
Time: 4 min | Home: -3333 | Draw: +1400 | Away: +5000

SPREAD (Asia Handicap):
Time: 4 min | Home: +100 | Handicap: 3.5 | Away: -125

Over/Under:
Time: 4 min | Over: -115 | Line: 3.75 | Under: -109

--- MATCH ENVIRONMENT ---
Weather: Sunny
Humidity: 37%
Wind: 5.3m/s (11.9 mph)


==================================================
END OF LIVE MATCH DATA - 19 MATCHES DISPLAYED
==================================================
Refreshing in 30 seconds... (Press Ctrl+C to exit)

Waiting 30 seconds before next update at 2025-05-01 01:15:17...
==================================================

------------------------------------------------------------

==================================================
MATCH #18 OF 19
==================================================

----- MATCH SUMMARY -----
Timestamp: 2025-04-30 21:15:16 ET
Competition ID: kjw2r09hj8rz84o
Competition: Italian Primavera Cup (Italy)
Match: Cagliari U19 vs AC Milan U20
Score: 3 - 0 (HT: 2 - 0)
Status: Finished (Status ID: 8)

--- MATCH BETTING ODDS ---
ML (Money Line):
Time: 4 min | Home: +240 | Draw: +240 | Away: +105

SPREAD (Asia Handicap):
Time: 4 min | Home: -139 | Handicap: -0.5 | Away: +107

Over/Under:
Time: 4 min | Over: -109 | Line: 2.5 | Under: -115

--- MATCH ENVIRONMENT ---
Weather: Sunny
Humidity: 48%
Wind: 2.6m/s (5.8 mph)

------------------------------------------------------------

==================================================
MATCH #17 OF 19
==================================================

----- MATCH SUMMARY -----
Timestamp: 2025-04-30 21:15:15 ET
Competition ID: 56ypq3nhzogmd7o
Competition: Portuguese Champions Nacional Juniores A 2 (Portugal)
Match: Vitoria SC Guimaraes U19 vs Tondela U19
Score: 1 - 2 (HT: 0 - 1)
Status: Finished (Status ID: 8)

--- MATCH BETTING ODDS ---
ML (Money Line):
Time: pre-match min | Home: +15000 | Draw: +2200 | Away: -10000 (Closest time to minutes 4-6 available: pre-match)

SPREAD (Asia Handicap):
Time: pre-match min | Home: -333 | Handicap: 0.0 | Away: +245 (Closest time to minutes 4-6 available: pre-match)

Over/Under:
Time: pre-match min | Over: +900 | Line: 3.5 | Under: -1667 (Closest time to minutes 4-6 available: pre-match)

--- MATCH ENVIRONMENT ---
Weather: Foggy
Humidity: 91%
Wind: 3.7m/s (8.3 mph)

------------------------------------------------------------

==================================================
MATCH #15 OF 19
==================================================

----- MATCH SUMMARY -----
Timestamp: 2025-04-30 21:15:13 ET
Competition ID: yl5ergphvjr8k0o
Competition: English Southern Football League (England)
Match: Walton   Hersham vs Gloucester City
Score: 2 - 2 (HT: 2 - 1)
Status: Finished (Status ID: 8)

--- MATCH BETTING ODDS ---
ML (Money Line):
Time: 4 min | Home: +110 | Draw: +250 | Away: +200

SPREAD (Asia Handicap):
Time: 4 min | Home: +102 | Handicap: 0.25 | Away: -122

Over/Under:
Time: 4 min | Over: -118 | Line: 3.0 | Under: -105

--- MATCH ENVIRONMENT ---
Weather: Sunny
Humidity: 50%
Wind: 3.4m/s (7.6 mph)


==================================================
MATCH #16 OF 19
==================================================

----- MATCH SUMMARY -----
Timestamp: 2025-04-30 21:15:14 ET
Competition ID: yl5ergphd2r8k0o
Competition: Moldova Division 2 (Moldova)
Match: Saxan Ceadir Lunga vs FC Ursidos Stauceni
Score: 1 - 1 (HT: 0 - 1)
Status: Finished (Status ID: 8)

--- MATCH BETTING ODDS ---

SPREAD (Asia Handicap):
Time: 7 min | Home: -127 | Handicap: 0.5 | Away: -118 (Closest time to minutes 4-6 available: 7)

Over/Under:
Time: 4 min | Over: -154 | Line: 2.5 | Under: +110

--- MATCH ENVIRONMENT ---
No environment data available for this match

------------------------------------------------------------

==================================================
MATCH #14 OF 19
==================================================

----- MATCH SUMMARY -----
Timestamp: 2025-04-30 21:15:13 ET
Competition ID: p4jwq2gh27m0veo
Competition: Canadian Championship (Canada)
Match: Toronto FC vs Montreal Impact
Score: 2 - 2 (HT: 1 - 0)
Status: Finished (Status ID: 8)

--- MATCH BETTING ODDS ---
ML (Money Line):
Time: 4 min | Home: +175 | Draw: +200 | Away: +150

SPREAD (Asia Handicap):
Time: 4 min | Home: -119 | Handicap: 0.25 | Away: -130

Over/Under:
Time: 4 min | Over: -109 | Line: 2.25 | Under: -115

--- MATCH ENVIRONMENT ---
Weather: Sunny
Humidity: 66%
Wind: 2.6m/s (5.8 mph)

------------------------------------------------------------

==================================================
MATCH #13 OF 19
==================================================

----- MATCH SUMMARY -----
Timestamp: 2025-04-30 21:15:12 ET
Competition ID: gpxwrxlho4ryk0j
Competition: Brazilian Youth League (Brazil)
Match: Sao Paulo (Youth) vs Atletico Mineiro Youth
Score: 2 - 1 (HT: 1 - 1)
Status: Second half (Status ID: 4)

--- MATCH BETTING ODDS ---
ML (Money Line):
Time: 4 min | Home: -139 | Draw: +275 | Away: +300

SPREAD (Asia Handicap):
Time: 4 min | Home: -111 | Handicap: 0.5 | Away: -111

Over/Under:
Time: 4 min | Over: +100 | Line: 3.0 | Under: -125

--- MATCH ENVIRONMENT ---
Weather: Sunny
Humidity: 87%
Wind: 4.8m/s (10.7 mph)

------------------------------------------------------------

==================================================
MATCH #12 OF 19
==================================================

----- MATCH SUMMARY -----
Timestamp: 2025-04-30 21:15:11 ET
Competition ID: gpxwrxlh84ryk0j
Competition: Colombian Torneo BetPlay Dimayor (Colombia)
Match: Real Cartagena vs Atletico Huila
Score: 0 - 1 (HT: 0 - 1)
Status: Second half (Status ID: 4)

--- MATCH BETTING ODDS ---
ML (Money Line):
Time: 4 min | Home: +130 | Draw: +210 | Away: +210

SPREAD (Asia Handicap):
Time: 4 min | Home: +100 | Handicap: 0.25 | Away: -125

Over/Under:
Time: 4 min | Over: -133 | Line: 2.0 | Under: +105

--- MATCH ENVIRONMENT ---
Weather: Partially cloudy
Humidity: 79%
Wind: 3.2m/s (7.2 mph)

------------------------------------------------------------

==================================================
MATCH #11 OF 19
==================================================

----- MATCH SUMMARY -----
Timestamp: 2025-04-30 21:15:10 ET
Competition ID: gpxwrxlh0nryk0j
Competition: CNCF CHL (Unknown Country)
Match: Inter Miami CF vs Vancouver Whitecaps
Score: 1 - 0 (HT: 1 - 0)
Status: Second half (Status ID: 4)

--- MATCH BETTING ODDS ---
ML (Money Line):
Time: 7 min | Home: -175 | Draw: +300 | Away: +400 (Closest time to minutes 4-6 available: 7)

SPREAD (Asia Handicap):
Time: 4 min | Home: -102 | Handicap: 1.0 | Away: -111

Over/Under:
Time: 4 min | Over: -109 | Line: 3.0 | Under: -115

--- MATCH ENVIRONMENT ---
Weather: Partially cloudy
Humidity: 60%
Wind: 6.1m/s (13.6 mph)

------------------------------------------------------------

==================================================
MATCH #10 OF 19
==================================================

----- MATCH SUMMARY -----
Timestamp: 2025-04-30 21:15:09 ET
Competition ID: vl7oqdeh6v4r510
Competition: Ecuadorian Campeonato Serie B (Ecuador)
Match: Atletico Vinotinto vs Chacaritas SC
Score: 3 - 0 (HT: 2 - 0)
Status: Second half (Status ID: 4)

--- MATCH BETTING ODDS ---
ML (Money Line):
Time: 4 min | Home: -200 | Draw: +300 | Away: +450

SPREAD (Asia Handicap):
Time: 4 min | Home: -115 | Handicap: 1.0 | Away: -109

Over/Under:
Time: 4 min | Over: -122 | Line: 2.25 | Under: -103

--- MATCH ENVIRONMENT ---
Weather: Cloudy
Humidity: 94%
Wind: 0.9m/s (2.0 mph)

------------------------------------------------------------

==================================================
MATCH #8 OF 19
==================================================

----- MATCH SUMMARY -----
Timestamp: 2025-04-30 21:15:07 ET
Competition ID: p3glrw7hevqdyjv
Competition: Argentine Division 1 (Argentina)
Match: Atletico Tucuman vs CA Independiente
Score: 1 - 0 (HT: 1 - 0)
Status: Second half (Status ID: 4)

--- MATCH BETTING ODDS ---
ML (Money Line):
Time: 4 min | Home: +187 | Draw: +200 | Away: +160

SPREAD (Asia Handicap):
Time: 4 min | Home: +102 | Handicap: 0.0 | Away: -130

Over/Under:
Time: 4 min | Over: -118 | Line: 2.0 | Under: -105

--- MATCH ENVIRONMENT ---
Weather: Windy
Humidity: 85%
Wind: 1.1m/s (2.5 mph)


==================================================
MATCH #9 OF 19
==================================================

----- MATCH SUMMARY -----
Timestamp: 2025-04-30 21:15:08 ET
Competition ID: l965mkyh9gr1ge4
Competition: CONMEBOL U17 Women's Sudamericano (Unknown Country)
Match: Colombia (w) U17 vs Argentina (w) U17
Score: 0 - 1 (HT: 0 - 1)
Status: Second half (Status ID: 4)

--- MATCH BETTING ODDS ---


--- MATCH ENVIRONMENT ---
No environment data available for this match

------------------------------------------------------------

==================================================
MATCH #7 OF 19
==================================================

----- MATCH SUMMARY -----
Timestamp: 2025-04-30 21:15:06 ET
Competition ID: 8y39mp1hgpmojxg
Competition: Chilean Cup (Chile)
Match: Municipal Iquique vs CD Copiapo S.A.
Score: 2 - 1 (HT: 2 - 0)
Status: Second half (Status ID: 4)

--- MATCH BETTING ODDS ---
ML (Money Line):
Time: 4 min | Home: -152 | Draw: +260 | Away: +450

SPREAD (Asia Handicap):
Time: 4 min | Home: -122 | Handicap: 0.75 | Away: +100

Over/Under:
Time: 4 min | Over: -118 | Line: 2.5 | Under: -105

--- MATCH ENVIRONMENT ---
Weather: Sunny
Humidity: 72%
Wind: 1.8m/s (4.0 mph)

------------------------------------------------------------

==================================================
MATCH #6 OF 19
==================================================

----- MATCH SUMMARY -----
Timestamp: 2025-04-30 21:15:06 ET
Competition ID: j1l4rjnhz31m7vx
Competition: Colombian Liga Betplay Femenina (Colombia)
Match: Atletico Nacional Medellin (w) vs Independiente Medellin (w)
Score: 1 - 0 (HT: 1 - 0)
Status: Second half (Status ID: 4)

--- MATCH BETTING ODDS ---
ML (Money Line):
Time: 4 min | Home: -152 | Draw: +260 | Away: +400

SPREAD (Asia Handicap):
Time: 4 min | Home: -109 | Handicap: 0.75 | Away: -115

Over/Under:
Time: 4 min | Over: -125 | Line: 2.0 | Under: +100

--- MATCH ENVIRONMENT ---
Weather: Windy
Humidity: 92%
Wind: 1.1m/s (2.5 mph)

------------------------------------------------------------

==================================================
MATCH #5 OF 19
==================================================

----- MATCH SUMMARY -----
Timestamp: 2025-04-30 21:15:05 ET
Competition ID: d23xmvkh5oqg8ny
Competition: Bolivian Copa LFPB (Bolivia)
Match: Blooming vs Nacional Potosi
Score: 1 - 0 (HT: 1 - 0)
Status: First half (Status ID: 2)

--- MATCH BETTING ODDS ---
ML (Money Line):
Time: 4 min | Home: -175 | Draw: +333 | Away: +350

SPREAD (Asia Handicap):
Time: 4 min | Home: +100 | Handicap: 1.0 | Away: -125

Over/Under:
Time: 4 min | Over: -118 | Line: 3.0 | Under: -105

--- MATCH ENVIRONMENT ---
Weather: Sunny
Humidity: 89%
Wind: 1.8m/s (4.0 mph)

------------------------------------------------------------

==================================================
MATCH #3 OF 19
==================================================

----- MATCH SUMMARY -----
Timestamp: 2025-04-30 21:15:03 ET
Competition ID: z8yomo4hooq0j6l
Competition: Brazilian Cup (Brazil)
Match: Gremio Novorizontino vs Corinthians Paulista (SP)
Score: 0 - 1 (HT: 0 - 1)
Status: First half (Status ID: 2)

--- MATCH BETTING ODDS ---
ML (Money Line):
Time: 5 min | Home: +187 | Draw: +175 | Away: +187

SPREAD (Asia Handicap):
Time: 4 min | Home: -111 | Handicap: 0.0 | Away: -111

Over/Under:
Time: 4 min | Over: -111 | Line: 1.75 | Under: -111

--- MATCH ENVIRONMENT ---
Weather: Sunny
Humidity: 68%
Wind: 4.0m/s (8.9 mph)


==================================================
MATCH #4 OF 19
==================================================

----- MATCH SUMMARY -----
Timestamp: 2025-04-30 21:15:04 ET
Competition ID: z8yomo4hooq0j6l
Competition: Brazilian Cup (Brazil)
Match: SC Paysandu Para vs Bahia
Score: 0 - 1 (HT: 0 - 1)
Status: First half (Status ID: 2)

--- MATCH BETTING ODDS ---
ML (Money Line):
Time: 4 min | Home: +350 | Draw: +200 | Away: -105

SPREAD (Asia Handicap):
Time: 4 min | Home: -122 | Handicap: -0.5 | Away: -103

Over/Under:
Time: 4 min | Over: -118 | Line: 2.0 | Under: -105

--- MATCH ENVIRONMENT ---
Weather: Partially cloudy
Humidity: 91%
Wind: 1.1m/s (2.5 mph)

------------------------------------------------------------

==================================================
MATCH #2 OF 19
==================================================

----- MATCH SUMMARY -----
Timestamp: 2025-04-30 21:15:02 ET
Competition ID: z8yomo4hooq0j6l
Competition: Brazilian Cup (Brazil)
Match: Centro Sportivo Alagoano vs Gremio (RS)
Score: 1 - 1 (HT: 1 - 1)
Status: First half (Status ID: 2)

--- MATCH BETTING ODDS ---
ML (Money Line):
Time: 4 min | Home: +350 | Draw: +210 | Away: -111

SPREAD (Asia Handicap):
Time: 4 min | Home: -115 | Handicap: -0.5 | Away: -109

Over/Under:
Time: 4 min | Over: -122 | Line: 2.0 | Under: -103

--- MATCH ENVIRONMENT ---
Weather: Partially cloudy
Humidity: 65%
Wind: 2.6m/s (5.8 mph)

------------------------------------------------------------

==================================================
MATCH #1 OF 19
==================================================

----- MATCH SUMMARY -----
Timestamp: 2025-04-30 21:15:01 ET
Competition ID: 56ypq3nhyymd7oj
Competition: Categoría Primera A (Colombia)
Match: Llaneros FC vs Independiente Santa Fe
Score: 0 - 0 (HT: 0 - 0)
Status: First half (Status ID: 2)

--- MATCH BETTING ODDS ---
ML (Money Line):
Time: 4 min | Home: +175 | Draw: +210 | Away: +175

SPREAD (Asia Handicap):
Time: 4 min | Home: +100 | Handicap: 0.0 | Away: -125

Over/Under:
Time: 4 min | Over: +100 | Line: 2.0 | Under: -125

--- MATCH ENVIRONMENT ---
Weather: Partially cloudy
Humidity: 84%
Wind: 1.2m/s (2.7 mph)

------------------------------------------------------------

===== FOUND 19 LIVE FOOTBALL MATCHES =====

Last updated: 2025-05-01 01:15:00

------------------------------------------------------------

==================================================
REFRESHING DATA AT: 2025-05-01 01:15:00
==================================================

Fetching live matches...

------------------------------------------------------------

==================================================
MATCH #18 OF 19
==================================================

----- MATCH SUMMARY -----
Timestamp: 2025-04-30 21:14:29 ET
Competition ID: kjw2r09hj8rz84o
Competition: Italian Primavera Cup (Italy)
Match: Cagliari U19 vs AC Milan U20
Score: 3 - 0 (HT: 2 - 0)
Status: Finished (Status ID: 8)

--- MATCH BETTING ODDS ---
ML (Money Line):
Time: 4 min | Home: +240 | Draw: +240 | Away: +105

SPREAD (Asia Handicap):
Time: 4 min | Home: -139 | Handicap: -0.5 | Away: +107

Over/Under:
Time: 4 min | Over: -109 | Line: 2.5 | Under: -115

--- MATCH ENVIRONMENT ---
Weather: Sunny
Humidity: 48%
Wind: 2.6m/s (5.8 mph)


==================================================
MATCH #19 OF 19
==================================================

----- MATCH SUMMARY -----
Timestamp: 2025-04-30 21:14:30 ET
Competition ID: v2y8m4zhgxoql07
Competition: Western Australia Women's League (Australia)
Match: Balcatta (w) vs Murdoch University Melville FC (w)
Score: 5 - 0 (HT: 3 - 0)
Status: Finished (Status ID: 8)

--- MATCH BETTING ODDS ---
ML (Money Line):
Time: 4 min | Home: -3333 | Draw: +1400 | Away: +5000

SPREAD (Asia Handicap):
Time: 4 min | Home: +100 | Handicap: 3.5 | Away: -125

Over/Under:
Time: 4 min | Over: -115 | Line: 3.75 | Under: -109

--- MATCH ENVIRONMENT ---
Weather: Sunny
Humidity: 37%
Wind: 5.3m/s (11.9 mph)


==================================================
END OF LIVE MATCH DATA - 19 MATCHES DISPLAYED
==================================================
Refreshing in 30 seconds... (Press Ctrl+C to exit)

Waiting 30 seconds before next update at 2025-05-01 01:14:30...
==================================================

------------------------------------------------------------

==================================================
MATCH #16 OF 19
==================================================

----- MATCH SUMMARY -----
Timestamp: 2025-04-30 21:14:28 ET
Competition ID: yl5ergphd2r8k0o
Competition: Moldova Division 2 (Moldova)
Match: Saxan Ceadir Lunga vs FC Ursidos Stauceni
Score: 1 - 1 (HT: 0 - 1)
Status: Finished (Status ID: 8)

--- MATCH BETTING ODDS ---

SPREAD (Asia Handicap):
Time: 7 min | Home: -127 | Handicap: 0.5 | Away: -118 (Closest time to minutes 4-6 available: 7)

Over/Under:
Time: 4 min | Over: -154 | Line: 2.5 | Under: +110

--- MATCH ENVIRONMENT ---
No environment data available for this match


==================================================
MATCH #17 OF 19
==================================================

----- MATCH SUMMARY -----
Timestamp: 2025-04-30 21:14:29 ET
Competition ID: 56ypq3nhzogmd7o
Competition: Portuguese Champions Nacional Juniores A 2 (Portugal)
Match: Vitoria SC Guimaraes U19 vs Tondela U19
Score: 1 - 2 (HT: 0 - 1)
Status: Finished (Status ID: 8)

--- MATCH BETTING ODDS ---
ML (Money Line):
Time: pre-match min | Home: +15000 | Draw: +2200 | Away: -10000 (Closest time to minutes 4-6 available: pre-match)

SPREAD (Asia Handicap):
Time: pre-match min | Home: -333 | Handicap: 0.0 | Away: +245 (Closest time to minutes 4-6 available: pre-match)

Over/Under:
Time: pre-match min | Over: +900 | Line: 3.5 | Under: -1667 (Closest time to minutes 4-6 available: pre-match)

--- MATCH ENVIRONMENT ---
Weather: Foggy
Humidity: 91%
Wind: 3.7m/s (8.3 mph)

------------------------------------------------------------

==================================================
MATCH #15 OF 19
==================================================

----- MATCH SUMMARY -----
Timestamp: 2025-04-30 21:14:28 ET
Competition ID: yl5ergphvjr8k0o
Competition: English Southern Football League (England)
Match: Walton   Hersham vs Gloucester City
Score: 2 - 2 (HT: 2 - 1)
Status: Finished (Status ID: 8)

--- MATCH BETTING ODDS ---
ML (Money Line):
Time: 4 min | Home: +110 | Draw: +250 | Away: +200

SPREAD (Asia Handicap):
Time: 4 min | Home: +102 | Handicap: 0.25 | Away: -122

Over/Under:
Time: 4 min | Over: -118 | Line: 3.0 | Under: -105

--- MATCH ENVIRONMENT ---
Weather: Sunny
Humidity: 50%
Wind: 3.4m/s (7.6 mph)

------------------------------------------------------------

==================================================
MATCH #13 OF 19
==================================================

----- MATCH SUMMARY -----
Timestamp: 2025-04-30 21:14:26 ET
Competition ID: gpxwrxlho4ryk0j
Competition: Brazilian Youth League (Brazil)
Match: Sao Paulo (Youth) vs Atletico Mineiro Youth
Score: 2 - 1 (HT: 1 - 1)
Status: Second half (Status ID: 4)

--- MATCH BETTING ODDS ---
ML (Money Line):
Time: 4 min | Home: -139 | Draw: +275 | Away: +300

SPREAD (Asia Handicap):
Time: 4 min | Home: -111 | Handicap: 0.5 | Away: -111

Over/Under:
Time: 4 min | Over: +100 | Line: 3.0 | Under: -125

--- MATCH ENVIRONMENT ---
Weather: Sunny
Humidity: 87%
Wind: 4.8m/s (10.7 mph)


==================================================
MATCH #14 OF 19
==================================================

----- MATCH SUMMARY -----
Timestamp: 2025-04-30 21:14:27 ET
Competition ID: p4jwq2gh27m0veo
Competition: Canadian Championship (Canada)
Match: Toronto FC vs Montreal Impact
Score: 2 - 2 (HT: 1 - 0)
Status: Finished (Status ID: 8)

--- MATCH BETTING ODDS ---
ML (Money Line):
Time: 4 min | Home: +175 | Draw: +200 | Away: +150

SPREAD (Asia Handicap):
Time: 4 min | Home: -119 | Handicap: 0.25 | Away: -130

Over/Under:
Time: 4 min | Over: -109 | Line: 2.25 | Under: -115

--- MATCH ENVIRONMENT ---
Weather: Sunny
Humidity: 66%
Wind: 2.6m/s (5.8 mph)

------------------------------------------------------------

==================================================
MATCH #12 OF 19
==================================================

----- MATCH SUMMARY -----
Timestamp: 2025-04-30 21:14:26 ET
Competition ID: gpxwrxlh84ryk0j
Competition: Colombian Torneo BetPlay Dimayor (Colombia)
Match: Real Cartagena vs Atletico Huila
Score: 0 - 1 (HT: 0 - 1)
Status: Second half (Status ID: 4)

--- MATCH BETTING ODDS ---
ML (Money Line):
Time: 4 min | Home: +130 | Draw: +210 | Away: +210

SPREAD (Asia Handicap):
Time: 4 min | Home: +100 | Handicap: 0.25 | Away: -125

Over/Under:
Time: 4 min | Over: -133 | Line: 2.0 | Under: +105

--- MATCH ENVIRONMENT ---
Weather: Partially cloudy
Humidity: 79%
Wind: 3.2m/s (7.2 mph)

------------------------------------------------------------

==================================================
MATCH #10 OF 19
==================================================

----- MATCH SUMMARY -----
Timestamp: 2025-04-30 21:14:24 ET
Competition ID: vl7oqdeh6v4r510
Competition: Ecuadorian Campeonato Serie B (Ecuador)
Match: Atletico Vinotinto vs Chacaritas SC
Score: 3 - 0 (HT: 2 - 0)
Status: Second half (Status ID: 4)

--- MATCH BETTING ODDS ---
ML (Money Line):
Time: 4 min | Home: -200 | Draw: +300 | Away: +450

SPREAD (Asia Handicap):
Time: 4 min | Home: -115 | Handicap: 1.0 | Away: -109

Over/Under:
Time: 4 min | Over: -122 | Line: 2.25 | Under: -103

--- MATCH ENVIRONMENT ---
Weather: Cloudy
Humidity: 94%
Wind: 0.9m/s (2.0 mph)


==================================================
MATCH #11 OF 19
==================================================

----- MATCH SUMMARY -----
Timestamp: 2025-04-30 21:14:25 ET
Competition ID: gpxwrxlh0nryk0j
Competition: CNCF CHL (Unknown Country)
Match: Inter Miami CF vs Vancouver Whitecaps
Score: 1 - 0 (HT: 1 - 0)
Status: Second half (Status ID: 4)

--- MATCH BETTING ODDS ---
ML (Money Line):
Time: 7 min | Home: -175 | Draw: +300 | Away: +400 (Closest time to minutes 4-6 available: 7)

SPREAD (Asia Handicap):
Time: 4 min | Home: -102 | Handicap: 1.0 | Away: -111

Over/Under:
Time: 4 min | Over: -109 | Line: 3.0 | Under: -115

--- MATCH ENVIRONMENT ---
Weather: Partially cloudy
Humidity: 60%
Wind: 6.1m/s (13.6 mph)

------------------------------------------------------------

==================================================
MATCH #8 OF 19
==================================================

----- MATCH SUMMARY -----
Timestamp: 2025-04-30 21:14:23 ET
Competition ID: p3glrw7hevqdyjv
Competition: Argentine Division 1 (Argentina)
Match: Atletico Tucuman vs CA Independiente
Score: 1 - 0 (HT: 1 - 0)
Status: Second half (Status ID: 4)

--- MATCH BETTING ODDS ---
ML (Money Line):
Time: 4 min | Home: +187 | Draw: +200 | Away: +160

SPREAD (Asia Handicap):
Time: 4 min | Home: +102 | Handicap: 0.0 | Away: -130

Over/Under:
Time: 4 min | Over: -118 | Line: 2.0 | Under: -105

--- MATCH ENVIRONMENT ---
Weather: Windy
Humidity: 85%
Wind: 1.1m/s (2.5 mph)


==================================================
MATCH #9 OF 19
==================================================

----- MATCH SUMMARY -----
Timestamp: 2025-04-30 21:14:24 ET
Competition ID: l965mkyh9gr1ge4
Competition: CONMEBOL U17 Women's Sudamericano (Unknown Country)
Match: Colombia (w) U17 vs Argentina (w) U17
Score: 0 - 1 (HT: 0 - 1)
Status: Second half (Status ID: 4)

--- MATCH BETTING ODDS ---


--- MATCH ENVIRONMENT ---
No environment data available for this match

------------------------------------------------------------

==================================================
MATCH #6 OF 19
==================================================

----- MATCH SUMMARY -----
Timestamp: 2025-04-30 21:14:22 ET
Competition ID: j1l4rjnhz31m7vx
Competition: Colombian Liga Betplay Femenina (Colombia)
Match: Atletico Nacional Medellin (w) vs Independiente Medellin (w)
Score: 1 - 0 (HT: 1 - 0)
Status: Second half (Status ID: 4)

--- MATCH BETTING ODDS ---
ML (Money Line):
Time: 4 min | Home: -152 | Draw: +260 | Away: +400

SPREAD (Asia Handicap):
Time: 4 min | Home: -109 | Handicap: 0.75 | Away: -115

Over/Under:
Time: 4 min | Over: -125 | Line: 2.0 | Under: +100

--- MATCH ENVIRONMENT ---
Weather: Windy
Humidity: 92%
Wind: 1.1m/s (2.5 mph)


==================================================
MATCH #7 OF 19
==================================================

----- MATCH SUMMARY -----
Timestamp: 2025-04-30 21:14:23 ET
Competition ID: 8y39mp1hgpmojxg
Competition: Chilean Cup (Chile)
Match: Municipal Iquique vs CD Copiapo S.A.
Score: 2 - 1 (HT: 2 - 0)
Status: Second half (Status ID: 4)

--- MATCH BETTING ODDS ---
ML (Money Line):
Time: 4 min | Home: -152 | Draw: +260 | Away: +450

SPREAD (Asia Handicap):
Time: 4 min | Home: -122 | Handicap: 0.75 | Away: +100

Over/Under:
Time: 4 min | Over: -118 | Line: 2.5 | Under: -105

--- MATCH ENVIRONMENT ---
Weather: Sunny
Humidity: 72%
Wind: 1.8m/s (4.0 mph)

------------------------------------------------------------

==================================================
MATCH #5 OF 19
==================================================

----- MATCH SUMMARY -----
Timestamp: 2025-04-30 21:14:22 ET
Competition ID: d23xmvkh5oqg8ny
Competition: Bolivian Copa LFPB (Bolivia)
Match: Blooming vs Nacional Potosi
Score: 1 - 0 (HT: 1 - 0)
Status: First half (Status ID: 2)

--- MATCH BETTING ODDS ---
ML (Money Line):
Time: 4 min | Home: -175 | Draw: +333 | Away: +350

SPREAD (Asia Handicap):
Time: 4 min | Home: +100 | Handicap: 1.0 | Away: -125

Over/Under:
Time: 4 min | Over: -118 | Line: 3.0 | Under: -105

--- MATCH ENVIRONMENT ---
Weather: Sunny
Humidity: 89%
Wind: 1.8m/s (4.0 mph)

------------------------------------------------------------

==================================================
MATCH #3 OF 19
==================================================

----- MATCH SUMMARY -----
Timestamp: 2025-04-30 21:14:20 ET
Competition ID: z8yomo4hooq0j6l
Competition: Brazilian Cup (Brazil)
Match: Gremio Novorizontino vs Corinthians Paulista (SP)
Score: 0 - 1 (HT: 0 - 1)
Status: First half (Status ID: 2)

--- MATCH BETTING ODDS ---
ML (Money Line):
Time: 5 min | Home: +187 | Draw: +175 | Away: +187

SPREAD (Asia Handicap):
Time: 4 min | Home: -111 | Handicap: 0.0 | Away: -111

Over/Under:
Time: 4 min | Over: -111 | Line: 1.75 | Under: -111

--- MATCH ENVIRONMENT ---
Weather: Sunny
Humidity: 68%
Wind: 4.0m/s (8.9 mph)


==================================================
MATCH #4 OF 19
==================================================

----- MATCH SUMMARY -----
Timestamp: 2025-04-30 21:14:21 ET
Competition ID: z8yomo4hooq0j6l
Competition: Brazilian Cup (Brazil)
Match: SC Paysandu Para vs Bahia
Score: 0 - 1 (HT: 0 - 1)
Status: First half (Status ID: 2)

--- MATCH BETTING ODDS ---
ML (Money Line):
Time: 4 min | Home: +350 | Draw: +200 | Away: -105

SPREAD (Asia Handicap):
Time: 4 min | Home: -122 | Handicap: -0.5 | Away: -103

Over/Under:
Time: 4 min | Over: -118 | Line: 2.0 | Under: -105

--- MATCH ENVIRONMENT ---
Weather: Partially cloudy
Humidity: 91%
Wind: 1.1m/s (2.5 mph)

------------------------------------------------------------

==================================================
MATCH #2 OF 19
==================================================

----- MATCH SUMMARY -----
Timestamp: 2025-04-30 21:14:19 ET
Competition ID: z8yomo4hooq0j6l
Competition: Brazilian Cup (Brazil)
Match: Centro Sportivo Alagoano vs Gremio (RS)
Score: 1 - 1 (HT: 1 - 1)
Status: First half (Status ID: 2)

--- MATCH BETTING ODDS ---
ML (Money Line):
Time: 4 min | Home: +350 | Draw: +210 | Away: -111

SPREAD (Asia Handicap):
Time: 4 min | Home: -115 | Handicap: -0.5 | Away: -109

Over/Under:
Time: 4 min | Over: -122 | Line: 2.0 | Under: -103

--- MATCH ENVIRONMENT ---
Weather: Partially cloudy
Humidity: 65%
Wind: 2.6m/s (5.8 mph)

------------------------------------------------------------

==================================================
REFRESHING DATA AT: 2025-05-01 01:14:18
==================================================

Fetching live matches...

===== FOUND 19 LIVE FOOTBALL MATCHES =====

Last updated: 2025-05-01 01:14:18
==================================================
MATCH #1 OF 19
==================================================

----- MATCH SUMMARY -----
Timestamp: 2025-04-30 21:14:19 ET
Competition ID: 56ypq3nhyymd7oj
Competition: Categoría Primera A (Colombia)
Match: Llaneros FC vs Independiente Santa Fe
Score: 0 - 0 (HT: 0 - 0)
Status: First half (Status ID: 2)

--- MATCH BETTING ODDS ---
ML (Money Line):
Time: 3 min | Home: +175 | Draw: +210 | Away: +175 (Closest time to minutes 4-6 available: 3)

SPREAD (Asia Handicap):
Time: 3 min | Home: +100 | Handicap: 0.0 | Away: -125 (Closest time to minutes 4-6 available: 3)

Over/Under:
Time: 3 min | Over: -103 | Line: 2.0 | Under: -122 (Closest time to minutes 4-6 available: 3)

--- MATCH ENVIRONMENT ---
Weather: Partially cloudy
Humidity: 84%
Wind: 1.2m/s (2.7 mph)

------------------------------------------------------------

==================================================
MATCH #19 OF 19
==================================================

----- MATCH SUMMARY -----
Timestamp: 2025-04-30 21:13:48 ET
Competition ID: v2y8m4zhgxoql07
Competition: Western Australia Women's League (Australia)
Match: Balcatta (w) vs Murdoch University Melville FC (w)
Score: 5 - 0 (HT: 3 - 0)
Status: Finished (Status ID: 8)

--- MATCH BETTING ODDS ---
ML (Money Line):
Time: 4 min | Home: -3333 | Draw: +1400 | Away: +5000

SPREAD (Asia Handicap):
Time: 4 min | Home: +100 | Handicap: 3.5 | Away: -125

Over/Under:
Time: 4 min | Over: -115 | Line: 3.75 | Under: -109

--- MATCH ENVIRONMENT ---
Weather: Sunny
Humidity: 37%
Wind: 5.3m/s (11.9 mph)


==================================================
END OF LIVE MATCH DATA - 19 MATCHES DISPLAYED
==================================================
Refreshing in 30 seconds... (Press Ctrl+C to exit)

Waiting 30 seconds before next update at 2025-05-01 01:13:48...
==================================================

------------------------------------------------------------

==================================================
MATCH #18 OF 19
==================================================

----- MATCH SUMMARY -----
Timestamp: 2025-04-30 21:13:47 ET
Competition ID: kjw2r09hj8rz84o
Competition: Italian Primavera Cup (Italy)
Match: Cagliari U19 vs AC Milan U20
Score: 3 - 0 (HT: 2 - 0)
Status: Finished (Status ID: 8)

--- MATCH BETTING ODDS ---
ML (Money Line):
Time: 4 min | Home: +240 | Draw: +240 | Away: +105

SPREAD (Asia Handicap):
Time: 4 min | Home: -139 | Handicap: -0.5 | Away: +107

Over/Under:
Time: 4 min | Over: -109 | Line: 2.5 | Under: -115

--- MATCH ENVIRONMENT ---
Weather: Sunny
Humidity: 48%
Wind: 2.6m/s (5.8 mph)

------------------------------------------------------------

==================================================
MATCH #16 OF 19
==================================================

----- MATCH SUMMARY -----
Timestamp: 2025-04-30 21:13:46 ET
Competition ID: l965mkyhdgr1ge4
Competition: Chilean Primera B (Chile)
Match: D. Concepcion vs Santiago Morning
Score: 3 - 0 (HT: 2 - 0)
Status: Finished (Status ID: 8)

--- MATCH BETTING ODDS ---
ML (Money Line):
Time: 4 min | Home: +137 | Draw: +200 | Away: +187

SPREAD (Asia Handicap):
Time: 4 min | Home: -101 | Handicap: 0.25 | Away: -130

Over/Under:
Time: 4 min | Over: +105 | Line: 2.25 | Under: -133

--- MATCH ENVIRONMENT ---
Weather: Sunny
Humidity: 39%
Wind: 1.2m/s (2.7 mph)


==================================================
MATCH #17 OF 19
==================================================

----- MATCH SUMMARY -----
Timestamp: 2025-04-30 21:13:47 ET
Competition ID: yl5ergphd2r8k0o
Competition: Moldova Division 2 (Moldova)
Match: Saxan Ceadir Lunga vs FC Ursidos Stauceni
Score: 1 - 1 (HT: 0 - 1)
Status: Finished (Status ID: 8)

--- MATCH BETTING ODDS ---

SPREAD (Asia Handicap):
Time: 7 min | Home: -127 | Handicap: 0.5 | Away: -118 (Closest time to minutes 4-6 available: 7)

Over/Under:
Time: 4 min | Over: -154 | Line: 2.5 | Under: +110

--- MATCH ENVIRONMENT ---
No environment data available for this match

------------------------------------------------------------

==================================================
MATCH #15 OF 19
==================================================

----- MATCH SUMMARY -----
Timestamp: 2025-04-30 21:13:46 ET
Competition ID: yl5ergphvjr8k0o
Competition: English Southern Football League (England)
Match: Walton   Hersham vs Gloucester City
Score: 2 - 2 (HT: 2 - 1)
Status: Finished (Status ID: 8)

--- MATCH BETTING ODDS ---
ML (Money Line):
Time: 4 min | Home: +110 | Draw: +250 | Away: +200

SPREAD (Asia Handicap):
Time: 4 min | Home: +102 | Handicap: 0.25 | Away: -122

Over/Under:
Time: 4 min | Over: -118 | Line: 3.0 | Under: -105

--- MATCH ENVIRONMENT ---
Weather: Sunny
Humidity: 50%
Wind: 3.4m/s (7.6 mph)

------------------------------------------------------------

==================================================
MATCH #13 OF 19
==================================================

----- MATCH SUMMARY -----
Timestamp: 2025-04-30 21:13:44 ET
Competition ID: gpxwrxlho4ryk0j
Competition: Brazilian Youth League (Brazil)
Match: Sao Paulo (Youth) vs Atletico Mineiro Youth
Score: 2 - 1 (HT: 1 - 1)
Status: Second half (Status ID: 4)

--- MATCH BETTING ODDS ---
ML (Money Line):
Time: 4 min | Home: -139 | Draw: +275 | Away: +300

SPREAD (Asia Handicap):
Time: 4 min | Home: -111 | Handicap: 0.5 | Away: -111

Over/Under:
Time: 4 min | Over: +100 | Line: 3.0 | Under: -125

--- MATCH ENVIRONMENT ---
Weather: Sunny
Humidity: 87%
Wind: 4.8m/s (10.7 mph)


==================================================
MATCH #14 OF 19
==================================================

----- MATCH SUMMARY -----
Timestamp: 2025-04-30 21:13:45 ET
Competition ID: p4jwq2gh27m0veo
Competition: Canadian Championship (Canada)
Match: Toronto FC vs Montreal Impact
Score: 2 - 2 (HT: 1 - 0)
Status: Finished (Status ID: 7)

--- MATCH BETTING ODDS ---
ML (Money Line):
Time: 4 min | Home: +175 | Draw: +200 | Away: +150

SPREAD (Asia Handicap):
Time: 4 min | Home: -119 | Handicap: 0.25 | Away: -130

Over/Under:
Time: 4 min | Over: -109 | Line: 2.25 | Under: -115

--- MATCH ENVIRONMENT ---
Weather: Sunny
Humidity: 66%
Wind: 2.6m/s (5.8 mph)

------------------------------------------------------------

==================================================
MATCH #12 OF 19
==================================================

----- MATCH SUMMARY -----
Timestamp: 2025-04-30 21:13:43 ET
Competition ID: gpxwrxlh84ryk0j
Competition: Colombian Torneo BetPlay Dimayor (Colombia)
Match: Real Cartagena vs Atletico Huila
Score: 0 - 1 (HT: 0 - 1)
Status: Second half (Status ID: 4)

--- MATCH BETTING ODDS ---
ML (Money Line):
Time: 4 min | Home: +130 | Draw: +210 | Away: +210

SPREAD (Asia Handicap):
Time: 4 min | Home: +100 | Handicap: 0.25 | Away: -125

Over/Under:
Time: 4 min | Over: -133 | Line: 2.0 | Under: +105

--- MATCH ENVIRONMENT ---
Weather: Partially cloudy
Humidity: 79%
Wind: 3.2m/s (7.2 mph)

------------------------------------------------------------

==================================================
MATCH #10 OF 19
==================================================

----- MATCH SUMMARY -----
Timestamp: 2025-04-30 21:13:42 ET
Competition ID: vl7oqdeh6v4r510
Competition: Ecuadorian Campeonato Serie B (Ecuador)
Match: Atletico Vinotinto vs Chacaritas SC
Score: 3 - 0 (HT: 2 - 0)
Status: Second half (Status ID: 4)

--- MATCH BETTING ODDS ---
ML (Money Line):
Time: 4 min | Home: -200 | Draw: +300 | Away: +450

SPREAD (Asia Handicap):
Time: 4 min | Home: -115 | Handicap: 1.0 | Away: -109

Over/Under:
Time: 4 min | Over: -122 | Line: 2.25 | Under: -103

--- MATCH ENVIRONMENT ---
Weather: Cloudy
Humidity: 94%
Wind: 0.9m/s (2.0 mph)


==================================================
MATCH #11 OF 19
==================================================

----- MATCH SUMMARY -----
Timestamp: 2025-04-30 21:13:43 ET
Competition ID: gpxwrxlh0nryk0j
Competition: CNCF CHL (Unknown Country)
Match: Inter Miami CF vs Vancouver Whitecaps
Score: 1 - 0 (HT: 1 - 0)
Status: Second half (Status ID: 4)

--- MATCH BETTING ODDS ---
ML (Money Line):
Time: 7 min | Home: -175 | Draw: +300 | Away: +400 (Closest time to minutes 4-6 available: 7)

SPREAD (Asia Handicap):
Time: 4 min | Home: -102 | Handicap: 1.0 | Away: -111

Over/Under:
Time: 4 min | Over: -109 | Line: 3.0 | Under: -115

--- MATCH ENVIRONMENT ---
Weather: Partially cloudy
Humidity: 60%
Wind: 6.1m/s (13.6 mph)

------------------------------------------------------------

==================================================
MATCH #8 OF 19
==================================================

----- MATCH SUMMARY -----
Timestamp: 2025-04-30 21:13:41 ET
Competition ID: p3glrw7hevqdyjv
Competition: Argentine Division 1 (Argentina)
Match: Atletico Tucuman vs CA Independiente
Score: 1 - 0 (HT: 1 - 0)
Status: Second half (Status ID: 4)

--- MATCH BETTING ODDS ---
ML (Money Line):
Time: 4 min | Home: +187 | Draw: +200 | Away: +160

SPREAD (Asia Handicap):
Time: 4 min | Home: +102 | Handicap: 0.0 | Away: -130

Over/Under:
Time: 4 min | Over: -118 | Line: 2.0 | Under: -105

--- MATCH ENVIRONMENT ---
Weather: Windy
Humidity: 85%
Wind: 1.1m/s (2.5 mph)


==================================================
MATCH #9 OF 19
==================================================

----- MATCH SUMMARY -----
Timestamp: 2025-04-30 21:13:42 ET
Competition ID: l965mkyh9gr1ge4
Competition: CONMEBOL U17 Women's Sudamericano (Unknown Country)
Match: Colombia (w) U17 vs Argentina (w) U17
Score: 0 - 1 (HT: 0 - 1)
Status: Second half (Status ID: 4)

--- MATCH BETTING ODDS ---


--- MATCH ENVIRONMENT ---
No environment data available for this match

------------------------------------------------------------

==================================================
MATCH #7 OF 19
==================================================

----- MATCH SUMMARY -----
Timestamp: 2025-04-30 21:13:40 ET
Competition ID: 8y39mp1hgpmojxg
Competition: Chilean Cup (Chile)
Match: Municipal Iquique vs CD Copiapo S.A.
Score: 2 - 1 (HT: 2 - 0)
Status: Second half (Status ID: 4)

--- MATCH BETTING ODDS ---
ML (Money Line):
Time: 4 min | Home: -152 | Draw: +260 | Away: +450

SPREAD (Asia Handicap):
Time: 4 min | Home: -122 | Handicap: 0.75 | Away: +100

Over/Under:
Time: 4 min | Over: -118 | Line: 2.5 | Under: -105

--- MATCH ENVIRONMENT ---
Weather: Sunny
Humidity: 72%
Wind: 1.8m/s (4.0 mph)

------------------------------------------------------------

==================================================
MATCH #5 OF 19
==================================================

----- MATCH SUMMARY -----
Timestamp: 2025-04-30 21:13:39 ET
Competition ID: d23xmvkh5oqg8ny
Competition: Bolivian Copa LFPB (Bolivia)
Match: Blooming vs Nacional Potosi
Score: 1 - 0 (HT: 1 - 0)
Status: First half (Status ID: 2)

--- MATCH BETTING ODDS ---
ML (Money Line):
Time: 4 min | Home: -175 | Draw: +333 | Away: +350

SPREAD (Asia Handicap):
Time: 4 min | Home: +100 | Handicap: 1.0 | Away: -125

Over/Under:
Time: 4 min | Over: -118 | Line: 3.0 | Under: -105

--- MATCH ENVIRONMENT ---
Weather: Sunny
Humidity: 89%
Wind: 1.8m/s (4.0 mph)


==================================================
MATCH #6 OF 19
==================================================

----- MATCH SUMMARY -----
Timestamp: 2025-04-30 21:13:40 ET
Competition ID: j1l4rjnhz31m7vx
Competition: Colombian Liga Betplay Femenina (Colombia)
Match: Atletico Nacional Medellin (w) vs Independiente Medellin (w)
Score: 1 - 0 (HT: 1 - 0)
Status: Second half (Status ID: 4)

--- MATCH BETTING ODDS ---
ML (Money Line):
Time: 4 min | Home: -152 | Draw: +260 | Away: +400

SPREAD (Asia Handicap):
Time: 4 min | Home: -109 | Handicap: 0.75 | Away: -115

Over/Under:
Time: 4 min | Over: -125 | Line: 2.0 | Under: +100

--- MATCH ENVIRONMENT ---
Weather: Windy
Humidity: 92%
Wind: 1.1m/s (2.5 mph)

------------------------------------------------------------

==================================================
MATCH #4 OF 19
==================================================

----- MATCH SUMMARY -----
Timestamp: 2025-04-30 21:13:39 ET
Competition ID: z8yomo4hooq0j6l
Competition: Brazilian Cup (Brazil)
Match: SC Paysandu Para vs Bahia
Score: 0 - 0 (HT: 0 - 0)
Status: First half (Status ID: 2)

--- MATCH BETTING ODDS ---
ML (Money Line):
Time: 4 min | Home: +350 | Draw: +200 | Away: -105

SPREAD (Asia Handicap):
Time: 4 min | Home: -122 | Handicap: -0.5 | Away: -103

Over/Under:
Time: 4 min | Over: -118 | Line: 2.0 | Under: -105

--- MATCH ENVIRONMENT ---
Weather: Partially cloudy
Humidity: 91%
Wind: 1.1m/s (2.5 mph)

------------------------------------------------------------

==================================================
MATCH #2 OF 19
==================================================

----- MATCH SUMMARY -----
Timestamp: 2025-04-30 21:13:37 ET
Competition ID: z8yomo4hooq0j6l
Competition: Brazilian Cup (Brazil)
Match: Centro Sportivo Alagoano vs Gremio (RS)
Score: 1 - 1 (HT: 1 - 1)
Status: First half (Status ID: 2)

--- MATCH BETTING ODDS ---
ML (Money Line):
Time: 4 min | Home: +350 | Draw: +210 | Away: -111

SPREAD (Asia Handicap):
Time: 4 min | Home: -115 | Handicap: -0.5 | Away: -109

Over/Under:
Time: 4 min | Over: -122 | Line: 2.0 | Under: -103

--- MATCH ENVIRONMENT ---
Weather: Partially cloudy
Humidity: 65%
Wind: 2.6m/s (5.8 mph)


==================================================
MATCH #3 OF 19
==================================================

----- MATCH SUMMARY -----
Timestamp: 2025-04-30 21:13:38 ET
Competition ID: z8yomo4hooq0j6l
Competition: Brazilian Cup (Brazil)
Match: Gremio Novorizontino vs Corinthians Paulista (SP)
Score: 0 - 1 (HT: 0 - 1)
Status: First half (Status ID: 2)

--- MATCH BETTING ODDS ---
ML (Money Line):
Time: 5 min | Home: +187 | Draw: +175 | Away: +187

SPREAD (Asia Handicap):
Time: 4 min | Home: -111 | Handicap: 0.0 | Away: -111

Over/Under:
Time: 4 min | Over: -111 | Line: 1.75 | Under: -111

--- MATCH ENVIRONMENT ---
Weather: Sunny
Humidity: 68%
Wind: 4.0m/s (8.9 mph)

------------------------------------------------------------

==================================================
REFRESHING DATA AT: 2025-05-01 01:13:35
==================================================

Fetching live matches...

===== FOUND 19 LIVE FOOTBALL MATCHES =====

Last updated: 2025-05-01 01:13:35
==================================================
MATCH #1 OF 19
==================================================

----- MATCH SUMMARY -----
Timestamp: 2025-04-30 21:13:36 ET
Competition ID: 56ypq3nhyymd7oj
Competition: Categoría Primera A (Colombia)
Match: Llaneros FC vs Independiente Santa Fe
Score: 0 - 0 (HT: 0 - 0)
Status: First half (Status ID: 2)

--- MATCH BETTING ODDS ---
ML (Money Line):
Time: 2 min | Home: +162 | Draw: +210 | Away: +175 (Closest time to minutes 4-6 available: 2)

SPREAD (Asia Handicap):
Time: 3 min | Home: -102 | Handicap: 0.0 | Away: -109 (Closest time to minutes 4-6 available: 3)

Over/Under:
Time: 3 min | Over: -105 | Line: 2.0 | Under: -130 (Closest time to minutes 4-6 available: 3)

--- MATCH ENVIRONMENT ---
Weather: Partially cloudy
Humidity: 84%
Wind: 1.2m/s (2.7 mph)

------------------------------------------------------------

==================================================
MATCH #19 OF 19
==================================================

----- MATCH SUMMARY -----
Timestamp: 2025-04-30 21:13:05 ET
Competition ID: v2y8m4zhgxoql07
Competition: Western Australia Women's League (Australia)
Match: Balcatta (w) vs Murdoch University Melville FC (w)
Score: 5 - 0 (HT: 3 - 0)
Status: Finished (Status ID: 8)

--- MATCH BETTING ODDS ---
ML (Money Line):
Time: 4 min | Home: -3333 | Draw: +1400 | Away: +5000

SPREAD (Asia Handicap):
Time: 4 min | Home: +100 | Handicap: 3.5 | Away: -125

Over/Under:
Time: 4 min | Over: -115 | Line: 3.75 | Under: -109

--- MATCH ENVIRONMENT ---
Weather: Sunny
Humidity: 37%
Wind: 5.3m/s (11.9 mph)


==================================================
END OF LIVE MATCH DATA - 19 MATCHES DISPLAYED
==================================================
Refreshing in 30 seconds... (Press Ctrl+C to exit)

Waiting 30 seconds before next update at 2025-05-01 01:13:05...
==================================================

------------------------------------------------------------

==================================================
MATCH #18 OF 19
==================================================

----- MATCH SUMMARY -----
Timestamp: 2025-04-30 21:13:04 ET
Competition ID: kjw2r09hj8rz84o
Competition: Italian Primavera Cup (Italy)
Match: Cagliari U19 vs AC Milan U20
Score: 3 - 0 (HT: 2 - 0)
Status: Finished (Status ID: 8)

--- MATCH BETTING ODDS ---
ML (Money Line):
Time: 4 min | Home: +240 | Draw: +240 | Away: +105

SPREAD (Asia Handicap):
Time: 4 min | Home: -139 | Handicap: -0.5 | Away: +107

Over/Under:
Time: 4 min | Over: -109 | Line: 2.5 | Under: -115

--- MATCH ENVIRONMENT ---
Weather: Sunny
Humidity: 48%
Wind: 2.6m/s (5.8 mph)

------------------------------------------------------------

==================================================
MATCH #17 OF 19
==================================================

----- MATCH SUMMARY -----
Timestamp: 2025-04-30 21:13:03 ET
Competition ID: yl5ergphd2r8k0o
Competition: Moldova Division 2 (Moldova)
Match: Saxan Ceadir Lunga vs FC Ursidos Stauceni
Score: 1 - 1 (HT: 0 - 1)
Status: Finished (Status ID: 8)

--- MATCH BETTING ODDS ---

SPREAD (Asia Handicap):
Time: 7 min | Home: -127 | Handicap: 0.5 | Away: -118 (Closest time to minutes 4-6 available: 7)

Over/Under:
Time: 4 min | Over: -154 | Line: 2.5 | Under: +110

--- MATCH ENVIRONMENT ---
No environment data available for this match

------------------------------------------------------------

==================================================
MATCH #16 OF 19
==================================================

----- MATCH SUMMARY -----
Timestamp: 2025-04-30 21:13:03 ET
Competition ID: l965mkyhdgr1ge4
Competition: Chilean Primera B (Chile)
Match: D. Concepcion vs Santiago Morning
Score: 3 - 0 (HT: 2 - 0)
Status: Finished (Status ID: 8)

--- MATCH BETTING ODDS ---
ML (Money Line):
Time: 4 min | Home: +137 | Draw: +200 | Away: +187

SPREAD (Asia Handicap):
Time: 4 min | Home: -101 | Handicap: 0.25 | Away: -130

Over/Under:
Time: 4 min | Over: +105 | Line: 2.25 | Under: -133

--- MATCH ENVIRONMENT ---
Weather: Sunny
Humidity: 39%
Wind: 1.2m/s (2.7 mph)

------------------------------------------------------------

==================================================
MATCH #15 OF 19
==================================================

----- MATCH SUMMARY -----
Timestamp: 2025-04-30 21:13:02 ET
Competition ID: yl5ergphvjr8k0o
Competition: English Southern Football League (England)
Match: Walton   Hersham vs Gloucester City
Score: 2 - 2 (HT: 2 - 1)
Status: Finished (Status ID: 8)

--- MATCH BETTING ODDS ---
ML (Money Line):
Time: 4 min | Home: +110 | Draw: +250 | Away: +200

SPREAD (Asia Handicap):
Time: 4 min | Home: +102 | Handicap: 0.25 | Away: -122

Over/Under:
Time: 4 min | Over: -118 | Line: 3.0 | Under: -105

--- MATCH ENVIRONMENT ---
Weather: Sunny
Humidity: 50%
Wind: 3.4m/s (7.6 mph)

------------------------------------------------------------

==================================================
MATCH #14 OF 19
==================================================

----- MATCH SUMMARY -----
Timestamp: 2025-04-30 21:13:01 ET
Competition ID: p4jwq2gh27m0veo
Competition: Canadian Championship (Canada)
Match: Toronto FC vs Montreal Impact
Score: 2 - 2 (HT: 1 - 0)
Status: Finished (Status ID: 7)

--- MATCH BETTING ODDS ---
ML (Money Line):
Time: 4 min | Home: +175 | Draw: +200 | Away: +150

SPREAD (Asia Handicap):
Time: 4 min | Home: -119 | Handicap: 0.25 | Away: -130

Over/Under:
Time: 4 min | Over: -109 | Line: 2.25 | Under: -115

--- MATCH ENVIRONMENT ---
Weather: Sunny
Humidity: 66%
Wind: 2.6m/s (5.8 mph)

------------------------------------------------------------

==================================================
MATCH #13 OF 19
==================================================

----- MATCH SUMMARY -----
Timestamp: 2025-04-30 21:12:59 ET
Competition ID: gpxwrxlho4ryk0j
Competition: Brazilian Youth League (Brazil)
Match: Sao Paulo (Youth) vs Atletico Mineiro Youth
Score: 2 - 1 (HT: 1 - 1)
Status: Second half (Status ID: 4)

--- MATCH BETTING ODDS ---
ML (Money Line):
Time: 4 min | Home: -139 | Draw: +275 | Away: +300

SPREAD (Asia Handicap):
Time: 4 min | Home: -111 | Handicap: 0.5 | Away: -111

Over/Under:
Time: 4 min | Over: +100 | Line: 3.0 | Under: -125

--- MATCH ENVIRONMENT ---
Weather: Sunny
Humidity: 87%
Wind: 4.8m/s (10.7 mph)

------------------------------------------------------------

==================================================
MATCH #11 OF 19
==================================================

----- MATCH SUMMARY -----
Timestamp: 2025-04-30 21:12:58 ET
Competition ID: gpxwrxlh0nryk0j
Competition: CNCF CHL (Unknown Country)
Match: Inter Miami CF vs Vancouver Whitecaps
Score: 1 - 0 (HT: 1 - 0)
Status: Second half (Status ID: 4)

--- MATCH BETTING ODDS ---
ML (Money Line):
Time: 7 min | Home: -175 | Draw: +300 | Away: +400 (Closest time to minutes 4-6 available: 7)

SPREAD (Asia Handicap):
Time: 4 min | Home: -102 | Handicap: 1.0 | Away: -111

Over/Under:
Time: 4 min | Over: -109 | Line: 3.0 | Under: -115

--- MATCH ENVIRONMENT ---
Weather: Partially cloudy
Humidity: 60%
Wind: 6.1m/s (13.6 mph)


==================================================
MATCH #12 OF 19
==================================================

----- MATCH SUMMARY -----
Timestamp: 2025-04-30 21:12:59 ET
Competition ID: gpxwrxlh84ryk0j
Competition: Colombian Torneo BetPlay Dimayor (Colombia)
Match: Real Cartagena vs Atletico Huila
Score: 0 - 1 (HT: 0 - 1)
Status: Second half (Status ID: 4)

--- MATCH BETTING ODDS ---
ML (Money Line):
Time: 4 min | Home: +130 | Draw: +210 | Away: +210

SPREAD (Asia Handicap):
Time: 4 min | Home: +100 | Handicap: 0.25 | Away: -125

Over/Under:
Time: 4 min | Over: -133 | Line: 2.0 | Under: +105

--- MATCH ENVIRONMENT ---
Weather: Partially cloudy
Humidity: 79%
Wind: 3.2m/s (7.2 mph)

------------------------------------------------------------

==================================================
MATCH #10 OF 19
==================================================

----- MATCH SUMMARY -----
Timestamp: 2025-04-30 21:12:57 ET
Competition ID: vl7oqdeh6v4r510
Competition: Ecuadorian Campeonato Serie B (Ecuador)
Match: Atletico Vinotinto vs Chacaritas SC
Score: 3 - 0 (HT: 2 - 0)
Status: Second half (Status ID: 4)

--- MATCH BETTING ODDS ---
ML (Money Line):
Time: 4 min | Home: -200 | Draw: +300 | Away: +450

SPREAD (Asia Handicap):
Time: 4 min | Home: -115 | Handicap: 1.0 | Away: -109

Over/Under:
Time: 4 min | Over: -122 | Line: 2.25 | Under: -103

--- MATCH ENVIRONMENT ---
Weather: Cloudy
Humidity: 94%
Wind: 0.9m/s (2.0 mph)

------------------------------------------------------------

==================================================
MATCH #8 OF 19
==================================================

----- MATCH SUMMARY -----
Timestamp: 2025-04-30 21:12:56 ET
Competition ID: p3glrw7hevqdyjv
Competition: Argentine Division 1 (Argentina)
Match: Atletico Tucuman vs CA Independiente
Score: 1 - 0 (HT: 1 - 0)
Status: Second half (Status ID: 4)

--- MATCH BETTING ODDS ---
ML (Money Line):
Time: 4 min | Home: +187 | Draw: +200 | Away: +160

SPREAD (Asia Handicap):
Time: 4 min | Home: +102 | Handicap: 0.0 | Away: -130

Over/Under:
Time: 4 min | Over: -118 | Line: 2.0 | Under: -105

--- MATCH ENVIRONMENT ---
Weather: Windy
Humidity: 85%
Wind: 1.1m/s (2.5 mph)


==================================================
MATCH #9 OF 19
==================================================

----- MATCH SUMMARY -----
Timestamp: 2025-04-30 21:12:57 ET
Competition ID: l965mkyh9gr1ge4
Competition: CONMEBOL U17 Women's Sudamericano (Unknown Country)
Match: Colombia (w) U17 vs Argentina (w) U17
Score: 0 - 1 (HT: 0 - 1)
Status: Second half (Status ID: 4)

--- MATCH BETTING ODDS ---


--- MATCH ENVIRONMENT ---
No environment data available for this match

------------------------------------------------------------

==================================================
MATCH #6 OF 19
==================================================

----- MATCH SUMMARY -----
Timestamp: 2025-04-30 21:12:55 ET
Competition ID: j1l4rjnhz31m7vx
Competition: Colombian Liga Betplay Femenina (Colombia)
Match: Atletico Nacional Medellin (w) vs Independiente Medellin (w)
Score: 1 - 0 (HT: 1 - 0)
Status: Second half (Status ID: 4)

--- MATCH BETTING ODDS ---
ML (Money Line):
Time: 4 min | Home: -152 | Draw: +260 | Away: +400

SPREAD (Asia Handicap):
Time: 4 min | Home: -109 | Handicap: 0.75 | Away: -115

Over/Under:
Time: 4 min | Over: -125 | Line: 2.0 | Under: +100

--- MATCH ENVIRONMENT ---
Weather: Windy
Humidity: 92%
Wind: 1.1m/s (2.5 mph)


==================================================
MATCH #7 OF 19
==================================================

----- MATCH SUMMARY -----
Timestamp: 2025-04-30 21:12:56 ET
Competition ID: 8y39mp1hgpmojxg
Competition: Chilean Cup (Chile)
Match: Municipal Iquique vs CD Copiapo S.A.
Score: 2 - 1 (HT: 2 - 0)
Status: Second half (Status ID: 4)

--- MATCH BETTING ODDS ---
ML (Money Line):
Time: 4 min | Home: -152 | Draw: +260 | Away: +450

SPREAD (Asia Handicap):
Time: 4 min | Home: -122 | Handicap: 0.75 | Away: +100

Over/Under:
Time: 4 min | Over: -118 | Line: 2.5 | Under: -105

--- MATCH ENVIRONMENT ---
Weather: Sunny
Humidity: 72%
Wind: 1.8m/s (4.0 mph)

------------------------------------------------------------

==================================================
MATCH #5 OF 19
==================================================

----- MATCH SUMMARY -----
Timestamp: 2025-04-30 21:12:54 ET
Competition ID: d23xmvkh5oqg8ny
Competition: Bolivian Copa LFPB (Bolivia)
Match: Blooming vs Nacional Potosi
Score: 1 - 0 (HT: 1 - 0)
Status: First half (Status ID: 2)

--- MATCH BETTING ODDS ---
ML (Money Line):
Time: 4 min | Home: -175 | Draw: +333 | Away: +350

SPREAD (Asia Handicap):
Time: 4 min | Home: +100 | Handicap: 1.0 | Away: -125

Over/Under:
Time: 4 min | Over: -118 | Line: 3.0 | Under: -105

--- MATCH ENVIRONMENT ---
Weather: Sunny
Humidity: 89%
Wind: 1.8m/s (4.0 mph)

------------------------------------------------------------

==================================================
MATCH #3 OF 19
==================================================

----- MATCH SUMMARY -----
Timestamp: 2025-04-30 21:12:53 ET
Competition ID: z8yomo4hooq0j6l
Competition: Brazilian Cup (Brazil)
Match: Gremio Novorizontino vs Corinthians Paulista (SP)
Score: 0 - 1 (HT: 0 - 1)
Status: First half (Status ID: 2)

--- MATCH BETTING ODDS ---
ML (Money Line):
Time: 5 min | Home: +187 | Draw: +175 | Away: +187

SPREAD (Asia Handicap):
Time: 4 min | Home: -111 | Handicap: 0.0 | Away: -111

Over/Under:
Time: 4 min | Over: -111 | Line: 1.75 | Under: -111

--- MATCH ENVIRONMENT ---
Weather: Sunny
Humidity: 68%
Wind: 4.0m/s (8.9 mph)


==================================================
MATCH #4 OF 19
==================================================

----- MATCH SUMMARY -----
Timestamp: 2025-04-30 21:12:54 ET
Competition ID: z8yomo4hooq0j6l
Competition: Brazilian Cup (Brazil)
Match: SC Paysandu Para vs Bahia
Score: 0 - 0 (HT: 0 - 0)
Status: First half (Status ID: 2)

--- MATCH BETTING ODDS ---
ML (Money Line):
Time: 4 min | Home: +350 | Draw: +200 | Away: -105

SPREAD (Asia Handicap):
Time: 4 min | Home: -122 | Handicap: -0.5 | Away: -103

Over/Under:
Time: 4 min | Over: -118 | Line: 2.0 | Under: -105

--- MATCH ENVIRONMENT ---
Weather: Partially cloudy
Humidity: 91%
Wind: 1.1m/s (2.5 mph)

------------------------------------------------------------

==================================================
MATCH #1 OF 19
==================================================

----- MATCH SUMMARY -----
Timestamp: 2025-04-30 21:12:52 ET
Competition ID: 56ypq3nhyymd7oj
Competition: Categoría Primera A (Colombia)
Match: Llaneros FC vs Independiente Santa Fe
Score: 0 - 0 (HT: 0 - 0)
Status: First half (Status ID: 2)

--- MATCH BETTING ODDS ---
ML (Money Line):
Time: pre-match min | Home: +160 | Draw: +210 | Away: +175 (Closest time to minutes 4-6 available: pre-match)

SPREAD (Asia Handicap):
Time: 2 min | Home: -111 | Handicap: 0.0 | Away: -102 (Closest time to minutes 4-6 available: 2)

Over/Under:
Time: 2 min | Over: -200 | Line: 1.5 | Under: +130 (Closest time to minutes 4-6 available: 2)

--- MATCH ENVIRONMENT ---
Weather: Partially cloudy
Humidity: 84%
Wind: 1.2m/s (2.7 mph)


==================================================
MATCH #2 OF 19
==================================================

----- MATCH SUMMARY -----
Timestamp: 2025-04-30 21:12:53 ET
Competition ID: z8yomo4hooq0j6l
Competition: Brazilian Cup (Brazil)
Match: Centro Sportivo Alagoano vs Gremio (RS)
Score: 1 - 1 (HT: 1 - 1)
Status: First half (Status ID: 2)

--- MATCH BETTING ODDS ---
ML (Money Line):
Time: 4 min | Home: +350 | Draw: +210 | Away: -111

SPREAD (Asia Handicap):
Time: 4 min | Home: -115 | Handicap: -0.5 | Away: -109

Over/Under:
Time: 4 min | Over: -122 | Line: 2.0 | Under: -103

--- MATCH ENVIRONMENT ---
Weather: Partially cloudy
Humidity: 65%
Wind: 2.6m/s (5.8 mph)

------------------------------------------------------------

==================================================
REFRESHING DATA AT: 2025-05-01 01:12:50
==================================================

Fetching live matches...

===== FOUND 19 LIVE FOOTBALL MATCHES =====

Last updated: 2025-05-01 01:12:51

------------------------------------------------------------

==================================================
MATCH #18 OF 18
==================================================

----- MATCH SUMMARY -----
Timestamp: 2025-04-30 21:12:20 ET
Competition ID: v2y8m4zhgxoql07
Competition: Western Australia Women's League (Australia)
Match: Balcatta (w) vs Murdoch University Melville FC (w)
Score: 5 - 0 (HT: 3 - 0)
Status: Finished (Status ID: 8)

--- MATCH BETTING ODDS ---
ML (Money Line):
Time: 4 min | Home: -3333 | Draw: +1400 | Away: +5000

SPREAD (Asia Handicap):
Time: 4 min | Home: +100 | Handicap: 3.5 | Away: -125

Over/Under:
Time: 4 min | Over: -115 | Line: 3.75 | Under: -109

--- MATCH ENVIRONMENT ---
Weather: Sunny
Humidity: 37%
Wind: 5.3m/s (11.9 mph)


==================================================
END OF LIVE MATCH DATA - 18 MATCHES DISPLAYED
==================================================
Refreshing in 30 seconds... (Press Ctrl+C to exit)

Waiting 30 seconds before next update at 2025-05-01 01:12:20...
==================================================

------------------------------------------------------------

==================================================
MATCH #16 OF 18
==================================================

----- MATCH SUMMARY -----
Timestamp: 2025-04-30 21:12:19 ET
Competition ID: yl5ergphd2r8k0o
Competition: Moldova Division 2 (Moldova)
Match: Saxan Ceadir Lunga vs FC Ursidos Stauceni
Score: 1 - 1 (HT: 0 - 1)
Status: Finished (Status ID: 8)

--- MATCH BETTING ODDS ---

SPREAD (Asia Handicap):
Time: 7 min | Home: -127 | Handicap: 0.5 | Away: -118 (Closest time to minutes 4-6 available: 7)

Over/Under:
Time: 4 min | Over: -154 | Line: 2.5 | Under: +110

--- MATCH ENVIRONMENT ---
No environment data available for this match


==================================================
MATCH #17 OF 18
==================================================

----- MATCH SUMMARY -----
Timestamp: 2025-04-30 21:12:20 ET
Competition ID: kjw2r09hj8rz84o
Competition: Italian Primavera Cup (Italy)
Match: Cagliari U19 vs AC Milan U20
Score: 3 - 0 (HT: 2 - 0)
Status: Finished (Status ID: 8)

--- MATCH BETTING ODDS ---
ML (Money Line):
Time: 4 min | Home: +240 | Draw: +240 | Away: +105

SPREAD (Asia Handicap):
Time: 4 min | Home: -139 | Handicap: -0.5 | Away: +107

Over/Under:
Time: 4 min | Over: -109 | Line: 2.5 | Under: -115

--- MATCH ENVIRONMENT ---
Weather: Sunny
Humidity: 48%
Wind: 2.6m/s (5.8 mph)

------------------------------------------------------------

==================================================
MATCH #14 OF 18
==================================================

----- MATCH SUMMARY -----
Timestamp: 2025-04-30 21:12:18 ET
Competition ID: yl5ergphvjr8k0o
Competition: English Southern Football League (England)
Match: Walton   Hersham vs Gloucester City
Score: 2 - 2 (HT: 2 - 1)
Status: Finished (Status ID: 8)

--- MATCH BETTING ODDS ---
ML (Money Line):
Time: 4 min | Home: +110 | Draw: +250 | Away: +200

SPREAD (Asia Handicap):
Time: 4 min | Home: +102 | Handicap: 0.25 | Away: -122

Over/Under:
Time: 4 min | Over: -118 | Line: 3.0 | Under: -105

--- MATCH ENVIRONMENT ---
Weather: Sunny
Humidity: 50%
Wind: 3.4m/s (7.6 mph)


==================================================
MATCH #15 OF 18
==================================================

----- MATCH SUMMARY -----
Timestamp: 2025-04-30 21:12:19 ET
Competition ID: l965mkyhdgr1ge4
Competition: Chilean Primera B (Chile)
Match: D. Concepcion vs Santiago Morning
Score: 3 - 0 (HT: 2 - 0)
Status: Finished (Status ID: 8)

--- MATCH BETTING ODDS ---
ML (Money Line):
Time: 4 min | Home: +137 | Draw: +200 | Away: +187

SPREAD (Asia Handicap):
Time: 4 min | Home: -101 | Handicap: 0.25 | Away: -130

Over/Under:
Time: 4 min | Over: +105 | Line: 2.25 | Under: -133

--- MATCH ENVIRONMENT ---
Weather: Sunny
Humidity: 39%
Wind: 1.2m/s (2.7 mph)

------------------------------------------------------------

==================================================
MATCH #13 OF 18
==================================================

----- MATCH SUMMARY -----
Timestamp: 2025-04-30 21:12:17 ET
Competition ID: p4jwq2gh27m0veo
Competition: Canadian Championship (Canada)
Match: Toronto FC vs Montreal Impact
Score: 2 - 2 (HT: 1 - 0)
Status: Finished (Status ID: 7)

--- MATCH BETTING ODDS ---
ML (Money Line):
Time: 4 min | Home: +175 | Draw: +200 | Away: +150

SPREAD (Asia Handicap):
Time: 4 min | Home: -119 | Handicap: 0.25 | Away: -130

Over/Under:
Time: 4 min | Over: -109 | Line: 2.25 | Under: -115

--- MATCH ENVIRONMENT ---
Weather: Sunny
Humidity: 66%
Wind: 2.6m/s (5.8 mph)

------------------------------------------------------------

==================================================
MATCH #11 OF 18
==================================================

----- MATCH SUMMARY -----
Timestamp: 2025-04-30 21:12:16 ET
Competition ID: gpxwrxlh84ryk0j
Competition: Colombian Torneo BetPlay Dimayor (Colombia)
Match: Real Cartagena vs Atletico Huila
Score: 0 - 1 (HT: 0 - 1)
Status: Second half (Status ID: 4)

--- MATCH BETTING ODDS ---
ML (Money Line):
Time: 4 min | Home: +130 | Draw: +210 | Away: +210

SPREAD (Asia Handicap):
Time: 4 min | Home: +100 | Handicap: 0.25 | Away: -125

Over/Under:
Time: 4 min | Over: -133 | Line: 2.0 | Under: +105

--- MATCH ENVIRONMENT ---
Weather: Partially cloudy
Humidity: 79%
Wind: 3.2m/s (7.2 mph)


==================================================
MATCH #12 OF 18
==================================================

----- MATCH SUMMARY -----
Timestamp: 2025-04-30 21:12:17 ET
Competition ID: gpxwrxlho4ryk0j
Competition: Brazilian Youth League (Brazil)
Match: Sao Paulo (Youth) vs Atletico Mineiro Youth
Score: 2 - 1 (HT: 1 - 1)
Status: Second half (Status ID: 4)

--- MATCH BETTING ODDS ---
ML (Money Line):
Time: 4 min | Home: -139 | Draw: +275 | Away: +300

SPREAD (Asia Handicap):
Time: 4 min | Home: -111 | Handicap: 0.5 | Away: -111

Over/Under:
Time: 4 min | Over: +100 | Line: 3.0 | Under: -125

--- MATCH ENVIRONMENT ---
Weather: Sunny
Humidity: 87%
Wind: 4.8m/s (10.7 mph)

------------------------------------------------------------

==================================================
MATCH #10 OF 18
==================================================

----- MATCH SUMMARY -----
Timestamp: 2025-04-30 21:12:15 ET
Competition ID: gpxwrxlh0nryk0j
Competition: CNCF CHL (Unknown Country)
Match: Inter Miami CF vs Vancouver Whitecaps
Score: 1 - 0 (HT: 1 - 0)
Status: Second half (Status ID: 4)

--- MATCH BETTING ODDS ---
ML (Money Line):
Time: 7 min | Home: -175 | Draw: +300 | Away: +400 (Closest time to minutes 4-6 available: 7)

SPREAD (Asia Handicap):
Time: 4 min | Home: -102 | Handicap: 1.0 | Away: -111

Over/Under:
Time: 4 min | Over: -109 | Line: 3.0 | Under: -115

--- MATCH ENVIRONMENT ---
Weather: Partially cloudy
Humidity: 60%
Wind: 6.1m/s (13.6 mph)

------------------------------------------------------------

==================================================
MATCH #8 OF 18
==================================================

----- MATCH SUMMARY -----
Timestamp: 2025-04-30 21:12:14 ET
Competition ID: l965mkyh9gr1ge4
Competition: CONMEBOL U17 Women's Sudamericano (Unknown Country)
Match: Colombia (w) U17 vs Argentina (w) U17
Score: 0 - 1 (HT: 0 - 1)
Status: Second half (Status ID: 4)

--- MATCH BETTING ODDS ---


--- MATCH ENVIRONMENT ---
No environment data available for this match


==================================================
MATCH #9 OF 18
==================================================

----- MATCH SUMMARY -----
Timestamp: 2025-04-30 21:12:14 ET
Competition ID: vl7oqdeh6v4r510
Competition: Ecuadorian Campeonato Serie B (Ecuador)
Match: Atletico Vinotinto vs Chacaritas SC
Score: 2 - 0 (HT: 2 - 0)
Status: Second half (Status ID: 4)

--- MATCH BETTING ODDS ---
ML (Money Line):
Time: 4 min | Home: -200 | Draw: +300 | Away: +450

SPREAD (Asia Handicap):
Time: 4 min | Home: -115 | Handicap: 1.0 | Away: -109

Over/Under:
Time: 4 min | Over: -122 | Line: 2.25 | Under: -103

--- MATCH ENVIRONMENT ---
Weather: Cloudy
Humidity: 94%
Wind: 0.9m/s (2.0 mph)

------------------------------------------------------------

==================================================
MATCH #7 OF 18
==================================================

----- MATCH SUMMARY -----
Timestamp: 2025-04-30 21:12:13 ET
Competition ID: p3glrw7hevqdyjv
Competition: Argentine Division 1 (Argentina)
Match: Atletico Tucuman vs CA Independiente
Score: 1 - 0 (HT: 1 - 0)
Status: Second half (Status ID: 4)

--- MATCH BETTING ODDS ---
ML (Money Line):
Time: 4 min | Home: +187 | Draw: +200 | Away: +160

SPREAD (Asia Handicap):
Time: 4 min | Home: +102 | Handicap: 0.0 | Away: -130

Over/Under:
Time: 4 min | Over: -118 | Line: 2.0 | Under: -105

--- MATCH ENVIRONMENT ---
Weather: Windy
Humidity: 85%
Wind: 1.1m/s (2.5 mph)

------------------------------------------------------------

==================================================
MATCH #5 OF 18
==================================================

----- MATCH SUMMARY -----
Timestamp: 2025-04-30 21:12:12 ET
Competition ID: j1l4rjnhz31m7vx
Competition: Colombian Liga Betplay Femenina (Colombia)
Match: Atletico Nacional Medellin (w) vs Independiente Medellin (w)
Score: 1 - 0 (HT: 1 - 0)
Status: Second half (Status ID: 4)

--- MATCH BETTING ODDS ---
ML (Money Line):
Time: 4 min | Home: -152 | Draw: +260 | Away: +400

SPREAD (Asia Handicap):
Time: 4 min | Home: -109 | Handicap: 0.75 | Away: -115

Over/Under:
Time: 4 min | Over: -125 | Line: 2.0 | Under: +100

--- MATCH ENVIRONMENT ---
Weather: Windy
Humidity: 92%
Wind: 1.1m/s (2.5 mph)


==================================================
MATCH #6 OF 18
==================================================

----- MATCH SUMMARY -----
Timestamp: 2025-04-30 21:12:13 ET
Competition ID: 8y39mp1hgpmojxg
Competition: Chilean Cup (Chile)
Match: Municipal Iquique vs CD Copiapo S.A.
Score: 2 - 1 (HT: 2 - 0)
Status: Second half (Status ID: 4)

--- MATCH BETTING ODDS ---
ML (Money Line):
Time: 4 min | Home: -152 | Draw: +260 | Away: +450

SPREAD (Asia Handicap):
Time: 4 min | Home: -122 | Handicap: 0.75 | Away: +100

Over/Under:
Time: 4 min | Over: -118 | Line: 2.5 | Under: -105

--- MATCH ENVIRONMENT ---
Weather: Sunny
Humidity: 72%
Wind: 1.8m/s (4.0 mph)

------------------------------------------------------------

==================================================
MATCH #4 OF 18
==================================================

----- MATCH SUMMARY -----
Timestamp: 2025-04-30 21:12:11 ET
Competition ID: d23xmvkh5oqg8ny
Competition: Bolivian Copa LFPB (Bolivia)
Match: Blooming vs Nacional Potosi
Score: 1 - 0 (HT: 1 - 0)
Status: First half (Status ID: 2)

--- MATCH BETTING ODDS ---
ML (Money Line):
Time: 4 min | Home: -175 | Draw: +333 | Away: +350

SPREAD (Asia Handicap):
Time: 4 min | Home: +100 | Handicap: 1.0 | Away: -125

Over/Under:
Time: 4 min | Over: -118 | Line: 3.0 | Under: -105

--- MATCH ENVIRONMENT ---
Weather: Sunny
Humidity: 89%
Wind: 1.8m/s (4.0 mph)

------------------------------------------------------------

==================================================
MATCH #2 OF 18
==================================================

----- MATCH SUMMARY -----
Timestamp: 2025-04-30 21:12:10 ET
Competition ID: z8yomo4hooq0j6l
Competition: Brazilian Cup (Brazil)
Match: Gremio Novorizontino vs Corinthians Paulista (SP)
Score: 0 - 1 (HT: 0 - 1)
Status: First half (Status ID: 2)

--- MATCH BETTING ODDS ---
ML (Money Line):
Time: 5 min | Home: +187 | Draw: +175 | Away: +187

SPREAD (Asia Handicap):
Time: 4 min | Home: -111 | Handicap: 0.0 | Away: -111

Over/Under:
Time: 4 min | Over: -111 | Line: 1.75 | Under: -111

--- MATCH ENVIRONMENT ---
Weather: Sunny
Humidity: 68%
Wind: 4.0m/s (8.9 mph)


==================================================
MATCH #3 OF 18
==================================================

----- MATCH SUMMARY -----
Timestamp: 2025-04-30 21:12:10 ET
Competition ID: z8yomo4hooq0j6l
Competition: Brazilian Cup (Brazil)
Match: SC Paysandu Para vs Bahia
Score: 0 - 0 (HT: 0 - 0)
Status: First half (Status ID: 2)

--- MATCH BETTING ODDS ---
ML (Money Line):
Time: 4 min | Home: +350 | Draw: +200 | Away: -105

SPREAD (Asia Handicap):
Time: 4 min | Home: -122 | Handicap: -0.5 | Away: -103

Over/Under:
Time: 4 min | Over: -118 | Line: 2.0 | Under: -105

--- MATCH ENVIRONMENT ---
Weather: Partially cloudy
Humidity: 91%
Wind: 1.1m/s (2.5 mph)

------------------------------------------------------------

==================================================
MATCH #1 OF 18
==================================================

----- MATCH SUMMARY -----
Timestamp: 2025-04-30 21:12:09 ET
Competition ID: z8yomo4hooq0j6l
Competition: Brazilian Cup (Brazil)
Match: Centro Sportivo Alagoano vs Gremio (RS)
Score: 1 - 1 (HT: 1 - 1)
Status: First half (Status ID: 2)

--- MATCH BETTING ODDS ---
ML (Money Line):
Time: 4 min | Home: +350 | Draw: +210 | Away: -111

SPREAD (Asia Handicap):
Time: 4 min | Home: -115 | Handicap: -0.5 | Away: -109

Over/Under:
Time: 4 min | Over: -122 | Line: 2.0 | Under: -103

--- MATCH ENVIRONMENT ---
Weather: Partially cloudy
Humidity: 65%
Wind: 2.6m/s (5.8 mph)

------------------------------------------------------------

==================================================
REFRESHING DATA AT: 2025-05-01 01:12:08
==================================================

Fetching live matches...

===== FOUND 18 LIVE FOOTBALL MATCHES =====

Last updated: 2025-05-01 01:12:09

------------------------------------------------------------

==================================================
MATCH #18 OF 18
==================================================

----- MATCH SUMMARY -----
Timestamp: 2025-04-30 21:11:38 ET
Competition ID: v2y8m4zhgxoql07
Competition: Western Australia Women's League (Australia)
Match: Balcatta (w) vs Murdoch University Melville FC (w)
Score: 5 - 0 (HT: 3 - 0)
Status: Finished (Status ID: 8)

--- MATCH BETTING ODDS ---
ML (Money Line):
Time: 4 min | Home: -3333 | Draw: +1400 | Away: +5000

SPREAD (Asia Handicap):
Time: 4 min | Home: +100 | Handicap: 3.5 | Away: -125

Over/Under:
Time: 4 min | Over: -115 | Line: 3.75 | Under: -109

--- MATCH ENVIRONMENT ---
Weather: Sunny
Humidity: 37%
Wind: 5.3m/s (11.9 mph)


==================================================
END OF LIVE MATCH DATA - 18 MATCHES DISPLAYED
==================================================
Refreshing in 30 seconds... (Press Ctrl+C to exit)

Waiting 30 seconds before next update at 2025-05-01 01:11:38...
==================================================

------------------------------------------------------------

==================================================
MATCH #16 OF 18
==================================================

----- MATCH SUMMARY -----
Timestamp: 2025-04-30 21:11:37 ET
Competition ID: yl5ergphd2r8k0o
Competition: Moldova Division 2 (Moldova)
Match: Saxan Ceadir Lunga vs FC Ursidos Stauceni
Score: 1 - 1 (HT: 0 - 1)
Status: Finished (Status ID: 8)

--- MATCH BETTING ODDS ---

SPREAD (Asia Handicap):
Time: 7 min | Home: -127 | Handicap: 0.5 | Away: -118 (Closest time to minutes 4-6 available: 7)

Over/Under:
Time: 4 min | Over: -154 | Line: 2.5 | Under: +110

--- MATCH ENVIRONMENT ---
No environment data available for this match


==================================================
MATCH #17 OF 18
==================================================

----- MATCH SUMMARY -----
Timestamp: 2025-04-30 21:11:38 ET
Competition ID: kjw2r09hj8rz84o
Competition: Italian Primavera Cup (Italy)
Match: Cagliari U19 vs AC Milan U20
Score: 3 - 0 (HT: 2 - 0)
Status: Finished (Status ID: 8)

--- MATCH BETTING ODDS ---
ML (Money Line):
Time: 4 min | Home: +240 | Draw: +240 | Away: +105

SPREAD (Asia Handicap):
Time: 4 min | Home: -139 | Handicap: -0.5 | Away: +107

Over/Under:
Time: 4 min | Over: -109 | Line: 2.5 | Under: -115

--- MATCH ENVIRONMENT ---
Weather: Sunny
Humidity: 48%
Wind: 2.6m/s (5.8 mph)

------------------------------------------------------------

==================================================
MATCH #15 OF 18
==================================================

----- MATCH SUMMARY -----
Timestamp: 2025-04-30 21:11:36 ET
Competition ID: l965mkyhdgr1ge4
Competition: Chilean Primera B (Chile)
Match: D. Concepcion vs Santiago Morning
Score: 3 - 0 (HT: 2 - 0)
Status: Finished (Status ID: 8)

--- MATCH BETTING ODDS ---
ML (Money Line):
Time: 4 min | Home: +137 | Draw: +200 | Away: +187

SPREAD (Asia Handicap):
Time: 4 min | Home: -101 | Handicap: 0.25 | Away: -130

Over/Under:
Time: 4 min | Over: +105 | Line: 2.25 | Under: -133

--- MATCH ENVIRONMENT ---
Weather: Sunny
Humidity: 39%
Wind: 1.2m/s (2.7 mph)

------------------------------------------------------------

==================================================
MATCH #14 OF 18
==================================================

----- MATCH SUMMARY -----
Timestamp: 2025-04-30 21:11:35 ET
Competition ID: yl5ergphvjr8k0o
Competition: English Southern Football League (England)
Match: Walton   Hersham vs Gloucester City
Score: 2 - 2 (HT: 2 - 1)
Status: Finished (Status ID: 8)

--- MATCH BETTING ODDS ---
ML (Money Line):
Time: 4 min | Home: +110 | Draw: +250 | Away: +200

SPREAD (Asia Handicap):
Time: 4 min | Home: +102 | Handicap: 0.25 | Away: -122

Over/Under:
Time: 4 min | Over: -118 | Line: 3.0 | Under: -105

--- MATCH ENVIRONMENT ---
Weather: Sunny
Humidity: 50%
Wind: 3.4m/s (7.6 mph)

------------------------------------------------------------

==================================================
MATCH #13 OF 18
==================================================

----- MATCH SUMMARY -----
Timestamp: 2025-04-30 21:11:34 ET
Competition ID: p4jwq2gh27m0veo
Competition: Canadian Championship (Canada)
Match: Toronto FC vs Montreal Impact
Score: 2 - 2 (HT: 1 - 0)
Status: Finished (Status ID: 7)

--- MATCH BETTING ODDS ---
ML (Money Line):
Time: 4 min | Home: +175 | Draw: +200 | Away: +150

SPREAD (Asia Handicap):
Time: 4 min | Home: -119 | Handicap: 0.25 | Away: -130

Over/Under:
Time: 4 min | Over: -109 | Line: 2.25 | Under: -115

--- MATCH ENVIRONMENT ---
Weather: Sunny
Humidity: 66%
Wind: 2.6m/s (5.8 mph)

------------------------------------------------------------

==================================================
MATCH #12 OF 18
==================================================

----- MATCH SUMMARY -----
Timestamp: 2025-04-30 21:11:32 ET
Competition ID: gpxwrxlho4ryk0j
Competition: Brazilian Youth League (Brazil)
Match: Sao Paulo (Youth) vs Atletico Mineiro Youth
Score: 2 - 1 (HT: 1 - 1)
Status: Second half (Status ID: 4)

--- MATCH BETTING ODDS ---
ML (Money Line):
Time: 4 min | Home: -139 | Draw: +275 | Away: +300

SPREAD (Asia Handicap):
Time: 4 min | Home: -111 | Handicap: 0.5 | Away: -111

Over/Under:
Time: 4 min | Over: +100 | Line: 3.0 | Under: -125

--- MATCH ENVIRONMENT ---
Weather: Sunny
Humidity: 87%
Wind: 4.8m/s (10.7 mph)

------------------------------------------------------------

==================================================
MATCH #11 OF 18
==================================================

----- MATCH SUMMARY -----
Timestamp: 2025-04-30 21:11:31 ET
Competition ID: gpxwrxlh84ryk0j
Competition: Colombian Torneo BetPlay Dimayor (Colombia)
Match: Real Cartagena vs Atletico Huila
Score: 0 - 1 (HT: 0 - 1)
Status: Second half (Status ID: 4)

--- MATCH BETTING ODDS ---
ML (Money Line):
Time: 4 min | Home: +130 | Draw: +210 | Away: +210

SPREAD (Asia Handicap):
Time: 4 min | Home: +100 | Handicap: 0.25 | Away: -125

Over/Under:
Time: 4 min | Over: -133 | Line: 2.0 | Under: +105

--- MATCH ENVIRONMENT ---
Weather: Partially cloudy
Humidity: 79%
Wind: 3.2m/s (7.2 mph)

------------------------------------------------------------

==================================================
MATCH #10 OF 18
==================================================

----- MATCH SUMMARY -----
Timestamp: 2025-04-30 21:11:30 ET
Competition ID: gpxwrxlh0nryk0j
Competition: CNCF CHL (Unknown Country)
Match: Inter Miami CF vs Vancouver Whitecaps
Score: 1 - 0 (HT: 1 - 0)
Status: Second half (Status ID: 4)

--- MATCH BETTING ODDS ---
ML (Money Line):
Time: 7 min | Home: -175 | Draw: +300 | Away: +400 (Closest time to minutes 4-6 available: 7)

SPREAD (Asia Handicap):
Time: 4 min | Home: -102 | Handicap: 1.0 | Away: -111

Over/Under:
Time: 4 min | Over: -109 | Line: 3.0 | Under: -115

--- MATCH ENVIRONMENT ---
Weather: Partially cloudy
Humidity: 60%
Wind: 6.1m/s (13.6 mph)

------------------------------------------------------------

==================================================
MATCH #9 OF 18
==================================================

----- MATCH SUMMARY -----
Timestamp: 2025-04-30 21:11:29 ET
Competition ID: vl7oqdeh6v4r510
Competition: Ecuadorian Campeonato Serie B (Ecuador)
Match: Atletico Vinotinto vs Chacaritas SC
Score: 2 - 0 (HT: 2 - 0)
Status: Second half (Status ID: 4)

--- MATCH BETTING ODDS ---
ML (Money Line):
Time: 4 min | Home: -200 | Draw: +300 | Away: +450

SPREAD (Asia Handicap):
Time: 4 min | Home: -115 | Handicap: 1.0 | Away: -109

Over/Under:
Time: 4 min | Over: -122 | Line: 2.25 | Under: -103

--- MATCH ENVIRONMENT ---
Weather: Cloudy
Humidity: 94%
Wind: 0.9m/s (2.0 mph)

------------------------------------------------------------

==================================================
MATCH #7 OF 18
==================================================

----- MATCH SUMMARY -----
Timestamp: 2025-04-30 21:11:28 ET
Competition ID: p3glrw7hevqdyjv
Competition: Argentine Division 1 (Argentina)
Match: Atletico Tucuman vs CA Independiente
Score: 1 - 0 (HT: 1 - 0)
Status: Second half (Status ID: 4)

--- MATCH BETTING ODDS ---
ML (Money Line):
Time: 4 min | Home: +187 | Draw: +200 | Away: +160

SPREAD (Asia Handicap):
Time: 4 min | Home: +102 | Handicap: 0.0 | Away: -130

Over/Under:
Time: 4 min | Over: -118 | Line: 2.0 | Under: -105

--- MATCH ENVIRONMENT ---
Weather: Windy
Humidity: 85%
Wind: 1.1m/s (2.5 mph)


==================================================
MATCH #8 OF 18
==================================================

----- MATCH SUMMARY -----
Timestamp: 2025-04-30 21:11:29 ET
Competition ID: l965mkyh9gr1ge4
Competition: CONMEBOL U17 Women's Sudamericano (Unknown Country)
Match: Colombia (w) U17 vs Argentina (w) U17
Score: 0 - 1 (HT: 0 - 1)
Status: Second half (Status ID: 4)

--- MATCH BETTING ODDS ---


--- MATCH ENVIRONMENT ---
No environment data available for this match

------------------------------------------------------------

==================================================
MATCH #6 OF 18
==================================================

----- MATCH SUMMARY -----
Timestamp: 2025-04-30 21:11:27 ET
Competition ID: 8y39mp1hgpmojxg
Competition: Chilean Cup (Chile)
Match: Municipal Iquique vs CD Copiapo S.A.
Score: 2 - 0 (HT: 2 - 0)
Status: Second half (Status ID: 4)

--- MATCH BETTING ODDS ---
ML (Money Line):
Time: 4 min | Home: -152 | Draw: +260 | Away: +450

SPREAD (Asia Handicap):
Time: 4 min | Home: -122 | Handicap: 0.75 | Away: +100

Over/Under:
Time: 4 min | Over: -118 | Line: 2.5 | Under: -105

--- MATCH ENVIRONMENT ---
Weather: Sunny
Humidity: 72%
Wind: 1.8m/s (4.0 mph)

------------------------------------------------------------

==================================================
MATCH #5 OF 18
==================================================

----- MATCH SUMMARY -----
Timestamp: 2025-04-30 21:11:27 ET
Competition ID: j1l4rjnhz31m7vx
Competition: Colombian Liga Betplay Femenina (Colombia)
Match: Atletico Nacional Medellin (w) vs Independiente Medellin (w)
Score: 1 - 0 (HT: 1 - 0)
Status: Second half (Status ID: 4)

--- MATCH BETTING ODDS ---
ML (Money Line):
Time: 4 min | Home: -152 | Draw: +260 | Away: +400

SPREAD (Asia Handicap):
Time: 4 min | Home: -109 | Handicap: 0.75 | Away: -115

Over/Under:
Time: 4 min | Over: -125 | Line: 2.0 | Under: +100

--- MATCH ENVIRONMENT ---
Weather: Windy
Humidity: 92%
Wind: 1.1m/s (2.5 mph)

------------------------------------------------------------

==================================================
MATCH #3 OF 18
==================================================

----- MATCH SUMMARY -----
Timestamp: 2025-04-30 21:11:25 ET
Competition ID: z8yomo4hooq0j6l
Competition: Brazilian Cup (Brazil)
Match: SC Paysandu Para vs Bahia
Score: 0 - 0 (HT: 0 - 0)
Status: First half (Status ID: 2)

--- MATCH BETTING ODDS ---
ML (Money Line):
Time: 4 min | Home: +350 | Draw: +200 | Away: -105

SPREAD (Asia Handicap):
Time: 4 min | Home: -122 | Handicap: -0.5 | Away: -103

Over/Under:
Time: 4 min | Over: -118 | Line: 2.0 | Under: -105

--- MATCH ENVIRONMENT ---
Weather: Partially cloudy
Humidity: 91%
Wind: 1.1m/s (2.5 mph)


==================================================
MATCH #4 OF 18
==================================================

----- MATCH SUMMARY -----
Timestamp: 2025-04-30 21:11:26 ET
Competition ID: d23xmvkh5oqg8ny
Competition: Bolivian Copa LFPB (Bolivia)
Match: Blooming vs Nacional Potosi
Score: 1 - 0 (HT: 1 - 0)
Status: First half (Status ID: 2)

--- MATCH BETTING ODDS ---
ML (Money Line):
Time: 4 min | Home: -175 | Draw: +333 | Away: +350

SPREAD (Asia Handicap):
Time: 4 min | Home: +100 | Handicap: 1.0 | Away: -125

Over/Under:
Time: 4 min | Over: -118 | Line: 3.0 | Under: -105

--- MATCH ENVIRONMENT ---
Weather: Sunny
Humidity: 89%
Wind: 1.8m/s (4.0 mph)

------------------------------------------------------------

==================================================
MATCH #2 OF 18
==================================================

----- MATCH SUMMARY -----
Timestamp: 2025-04-30 21:11:24 ET
Competition ID: z8yomo4hooq0j6l
Competition: Brazilian Cup (Brazil)
Match: Gremio Novorizontino vs Corinthians Paulista (SP)
Score: 0 - 1 (HT: 0 - 1)
Status: First half (Status ID: 2)

--- MATCH BETTING ODDS ---
ML (Money Line):
Time: 5 min | Home: +187 | Draw: +175 | Away: +187

SPREAD (Asia Handicap):
Time: 4 min | Home: -111 | Handicap: 0.0 | Away: -111

Over/Under:
Time: 4 min | Over: -111 | Line: 1.75 | Under: -111

--- MATCH ENVIRONMENT ---
Weather: Sunny
Humidity: 68%
Wind: 4.0m/s (8.9 mph)

------------------------------------------------------------

==================================================
MATCH #1 OF 18
==================================================

----- MATCH SUMMARY -----
Timestamp: 2025-04-30 21:11:23 ET
Competition ID: z8yomo4hooq0j6l
Competition: Brazilian Cup (Brazil)
Match: Centro Sportivo Alagoano vs Gremio (RS)
Score: 1 - 1 (HT: 1 - 1)
Status: First half (Status ID: 2)

--- MATCH BETTING ODDS ---
ML (Money Line):
Time: 4 min | Home: +350 | Draw: +210 | Away: -111

SPREAD (Asia Handicap):
Time: 4 min | Home: -115 | Handicap: -0.5 | Away: -109

Over/Under:
Time: 4 min | Over: -122 | Line: 2.0 | Under: -103

--- MATCH ENVIRONMENT ---
Weather: Partially cloudy
Humidity: 65%
Wind: 2.6m/s (5.8 mph)

------------------------------------------------------------

==================================================
REFRESHING DATA AT: 2025-05-01 01:11:22
==================================================

Fetching live matches...

===== FOUND 18 LIVE FOOTBALL MATCHES =====

Last updated: 2025-05-01 01:11:22

------------------------------------------------------------

==================================================
MATCH #19 OF 19
==================================================

----- MATCH SUMMARY -----
Timestamp: 2025-04-30 21:10:52 ET
Competition ID: v2y8m4zhgxoql07
Competition: Western Australia Women's League (Australia)
Match: Balcatta (w) vs Murdoch University Melville FC (w)
Score: 5 - 0 (HT: 3 - 0)
Status: Finished (Status ID: 8)

--- MATCH BETTING ODDS ---
ML (Money Line):
Time: 4 min | Home: -3333 | Draw: +1400 | Away: +5000

SPREAD (Asia Handicap):
Time: 4 min | Home: +100 | Handicap: 3.5 | Away: -125

Over/Under:
Time: 4 min | Over: -115 | Line: 3.75 | Under: -109

--- MATCH ENVIRONMENT ---
Weather: Sunny
Humidity: 37%
Wind: 5.3m/s (11.9 mph)


==================================================
END OF LIVE MATCH DATA - 19 MATCHES DISPLAYED
==================================================
Refreshing in 30 seconds... (Press Ctrl+C to exit)

Waiting 30 seconds before next update at 2025-05-01 01:10:52...
==================================================

------------------------------------------------------------

==================================================
MATCH #17 OF 19
==================================================

----- MATCH SUMMARY -----
Timestamp: 2025-04-30 21:10:51 ET
Competition ID: v2y8m4zhydql074
Competition: Uruguay Primera Division (Uruguay)
Match: Montevideo City Torque vs Montevideo Wanderers FC
Score: 0 - 0 (HT: 0 - 0)
Status: Finished (Status ID: 8)

--- MATCH BETTING ODDS ---
ML (Money Line):
Time: 4 min | Home: +160 | Draw: +210 | Away: +175

SPREAD (Asia Handicap):
Time: 4 min | Home: -122 | Handicap: 0.0 | Away: -104

Over/Under:
Time: 4 min | Over: -108 | Line: 2.25 | Under: -115

--- MATCH ENVIRONMENT ---
Weather: Partially cloudy
Humidity: 88%
Wind: 1.8m/s (4.0 mph)


==================================================
MATCH #18 OF 19
==================================================

----- MATCH SUMMARY -----
Timestamp: 2025-04-30 21:10:51 ET
Competition ID: kjw2r09hj8rz84o
Competition: Italian Primavera Cup (Italy)
Match: Cagliari U19 vs AC Milan U20
Score: 3 - 0 (HT: 2 - 0)
Status: Finished (Status ID: 8)

--- MATCH BETTING ODDS ---
ML (Money Line):
Time: 4 min | Home: +240 | Draw: +240 | Away: +105

SPREAD (Asia Handicap):
Time: 4 min | Home: -139 | Handicap: -0.5 | Away: +107

Over/Under:
Time: 4 min | Over: -109 | Line: 2.5 | Under: -115

--- MATCH ENVIRONMENT ---
Weather: Sunny
Humidity: 48%
Wind: 2.6m/s (5.8 mph)

------------------------------------------------------------

==================================================
MATCH #16 OF 19
==================================================

----- MATCH SUMMARY -----
Timestamp: 2025-04-30 21:10:50 ET
Competition ID: yl5ergphd2r8k0o
Competition: Moldova Division 2 (Moldova)
Match: Saxan Ceadir Lunga vs FC Ursidos Stauceni
Score: 1 - 1 (HT: 0 - 1)
Status: Finished (Status ID: 8)

--- MATCH BETTING ODDS ---

SPREAD (Asia Handicap):
Time: 7 min | Home: -127 | Handicap: 0.5 | Away: -118 (Closest time to minutes 4-6 available: 7)

Over/Under:
Time: 4 min | Over: -154 | Line: 2.5 | Under: +110

--- MATCH ENVIRONMENT ---
No environment data available for this match

------------------------------------------------------------

==================================================
MATCH #14 OF 19
==================================================

----- MATCH SUMMARY -----
Timestamp: 2025-04-30 21:10:49 ET
Competition ID: p4jwq2gh27m0veo
Competition: Canadian Championship (Canada)
Match: Toronto FC vs Montreal Impact
Score: 2 - 2 (HT: 1 - 0)
Status: Finished (Status ID: 7)

--- MATCH BETTING ODDS ---
ML (Money Line):
Time: 4 min | Home: +175 | Draw: +200 | Away: +150

SPREAD (Asia Handicap):
Time: 4 min | Home: -119 | Handicap: 0.25 | Away: -130

Over/Under:
Time: 4 min | Over: -109 | Line: 2.25 | Under: -115

--- MATCH ENVIRONMENT ---
Weather: Sunny
Humidity: 66%
Wind: 2.6m/s (5.8 mph)


==================================================
MATCH #15 OF 19
==================================================

----- MATCH SUMMARY -----
Timestamp: 2025-04-30 21:10:50 ET
Competition ID: l965mkyhdgr1ge4
Competition: Chilean Primera B (Chile)
Match: D. Concepcion vs Santiago Morning
Score: 3 - 0 (HT: 2 - 0)
Status: Finished (Status ID: 8)

--- MATCH BETTING ODDS ---
ML (Money Line):
Time: 4 min | Home: +137 | Draw: +200 | Away: +187

SPREAD (Asia Handicap):
Time: 4 min | Home: -101 | Handicap: 0.25 | Away: -130

Over/Under:
Time: 4 min | Over: +105 | Line: 2.25 | Under: -133

--- MATCH ENVIRONMENT ---
Weather: Sunny
Humidity: 39%
Wind: 1.2m/s (2.7 mph)

------------------------------------------------------------

==================================================
MATCH #13 OF 19
==================================================

----- MATCH SUMMARY -----
Timestamp: 2025-04-30 21:10:48 ET
Competition ID: p3glrw7hjk4qdyj
Competition: Nicaragua Liga Primera (Nicaragua)
Match: Rancho Santana FC vs HYH Export Sebaco FC
Score: 1 - 1 (HT: 0 - 1)
Status: Finished (Status ID: 8)

--- MATCH BETTING ODDS ---

SPREAD (Asia Handicap):
Time: 24 min | Home: +100 | Handicap: 0.0 | Away: -143 (Closest time to minutes 4-6 available: 24)

Over/Under:
Time: 24 min | Over: -105 | Line: 2.25 | Under: -133 (Closest time to minutes 4-6 available: 24)

--- MATCH ENVIRONMENT ---
No environment data available for this match

------------------------------------------------------------

==================================================
MATCH #11 OF 19
==================================================

----- MATCH SUMMARY -----
Timestamp: 2025-04-30 21:10:47 ET
Competition ID: gpxwrxlh84ryk0j
Competition: Colombian Torneo BetPlay Dimayor (Colombia)
Match: Real Cartagena vs Atletico Huila
Score: 0 - 1 (HT: 0 - 1)
Status: Second half (Status ID: 4)

--- MATCH BETTING ODDS ---
ML (Money Line):
Time: 4 min | Home: +130 | Draw: +210 | Away: +210

SPREAD (Asia Handicap):
Time: 4 min | Home: +100 | Handicap: 0.25 | Away: -125

Over/Under:
Time: 4 min | Over: -133 | Line: 2.0 | Under: +105

--- MATCH ENVIRONMENT ---
Weather: Partially cloudy
Humidity: 79%
Wind: 3.2m/s (7.2 mph)


==================================================
MATCH #12 OF 19
==================================================

----- MATCH SUMMARY -----
Timestamp: 2025-04-30 21:10:48 ET
Competition ID: gpxwrxlho4ryk0j
Competition: Brazilian Youth League (Brazil)
Match: Sao Paulo (Youth) vs Atletico Mineiro Youth
Score: 2 - 1 (HT: 1 - 1)
Status: Second half (Status ID: 4)

--- MATCH BETTING ODDS ---
ML (Money Line):
Time: 4 min | Home: -139 | Draw: +275 | Away: +300

SPREAD (Asia Handicap):
Time: 4 min | Home: -111 | Handicap: 0.5 | Away: -111

Over/Under:
Time: 4 min | Over: +100 | Line: 3.0 | Under: -125

--- MATCH ENVIRONMENT ---
Weather: Sunny
Humidity: 87%
Wind: 4.8m/s (10.7 mph)

------------------------------------------------------------

Score: 2 - 0 (HT: 2 - 0)
Status: Second half (Status ID: 4)

--- MATCH BETTING ODDS ---
ML (Money Line):
Time: 4 min | Home: -200 | Draw: +300 | Away: +450

SPREAD (Asia Handicap):
Time: 4 min | Home: -115 | Handicap: 1.0 | Away: -109

Over/Under:
Time: 4 min | Over: -122 | Line: 2.25 | Under: -103

--- MATCH ENVIRONMENT ---
Weather: Cloudy
Humidity: 94%
Wind: 0.9m/s (2.0 mph)


==================================================
MATCH #10 OF 19
==================================================

----- MATCH SUMMARY -----
Timestamp: 2025-04-30 21:10:46 ET
Competition ID: gpxwrxlh0nryk0j
Competition: CNCF CHL (Unknown Country)
Match: Inter Miami CF vs Vancouver Whitecaps
Score: 1 - 0 (HT: 1 - 0)
Status: Second half (Status ID: 4)

--- MATCH BETTING ODDS ---
ML (Money Line):
Time: 7 min | Home: -175 | Draw: +300 | Away: +400 (Closest time to minutes 4-6 available: 7)

SPREAD (Asia Handicap):
Time: 4 min | Home: -102 | Handicap: 1.0 | Away: -111

Over/Under:
Time: 4 min | Over: -109 | Line: 3.0 | Under: -115

--- MATCH ENVIRONMENT ---
Weather: Partially cloudy
Humidity: 60%
Wind: 6.1m/s (13.6 mph)

------------------------------------------------------------

==================================================
MATCH #8 OF 19
==================================================

----- MATCH SUMMARY -----
Timestamp: 2025-04-30 21:10:45 ET
Competition ID: l965mkyh9gr1ge4
Competition: CONMEBOL U17 Women's Sudamericano (Unknown Country)
Match: Colombia (w) U17 vs Argentina (w) U17
Score: 0 - 1 (HT: 0 - 1)
Status: Second half (Status ID: 4)

--- MATCH BETTING ODDS ---


--- MATCH ENVIRONMENT ---
No environment data available for this match


==================================================
MATCH #9 OF 19
==================================================

----- MATCH SUMMARY -----
Timestamp: 2025-04-30 21:10:46 ET
Competition ID: vl7oqdeh6v4r510
Competition: Ecuadorian Campeonato Serie B (Ecuador)
Match: Atletico Vinotinto vs Chacaritas SC

------------------------------------------------------------

==================================================
MATCH #6 OF 19
==================================================

----- MATCH SUMMARY -----
Timestamp: 2025-04-30 21:10:44 ET
Competition ID: 8y39mp1hgpmojxg
Competition: Chilean Cup (Chile)
Match: Municipal Iquique vs CD Copiapo S.A.
Score: 2 - 0 (HT: 2 - 0)
Status: Second half (Status ID: 4)

--- MATCH BETTING ODDS ---
ML (Money Line):
Time: 4 min | Home: -152 | Draw: +260 | Away: +450

SPREAD (Asia Handicap):
Time: 4 min | Home: -122 | Handicap: 0.75 | Away: +100

Over/Under:
Time: 4 min | Over: -118 | Line: 2.5 | Under: -105

--- MATCH ENVIRONMENT ---
Weather: Sunny
Humidity: 72%
Wind: 1.8m/s (4.0 mph)


==================================================
MATCH #7 OF 19
==================================================

----- MATCH SUMMARY -----
Timestamp: 2025-04-30 21:10:45 ET
Competition ID: p3glrw7hevqdyjv
Competition: Argentine Division 1 (Argentina)
Match: Atletico Tucuman vs CA Independiente
Score: 1 - 0 (HT: 1 - 0)
Status: Second half (Status ID: 4)

--- MATCH BETTING ODDS ---
ML (Money Line):
Time: 4 min | Home: +187 | Draw: +200 | Away: +160

SPREAD (Asia Handicap):
Time: 4 min | Home: +102 | Handicap: 0.0 | Away: -130

Over/Under:
Time: 4 min | Over: -118 | Line: 2.0 | Under: -105

--- MATCH ENVIRONMENT ---
Weather: Windy
Humidity: 85%
Wind: 1.1m/s (2.5 mph)

------------------------------------------------------------

==================================================
MATCH #4 OF 19
==================================================

----- MATCH SUMMARY -----
Timestamp: 2025-04-30 21:10:43 ET
Competition ID: d23xmvkh5oqg8ny
Competition: Bolivian Copa LFPB (Bolivia)
Match: Blooming vs Nacional Potosi
Score: 1 - 0 (HT: 1 - 0)
Status: First half (Status ID: 2)

--- MATCH BETTING ODDS ---
ML (Money Line):
Time: 4 min | Home: -175 | Draw: +333 | Away: +350

SPREAD (Asia Handicap):
Time: 4 min | Home: +100 | Handicap: 1.0 | Away: -125

Over/Under:
Time: 4 min | Over: -118 | Line: 3.0 | Under: -105

--- MATCH ENVIRONMENT ---
Weather: Sunny
Humidity: 89%
Wind: 1.8m/s (4.0 mph)


==================================================
MATCH #5 OF 19
==================================================

----- MATCH SUMMARY -----
Timestamp: 2025-04-30 21:10:43 ET
Competition ID: j1l4rjnhz31m7vx
Competition: Colombian Liga Betplay Femenina (Colombia)
Match: Atletico Nacional Medellin (w) vs Independiente Medellin (w)
Score: 1 - 0 (HT: 1 - 0)
Status: Second half (Status ID: 4)

--- MATCH BETTING ODDS ---
ML (Money Line):
Time: 4 min | Home: -152 | Draw: +260 | Away: +400

SPREAD (Asia Handicap):
Time: 4 min | Home: -109 | Handicap: 0.75 | Away: -115

Over/Under:
Time: 4 min | Over: -125 | Line: 2.0 | Under: +100

--- MATCH ENVIRONMENT ---
Weather: Windy
Humidity: 92%
Wind: 1.1m/s (2.5 mph)

------------------------------------------------------------

==================================================
MATCH #3 OF 19
==================================================

----- MATCH SUMMARY -----
Timestamp: 2025-04-30 21:10:42 ET
Competition ID: z8yomo4hooq0j6l
Competition: Brazilian Cup (Brazil)
Match: SC Paysandu Para vs Bahia
Score: 0 - 0 (HT: 0 - 0)
Status: First half (Status ID: 2)

--- MATCH BETTING ODDS ---
ML (Money Line):
Time: 4 min | Home: +350 | Draw: +200 | Away: -105

SPREAD (Asia Handicap):
Time: 4 min | Home: -122 | Handicap: -0.5 | Away: -103

Over/Under:
Time: 4 min | Over: -118 | Line: 2.0 | Under: -105

--- MATCH ENVIRONMENT ---
Weather: Partially cloudy
Humidity: 91%
Wind: 1.1m/s (2.5 mph)

------------------------------------------------------------

==================================================
MATCH #2 OF 19
==================================================

----- MATCH SUMMARY -----
Timestamp: 2025-04-30 21:10:41 ET
Competition ID: z8yomo4hooq0j6l
Competition: Brazilian Cup (Brazil)
Match: Gremio Novorizontino vs Corinthians Paulista (SP)
Score: 0 - 1 (HT: 0 - 1)
Status: First half (Status ID: 2)

--- MATCH BETTING ODDS ---
ML (Money Line):
Time: 5 min | Home: +187 | Draw: +175 | Away: +187

SPREAD (Asia Handicap):
Time: 4 min | Home: -111 | Handicap: 0.0 | Away: -111

Over/Under:
Time: 4 min | Over: -111 | Line: 1.75 | Under: -111

--- MATCH ENVIRONMENT ---
Weather: Sunny
Humidity: 68%
Wind: 4.0m/s (8.9 mph)

------------------------------------------------------------

===== FOUND 19 LIVE FOOTBALL MATCHES =====

Last updated: 2025-05-01 01:10:40
==================================================
MATCH #1 OF 19
==================================================

----- MATCH SUMMARY -----
Timestamp: 2025-04-30 21:10:41 ET
Competition ID: z8yomo4hooq0j6l
Competition: Brazilian Cup (Brazil)
Match: Centro Sportivo Alagoano vs Gremio (RS)
Score: 1 - 1 (HT: 1 - 1)
Status: First half (Status ID: 2)

--- MATCH BETTING ODDS ---
ML (Money Line):
Time: 4 min | Home: +350 | Draw: +210 | Away: -111

SPREAD (Asia Handicap):
Time: 4 min | Home: -115 | Handicap: -0.5 | Away: -109

Over/Under:
Time: 4 min | Over: -122 | Line: 2.0 | Under: -103

--- MATCH ENVIRONMENT ---
Weather: Partially cloudy
Humidity: 65%
Wind: 2.6m/s (5.8 mph)

------------------------------------------------------------

==================================================
REFRESHING DATA AT: 2025-05-01 01:10:40
==================================================

Fetching live matches...

------------------------------------------------------------

==================================================
MATCH #18 OF 19
==================================================

----- MATCH SUMMARY -----
Timestamp: 2025-04-30 21:10:09 ET
Competition ID: v2y8m4zhv6ql074
Competition: Israel Leumit League (Israel)
Match: Hapoel Ramat Gan vs Maccabi Herzliya
Score: 2 - 0 (HT: 2 - 0)
Status: Finished (Status ID: 8)

--- MATCH BETTING ODDS ---
ML (Money Line):
Time: 4 min | Home: -105 | Draw: +300 | Away: +210

SPREAD (Asia Handicap):
Time: 4 min | Home: -130 | Handicap: 0.25 | Away: +102

Over/Under:
Time: 4 min | Over: -125 | Line: 2.75 | Under: +100

--- MATCH ENVIRONMENT ---
Weather: Sunny
Humidity: 40%
Wind: 8.4m/s (18.8 mph)


==================================================
MATCH #19 OF 19
==================================================

----- MATCH SUMMARY -----
Timestamp: 2025-04-30 21:10:10 ET
Competition ID: kjw2r09hj8rz84o
Competition: Italian Primavera Cup (Italy)
Match: Cagliari U19 vs AC Milan U20
Score: 3 - 0 (HT: 2 - 0)
Status: Finished (Status ID: 8)

--- MATCH BETTING ODDS ---
ML (Money Line):
Time: 4 min | Home: +240 | Draw: +240 | Away: +105

SPREAD (Asia Handicap):
Time: 4 min | Home: -139 | Handicap: -0.5 | Away: +107

Over/Under:
Time: 4 min | Over: -109 | Line: 2.5 | Under: -115

--- MATCH ENVIRONMENT ---
Weather: Sunny
Humidity: 48%
Wind: 2.6m/s (5.8 mph)


==================================================
END OF LIVE MATCH DATA - 19 MATCHES DISPLAYED
==================================================
Refreshing in 30 seconds... (Press Ctrl+C to exit)

Waiting 30 seconds before next update at 2025-05-01 01:10:10...
==================================================

------------------------------------------------------------

==================================================
MATCH #17 OF 19
==================================================

----- MATCH SUMMARY -----
Timestamp: 2025-04-30 21:10:08 ET
Competition ID: v2y8m4zhydql074
Competition: Uruguay Primera Division (Uruguay)
Match: Montevideo City Torque vs Montevideo Wanderers FC
Score: 0 - 0 (HT: 0 - 0)
Status: Finished (Status ID: 8)

--- MATCH BETTING ODDS ---
ML (Money Line):
Time: 4 min | Home: +160 | Draw: +210 | Away: +175

SPREAD (Asia Handicap):
Time: 4 min | Home: -122 | Handicap: 0.0 | Away: -104

Over/Under:
Time: 4 min | Over: -108 | Line: 2.25 | Under: -115

--- MATCH ENVIRONMENT ---
Weather: Partially cloudy
Humidity: 88%
Wind: 1.8m/s (4.0 mph)

------------------------------------------------------------

==================================================
MATCH #15 OF 19
==================================================

----- MATCH SUMMARY -----
Timestamp: 2025-04-30 21:10:07 ET
Competition ID: l965mkyhdgr1ge4
Competition: Chilean Primera B (Chile)
Match: D. Concepcion vs Santiago Morning
Score: 3 - 0 (HT: 2 - 0)
Status: Finished (Status ID: 8)

--- MATCH BETTING ODDS ---
ML (Money Line):
Time: 4 min | Home: +137 | Draw: +200 | Away: +187

SPREAD (Asia Handicap):
Time: 4 min | Home: -101 | Handicap: 0.25 | Away: -130

Over/Under:
Time: 4 min | Over: +105 | Line: 2.25 | Under: -133

--- MATCH ENVIRONMENT ---
Weather: Sunny
Humidity: 39%
Wind: 1.2m/s (2.7 mph)


==================================================
MATCH #16 OF 19
==================================================

----- MATCH SUMMARY -----
Timestamp: 2025-04-30 21:10:07 ET
Competition ID: yl5ergphd2r8k0o
Competition: Moldova Division 2 (Moldova)
Match: Saxan Ceadir Lunga vs FC Ursidos Stauceni
Score: 1 - 1 (HT: 0 - 1)
Status: Finished (Status ID: 8)

--- MATCH BETTING ODDS ---

SPREAD (Asia Handicap):
Time: 7 min | Home: -127 | Handicap: 0.5 | Away: -118 (Closest time to minutes 4-6 available: 7)

Over/Under:
Time: 4 min | Over: -154 | Line: 2.5 | Under: +110

--- MATCH ENVIRONMENT ---
No environment data available for this match

------------------------------------------------------------

==================================================
MATCH #14 OF 19
==================================================

----- MATCH SUMMARY -----
Timestamp: 2025-04-30 21:10:06 ET
Competition ID: p4jwq2gh27m0veo
Competition: Canadian Championship (Canada)
Match: Toronto FC vs Montreal Impact
Score: 2 - 2 (HT: 1 - 0)
Status: Finished (Status ID: 7)

--- MATCH BETTING ODDS ---
ML (Money Line):
Time: 4 min | Home: +175 | Draw: +200 | Away: +150

SPREAD (Asia Handicap):
Time: 4 min | Home: -119 | Handicap: 0.25 | Away: -130

Over/Under:
Time: 4 min | Over: -109 | Line: 2.25 | Under: -115

--- MATCH ENVIRONMENT ---
Weather: Sunny
Humidity: 66%
Wind: 2.6m/s (5.8 mph)

------------------------------------------------------------

==================================================
MATCH #12 OF 19
==================================================

----- MATCH SUMMARY -----
Timestamp: 2025-04-30 21:10:05 ET
Competition ID: gpxwrxlho4ryk0j
Competition: Brazilian Youth League (Brazil)
Match: Sao Paulo (Youth) vs Atletico Mineiro Youth
Score: 2 - 1 (HT: 1 - 1)
Status: Second half (Status ID: 4)

--- MATCH BETTING ODDS ---
ML (Money Line):
Time: 4 min | Home: -139 | Draw: +275 | Away: +300

SPREAD (Asia Handicap):
Time: 4 min | Home: -111 | Handicap: 0.5 | Away: -111

Over/Under:
Time: 4 min | Over: +100 | Line: 3.0 | Under: -125

--- MATCH ENVIRONMENT ---
Weather: Sunny
Humidity: 87%
Wind: 4.8m/s (10.7 mph)


==================================================
MATCH #13 OF 19
==================================================

----- MATCH SUMMARY -----
Timestamp: 2025-04-30 21:10:06 ET
Competition ID: p3glrw7hjk4qdyj
Competition: Nicaragua Liga Primera (Nicaragua)
Match: Rancho Santana FC vs HYH Export Sebaco FC
Score: 1 - 1 (HT: 0 - 1)
Status: Finished (Status ID: 8)

--- MATCH BETTING ODDS ---

SPREAD (Asia Handicap):
Time: 24 min | Home: +100 | Handicap: 0.0 | Away: -143 (Closest time to minutes 4-6 available: 24)

Over/Under:
Time: 24 min | Over: -105 | Line: 2.25 | Under: -133 (Closest time to minutes 4-6 available: 24)

--- MATCH ENVIRONMENT ---
No environment data available for this match

------------------------------------------------------------

==================================================
MATCH #11 OF 19
==================================================

----- MATCH SUMMARY -----
Timestamp: 2025-04-30 21:10:04 ET
Competition ID: gpxwrxlh84ryk0j
Competition: Colombian Torneo BetPlay Dimayor (Colombia)
Match: Real Cartagena vs Atletico Huila
Score: 0 - 1 (HT: 0 - 1)
Status: Second half (Status ID: 4)

--- MATCH BETTING ODDS ---
ML (Money Line):
Time: 4 min | Home: +130 | Draw: +210 | Away: +210

SPREAD (Asia Handicap):
Time: 4 min | Home: +100 | Handicap: 0.25 | Away: -125

Over/Under:
Time: 4 min | Over: -133 | Line: 2.0 | Under: +105

--- MATCH ENVIRONMENT ---
Weather: Partially cloudy
Humidity: 79%
Wind: 3.2m/s (7.2 mph)

------------------------------------------------------------

==================================================
MATCH #10 OF 19
==================================================

----- MATCH SUMMARY -----
Timestamp: 2025-04-30 21:10:03 ET
Competition ID: gpxwrxlh0nryk0j
Competition: CNCF CHL (Unknown Country)
Match: Inter Miami CF vs Vancouver Whitecaps
Score: 1 - 0 (HT: 1 - 0)
Status: Half-time break (Status ID: 3)

--- MATCH BETTING ODDS ---
ML (Money Line):
Time: 7 min | Home: -175 | Draw: +300 | Away: +400 (Closest time to minutes 4-6 available: 7)

SPREAD (Asia Handicap):
Time: 4 min | Home: -102 | Handicap: 1.0 | Away: -111

Over/Under:
Time: 4 min | Over: -109 | Line: 3.0 | Under: -115

--- MATCH ENVIRONMENT ---
Weather: Partially cloudy
Humidity: 61%
Wind: 5.1m/s (11.4 mph)

------------------------------------------------------------

==================================================
MATCH #8 OF 19
==================================================

----- MATCH SUMMARY -----
Timestamp: 2025-04-30 21:10:02 ET
Competition ID: l965mkyh9gr1ge4
Competition: CONMEBOL U17 Women's Sudamericano (Unknown Country)
Match: Colombia (w) U17 vs Argentina (w) U17
Score: 0 - 1 (HT: 0 - 1)
Status: Second half (Status ID: 4)

--- MATCH BETTING ODDS ---


--- MATCH ENVIRONMENT ---
No environment data available for this match


==================================================
MATCH #9 OF 19
==================================================

----- MATCH SUMMARY -----
Timestamp: 2025-04-30 21:10:03 ET
Competition ID: vl7oqdeh6v4r510
Competition: Ecuadorian Campeonato Serie B (Ecuador)
Match: Atletico Vinotinto vs Chacaritas SC
Score: 2 - 0 (HT: 2 - 0)
Status: Second half (Status ID: 4)

--- MATCH BETTING ODDS ---
ML (Money Line):
Time: 4 min | Home: -200 | Draw: +300 | Away: +450

SPREAD (Asia Handicap):
Time: 4 min | Home: -115 | Handicap: 1.0 | Away: -109

Over/Under:
Time: 4 min | Over: -122 | Line: 2.25 | Under: -103

--- MATCH ENVIRONMENT ---
Weather: Unknown (10)
Humidity: 94%
Wind: 0.9m/s (2.0 mph)

------------------------------------------------------------

==================================================
MATCH #7 OF 19
==================================================

----- MATCH SUMMARY -----
Timestamp: 2025-04-30 21:10:01 ET
Competition ID: p3glrw7hevqdyjv
Competition: Argentine Division 1 (Argentina)
Match: Atletico Tucuman vs CA Independiente
Score: 1 - 0 (HT: 1 - 0)
Status: Second half (Status ID: 4)

--- MATCH BETTING ODDS ---
ML (Money Line):
Time: 4 min | Home: +187 | Draw: +200 | Away: +160

SPREAD (Asia Handicap):
Time: 4 min | Home: +102 | Handicap: 0.0 | Away: -130

Over/Under:
Time: 4 min | Over: -118 | Line: 2.0 | Under: -105

--- MATCH ENVIRONMENT ---
Weather: Windy
Humidity: 88%
Wind: 1.1m/s (2.5 mph)

------------------------------------------------------------

==================================================
MATCH #5 OF 19
==================================================

----- MATCH SUMMARY -----
Timestamp: 2025-04-30 21:09:59 ET
Competition ID: j1l4rjnhz31m7vx
Competition: Colombian Liga Betplay Femenina (Colombia)
Match: Atletico Nacional Medellin (w) vs Independiente Medellin (w)
Score: 1 - 0 (HT: 1 - 0)
Status: Second half (Status ID: 4)

--- MATCH BETTING ODDS ---
ML (Money Line):
Time: 4 min | Home: -152 | Draw: +260 | Away: +400

SPREAD (Asia Handicap):
Time: 4 min | Home: -109 | Handicap: 0.75 | Away: -115

Over/Under:
Time: 4 min | Over: -125 | Line: 2.0 | Under: +100

--- MATCH ENVIRONMENT ---
Weather: Windy
Humidity: 93%
Wind: 1.1m/s (2.5 mph)


==================================================
MATCH #6 OF 19
==================================================

----- MATCH SUMMARY -----
Timestamp: 2025-04-30 21:10:00 ET
Competition ID: 8y39mp1hgpmojxg
Competition: Chilean Cup (Chile)
Match: Municipal Iquique vs CD Copiapo S.A.
Score: 2 - 0 (HT: 2 - 0)
Status: Second half (Status ID: 4)

--- MATCH BETTING ODDS ---
ML (Money Line):
Time: 4 min | Home: -152 | Draw: +260 | Away: +450

SPREAD (Asia Handicap):
Time: 4 min | Home: -122 | Handicap: 0.75 | Away: +100

Over/Under:
Time: 4 min | Over: -118 | Line: 2.5 | Under: -105

--- MATCH ENVIRONMENT ---
Weather: Sunny
Humidity: 72%
Wind: 1.8m/s (4.0 mph)

------------------------------------------------------------

==================================================
MATCH #3 OF 19
==================================================

----- MATCH SUMMARY -----
Timestamp: 2025-04-30 21:09:58 ET
Competition ID: z8yomo4hooq0j6l
Competition: Brazilian Cup (Brazil)
Match: SC Paysandu Para vs Bahia
Score: 0 - 0 (HT: 0 - 0)
Status: First half (Status ID: 2)

--- MATCH BETTING ODDS ---
ML (Money Line):
Time: 4 min | Home: +350 | Draw: +200 | Away: -105

SPREAD (Asia Handicap):
Time: 4 min | Home: -122 | Handicap: -0.5 | Away: -103

Over/Under:
Time: 4 min | Over: -118 | Line: 2.0 | Under: -105

--- MATCH ENVIRONMENT ---
Weather: Windy
Humidity: 92%
Wind: 1.1m/s (2.5 mph)


==================================================
MATCH #4 OF 19
==================================================

----- MATCH SUMMARY -----
Timestamp: 2025-04-30 21:09:58 ET
Competition ID: d23xmvkh5oqg8ny
Competition: Bolivian Copa LFPB (Bolivia)
Match: Blooming vs Nacional Potosi
Score: 1 - 0 (HT: 1 - 0)
Status: First half (Status ID: 2)

--- MATCH BETTING ODDS ---
ML (Money Line):
Time: 4 min | Home: -175 | Draw: +333 | Away: +350

SPREAD (Asia Handicap):
Time: 4 min | Home: +100 | Handicap: 1.0 | Away: -125

Over/Under:
Time: 4 min | Over: -118 | Line: 3.0 | Under: -105

--- MATCH ENVIRONMENT ---
Weather: Sunny
Humidity: 89%
Wind: 1.8m/s (4.0 mph)

------------------------------------------------------------

==================================================
MATCH #2 OF 19
==================================================

----- MATCH SUMMARY -----
Timestamp: 2025-04-30 21:09:57 ET
Competition ID: z8yomo4hooq0j6l
Competition: Brazilian Cup (Brazil)
Match: Gremio Novorizontino vs Corinthians Paulista (SP)
Score: 0 - 1 (HT: 0 - 1)
Status: First half (Status ID: 2)

--- MATCH BETTING ODDS ---
ML (Money Line):
Time: 5 min | Home: +187 | Draw: +175 | Away: +187

SPREAD (Asia Handicap):
Time: 4 min | Home: -111 | Handicap: 0.0 | Away: -111

Over/Under:
Time: 4 min | Over: -111 | Line: 1.75 | Under: -111

--- MATCH ENVIRONMENT ---
Weather: Sunny
Humidity: 68%
Wind: 4.0m/s (8.9 mph)

------------------------------------------------------------

==================================================
REFRESHING DATA AT: 2025-05-01 01:09:56
==================================================

Fetching live matches...

===== FOUND 19 LIVE FOOTBALL MATCHES =====

Last updated: 2025-05-01 01:09:56
==================================================
MATCH #1 OF 19
==================================================

----- MATCH SUMMARY -----
Timestamp: 2025-04-30 21:09:57 ET
Competition ID: z8yomo4hooq0j6l
Competition: Brazilian Cup (Brazil)
Match: Centro Sportivo Alagoano vs Gremio (RS)
Score: 1 - 1 (HT: 1 - 1)
Status: First half (Status ID: 2)

--- MATCH BETTING ODDS ---
ML (Money Line):
Time: 4 min | Home: +350 | Draw: +210 | Away: -111

SPREAD (Asia Handicap):
Time: 4 min | Home: -115 | Handicap: -0.5 | Away: -109

Over/Under:
Time: 4 min | Over: -122 | Line: 2.0 | Under: -103

--- MATCH ENVIRONMENT ---
Weather: Partially cloudy
Humidity: 65%
Wind: 2.6m/s (5.8 mph)

------------------------------------------------------------

==================================================
MATCH #20 OF 20
==================================================

----- MATCH SUMMARY -----
Timestamp: 2025-04-30 21:09:26 ET
Competition ID: kjw2r09hj8rz84o
Competition: Italian Primavera Cup (Italy)
Match: Cagliari U19 vs AC Milan U20
Score: 3 - 0 (HT: 2 - 0)
Status: Finished (Status ID: 8)

--- MATCH BETTING ODDS ---
ML (Money Line):
Time: 4 min | Home: +240 | Draw: +240 | Away: +105

SPREAD (Asia Handicap):
Time: 4 min | Home: -139 | Handicap: -0.5 | Away: +107

Over/Under:
Time: 4 min | Over: -109 | Line: 2.5 | Under: -115

--- MATCH ENVIRONMENT ---
Weather: Sunny
Humidity: 48%
Wind: 2.6m/s (5.8 mph)


==================================================
END OF LIVE MATCH DATA - 20 MATCHES DISPLAYED
==================================================
Refreshing in 30 seconds... (Press Ctrl+C to exit)

Waiting 30 seconds before next update at 2025-05-01 01:09:26...
==================================================

------------------------------------------------------------

==================================================
MATCH #19 OF 20
==================================================

----- MATCH SUMMARY -----
Timestamp: 2025-04-30 21:09:25 ET
Competition ID: v2y8m4zhv6ql074
Competition: Israel Leumit League (Israel)
Match: Hapoel Ramat Gan vs Maccabi Herzliya
Score: 2 - 0 (HT: 2 - 0)
Status: Finished (Status ID: 8)

--- MATCH BETTING ODDS ---
ML (Money Line):
Time: 4 min | Home: -105 | Draw: +300 | Away: +210

SPREAD (Asia Handicap):
Time: 4 min | Home: -130 | Handicap: 0.25 | Away: +102

Over/Under:
Time: 4 min | Over: -125 | Line: 2.75 | Under: +100

--- MATCH ENVIRONMENT ---
Weather: Sunny
Humidity: 40%
Wind: 8.4m/s (18.8 mph)

------------------------------------------------------------

==================================================
MATCH #17 OF 20
==================================================

----- MATCH SUMMARY -----
Timestamp: 2025-04-30 21:09:24 ET
Competition ID: yl5ergphd2r8k0o
Competition: Moldova Division 2 (Moldova)
Match: Saxan Ceadir Lunga vs FC Ursidos Stauceni
Score: 1 - 1 (HT: 0 - 1)
Status: Finished (Status ID: 8)

--- MATCH BETTING ODDS ---

SPREAD (Asia Handicap):
Time: 7 min | Home: -127 | Handicap: 0.5 | Away: -118 (Closest time to minutes 4-6 available: 7)

Over/Under:
Time: 4 min | Over: -154 | Line: 2.5 | Under: +110

--- MATCH ENVIRONMENT ---
No environment data available for this match


==================================================
MATCH #18 OF 20
==================================================

----- MATCH SUMMARY -----
Timestamp: 2025-04-30 21:09:24 ET
Competition ID: v2y8m4zhydql074
Competition: Uruguay Primera Division (Uruguay)
Match: Montevideo City Torque vs Montevideo Wanderers FC
Score: 0 - 0 (HT: 0 - 0)
Status: Finished (Status ID: 8)

--- MATCH BETTING ODDS ---
ML (Money Line):
Time: 4 min | Home: +160 | Draw: +210 | Away: +175

SPREAD (Asia Handicap):
Time: 4 min | Home: -122 | Handicap: 0.0 | Away: -104

Over/Under:
Time: 4 min | Over: -108 | Line: 2.25 | Under: -115

--- MATCH ENVIRONMENT ---
Weather: Partially cloudy
Humidity: 88%
Wind: 1.8m/s (4.0 mph)

------------------------------------------------------------

==================================================
MATCH #15 OF 20
==================================================

----- MATCH SUMMARY -----
Timestamp: 2025-04-30 21:09:23 ET
Competition ID: 56ypq3nhyymd7oj
Competition: Categoría Primera A (Colombia)
Match: Aguilas Doradas vs America de Cali
Score: 0 - 1 (HT: 0 - 0)
Status: Finished (Status ID: 8)

--- MATCH BETTING ODDS ---
ML (Money Line):
Time: 4 min | Home: +260 | Draw: +175 | Away: +137

SPREAD (Asia Handicap):
Time: 4 min | Home: -122 | Handicap: -0.25 | Away: -103

Over/Under:
Time: 4 min | Over: -106 | Line: 1.75 | Under: -130

--- MATCH ENVIRONMENT ---
Weather: Unknown (10)
Humidity: 94%
Wind: 1.8m/s (4.0 mph)


==================================================
MATCH #16 OF 20
==================================================

----- MATCH SUMMARY -----
Timestamp: 2025-04-30 21:09:23 ET
Competition ID: l965mkyhdgr1ge4
Competition: Chilean Primera B (Chile)
Match: D. Concepcion vs Santiago Morning
Score: 3 - 0 (HT: 2 - 0)
Status: Finished (Status ID: 8)

--- MATCH BETTING ODDS ---
ML (Money Line):
Time: 4 min | Home: +137 | Draw: +200 | Away: +187

SPREAD (Asia Handicap):
Time: 4 min | Home: -101 | Handicap: 0.25 | Away: -130

Over/Under:
Time: 4 min | Over: +105 | Line: 2.25 | Under: -133

--- MATCH ENVIRONMENT ---
Weather: Sunny
Humidity: 39%
Wind: 1.2m/s (2.7 mph)

------------------------------------------------------------

==================================================
MATCH #14 OF 20
==================================================

----- MATCH SUMMARY -----
Timestamp: 2025-04-30 21:09:22 ET
Competition ID: p4jwq2gh27m0veo
Competition: Canadian Championship (Canada)
Match: Toronto FC vs Montreal Impact
Score: 2 - 2 (HT: 1 - 0)
Status: Finished (Status ID: 7)

--- MATCH BETTING ODDS ---
ML (Money Line):
Time: 4 min | Home: +175 | Draw: +200 | Away: +150

SPREAD (Asia Handicap):
Time: 4 min | Home: -119 | Handicap: 0.25 | Away: -130

Over/Under:
Time: 4 min | Over: -109 | Line: 2.25 | Under: -115

--- MATCH ENVIRONMENT ---
Weather: Sunny
Humidity: 66%
Wind: 2.6m/s (5.8 mph)

------------------------------------------------------------

==================================================
MATCH #13 OF 20
==================================================

----- MATCH SUMMARY -----
Timestamp: 2025-04-30 21:09:21 ET
Competition ID: p3glrw7hjk4qdyj
Competition: Nicaragua Liga Primera (Nicaragua)
Match: Rancho Santana FC vs HYH Export Sebaco FC
Score: 1 - 1 (HT: 0 - 1)
Status: Finished (Status ID: 8)

--- MATCH BETTING ODDS ---

SPREAD (Asia Handicap):
Time: 24 min | Home: +100 | Handicap: 0.0 | Away: -143 (Closest time to minutes 4-6 available: 24)

Over/Under:
Time: 24 min | Over: -105 | Line: 2.25 | Under: -133 (Closest time to minutes 4-6 available: 24)

--- MATCH ENVIRONMENT ---
No environment data available for this match

------------------------------------------------------------

==================================================
MATCH #12 OF 20
==================================================

----- MATCH SUMMARY -----
Timestamp: 2025-04-30 21:09:21 ET
Competition ID: gpxwrxlho4ryk0j
Competition: Brazilian Youth League (Brazil)
Match: Sao Paulo (Youth) vs Atletico Mineiro Youth
Score: 2 - 1 (HT: 1 - 1)
Status: Second half (Status ID: 4)

--- MATCH BETTING ODDS ---
ML (Money Line):
Time: 4 min | Home: -139 | Draw: +275 | Away: +300

SPREAD (Asia Handicap):
Time: 4 min | Home: -111 | Handicap: 0.5 | Away: -111

Over/Under:
Time: 4 min | Over: +100 | Line: 3.0 | Under: -125

--- MATCH ENVIRONMENT ---
Weather: Sunny
Humidity: 87%
Wind: 4.8m/s (10.7 mph)

------------------------------------------------------------

==================================================
MATCH #10 OF 20
==================================================

----- MATCH SUMMARY -----
Timestamp: 2025-04-30 21:09:19 ET
Competition ID: gpxwrxlh0nryk0j
Competition: CNCF CHL (Unknown Country)
Match: Inter Miami CF vs Vancouver Whitecaps
Score: 1 - 0 (HT: 1 - 0)
Status: Half-time break (Status ID: 3)

--- MATCH BETTING ODDS ---
ML (Money Line):
Time: 7 min | Home: -175 | Draw: +300 | Away: +400 (Closest time to minutes 4-6 available: 7)

SPREAD (Asia Handicap):
Time: 4 min | Home: -102 | Handicap: 1.0 | Away: -111

Over/Under:
Time: 4 min | Over: -109 | Line: 3.0 | Under: -115

--- MATCH ENVIRONMENT ---
Weather: Partially cloudy
Humidity: 61%
Wind: 5.1m/s (11.4 mph)


==================================================
MATCH #11 OF 20
==================================================

----- MATCH SUMMARY -----
Timestamp: 2025-04-30 21:09:19 ET
Competition ID: gpxwrxlh84ryk0j
Competition: Colombian Torneo BetPlay Dimayor (Colombia)
Match: Real Cartagena vs Atletico Huila
Score: 0 - 1 (HT: 0 - 1)
Status: Second half (Status ID: 4)

--- MATCH BETTING ODDS ---
ML (Money Line):
Time: 4 min | Home: +130 | Draw: +210 | Away: +210

SPREAD (Asia Handicap):
Time: 4 min | Home: +100 | Handicap: 0.25 | Away: -125

Over/Under:
Time: 4 min | Over: -133 | Line: 2.0 | Under: +105

--- MATCH ENVIRONMENT ---
Weather: Partially cloudy
Humidity: 79%
Wind: 3.2m/s (7.2 mph)

------------------------------------------------------------

==================================================
MATCH #9 OF 20
==================================================

----- MATCH SUMMARY -----
Timestamp: 2025-04-30 21:09:18 ET
Competition ID: vl7oqdeh6v4r510
Competition: Ecuadorian Campeonato Serie B (Ecuador)
Match: Atletico Vinotinto vs Chacaritas SC
Score: 2 - 0 (HT: 2 - 0)
Status: Second half (Status ID: 4)

--- MATCH BETTING ODDS ---
ML (Money Line):
Time: 4 min | Home: -200 | Draw: +300 | Away: +450

SPREAD (Asia Handicap):
Time: 4 min | Home: -115 | Handicap: 1.0 | Away: -109

Over/Under:
Time: 4 min | Over: -122 | Line: 2.25 | Under: -103

--- MATCH ENVIRONMENT ---
Weather: Unknown (10)
Humidity: 94%
Wind: 0.9m/s (2.0 mph)

------------------------------------------------------------

==================================================
MATCH #7 OF 20
==================================================

----- MATCH SUMMARY -----
Timestamp: 2025-04-30 21:09:17 ET
Competition ID: p3glrw7hevqdyjv
Competition: Argentine Division 1 (Argentina)
Match: Atletico Tucuman vs CA Independiente
Score: 1 - 0 (HT: 1 - 0)
Status: Second half (Status ID: 4)

--- MATCH BETTING ODDS ---
ML (Money Line):
Time: 4 min | Home: +187 | Draw: +200 | Away: +160

SPREAD (Asia Handicap):
Time: 4 min | Home: +102 | Handicap: 0.0 | Away: -130

Over/Under:
Time: 4 min | Over: -118 | Line: 2.0 | Under: -105

--- MATCH ENVIRONMENT ---
Weather: Windy
Humidity: 88%
Wind: 1.1m/s (2.5 mph)


==================================================
MATCH #8 OF 20
==================================================

----- MATCH SUMMARY -----
Timestamp: 2025-04-30 21:09:18 ET
Competition ID: l965mkyh9gr1ge4
Competition: CONMEBOL U17 Women's Sudamericano (Unknown Country)
Match: Colombia (w) U17 vs Argentina (w) U17
Score: 0 - 1 (HT: 0 - 1)
Status: Second half (Status ID: 4)

--- MATCH BETTING ODDS ---


--- MATCH ENVIRONMENT ---
No environment data available for this match

------------------------------------------------------------

==================================================
MATCH #5 OF 20
==================================================

----- MATCH SUMMARY -----
Timestamp: 2025-04-30 21:09:16 ET
Competition ID: j1l4rjnhz31m7vx
Competition: Colombian Liga Betplay Femenina (Colombia)
Match: Atletico Nacional Medellin (w) vs Independiente Medellin (w)
Score: 1 - 0 (HT: 1 - 0)
Status: Second half (Status ID: 4)

--- MATCH BETTING ODDS ---
ML (Money Line):
Time: 4 min | Home: -152 | Draw: +260 | Away: +400

SPREAD (Asia Handicap):
Time: 4 min | Home: -109 | Handicap: 0.75 | Away: -115

Over/Under:
Time: 4 min | Over: -125 | Line: 2.0 | Under: +100

--- MATCH ENVIRONMENT ---
Weather: Windy
Humidity: 93%
Wind: 1.1m/s (2.5 mph)


==================================================
MATCH #6 OF 20
==================================================

----- MATCH SUMMARY -----
Timestamp: 2025-04-30 21:09:16 ET
Competition ID: 8y39mp1hgpmojxg
Competition: Chilean Cup (Chile)
Match: Municipal Iquique vs CD Copiapo S.A.
Score: 2 - 0 (HT: 2 - 0)
Status: Second half (Status ID: 4)

--- MATCH BETTING ODDS ---
ML (Money Line):
Time: 4 min | Home: -152 | Draw: +260 | Away: +450

SPREAD (Asia Handicap):
Time: 4 min | Home: -122 | Handicap: 0.75 | Away: +100

Over/Under:
Time: 4 min | Over: -118 | Line: 2.5 | Under: -105

--- MATCH ENVIRONMENT ---
Weather: Sunny
Humidity: 72%
Wind: 1.8m/s (4.0 mph)

------------------------------------------------------------

==================================================
MATCH #4 OF 20
==================================================

----- MATCH SUMMARY -----
Timestamp: 2025-04-30 21:09:15 ET
Competition ID: d23xmvkh5oqg8ny
Competition: Bolivian Copa LFPB (Bolivia)
Match: Blooming vs Nacional Potosi
Score: 1 - 0 (HT: 1 - 0)
Status: First half (Status ID: 2)

--- MATCH BETTING ODDS ---
ML (Money Line):
Time: 4 min | Home: -175 | Draw: +333 | Away: +350

SPREAD (Asia Handicap):
Time: 4 min | Home: +100 | Handicap: 1.0 | Away: -125

Over/Under:
Time: 4 min | Over: -118 | Line: 3.0 | Under: -105

--- MATCH ENVIRONMENT ---
Weather: Sunny
Humidity: 89%
Wind: 1.8m/s (4.0 mph)

------------------------------------------------------------

==================================================
MATCH #2 OF 20
==================================================

----- MATCH SUMMARY -----
Timestamp: 2025-04-30 21:09:14 ET
Competition ID: z8yomo4hooq0j6l
Competition: Brazilian Cup (Brazil)
Match: Gremio Novorizontino vs Corinthians Paulista (SP)
Score: 0 - 1 (HT: 0 - 1)
Status: First half (Status ID: 2)

--- MATCH BETTING ODDS ---
ML (Money Line):
Time: 5 min | Home: +187 | Draw: +175 | Away: +187

SPREAD (Asia Handicap):
Time: 4 min | Home: -111 | Handicap: 0.0 | Away: -111

Over/Under:
Time: 4 min | Over: -111 | Line: 1.75 | Under: -111

--- MATCH ENVIRONMENT ---
Weather: Sunny
Humidity: 68%
Wind: 4.0m/s (8.9 mph)


==================================================
MATCH #3 OF 20
==================================================

----- MATCH SUMMARY -----
Timestamp: 2025-04-30 21:09:14 ET
Competition ID: z8yomo4hooq0j6l
Competition: Brazilian Cup (Brazil)
Match: SC Paysandu Para vs Bahia
Score: 0 - 0 (HT: 0 - 0)
Status: First half (Status ID: 2)

--- MATCH BETTING ODDS ---
ML (Money Line):
Time: 4 min | Home: +350 | Draw: +200 | Away: -105

SPREAD (Asia Handicap):
Time: 4 min | Home: -122 | Handicap: -0.5 | Away: -103

Over/Under:
Time: 4 min | Over: -118 | Line: 2.0 | Under: -105

--- MATCH ENVIRONMENT ---
Weather: Windy
Humidity: 92%
Wind: 1.1m/s (2.5 mph)

------------------------------------------------------------

==================================================
MATCH #1 OF 20
==================================================

----- MATCH SUMMARY -----
Timestamp: 2025-04-30 21:09:13 ET
Competition ID: z8yomo4hooq0j6l
Competition: Brazilian Cup (Brazil)
Match: Centro Sportivo Alagoano vs Gremio (RS)
Score: 1 - 1 (HT: 1 - 1)
Status: First half (Status ID: 2)

--- MATCH BETTING ODDS ---
ML (Money Line):
Time: 4 min | Home: +350 | Draw: +210 | Away: -111

SPREAD (Asia Handicap):
Time: 4 min | Home: -115 | Handicap: -0.5 | Away: -109

Over/Under:
Time: 4 min | Over: -122 | Line: 2.0 | Under: -103

--- MATCH ENVIRONMENT ---
Weather: Partially cloudy
Humidity: 65%
Wind: 2.6m/s (5.8 mph)

------------------------------------------------------------

==================================================
REFRESHING DATA AT: 2025-05-01 01:09:12
==================================================

Fetching live matches...

===== FOUND 20 LIVE FOOTBALL MATCHES =====

Last updated: 2025-05-01 01:09:12

------------------------------------------------------------

==================================================
MATCH #20 OF 20
==================================================

----- MATCH SUMMARY -----
Timestamp: 2025-04-30 21:08:42 ET
Competition ID: kjw2r09hj8rz84o
Competition: Italian Primavera Cup (Italy)
Match: Cagliari U19 vs AC Milan U20
Score: 3 - 0 (HT: 2 - 0)
Status: Finished (Status ID: 8)

--- MATCH BETTING ODDS ---
ML (Money Line):
Time: 4 min | Home: +240 | Draw: +240 | Away: +105

SPREAD (Asia Handicap):
Time: 4 min | Home: -139 | Handicap: -0.5 | Away: +107

Over/Under:
Time: 4 min | Over: -109 | Line: 2.5 | Under: -115

--- MATCH ENVIRONMENT ---
Weather: Sunny
Humidity: 48%
Wind: 2.6m/s (5.8 mph)


==================================================
END OF LIVE MATCH DATA - 20 MATCHES DISPLAYED
==================================================
Refreshing in 30 seconds... (Press Ctrl+C to exit)

Waiting 30 seconds before next update at 2025-05-01 01:08:42...
==================================================

------------------------------------------------------------

==================================================
MATCH #18 OF 20
==================================================

----- MATCH SUMMARY -----
Timestamp: 2025-04-30 21:08:41 ET
Competition ID: v2y8m4zhydql074
Competition: Uruguay Primera Division (Uruguay)
Match: Montevideo City Torque vs Montevideo Wanderers FC
Score: 0 - 0 (HT: 0 - 0)
Status: Finished (Status ID: 8)

--- MATCH BETTING ODDS ---
ML (Money Line):
Time: 4 min | Home: +160 | Draw: +210 | Away: +175

SPREAD (Asia Handicap):
Time: 4 min | Home: -122 | Handicap: 0.0 | Away: -104

Over/Under:
Time: 4 min | Over: -108 | Line: 2.25 | Under: -115

--- MATCH ENVIRONMENT ---
Weather: Partially cloudy
Humidity: 88%
Wind: 1.8m/s (4.0 mph)


==================================================
MATCH #19 OF 20
==================================================

----- MATCH SUMMARY -----
Timestamp: 2025-04-30 21:08:41 ET
Competition ID: v2y8m4zhv6ql074
Competition: Israel Leumit League (Israel)
Match: Hapoel Ramat Gan vs Maccabi Herzliya
Score: 2 - 0 (HT: 2 - 0)
Status: Finished (Status ID: 8)

--- MATCH BETTING ODDS ---
ML (Money Line):
Time: 4 min | Home: -105 | Draw: +300 | Away: +210

SPREAD (Asia Handicap):
Time: 4 min | Home: -130 | Handicap: 0.25 | Away: +102

Over/Under:
Time: 4 min | Over: -125 | Line: 2.75 | Under: +100

--- MATCH ENVIRONMENT ---
Weather: Sunny
Humidity: 40%
Wind: 8.4m/s (18.8 mph)

------------------------------------------------------------

==================================================
MATCH #16 OF 20
==================================================

----- MATCH SUMMARY -----
Timestamp: 2025-04-30 21:08:40 ET
Competition ID: l965mkyhdgr1ge4
Competition: Chilean Primera B (Chile)
Match: D. Concepcion vs Santiago Morning
Score: 3 - 0 (HT: 2 - 0)
Status: Finished (Status ID: 8)

--- MATCH BETTING ODDS ---
ML (Money Line):
Time: 4 min | Home: +137 | Draw: +200 | Away: +187

SPREAD (Asia Handicap):
Time: 4 min | Home: -101 | Handicap: 0.25 | Away: -130

Over/Under:
Time: 4 min | Over: +105 | Line: 2.25 | Under: -133

--- MATCH ENVIRONMENT ---
Weather: Sunny
Humidity: 39%
Wind: 1.2m/s (2.7 mph)


==================================================
MATCH #17 OF 20
==================================================

----- MATCH SUMMARY -----
Timestamp: 2025-04-30 21:08:40 ET
Competition ID: yl5ergphd2r8k0o
Competition: Moldova Division 2 (Moldova)
Match: Saxan Ceadir Lunga vs FC Ursidos Stauceni
Score: 1 - 1 (HT: 0 - 1)
Status: Finished (Status ID: 8)

--- MATCH BETTING ODDS ---

SPREAD (Asia Handicap):
Time: 7 min | Home: -127 | Handicap: 0.5 | Away: -118 (Closest time to minutes 4-6 available: 7)

Over/Under:
Time: 4 min | Over: -154 | Line: 2.5 | Under: +110

--- MATCH ENVIRONMENT ---
No environment data available for this match

------------------------------------------------------------

==================================================
MATCH #15 OF 20
==================================================

----- MATCH SUMMARY -----
Timestamp: 2025-04-30 21:08:39 ET
Competition ID: 56ypq3nhyymd7oj
Competition: Categoría Primera A (Colombia)
Match: Aguilas Doradas vs America de Cali
Score: 0 - 1 (HT: 0 - 0)
Status: Finished (Status ID: 8)

--- MATCH BETTING ODDS ---
ML (Money Line):
Time: 4 min | Home: +260 | Draw: +175 | Away: +137

SPREAD (Asia Handicap):
Time: 4 min | Home: -122 | Handicap: -0.25 | Away: -103

Over/Under:
Time: 4 min | Over: -106 | Line: 1.75 | Under: -130

--- MATCH ENVIRONMENT ---
Weather: Unknown (10)
Humidity: 94%
Wind: 1.8m/s (4.0 mph)

------------------------------------------------------------

==================================================
MATCH #13 OF 20
==================================================

----- MATCH SUMMARY -----
Timestamp: 2025-04-30 21:08:38 ET
Competition ID: p3glrw7hjk4qdyj
Competition: Nicaragua Liga Primera (Nicaragua)
Match: Rancho Santana FC vs HYH Export Sebaco FC
Score: 1 - 1 (HT: 0 - 1)
Status: Finished (Status ID: 8)

--- MATCH BETTING ODDS ---

SPREAD (Asia Handicap):
Time: 24 min | Home: +100 | Handicap: 0.0 | Away: -143 (Closest time to minutes 4-6 available: 24)

Over/Under:
Time: 24 min | Over: -105 | Line: 2.25 | Under: -133 (Closest time to minutes 4-6 available: 24)

--- MATCH ENVIRONMENT ---
No environment data available for this match


==================================================
MATCH #14 OF 20
==================================================

----- MATCH SUMMARY -----
Timestamp: 2025-04-30 21:08:38 ET
Competition ID: p4jwq2gh27m0veo
Competition: Canadian Championship (Canada)
Match: Toronto FC vs Montreal Impact
Score: 2 - 2 (HT: 1 - 0)
Status: Finished (Status ID: 7)

--- MATCH BETTING ODDS ---
ML (Money Line):
Time: 4 min | Home: +175 | Draw: +200 | Away: +150

SPREAD (Asia Handicap):
Time: 4 min | Home: -119 | Handicap: 0.25 | Away: -130

Over/Under:
Time: 4 min | Over: -109 | Line: 2.25 | Under: -115

--- MATCH ENVIRONMENT ---
Weather: Sunny
Humidity: 66%
Wind: 2.6m/s (5.8 mph)

------------------------------------------------------------

==================================================
MATCH #12 OF 20
==================================================

----- MATCH SUMMARY -----
Timestamp: 2025-04-30 21:08:37 ET
Competition ID: gpxwrxlho4ryk0j
Competition: Brazilian Youth League (Brazil)
Match: Sao Paulo (Youth) vs Atletico Mineiro Youth
Score: 2 - 1 (HT: 1 - 1)
Status: Second half (Status ID: 4)

--- MATCH BETTING ODDS ---
ML (Money Line):
Time: 4 min | Home: -139 | Draw: +275 | Away: +300

SPREAD (Asia Handicap):
Time: 4 min | Home: -111 | Handicap: 0.5 | Away: -111

Over/Under:
Time: 4 min | Over: +100 | Line: 3.0 | Under: -125

--- MATCH ENVIRONMENT ---
Weather: Sunny
Humidity: 87%
Wind: 4.8m/s (10.7 mph)

------------------------------------------------------------

==================================================
MATCH #10 OF 20
==================================================

----- MATCH SUMMARY -----
Timestamp: 2025-04-30 21:08:36 ET
Competition ID: gpxwrxlh0nryk0j
Competition: CNCF CHL (Unknown Country)
Match: Inter Miami CF vs Vancouver Whitecaps
Score: 1 - 0 (HT: 1 - 0)
Status: Half-time break (Status ID: 3)

--- MATCH BETTING ODDS ---
ML (Money Line):
Time: 7 min | Home: -175 | Draw: +300 | Away: +400 (Closest time to minutes 4-6 available: 7)

SPREAD (Asia Handicap):
Time: 4 min | Home: -102 | Handicap: 1.0 | Away: -111

Over/Under:
Time: 4 min | Over: -109 | Line: 3.0 | Under: -115

--- MATCH ENVIRONMENT ---
Weather: Partially cloudy
Humidity: 61%
Wind: 5.1m/s (11.4 mph)


==================================================
MATCH #11 OF 20
==================================================

----- MATCH SUMMARY -----
Timestamp: 2025-04-30 21:08:36 ET
Competition ID: gpxwrxlh84ryk0j
Competition: Colombian Torneo BetPlay Dimayor (Colombia)
Match: Real Cartagena vs Atletico Huila
Score: 0 - 1 (HT: 0 - 1)
Status: Second half (Status ID: 4)

--- MATCH BETTING ODDS ---
ML (Money Line):
Time: 4 min | Home: +130 | Draw: +210 | Away: +210

SPREAD (Asia Handicap):
Time: 4 min | Home: +100 | Handicap: 0.25 | Away: -125

Over/Under:
Time: 4 min | Over: -133 | Line: 2.0 | Under: +105

--- MATCH ENVIRONMENT ---
Weather: Partially cloudy
Humidity: 79%
Wind: 3.2m/s (7.2 mph)

------------------------------------------------------------

==================================================
MATCH #9 OF 20
==================================================

----- MATCH SUMMARY -----
Timestamp: 2025-04-30 21:08:35 ET
Competition ID: vl7oqdeh6v4r510
Competition: Ecuadorian Campeonato Serie B (Ecuador)
Match: Atletico Vinotinto vs Chacaritas SC
Score: 2 - 0 (HT: 2 - 0)
Status: Second half (Status ID: 4)

--- MATCH BETTING ODDS ---
ML (Money Line):
Time: 4 min | Home: -200 | Draw: +300 | Away: +450

SPREAD (Asia Handicap):
Time: 4 min | Home: -115 | Handicap: 1.0 | Away: -109

Over/Under:
Time: 4 min | Over: -122 | Line: 2.25 | Under: -103

--- MATCH ENVIRONMENT ---
Weather: Unknown (10)
Humidity: 94%
Wind: 0.9m/s (2.0 mph)

------------------------------------------------------------

==================================================
MATCH #7 OF 20
==================================================

----- MATCH SUMMARY -----
Timestamp: 2025-04-30 21:08:34 ET
Competition ID: p3glrw7hevqdyjv
Competition: Argentine Division 1 (Argentina)
Match: Atletico Tucuman vs CA Independiente
Score: 1 - 0 (HT: 1 - 0)
Status: Second half (Status ID: 4)

--- MATCH BETTING ODDS ---
ML (Money Line):
Time: 4 min | Home: +187 | Draw: +200 | Away: +160

SPREAD (Asia Handicap):
Time: 4 min | Home: +102 | Handicap: 0.0 | Away: -130

Over/Under:
Time: 4 min | Over: -118 | Line: 2.0 | Under: -105

--- MATCH ENVIRONMENT ---
Weather: Windy
Humidity: 88%
Wind: 1.1m/s (2.5 mph)


==================================================
MATCH #8 OF 20
==================================================

----- MATCH SUMMARY -----
Timestamp: 2025-04-30 21:08:34 ET
Competition ID: l965mkyh9gr1ge4
Competition: CONMEBOL U17 Women's Sudamericano (Unknown Country)
Match: Colombia (w) U17 vs Argentina (w) U17
Score: 0 - 1 (HT: 0 - 1)
Status: Second half (Status ID: 4)

--- MATCH BETTING ODDS ---


--- MATCH ENVIRONMENT ---
No environment data available for this match

------------------------------------------------------------

==================================================
MATCH #5 OF 20
==================================================

----- MATCH SUMMARY -----
Timestamp: 2025-04-30 21:08:33 ET
Competition ID: j1l4rjnhz31m7vx
Competition: Colombian Liga Betplay Femenina (Colombia)
Match: Atletico Nacional Medellin (w) vs Independiente Medellin (w)
Score: 1 - 0 (HT: 1 - 0)
Status: Second half (Status ID: 4)

--- MATCH BETTING ODDS ---
ML (Money Line):
Time: 4 min | Home: -152 | Draw: +260 | Away: +400

SPREAD (Asia Handicap):
Time: 4 min | Home: -109 | Handicap: 0.75 | Away: -115

Over/Under:
Time: 4 min | Over: -125 | Line: 2.0 | Under: +100

--- MATCH ENVIRONMENT ---
Weather: Windy
Humidity: 93%
Wind: 1.1m/s (2.5 mph)


==================================================
MATCH #6 OF 20
==================================================

----- MATCH SUMMARY -----
Timestamp: 2025-04-30 21:08:33 ET
Competition ID: 8y39mp1hgpmojxg
Competition: Chilean Cup (Chile)
Match: Municipal Iquique vs CD Copiapo S.A.
Score: 2 - 0 (HT: 2 - 0)
Status: Second half (Status ID: 4)

--- MATCH BETTING ODDS ---
ML (Money Line):
Time: 4 min | Home: -152 | Draw: +260 | Away: +450

SPREAD (Asia Handicap):
Time: 4 min | Home: -122 | Handicap: 0.75 | Away: +100

Over/Under:
Time: 4 min | Over: -118 | Line: 2.5 | Under: -105

--- MATCH ENVIRONMENT ---
Weather: Sunny
Humidity: 72%
Wind: 1.8m/s (4.0 mph)

------------------------------------------------------------

==================================================
MATCH #4 OF 20
==================================================

----- MATCH SUMMARY -----
Timestamp: 2025-04-30 21:08:32 ET
Competition ID: d23xmvkh5oqg8ny
Competition: Bolivian Copa LFPB (Bolivia)
Match: Blooming vs Nacional Potosi
Score: 1 - 0 (HT: 1 - 0)
Status: First half (Status ID: 2)

--- MATCH BETTING ODDS ---
ML (Money Line):
Time: 4 min | Home: -175 | Draw: +333 | Away: +350

SPREAD (Asia Handicap):
Time: 4 min | Home: +100 | Handicap: 1.0 | Away: -125

Over/Under:
Time: 4 min | Over: -118 | Line: 3.0 | Under: -105

--- MATCH ENVIRONMENT ---
Weather: Sunny
Humidity: 89%
Wind: 1.8m/s (4.0 mph)

------------------------------------------------------------

==================================================
MATCH #2 OF 20
==================================================

----- MATCH SUMMARY -----
Timestamp: 2025-04-30 21:08:31 ET
Competition ID: z8yomo4hooq0j6l
Competition: Brazilian Cup (Brazil)
Match: Gremio Novorizontino vs Corinthians Paulista (SP)
Score: 0 - 1 (HT: 0 - 1)
Status: First half (Status ID: 2)

--- MATCH BETTING ODDS ---
ML (Money Line):
Time: 5 min | Home: +187 | Draw: +175 | Away: +187

SPREAD (Asia Handicap):
Time: 4 min | Home: -111 | Handicap: 0.0 | Away: -111

Over/Under:
Time: 4 min | Over: -111 | Line: 1.75 | Under: -111

--- MATCH ENVIRONMENT ---
Weather: Sunny
Humidity: 68%
Wind: 4.0m/s (8.9 mph)


==================================================
MATCH #3 OF 20
==================================================

----- MATCH SUMMARY -----
Timestamp: 2025-04-30 21:08:31 ET
Competition ID: z8yomo4hooq0j6l
Competition: Brazilian Cup (Brazil)
Match: SC Paysandu Para vs Bahia
Score: 0 - 0 (HT: 0 - 0)
Status: First half (Status ID: 2)

--- MATCH BETTING ODDS ---
ML (Money Line):
Time: 4 min | Home: +350 | Draw: +200 | Away: -105

SPREAD (Asia Handicap):
Time: 4 min | Home: -122 | Handicap: -0.5 | Away: -103

Over/Under:
Time: 4 min | Over: -118 | Line: 2.0 | Under: -105

--- MATCH ENVIRONMENT ---
Weather: Windy
Humidity: 92%
Wind: 1.1m/s (2.5 mph)

------------------------------------------------------------

==================================================
MATCH #1 OF 20
==================================================

----- MATCH SUMMARY -----
Timestamp: 2025-04-30 21:08:30 ET
Competition ID: z8yomo4hooq0j6l
Competition: Brazilian Cup (Brazil)
Match: Centro Sportivo Alagoano vs Gremio (RS)
Score: 1 - 1 (HT: 1 - 1)
Status: First half (Status ID: 2)

--- MATCH BETTING ODDS ---
ML (Money Line):
Time: 4 min | Home: +350 | Draw: +210 | Away: -111

SPREAD (Asia Handicap):
Time: 4 min | Home: -115 | Handicap: -0.5 | Away: -109

Over/Under:
Time: 4 min | Over: -122 | Line: 2.0 | Under: -103

--- MATCH ENVIRONMENT ---
Weather: Partially cloudy
Humidity: 65%
Wind: 2.6m/s (5.8 mph)

------------------------------------------------------------

==================================================
REFRESHING DATA AT: 2025-05-01 01:08:29
==================================================

Fetching live matches...

===== FOUND 20 LIVE FOOTBALL MATCHES =====

Last updated: 2025-05-01 01:08:29

------------------------------------------------------------

==================================================
MATCH #21 OF 21
==================================================

----- MATCH SUMMARY -----
Timestamp: 2025-04-30 21:07:59 ET
Competition ID: kjw2r09hj8rz84o
Competition: Italian Primavera Cup (Italy)
Match: Cagliari U19 vs AC Milan U20
Score: 3 - 0 (HT: 2 - 0)
Status: Finished (Status ID: 8)

--- MATCH BETTING ODDS ---
ML (Money Line):
Time: 4 min | Home: +240 | Draw: +240 | Away: +105

SPREAD (Asia Handicap):
Time: 4 min | Home: -139 | Handicap: -0.5 | Away: +107

Over/Under:
Time: 4 min | Over: -109 | Line: 2.5 | Under: -115

--- MATCH ENVIRONMENT ---
Weather: Sunny
Humidity: 48%
Wind: 2.6m/s (5.8 mph)


==================================================
END OF LIVE MATCH DATA - 21 MATCHES DISPLAYED
==================================================
Refreshing in 30 seconds... (Press Ctrl+C to exit)

Waiting 30 seconds before next update at 2025-05-01 01:07:59...
==================================================

------------------------------------------------------------

==================================================
MATCH #19 OF 21
==================================================

----- MATCH SUMMARY -----
Timestamp: 2025-04-30 21:07:58 ET
Competition ID: v2y8m4zhydql074
Competition: Uruguay Primera Division (Uruguay)
Match: Montevideo City Torque vs Montevideo Wanderers FC
Score: 0 - 0 (HT: 0 - 0)
Status: Finished (Status ID: 8)

--- MATCH BETTING ODDS ---
ML (Money Line):
Time: 4 min | Home: +160 | Draw: +210 | Away: +175

SPREAD (Asia Handicap):
Time: 4 min | Home: -122 | Handicap: 0.0 | Away: -104

Over/Under:
Time: 4 min | Over: -108 | Line: 2.25 | Under: -115

--- MATCH ENVIRONMENT ---
Weather: Partially cloudy
Humidity: 88%
Wind: 1.8m/s (4.0 mph)


==================================================
MATCH #20 OF 21
==================================================

----- MATCH SUMMARY -----
Timestamp: 2025-04-30 21:07:58 ET
Competition ID: v2y8m4zhv6ql074
Competition: Israel Leumit League (Israel)
Match: Hapoel Ramat Gan vs Maccabi Herzliya
Score: 2 - 0 (HT: 2 - 0)
Status: Finished (Status ID: 8)

--- MATCH BETTING ODDS ---
ML (Money Line):
Time: 4 min | Home: -105 | Draw: +300 | Away: +210

SPREAD (Asia Handicap):
Time: 4 min | Home: -130 | Handicap: 0.25 | Away: +102

Over/Under:
Time: 4 min | Over: -125 | Line: 2.75 | Under: +100

--- MATCH ENVIRONMENT ---
Weather: Sunny
Humidity: 40%
Wind: 8.4m/s (18.8 mph)

------------------------------------------------------------

==================================================
MATCH #18 OF 21
==================================================

----- MATCH SUMMARY -----
Timestamp: 2025-04-30 21:07:57 ET
Competition ID: yl5ergphd2r8k0o
Competition: Moldova Division 2 (Moldova)
Match: Saxan Ceadir Lunga vs FC Ursidos Stauceni
Score: 1 - 1 (HT: 0 - 1)
Status: Finished (Status ID: 8)

--- MATCH BETTING ODDS ---

SPREAD (Asia Handicap):
Time: 7 min | Home: -127 | Handicap: 0.5 | Away: -118 (Closest time to minutes 4-6 available: 7)

Over/Under:
Time: 4 min | Over: -154 | Line: 2.5 | Under: +110

--- MATCH ENVIRONMENT ---
No environment data available for this match

------------------------------------------------------------

==================================================
MATCH #16 OF 21
==================================================

----- MATCH SUMMARY -----
Timestamp: 2025-04-30 21:07:56 ET
Competition ID: 56ypq3nhyymd7oj
Competition: Categoría Primera A (Colombia)
Match: Aguilas Doradas vs America de Cali
Score: 0 - 1 (HT: 0 - 0)
Status: Finished (Status ID: 8)

--- MATCH BETTING ODDS ---
ML (Money Line):
Time: 4 min | Home: +260 | Draw: +175 | Away: +137

SPREAD (Asia Handicap):
Time: 4 min | Home: -122 | Handicap: -0.25 | Away: -103

Over/Under:
Time: 4 min | Over: -106 | Line: 1.75 | Under: -130

--- MATCH ENVIRONMENT ---
Weather: Unknown (10)
Humidity: 94%
Wind: 1.8m/s (4.0 mph)


==================================================
MATCH #17 OF 21
==================================================

----- MATCH SUMMARY -----
Timestamp: 2025-04-30 21:07:56 ET
Competition ID: l965mkyhdgr1ge4
Competition: Chilean Primera B (Chile)
Match: D. Concepcion vs Santiago Morning
Score: 3 - 0 (HT: 2 - 0)
Status: Finished (Status ID: 8)

--- MATCH BETTING ODDS ---
ML (Money Line):
Time: 4 min | Home: +137 | Draw: +200 | Away: +187

SPREAD (Asia Handicap):
Time: 4 min | Home: -101 | Handicap: 0.25 | Away: -130

Over/Under:
Time: 4 min | Over: +105 | Line: 2.25 | Under: -133

--- MATCH ENVIRONMENT ---
Weather: Sunny
Humidity: 39%
Wind: 1.2m/s (2.7 mph)

------------------------------------------------------------

==================================================
MATCH #15 OF 21
==================================================

----- MATCH SUMMARY -----
Timestamp: 2025-04-30 21:07:55 ET
Competition ID: p4jwq2gh27m0veo
Competition: Canadian Championship (Canada)
Match: Toronto FC vs Montreal Impact
Score: 2 - 2 (HT: 1 - 0)
Status: Finished (Status ID: 7)

--- MATCH BETTING ODDS ---
ML (Money Line):
Time: 4 min | Home: +175 | Draw: +200 | Away: +150

SPREAD (Asia Handicap):
Time: 4 min | Home: -119 | Handicap: 0.25 | Away: -130

Over/Under:
Time: 4 min | Over: -109 | Line: 2.25 | Under: -115

--- MATCH ENVIRONMENT ---
Weather: Sunny
Humidity: 66%
Wind: 2.6m/s (5.8 mph)

------------------------------------------------------------

==================================================
MATCH #13 OF 21
==================================================

----- MATCH SUMMARY -----
Timestamp: 2025-04-30 21:07:54 ET
Competition ID: p3glrw7hjk4qdyj
Competition: Nicaragua Liga Primera (Nicaragua)
Match: Deportivo Ocotal vs Diriangen
Score: 0 - 2 (HT: 0 - 2)
Status: Finished (Status ID: 8)

--- MATCH BETTING ODDS ---

SPREAD (Asia Handicap):
Time: 4 min | Home: +104 | Handicap: -1.0 | Away: -152

Over/Under:
Time: 4 min | Over: -182 | Line: 2.5 | Under: +120

--- MATCH ENVIRONMENT ---
No environment data available for this match


==================================================
MATCH #14 OF 21
==================================================

----- MATCH SUMMARY -----
Timestamp: 2025-04-30 21:07:54 ET
Competition ID: p3glrw7hjk4qdyj
Competition: Nicaragua Liga Primera (Nicaragua)
Match: Rancho Santana FC vs HYH Export Sebaco FC
Score: 1 - 1 (HT: 0 - 1)
Status: Finished (Status ID: 8)

--- MATCH BETTING ODDS ---

SPREAD (Asia Handicap):
Time: 24 min | Home: +100 | Handicap: 0.0 | Away: -143 (Closest time to minutes 4-6 available: 24)

Over/Under:
Time: 24 min | Over: -105 | Line: 2.25 | Under: -133 (Closest time to minutes 4-6 available: 24)

--- MATCH ENVIRONMENT ---
No environment data available for this match

------------------------------------------------------------

==================================================
MATCH #12 OF 21
==================================================

----- MATCH SUMMARY -----
Timestamp: 2025-04-30 21:07:53 ET
Competition ID: gpxwrxlho4ryk0j
Competition: Brazilian Youth League (Brazil)
Match: Sao Paulo (Youth) vs Atletico Mineiro Youth
Score: 2 - 1 (HT: 1 - 1)
Status: Second half (Status ID: 4)

--- MATCH BETTING ODDS ---
ML (Money Line):
Time: 4 min | Home: -139 | Draw: +275 | Away: +300

SPREAD (Asia Handicap):
Time: 4 min | Home: -111 | Handicap: 0.5 | Away: -111

Over/Under:
Time: 4 min | Over: +100 | Line: 3.0 | Under: -125

--- MATCH ENVIRONMENT ---
Weather: Sunny
Humidity: 87%
Wind: 4.8m/s (10.7 mph)

------------------------------------------------------------

==================================================
MATCH #10 OF 21
==================================================

----- MATCH SUMMARY -----
Timestamp: 2025-04-30 21:07:52 ET
Competition ID: gpxwrxlh0nryk0j
Competition: CNCF CHL (Unknown Country)
Match: Inter Miami CF vs Vancouver Whitecaps
Score: 1 - 0 (HT: 1 - 0)
Status: Half-time break (Status ID: 3)

--- MATCH BETTING ODDS ---
ML (Money Line):
Time: 7 min | Home: -175 | Draw: +300 | Away: +400 (Closest time to minutes 4-6 available: 7)

SPREAD (Asia Handicap):
Time: 4 min | Home: -102 | Handicap: 1.0 | Away: -111

Over/Under:
Time: 4 min | Over: -109 | Line: 3.0 | Under: -115

--- MATCH ENVIRONMENT ---
Weather: Partially cloudy
Humidity: 61%
Wind: 5.1m/s (11.4 mph)


==================================================
MATCH #11 OF 21
==================================================

----- MATCH SUMMARY -----
Timestamp: 2025-04-30 21:07:52 ET
Competition ID: gpxwrxlh84ryk0j
Competition: Colombian Torneo BetPlay Dimayor (Colombia)
Match: Real Cartagena vs Atletico Huila
Score: 0 - 1 (HT: 0 - 1)
Status: Second half (Status ID: 4)

--- MATCH BETTING ODDS ---
ML (Money Line):
Time: 4 min | Home: +130 | Draw: +210 | Away: +210

SPREAD (Asia Handicap):
Time: 4 min | Home: +100 | Handicap: 0.25 | Away: -125

Over/Under:
Time: 4 min | Over: -133 | Line: 2.0 | Under: +105

--- MATCH ENVIRONMENT ---
Weather: Partially cloudy
Humidity: 79%
Wind: 3.2m/s (7.2 mph)

------------------------------------------------------------

==================================================
MATCH #9 OF 21
==================================================

----- MATCH SUMMARY -----
Timestamp: 2025-04-30 21:07:51 ET
Competition ID: vl7oqdeh6v4r510
Competition: Ecuadorian Campeonato Serie B (Ecuador)
Match: Atletico Vinotinto vs Chacaritas SC
Score: 2 - 0 (HT: 2 - 0)
Status: Second half (Status ID: 4)

--- MATCH BETTING ODDS ---
ML (Money Line):
Time: 4 min | Home: -200 | Draw: +300 | Away: +450

SPREAD (Asia Handicap):
Time: 4 min | Home: -115 | Handicap: 1.0 | Away: -109

Over/Under:
Time: 4 min | Over: -122 | Line: 2.25 | Under: -103

--- MATCH ENVIRONMENT ---
Weather: Unknown (10)
Humidity: 94%
Wind: 0.9m/s (2.0 mph)

------------------------------------------------------------

==================================================
MATCH #7 OF 21
==================================================

----- MATCH SUMMARY -----
Timestamp: 2025-04-30 21:07:50 ET
Competition ID: p3glrw7hevqdyjv
Competition: Argentine Division 1 (Argentina)
Match: Atletico Tucuman vs CA Independiente
Score: 1 - 0 (HT: 1 - 0)
Status: Second half (Status ID: 4)

--- MATCH BETTING ODDS ---
ML (Money Line):
Time: 4 min | Home: +187 | Draw: +200 | Away: +160

SPREAD (Asia Handicap):
Time: 4 min | Home: +102 | Handicap: 0.0 | Away: -130

Over/Under:
Time: 4 min | Over: -118 | Line: 2.0 | Under: -105

--- MATCH ENVIRONMENT ---
Weather: Windy
Humidity: 88%
Wind: 1.1m/s (2.5 mph)


==================================================
MATCH #8 OF 21
==================================================

----- MATCH SUMMARY -----
Timestamp: 2025-04-30 21:07:50 ET
Competition ID: l965mkyh9gr1ge4
Competition: CONMEBOL U17 Women's Sudamericano (Unknown Country)
Match: Colombia (w) U17 vs Argentina (w) U17
Score: 0 - 1 (HT: 0 - 1)
Status: Second half (Status ID: 4)

--- MATCH BETTING ODDS ---


--- MATCH ENVIRONMENT ---
No environment data available for this match

------------------------------------------------------------

==================================================
MATCH #6 OF 21
==================================================

----- MATCH SUMMARY -----
Timestamp: 2025-04-30 21:07:49 ET
Competition ID: 8y39mp1hgpmojxg
Competition: Chilean Cup (Chile)
Match: Municipal Iquique vs CD Copiapo S.A.
Score: 2 - 0 (HT: 2 - 0)
Status: Second half (Status ID: 4)

--- MATCH BETTING ODDS ---
ML (Money Line):
Time: 4 min | Home: -152 | Draw: +260 | Away: +450

SPREAD (Asia Handicap):
Time: 4 min | Home: -122 | Handicap: 0.75 | Away: +100

Over/Under:
Time: 4 min | Over: -118 | Line: 2.5 | Under: -105

--- MATCH ENVIRONMENT ---
Weather: Sunny
Humidity: 72%
Wind: 1.8m/s (4.0 mph)

------------------------------------------------------------

==================================================
MATCH #4 OF 21
==================================================

----- MATCH SUMMARY -----
Timestamp: 2025-04-30 21:07:48 ET
Competition ID: d23xmvkh5oqg8ny
Competition: Bolivian Copa LFPB (Bolivia)
Match: Blooming vs Nacional Potosi
Score: 1 - 0 (HT: 1 - 0)
Status: First half (Status ID: 2)

--- MATCH BETTING ODDS ---
ML (Money Line):
Time: 4 min | Home: -175 | Draw: +333 | Away: +350

SPREAD (Asia Handicap):
Time: 4 min | Home: +100 | Handicap: 1.0 | Away: -125

Over/Under:
Time: 4 min | Over: -118 | Line: 3.0 | Under: -105

--- MATCH ENVIRONMENT ---
Weather: Sunny
Humidity: 89%
Wind: 1.8m/s (4.0 mph)


==================================================
MATCH #5 OF 21
==================================================

----- MATCH SUMMARY -----
Timestamp: 2025-04-30 21:07:48 ET
Competition ID: j1l4rjnhz31m7vx
Competition: Colombian Liga Betplay Femenina (Colombia)
Match: Atletico Nacional Medellin (w) vs Independiente Medellin (w)
Score: 1 - 0 (HT: 1 - 0)
Status: Second half (Status ID: 4)

--- MATCH BETTING ODDS ---
ML (Money Line):
Time: 4 min | Home: -152 | Draw: +260 | Away: +400

SPREAD (Asia Handicap):
Time: 4 min | Home: -109 | Handicap: 0.75 | Away: -115

Over/Under:
Time: 4 min | Over: -125 | Line: 2.0 | Under: +100

--- MATCH ENVIRONMENT ---
Weather: Windy
Humidity: 93%
Wind: 1.1m/s (2.5 mph)

------------------------------------------------------------

==================================================
MATCH #3 OF 21
==================================================

----- MATCH SUMMARY -----
Timestamp: 2025-04-30 21:07:47 ET
Competition ID: z8yomo4hooq0j6l
Competition: Brazilian Cup (Brazil)
Match: SC Paysandu Para vs Bahia
Score: 0 - 0 (HT: 0 - 0)
Status: First half (Status ID: 2)

--- MATCH BETTING ODDS ---
ML (Money Line):
Time: 4 min | Home: +350 | Draw: +200 | Away: -105

SPREAD (Asia Handicap):
Time: 4 min | Home: -122 | Handicap: -0.5 | Away: -103

Over/Under:
Time: 4 min | Over: -118 | Line: 2.0 | Under: -105

--- MATCH ENVIRONMENT ---
Weather: Windy
Humidity: 92%
Wind: 1.1m/s (2.5 mph)

------------------------------------------------------------

==================================================
MATCH #1 OF 21
==================================================

----- MATCH SUMMARY -----
Timestamp: 2025-04-30 21:07:46 ET
Competition ID: z8yomo4hooq0j6l
Competition: Brazilian Cup (Brazil)
Match: Centro Sportivo Alagoano vs Gremio (RS)
Score: 1 - 1 (HT: 1 - 1)
Status: First half (Status ID: 2)

--- MATCH BETTING ODDS ---
ML (Money Line):
Time: 4 min | Home: +350 | Draw: +210 | Away: -111

SPREAD (Asia Handicap):
Time: 4 min | Home: -115 | Handicap: -0.5 | Away: -109

Over/Under:
Time: 4 min | Over: -122 | Line: 2.0 | Under: -103

--- MATCH ENVIRONMENT ---
Weather: Partially cloudy
Humidity: 65%
Wind: 2.6m/s (5.8 mph)


==================================================
MATCH #2 OF 21
==================================================

----- MATCH SUMMARY -----
Timestamp: 2025-04-30 21:07:46 ET
Competition ID: z8yomo4hooq0j6l
Competition: Brazilian Cup (Brazil)
Match: Gremio Novorizontino vs Corinthians Paulista (SP)
Score: 0 - 1 (HT: 0 - 1)
Status: First half (Status ID: 2)

--- MATCH BETTING ODDS ---
ML (Money Line):
Time: 5 min | Home: +187 | Draw: +175 | Away: +187

SPREAD (Asia Handicap):
Time: 4 min | Home: -111 | Handicap: 0.0 | Away: -111

Over/Under:
Time: 4 min | Over: -111 | Line: 1.75 | Under: -111

--- MATCH ENVIRONMENT ---
Weather: Sunny
Humidity: 68%
Wind: 4.0m/s (8.9 mph)

------------------------------------------------------------

==================================================
REFRESHING DATA AT: 2025-05-01 01:07:45
==================================================

Fetching live matches...

===== FOUND 21 LIVE FOOTBALL MATCHES =====

Last updated: 2025-05-01 01:07:45

------------------------------------------------------------

==================================================
MATCH #20 OF 20
==================================================

----- MATCH SUMMARY -----
Timestamp: 2025-04-30 21:07:15 ET
Competition ID: kjw2r09hj8rz84o
Competition: Italian Primavera Cup (Italy)
Match: Cagliari U19 vs AC Milan U20
Score: 3 - 0 (HT: 2 - 0)
Status: Finished (Status ID: 8)

--- MATCH BETTING ODDS ---
ML (Money Line):
Time: 4 min | Home: +240 | Draw: +240 | Away: +105

SPREAD (Asia Handicap):
Time: 4 min | Home: -139 | Handicap: -0.5 | Away: +107

Over/Under:
Time: 4 min | Over: -109 | Line: 2.5 | Under: -115

--- MATCH ENVIRONMENT ---
Weather: Sunny
Humidity: 48%
Wind: 2.6m/s (5.8 mph)


==================================================
END OF LIVE MATCH DATA - 20 MATCHES DISPLAYED
==================================================
Refreshing in 30 seconds... (Press Ctrl+C to exit)

Waiting 30 seconds before next update at 2025-05-01 01:07:15...
==================================================

------------------------------------------------------------

==================================================
MATCH #18 OF 20
==================================================

----- MATCH SUMMARY -----
Timestamp: 2025-04-30 21:07:13 ET
Competition ID: v2y8m4zhydql074
Competition: Uruguay Primera Division (Uruguay)
Match: Montevideo City Torque vs Montevideo Wanderers FC
Score: 0 - 0 (HT: 0 - 0)
Status: Finished (Status ID: 8)

--- MATCH BETTING ODDS ---
ML (Money Line):
Time: 4 min | Home: +160 | Draw: +210 | Away: +175

SPREAD (Asia Handicap):
Time: 4 min | Home: -122 | Handicap: 0.0 | Away: -104

Over/Under:
Time: 4 min | Over: -108 | Line: 2.25 | Under: -115

--- MATCH ENVIRONMENT ---
Weather: Partially cloudy
Humidity: 88%
Wind: 1.8m/s (4.0 mph)


==================================================
MATCH #19 OF 20
==================================================

----- MATCH SUMMARY -----
Timestamp: 2025-04-30 21:07:14 ET
Competition ID: v2y8m4zhv6ql074
Competition: Israel Leumit League (Israel)
Match: Hapoel Ramat Gan vs Maccabi Herzliya
Score: 2 - 0 (HT: 2 - 0)
Status: Finished (Status ID: 8)

--- MATCH BETTING ODDS ---
ML (Money Line):
Time: 4 min | Home: -105 | Draw: +300 | Away: +210

SPREAD (Asia Handicap):
Time: 4 min | Home: -130 | Handicap: 0.25 | Away: +102

Over/Under:
Time: 4 min | Over: -125 | Line: 2.75 | Under: +100

--- MATCH ENVIRONMENT ---
Weather: Sunny
Humidity: 40%
Wind: 8.4m/s (18.8 mph)

------------------------------------------------------------

==================================================
MATCH #17 OF 20
==================================================

----- MATCH SUMMARY -----
Timestamp: 2025-04-30 21:07:13 ET
Competition ID: l965mkyhdgr1ge4
Competition: Chilean Primera B (Chile)
Match: D. Concepcion vs Santiago Morning
Score: 3 - 0 (HT: 2 - 0)
Status: Finished (Status ID: 8)

--- MATCH BETTING ODDS ---
ML (Money Line):
Time: 4 min | Home: +137 | Draw: +200 | Away: +187

SPREAD (Asia Handicap):
Time: 4 min | Home: -101 | Handicap: 0.25 | Away: -130

Over/Under:
Time: 4 min | Over: +105 | Line: 2.25 | Under: -133

--- MATCH ENVIRONMENT ---
Weather: Sunny
Humidity: 39%
Wind: 1.2m/s (2.7 mph)

------------------------------------------------------------

==================================================
MATCH #16 OF 20
==================================================

----- MATCH SUMMARY -----
Timestamp: 2025-04-30 21:07:12 ET
Competition ID: 56ypq3nhyymd7oj
Competition: Categoría Primera A (Colombia)
Match: Aguilas Doradas vs America de Cali
Score: 0 - 1 (HT: 0 - 0)
Status: Finished (Status ID: 8)

--- MATCH BETTING ODDS ---
ML (Money Line):
Time: 4 min | Home: +260 | Draw: +175 | Away: +137

SPREAD (Asia Handicap):
Time: 4 min | Home: -122 | Handicap: -0.25 | Away: -103

Over/Under:
Time: 4 min | Over: -106 | Line: 1.75 | Under: -130

--- MATCH ENVIRONMENT ---
Weather: Unknown (10)
Humidity: 94%
Wind: 1.8m/s (4.0 mph)

------------------------------------------------------------

==================================================
MATCH #14 OF 20
==================================================

----- MATCH SUMMARY -----
Timestamp: 2025-04-30 21:07:11 ET
Competition ID: p3glrw7hjk4qdyj
Competition: Nicaragua Liga Primera (Nicaragua)
Match: Rancho Santana FC vs HYH Export Sebaco FC
Score: 1 - 1 (HT: 0 - 1)
Status: Finished (Status ID: 8)

--- MATCH BETTING ODDS ---

SPREAD (Asia Handicap):
Time: 24 min | Home: +100 | Handicap: 0.0 | Away: -143 (Closest time to minutes 4-6 available: 24)

Over/Under:
Time: 24 min | Over: -105 | Line: 2.25 | Under: -133 (Closest time to minutes 4-6 available: 24)

--- MATCH ENVIRONMENT ---
No environment data available for this match


==================================================
MATCH #15 OF 20
==================================================

----- MATCH SUMMARY -----
Timestamp: 2025-04-30 21:07:11 ET
Competition ID: p4jwq2gh27m0veo
Competition: Canadian Championship (Canada)
Match: Toronto FC vs Montreal Impact
Score: 2 - 2 (HT: 1 - 0)
Status: Finished (Status ID: 7)

--- MATCH BETTING ODDS ---
ML (Money Line):
Time: 4 min | Home: +175 | Draw: +200 | Away: +150

SPREAD (Asia Handicap):
Time: 4 min | Home: -119 | Handicap: 0.25 | Away: -130

Over/Under:
Time: 4 min | Over: -109 | Line: 2.25 | Under: -115

--- MATCH ENVIRONMENT ---
Weather: Sunny
Humidity: 66%
Wind: 2.6m/s (5.8 mph)

------------------------------------------------------------

==================================================
MATCH #13 OF 20
==================================================

----- MATCH SUMMARY -----
Timestamp: 2025-04-30 21:07:10 ET
Competition ID: p3glrw7hjk4qdyj
Competition: Nicaragua Liga Primera (Nicaragua)
Match: Deportivo Ocotal vs Diriangen
Score: 0 - 2 (HT: 0 - 2)
Status: Finished (Status ID: 8)

--- MATCH BETTING ODDS ---

SPREAD (Asia Handicap):
Time: 4 min | Home: +104 | Handicap: -1.0 | Away: -152

Over/Under:
Time: 4 min | Over: -182 | Line: 2.5 | Under: +120

--- MATCH ENVIRONMENT ---
No environment data available for this match

------------------------------------------------------------

==================================================
MATCH #11 OF 20
==================================================

----- MATCH SUMMARY -----
Timestamp: 2025-04-30 21:07:09 ET
Competition ID: gpxwrxlh84ryk0j
Competition: Colombian Torneo BetPlay Dimayor (Colombia)
Match: Real Cartagena vs Atletico Huila
Score: 0 - 1 (HT: 0 - 1)
Status: Second half (Status ID: 4)

--- MATCH BETTING ODDS ---
ML (Money Line):
Time: 4 min | Home: +130 | Draw: +210 | Away: +210

SPREAD (Asia Handicap):
Time: 4 min | Home: +100 | Handicap: 0.25 | Away: -125

Over/Under:
Time: 4 min | Over: -133 | Line: 2.0 | Under: +105

--- MATCH ENVIRONMENT ---
Weather: Partially cloudy
Humidity: 79%
Wind: 3.2m/s (7.2 mph)


==================================================
MATCH #12 OF 20
==================================================

----- MATCH SUMMARY -----
Timestamp: 2025-04-30 21:07:09 ET
Competition ID: gpxwrxlho4ryk0j
Competition: Brazilian Youth League (Brazil)
Match: Sao Paulo (Youth) vs Atletico Mineiro Youth
Score: 2 - 1 (HT: 1 - 1)
Status: Second half (Status ID: 4)

--- MATCH BETTING ODDS ---
ML (Money Line):
Time: 4 min | Home: -139 | Draw: +275 | Away: +300

SPREAD (Asia Handicap):
Time: 4 min | Home: -111 | Handicap: 0.5 | Away: -111

Over/Under:
Time: 4 min | Over: +100 | Line: 3.0 | Under: -125

--- MATCH ENVIRONMENT ---
Weather: Sunny
Humidity: 87%
Wind: 4.8m/s (10.7 mph)

------------------------------------------------------------

==================================================
MATCH #10 OF 20
==================================================

----- MATCH SUMMARY -----
Timestamp: 2025-04-30 21:07:08 ET
Competition ID: gpxwrxlh0nryk0j
Competition: CNCF CHL (Unknown Country)
Match: Inter Miami CF vs Vancouver Whitecaps
Score: 1 - 0 (HT: 1 - 0)
Status: Half-time break (Status ID: 3)

--- MATCH BETTING ODDS ---
ML (Money Line):
Time: 7 min | Home: -175 | Draw: +300 | Away: +400 (Closest time to minutes 4-6 available: 7)

SPREAD (Asia Handicap):
Time: 4 min | Home: -102 | Handicap: 1.0 | Away: -111

Over/Under:
Time: 4 min | Over: -109 | Line: 3.0 | Under: -115

--- MATCH ENVIRONMENT ---
Weather: Partially cloudy
Humidity: 61%
Wind: 5.1m/s (11.4 mph)

------------------------------------------------------------

==================================================
MATCH #9 OF 20
==================================================

----- MATCH SUMMARY -----
Timestamp: 2025-04-30 21:07:07 ET
Competition ID: vl7oqdeh6v4r510
Competition: Ecuadorian Campeonato Serie B (Ecuador)
Match: Atletico Vinotinto vs Chacaritas SC
Score: 2 - 0 (HT: 2 - 0)
Status: Second half (Status ID: 4)

--- MATCH BETTING ODDS ---
ML (Money Line):
Time: 4 min | Home: -200 | Draw: +300 | Away: +450

SPREAD (Asia Handicap):
Time: 4 min | Home: -115 | Handicap: 1.0 | Away: -109

Over/Under:
Time: 4 min | Over: -122 | Line: 2.25 | Under: -103

--- MATCH ENVIRONMENT ---
Weather: Unknown (10)
Humidity: 94%
Wind: 0.9m/s (2.0 mph)

------------------------------------------------------------

==================================================
MATCH #7 OF 20
==================================================

----- MATCH SUMMARY -----
Timestamp: 2025-04-30 21:07:05 ET
Competition ID: p3glrw7hevqdyjv
Competition: Argentine Division 1 (Argentina)
Match: Atletico Tucuman vs CA Independiente
Score: 1 - 0 (HT: 1 - 0)
Status: Second half (Status ID: 4)

--- MATCH BETTING ODDS ---
ML (Money Line):
Time: 4 min | Home: +187 | Draw: +200 | Away: +160

SPREAD (Asia Handicap):
Time: 4 min | Home: +102 | Handicap: 0.0 | Away: -130

Over/Under:
Time: 4 min | Over: -118 | Line: 2.0 | Under: -105

--- MATCH ENVIRONMENT ---
Weather: Windy
Humidity: 88%
Wind: 1.1m/s (2.5 mph)


==================================================
MATCH #8 OF 20
==================================================

----- MATCH SUMMARY -----
Timestamp: 2025-04-30 21:07:06 ET
Competition ID: l965mkyh9gr1ge4
Competition: CONMEBOL U17 Women's Sudamericano (Unknown Country)
Match: Colombia (w) U17 vs Argentina (w) U17
Score: 0 - 1 (HT: 0 - 1)
Status: Half-time break (Status ID: 3)

--- MATCH BETTING ODDS ---


--- MATCH ENVIRONMENT ---
No environment data available for this match

------------------------------------------------------------

==================================================
MATCH #6 OF 20
==================================================

----- MATCH SUMMARY -----
Timestamp: 2025-04-30 21:07:05 ET
Competition ID: 8y39mp1hgpmojxg
Competition: Chilean Cup (Chile)
Match: Municipal Iquique vs CD Copiapo S.A.
Score: 2 - 0 (HT: 2 - 0)
Status: Second half (Status ID: 4)

--- MATCH BETTING ODDS ---
ML (Money Line):
Time: 4 min | Home: -152 | Draw: +260 | Away: +450

SPREAD (Asia Handicap):
Time: 4 min | Home: -122 | Handicap: 0.75 | Away: +100

Over/Under:
Time: 4 min | Over: -118 | Line: 2.5 | Under: -105

--- MATCH ENVIRONMENT ---
Weather: Sunny
Humidity: 72%
Wind: 1.8m/s (4.0 mph)

------------------------------------------------------------

==================================================
MATCH #5 OF 20
==================================================

----- MATCH SUMMARY -----
Timestamp: 2025-04-30 21:07:04 ET
Competition ID: j1l4rjnhz31m7vx
Competition: Colombian Liga Betplay Femenina (Colombia)
Match: Atletico Nacional Medellin (w) vs Independiente Medellin (w)
Score: 1 - 0 (HT: 1 - 0)
Status: Second half (Status ID: 4)

--- MATCH BETTING ODDS ---
ML (Money Line):
Time: 4 min | Home: -152 | Draw: +260 | Away: +400

SPREAD (Asia Handicap):
Time: 4 min | Home: -109 | Handicap: 0.75 | Away: -115

Over/Under:
Time: 4 min | Over: -125 | Line: 2.0 | Under: +100

--- MATCH ENVIRONMENT ---
Weather: Windy
Humidity: 93%
Wind: 1.1m/s (2.5 mph)

------------------------------------------------------------

==================================================
MATCH #3 OF 20
==================================================

----- MATCH SUMMARY -----
Timestamp: 2025-04-30 21:07:03 ET
Competition ID: z8yomo4hooq0j6l
Competition: Brazilian Cup (Brazil)
Match: SC Paysandu Para vs Bahia
Score: 0 - 0 (HT: 0 - 0)
Status: First half (Status ID: 2)

--- MATCH BETTING ODDS ---
ML (Money Line):
Time: 4 min | Home: +350 | Draw: +200 | Away: -105

SPREAD (Asia Handicap):
Time: 4 min | Home: -122 | Handicap: -0.5 | Away: -103

Over/Under:
Time: 4 min | Over: -118 | Line: 2.0 | Under: -105

--- MATCH ENVIRONMENT ---
Weather: Windy
Humidity: 92%
Wind: 1.1m/s (2.5 mph)


==================================================
MATCH #4 OF 20
==================================================

----- MATCH SUMMARY -----
Timestamp: 2025-04-30 21:07:03 ET
Competition ID: d23xmvkh5oqg8ny
Competition: Bolivian Copa LFPB (Bolivia)
Match: Blooming vs Nacional Potosi
Score: 1 - 0 (HT: 1 - 0)
Status: First half (Status ID: 2)

--- MATCH BETTING ODDS ---
ML (Money Line):
Time: 4 min | Home: -175 | Draw: +333 | Away: +350

SPREAD (Asia Handicap):
Time: 4 min | Home: +100 | Handicap: 1.0 | Away: -125

Over/Under:
Time: 4 min | Over: -118 | Line: 3.0 | Under: -105

--- MATCH ENVIRONMENT ---
Weather: Sunny
Humidity: 89%
Wind: 1.8m/s (4.0 mph)

------------------------------------------------------------

==================================================
MATCH #2 OF 20
==================================================

----- MATCH SUMMARY -----
Timestamp: 2025-04-30 21:07:02 ET
Competition ID: z8yomo4hooq0j6l
Competition: Brazilian Cup (Brazil)
Match: Gremio Novorizontino vs Corinthians Paulista (SP)
Score: 0 - 1 (HT: 0 - 1)
Status: First half (Status ID: 2)

--- MATCH BETTING ODDS ---
ML (Money Line):
Time: 5 min | Home: +187 | Draw: +175 | Away: +187

SPREAD (Asia Handicap):
Time: 4 min | Home: -111 | Handicap: 0.0 | Away: -111

Over/Under:
Time: 4 min | Over: -111 | Line: 1.75 | Under: -111

--- MATCH ENVIRONMENT ---
Weather: Sunny
Humidity: 68%
Wind: 4.0m/s (8.9 mph)

------------------------------------------------------------

===== FOUND 20 LIVE FOOTBALL MATCHES =====

Last updated: 2025-05-01 01:07:01
==================================================
MATCH #1 OF 20
==================================================

----- MATCH SUMMARY -----
Timestamp: 2025-04-30 21:07:01 ET
Competition ID: z8yomo4hooq0j6l
Competition: Brazilian Cup (Brazil)
Match: Centro Sportivo Alagoano vs Gremio (RS)
Score: 1 - 1 (HT: 1 - 1)
Status: First half (Status ID: 2)

--- MATCH BETTING ODDS ---
ML (Money Line):
Time: 4 min | Home: +350 | Draw: +210 | Away: -111

SPREAD (Asia Handicap):
Time: 4 min | Home: -115 | Handicap: -0.5 | Away: -109

Over/Under:
Time: 4 min | Over: -122 | Line: 2.0 | Under: -103

--- MATCH ENVIRONMENT ---
Weather: Partially cloudy
Humidity: 65%
Wind: 2.6m/s (5.8 mph)

------------------------------------------------------------

==================================================
REFRESHING DATA AT: 2025-05-01 01:07:00
==================================================

Fetching live matches...

------------------------------------------------------------

==================================================
MATCH #19 OF 20
==================================================

----- MATCH SUMMARY -----
Timestamp: 2025-04-30 21:06:30 ET
Competition ID: v2y8m4zhv6ql074
Competition: Israel Leumit League (Israel)
Match: Hapoel Ramat Gan vs Maccabi Herzliya
Score: 2 - 0 (HT: 2 - 0)
Status: Finished (Status ID: 8)

--- MATCH BETTING ODDS ---
ML (Money Line):
Time: 4 min | Home: -105 | Draw: +300 | Away: +210

SPREAD (Asia Handicap):
Time: 4 min | Home: -130 | Handicap: 0.25 | Away: +102

Over/Under:
Time: 4 min | Over: -125 | Line: 2.75 | Under: +100

--- MATCH ENVIRONMENT ---
Weather: Sunny
Humidity: 40%
Wind: 8.4m/s (18.8 mph)


==================================================
MATCH #20 OF 20
==================================================

----- MATCH SUMMARY -----
Timestamp: 2025-04-30 21:06:30 ET
Competition ID: kjw2r09hj8rz84o
Competition: Italian Primavera Cup (Italy)
Match: Cagliari U19 vs AC Milan U20
Score: 3 - 0 (HT: 2 - 0)
Status: Finished (Status ID: 8)

--- MATCH BETTING ODDS ---
ML (Money Line):
Time: 4 min | Home: +240 | Draw: +240 | Away: +105

SPREAD (Asia Handicap):
Time: 4 min | Home: -139 | Handicap: -0.5 | Away: +107

Over/Under:
Time: 4 min | Over: -109 | Line: 2.5 | Under: -115

--- MATCH ENVIRONMENT ---
Weather: Sunny
Humidity: 48%
Wind: 2.6m/s (5.8 mph)


==================================================
END OF LIVE MATCH DATA - 20 MATCHES DISPLAYED
==================================================
Refreshing in 30 seconds... (Press Ctrl+C to exit)

Waiting 30 seconds before next update at 2025-05-01 01:06:30...
==================================================

------------------------------------------------------------

==================================================
MATCH #18 OF 20
==================================================

----- MATCH SUMMARY -----
Timestamp: 2025-04-30 21:06:29 ET
Competition ID: v2y8m4zhydql074
Competition: Uruguay Primera Division (Uruguay)
Match: Montevideo City Torque vs Montevideo Wanderers FC
Score: 0 - 0 (HT: 0 - 0)
Status: Finished (Status ID: 8)

--- MATCH BETTING ODDS ---
ML (Money Line):
Time: 4 min | Home: +160 | Draw: +210 | Away: +175

SPREAD (Asia Handicap):
Time: 4 min | Home: -122 | Handicap: 0.0 | Away: -104

Over/Under:
Time: 4 min | Over: -108 | Line: 2.25 | Under: -115

--- MATCH ENVIRONMENT ---
Weather: Partially cloudy
Humidity: 88%
Wind: 1.8m/s (4.0 mph)

------------------------------------------------------------

==================================================
MATCH #16 OF 20
==================================================

----- MATCH SUMMARY -----
Timestamp: 2025-04-30 21:06:28 ET
Competition ID: 56ypq3nhyymd7oj
Competition: Categoría Primera A (Colombia)
Match: Aguilas Doradas vs America de Cali
Score: 0 - 1 (HT: 0 - 0)
Status: Finished (Status ID: 8)

--- MATCH BETTING ODDS ---
ML (Money Line):
Time: 4 min | Home: +260 | Draw: +175 | Away: +137

SPREAD (Asia Handicap):
Time: 4 min | Home: -122 | Handicap: -0.25 | Away: -103

Over/Under:
Time: 4 min | Over: -106 | Line: 1.75 | Under: -130

--- MATCH ENVIRONMENT ---
Weather: Unknown (10)
Humidity: 94%
Wind: 1.8m/s (4.0 mph)


==================================================
MATCH #17 OF 20
==================================================

----- MATCH SUMMARY -----
Timestamp: 2025-04-30 21:06:28 ET
Competition ID: l965mkyhdgr1ge4
Competition: Chilean Primera B (Chile)
Match: D. Concepcion vs Santiago Morning
Score: 3 - 0 (HT: 2 - 0)
Status: Finished (Status ID: 8)

--- MATCH BETTING ODDS ---
ML (Money Line):
Time: 4 min | Home: +137 | Draw: +200 | Away: +187

SPREAD (Asia Handicap):
Time: 4 min | Home: -101 | Handicap: 0.25 | Away: -130

Over/Under:
Time: 4 min | Over: +105 | Line: 2.25 | Under: -133

--- MATCH ENVIRONMENT ---
Weather: Sunny
Humidity: 39%
Wind: 1.2m/s (2.7 mph)

------------------------------------------------------------

==================================================
MATCH #15 OF 20
==================================================

----- MATCH SUMMARY -----
Timestamp: 2025-04-30 21:06:27 ET
Competition ID: p4jwq2gh27m0veo
Competition: Canadian Championship (Canada)
Match: Toronto FC vs Montreal Impact
Score: 2 - 2 (HT: 1 - 0)
Status: Finished (Status ID: 7)

--- MATCH BETTING ODDS ---
ML (Money Line):
Time: 4 min | Home: +175 | Draw: +200 | Away: +150

SPREAD (Asia Handicap):
Time: 4 min | Home: -119 | Handicap: 0.25 | Away: -130

Over/Under:
Time: 4 min | Over: -109 | Line: 2.25 | Under: -115

--- MATCH ENVIRONMENT ---
Weather: Sunny
Humidity: 66%
Wind: 2.6m/s (5.8 mph)

------------------------------------------------------------

==================================================
MATCH #14 OF 20
==================================================

----- MATCH SUMMARY -----
Timestamp: 2025-04-30 21:06:26 ET
Competition ID: p3glrw7hjk4qdyj
Competition: Nicaragua Liga Primera (Nicaragua)
Match: Rancho Santana FC vs HYH Export Sebaco FC
Score: 1 - 1 (HT: 0 - 1)
Status: Finished (Status ID: 8)

--- MATCH BETTING ODDS ---

SPREAD (Asia Handicap):
Time: 24 min | Home: +100 | Handicap: 0.0 | Away: -143 (Closest time to minutes 4-6 available: 24)

Over/Under:
Time: 24 min | Over: -105 | Line: 2.25 | Under: -133 (Closest time to minutes 4-6 available: 24)

--- MATCH ENVIRONMENT ---
No environment data available for this match

------------------------------------------------------------

==================================================
MATCH #12 OF 20
==================================================

----- MATCH SUMMARY -----
Timestamp: 2025-04-30 21:06:24 ET
Competition ID: gpxwrxlho4ryk0j
Competition: Brazilian Youth League (Brazil)
Match: Sao Paulo (Youth) vs Atletico Mineiro Youth
Score: 2 - 1 (HT: 1 - 1)
Status: Second half (Status ID: 4)

--- MATCH BETTING ODDS ---
ML (Money Line):
Time: 4 min | Home: -139 | Draw: +275 | Away: +300

SPREAD (Asia Handicap):
Time: 4 min | Home: -111 | Handicap: 0.5 | Away: -111

Over/Under:
Time: 4 min | Over: +100 | Line: 3.0 | Under: -125

--- MATCH ENVIRONMENT ---
Weather: Sunny
Humidity: 87%
Wind: 4.8m/s (10.7 mph)


==================================================
MATCH #13 OF 20
==================================================

----- MATCH SUMMARY -----
Timestamp: 2025-04-30 21:06:25 ET
Competition ID: p3glrw7hjk4qdyj
Competition: Nicaragua Liga Primera (Nicaragua)
Match: Deportivo Ocotal vs Diriangen
Score: 0 - 2 (HT: 0 - 2)
Status: Finished (Status ID: 8)

--- MATCH BETTING ODDS ---

SPREAD (Asia Handicap):
Time: 4 min | Home: +104 | Handicap: -1.0 | Away: -152

Over/Under:
Time: 4 min | Over: -182 | Line: 2.5 | Under: +120

--- MATCH ENVIRONMENT ---
No environment data available for this match

------------------------------------------------------------

==================================================
MATCH #11 OF 20
==================================================

----- MATCH SUMMARY -----
Timestamp: 2025-04-30 21:06:24 ET
Competition ID: gpxwrxlh84ryk0j
Competition: Colombian Torneo BetPlay Dimayor (Colombia)
Match: Real Cartagena vs Atletico Huila
Score: 0 - 1 (HT: 0 - 1)
Status: Second half (Status ID: 4)

--- MATCH BETTING ODDS ---
ML (Money Line):
Time: 4 min | Home: +130 | Draw: +210 | Away: +210

SPREAD (Asia Handicap):
Time: 4 min | Home: +100 | Handicap: 0.25 | Away: -125

Over/Under:
Time: 4 min | Over: -133 | Line: 2.0 | Under: +105

--- MATCH ENVIRONMENT ---
Weather: Partially cloudy
Humidity: 79%
Wind: 3.2m/s (7.2 mph)

------------------------------------------------------------

==================================================
MATCH #9 OF 20
==================================================

----- MATCH SUMMARY -----
Timestamp: 2025-04-30 21:06:23 ET
Competition ID: vl7oqdeh6v4r510
Competition: Ecuadorian Campeonato Serie B (Ecuador)
Match: Atletico Vinotinto vs Chacaritas SC
Score: 2 - 0 (HT: 2 - 0)
Status: Second half (Status ID: 4)

--- MATCH BETTING ODDS ---
ML (Money Line):
Time: 4 min | Home: -200 | Draw: +300 | Away: +450

SPREAD (Asia Handicap):
Time: 4 min | Home: -115 | Handicap: 1.0 | Away: -109

Over/Under:
Time: 4 min | Over: -122 | Line: 2.25 | Under: -103

--- MATCH ENVIRONMENT ---
Weather: Unknown (10)
Humidity: 94%
Wind: 0.9m/s (2.0 mph)


==================================================
MATCH #10 OF 20
==================================================

----- MATCH SUMMARY -----
Timestamp: 2025-04-30 21:06:23 ET
Competition ID: gpxwrxlh0nryk0j
Competition: CNCF CHL (Unknown Country)
Match: Inter Miami CF vs Vancouver Whitecaps
Score: 1 - 0 (HT: 1 - 0)
Status: Half-time break (Status ID: 3)

--- MATCH BETTING ODDS ---
ML (Money Line):
Time: 7 min | Home: -175 | Draw: +300 | Away: +400 (Closest time to minutes 4-6 available: 7)

SPREAD (Asia Handicap):
Time: 4 min | Home: -102 | Handicap: 1.0 | Away: -111

Over/Under:
Time: 4 min | Over: -109 | Line: 3.0 | Under: -115

--- MATCH ENVIRONMENT ---
Weather: Partially cloudy
Humidity: 61%
Wind: 5.1m/s (11.4 mph)

------------------------------------------------------------

==================================================
MATCH #7 OF 20
==================================================

----- MATCH SUMMARY -----
Timestamp: 2025-04-30 21:06:21 ET
Competition ID: p3glrw7hevqdyjv
Competition: Argentine Division 1 (Argentina)
Match: Atletico Tucuman vs CA Independiente
Score: 1 - 0 (HT: 1 - 0)
Status: Second half (Status ID: 4)

--- MATCH BETTING ODDS ---
ML (Money Line):
Time: 4 min | Home: +187 | Draw: +200 | Away: +160

SPREAD (Asia Handicap):
Time: 4 min | Home: +102 | Handicap: 0.0 | Away: -130

Over/Under:
Time: 4 min | Over: -118 | Line: 2.0 | Under: -105

--- MATCH ENVIRONMENT ---
Weather: Windy
Humidity: 88%
Wind: 1.1m/s (2.5 mph)


==================================================
MATCH #8 OF 20
==================================================

----- MATCH SUMMARY -----
Timestamp: 2025-04-30 21:06:22 ET
Competition ID: l965mkyh9gr1ge4
Competition: CONMEBOL U17 Women's Sudamericano (Unknown Country)
Match: Colombia (w) U17 vs Argentina (w) U17
Score: 0 - 1 (HT: 0 - 1)
Status: Half-time break (Status ID: 3)

--- MATCH BETTING ODDS ---


--- MATCH ENVIRONMENT ---
No environment data available for this match

------------------------------------------------------------

==================================================
MATCH #6 OF 20
==================================================

----- MATCH SUMMARY -----
Timestamp: 2025-04-30 21:06:20 ET
Competition ID: 8y39mp1hgpmojxg
Competition: Chilean Cup (Chile)
Match: Municipal Iquique vs CD Copiapo S.A.
Score: 2 - 0 (HT: 2 - 0)
Status: Second half (Status ID: 4)

--- MATCH BETTING ODDS ---
ML (Money Line):
Time: 4 min | Home: -152 | Draw: +260 | Away: +450

SPREAD (Asia Handicap):
Time: 4 min | Home: -122 | Handicap: 0.75 | Away: +100

Over/Under:
Time: 4 min | Over: -118 | Line: 2.5 | Under: -105

--- MATCH ENVIRONMENT ---
Weather: Sunny
Humidity: 72%
Wind: 1.8m/s (4.0 mph)

------------------------------------------------------------

==================================================
MATCH #5 OF 20
==================================================

----- MATCH SUMMARY -----
Timestamp: 2025-04-30 21:06:19 ET
Competition ID: j1l4rjnhz31m7vx
Competition: Colombian Liga Betplay Femenina (Colombia)
Match: Atletico Nacional Medellin (w) vs Independiente Medellin (w)
Score: 1 - 0 (HT: 1 - 0)
Status: Second half (Status ID: 4)

--- MATCH BETTING ODDS ---
ML (Money Line):
Time: 4 min | Home: -152 | Draw: +260 | Away: +400

SPREAD (Asia Handicap):
Time: 4 min | Home: -109 | Handicap: 0.75 | Away: -115

Over/Under:
Time: 4 min | Over: -125 | Line: 2.0 | Under: +100

--- MATCH ENVIRONMENT ---
Weather: Windy
Humidity: 93%
Wind: 1.1m/s (2.5 mph)

------------------------------------------------------------

==================================================
MATCH #3 OF 20
==================================================

----- MATCH SUMMARY -----
Timestamp: 2025-04-30 21:06:18 ET
Competition ID: z8yomo4hooq0j6l
Competition: Brazilian Cup (Brazil)
Match: SC Paysandu Para vs Bahia
Score: 0 - 0 (HT: 0 - 0)
Status: First half (Status ID: 2)

--- MATCH BETTING ODDS ---
ML (Money Line):
Time: 4 min | Home: +350 | Draw: +200 | Away: -105

SPREAD (Asia Handicap):
Time: 4 min | Home: -122 | Handicap: -0.5 | Away: -103

Over/Under:
Time: 4 min | Over: -118 | Line: 2.0 | Under: -105

--- MATCH ENVIRONMENT ---
Weather: Windy
Humidity: 92%
Wind: 1.1m/s (2.5 mph)


==================================================
MATCH #4 OF 20
==================================================

----- MATCH SUMMARY -----
Timestamp: 2025-04-30 21:06:18 ET
Competition ID: d23xmvkh5oqg8ny
Competition: Bolivian Copa LFPB (Bolivia)
Match: Blooming vs Nacional Potosi
Score: 1 - 0 (HT: 1 - 0)
Status: First half (Status ID: 2)

--- MATCH BETTING ODDS ---
ML (Money Line):
Time: 4 min | Home: -175 | Draw: +333 | Away: +350

SPREAD (Asia Handicap):
Time: 4 min | Home: +100 | Handicap: 1.0 | Away: -125

Over/Under:
Time: 4 min | Over: -118 | Line: 3.0 | Under: -105

--- MATCH ENVIRONMENT ---
Weather: Sunny
Humidity: 89%
Wind: 1.8m/s (4.0 mph)

------------------------------------------------------------

==================================================
MATCH #2 OF 20
==================================================

----- MATCH SUMMARY -----
Timestamp: 2025-04-30 21:06:17 ET
Competition ID: z8yomo4hooq0j6l
Competition: Brazilian Cup (Brazil)
Match: Gremio Novorizontino vs Corinthians Paulista (SP)
Score: 0 - 1 (HT: 0 - 1)
Status: First half (Status ID: 2)

--- MATCH BETTING ODDS ---
ML (Money Line):
Time: 5 min | Home: +187 | Draw: +175 | Away: +187

SPREAD (Asia Handicap):
Time: 4 min | Home: -111 | Handicap: 0.0 | Away: -111

Over/Under:
Time: 4 min | Over: -111 | Line: 1.75 | Under: -111

--- MATCH ENVIRONMENT ---
Weather: Sunny
Humidity: 68%
Wind: 4.0m/s (8.9 mph)

------------------------------------------------------------

==================================================
MATCH #1 OF 20
==================================================

----- MATCH SUMMARY -----
Timestamp: 2025-04-30 21:06:16 ET
Competition ID: z8yomo4hooq0j6l
Competition: Brazilian Cup (Brazil)
Match: Centro Sportivo Alagoano vs Gremio (RS)
Score: 1 - 1 (HT: 1 - 1)
Status: First half (Status ID: 2)

--- MATCH BETTING ODDS ---
ML (Money Line):
Time: 4 min | Home: +350 | Draw: +210 | Away: -111

SPREAD (Asia Handicap):
Time: 4 min | Home: -115 | Handicap: -0.5 | Away: -109

Over/Under:
Time: 4 min | Over: -122 | Line: 2.0 | Under: -103

--- MATCH ENVIRONMENT ---
Weather: Partially cloudy
Humidity: 65%
Wind: 2.6m/s (5.8 mph)

------------------------------------------------------------

==================================================
REFRESHING DATA AT: 2025-05-01 01:06:15
==================================================

Fetching live matches...

===== FOUND 20 LIVE FOOTBALL MATCHES =====

Last updated: 2025-05-01 01:06:15

------------------------------------------------------------

==================================================
MATCH #20 OF 20
==================================================

----- MATCH SUMMARY -----
Timestamp: 2025-04-30 21:05:45 ET
Competition ID: kjw2r09hj8rz84o
Competition: Italian Primavera Cup (Italy)
Match: Cagliari U19 vs AC Milan U20
Score: 3 - 0 (HT: 2 - 0)
Status: Finished (Status ID: 8)

--- MATCH BETTING ODDS ---
ML (Money Line):
Time: 4 min | Home: +240 | Draw: +240 | Away: +105

SPREAD (Asia Handicap):
Time: 4 min | Home: -139 | Handicap: -0.5 | Away: +107

Over/Under:
Time: 4 min | Over: -109 | Line: 2.5 | Under: -115

--- MATCH ENVIRONMENT ---
Weather: Sunny
Humidity: 48%
Wind: 2.6m/s (5.8 mph)


==================================================
END OF LIVE MATCH DATA - 20 MATCHES DISPLAYED
==================================================
Refreshing in 30 seconds... (Press Ctrl+C to exit)

Waiting 30 seconds before next update at 2025-05-01 01:05:45...
==================================================

------------------------------------------------------------

==================================================
MATCH #19 OF 20
==================================================

----- MATCH SUMMARY -----
Timestamp: 2025-04-30 21:05:44 ET
Competition ID: v2y8m4zhv6ql074
Competition: Israel Leumit League (Israel)
Match: Hapoel Ramat Gan vs Maccabi Herzliya
Score: 2 - 0 (HT: 2 - 0)
Status: Finished (Status ID: 8)

--- MATCH BETTING ODDS ---
ML (Money Line):
Time: 4 min | Home: -105 | Draw: +300 | Away: +210

SPREAD (Asia Handicap):
Time: 4 min | Home: -130 | Handicap: 0.25 | Away: +102

Over/Under:
Time: 4 min | Over: -125 | Line: 2.75 | Under: +100

--- MATCH ENVIRONMENT ---
Weather: Sunny
Humidity: 40%
Wind: 8.4m/s (18.8 mph)

------------------------------------------------------------

==================================================
MATCH #18 OF 20
==================================================

----- MATCH SUMMARY -----
Timestamp: 2025-04-30 21:05:43 ET
Competition ID: v2y8m4zhydql074
Competition: Uruguay Primera Division (Uruguay)
Match: Montevideo City Torque vs Montevideo Wanderers FC
Score: 0 - 0 (HT: 0 - 0)
Status: Finished (Status ID: 8)

--- MATCH BETTING ODDS ---
ML (Money Line):
Time: 4 min | Home: +160 | Draw: +210 | Away: +175

SPREAD (Asia Handicap):
Time: 4 min | Home: -122 | Handicap: 0.0 | Away: -104

Over/Under:
Time: 4 min | Over: -108 | Line: 2.25 | Under: -115

--- MATCH ENVIRONMENT ---
Weather: Partially cloudy
Humidity: 88%
Wind: 1.8m/s (4.0 mph)

------------------------------------------------------------

==================================================
MATCH #16 OF 20
==================================================

----- MATCH SUMMARY -----
Timestamp: 2025-04-30 21:05:42 ET
Competition ID: 56ypq3nhyymd7oj
Competition: Categoría Primera A (Colombia)
Match: Aguilas Doradas vs America de Cali
Score: 0 - 1 (HT: 0 - 0)
Status: Finished (Status ID: 8)

--- MATCH BETTING ODDS ---
ML (Money Line):
Time: 4 min | Home: +260 | Draw: +175 | Away: +137

SPREAD (Asia Handicap):
Time: 4 min | Home: -122 | Handicap: -0.25 | Away: -103

Over/Under:
Time: 4 min | Over: -106 | Line: 1.75 | Under: -130

--- MATCH ENVIRONMENT ---
Weather: Unknown (10)
Humidity: 94%
Wind: 1.8m/s (4.0 mph)


==================================================
MATCH #17 OF 20
==================================================

----- MATCH SUMMARY -----
Timestamp: 2025-04-30 21:05:42 ET
Competition ID: l965mkyhdgr1ge4
Competition: Chilean Primera B (Chile)
Match: D. Concepcion vs Santiago Morning
Score: 3 - 0 (HT: 2 - 0)
Status: Finished (Status ID: 8)

--- MATCH BETTING ODDS ---
ML (Money Line):
Time: 4 min | Home: +137 | Draw: +200 | Away: +187

SPREAD (Asia Handicap):
Time: 4 min | Home: -101 | Handicap: 0.25 | Away: -130

Over/Under:
Time: 4 min | Over: +105 | Line: 2.25 | Under: -133

--- MATCH ENVIRONMENT ---
Weather: Sunny
Humidity: 39%
Wind: 1.2m/s (2.7 mph)

------------------------------------------------------------

==================================================
MATCH #15 OF 20
==================================================

----- MATCH SUMMARY -----
Timestamp: 2025-04-30 21:05:41 ET
Competition ID: p4jwq2gh27m0veo
Competition: Canadian Championship (Canada)
Match: Toronto FC vs Montreal Impact
Score: 2 - 2 (HT: 1 - 0)
Status: Finished (Status ID: 7)

--- MATCH BETTING ODDS ---
ML (Money Line):
Time: 4 min | Home: +175 | Draw: +200 | Away: +150

SPREAD (Asia Handicap):
Time: 4 min | Home: -119 | Handicap: 0.25 | Away: -130

Over/Under:
Time: 4 min | Over: -109 | Line: 2.25 | Under: -115

--- MATCH ENVIRONMENT ---
Weather: Sunny
Humidity: 66%
Wind: 2.6m/s (5.8 mph)

------------------------------------------------------------

==================================================
MATCH #14 OF 20
==================================================

----- MATCH SUMMARY -----
Timestamp: 2025-04-30 21:05:40 ET
Competition ID: p3glrw7hjk4qdyj
Competition: Nicaragua Liga Primera (Nicaragua)
Match: Rancho Santana FC vs HYH Export Sebaco FC
Score: 1 - 1 (HT: 0 - 1)
Status: Finished (Status ID: 8)

--- MATCH BETTING ODDS ---

SPREAD (Asia Handicap):
Time: 24 min | Home: +100 | Handicap: 0.0 | Away: -143 (Closest time to minutes 4-6 available: 24)

Over/Under:
Time: 24 min | Over: -105 | Line: 2.25 | Under: -133 (Closest time to minutes 4-6 available: 24)

--- MATCH ENVIRONMENT ---
No environment data available for this match

------------------------------------------------------------

==================================================
MATCH #12 OF 20
==================================================

----- MATCH SUMMARY -----
Timestamp: 2025-04-30 21:05:39 ET
Competition ID: gpxwrxlho4ryk0j
Competition: Brazilian Youth League (Brazil)
Match: Sao Paulo (Youth) vs Atletico Mineiro Youth
Score: 2 - 1 (HT: 1 - 1)
Status: Second half (Status ID: 4)

--- MATCH BETTING ODDS ---
ML (Money Line):
Time: 4 min | Home: -139 | Draw: +275 | Away: +300

SPREAD (Asia Handicap):
Time: 4 min | Home: -111 | Handicap: 0.5 | Away: -111

Over/Under:
Time: 4 min | Over: +100 | Line: 3.0 | Under: -125

--- MATCH ENVIRONMENT ---
Weather: Sunny
Humidity: 87%
Wind: 4.8m/s (10.7 mph)


==================================================
MATCH #13 OF 20
==================================================

----- MATCH SUMMARY -----
Timestamp: 2025-04-30 21:05:39 ET
Competition ID: p3glrw7hjk4qdyj
Competition: Nicaragua Liga Primera (Nicaragua)
Match: Deportivo Ocotal vs Diriangen
Score: 0 - 2 (HT: 0 - 2)
Status: Finished (Status ID: 8)

--- MATCH BETTING ODDS ---

SPREAD (Asia Handicap):
Time: 4 min | Home: +104 | Handicap: -1.0 | Away: -152

Over/Under:
Time: 4 min | Over: -182 | Line: 2.5 | Under: +120

--- MATCH ENVIRONMENT ---
No environment data available for this match

------------------------------------------------------------

==================================================
MATCH #10 OF 20
==================================================

----- MATCH SUMMARY -----
Timestamp: 2025-04-30 21:05:37 ET
Competition ID: gpxwrxlh0nryk0j
Competition: CNCF CHL (Unknown Country)
Match: Inter Miami CF vs Vancouver Whitecaps
Score: 1 - 0 (HT: 1 - 0)
Status: Half-time break (Status ID: 3)

--- MATCH BETTING ODDS ---
ML (Money Line):
Time: 7 min | Home: -175 | Draw: +300 | Away: +400 (Closest time to minutes 4-6 available: 7)

SPREAD (Asia Handicap):
Time: 4 min | Home: -102 | Handicap: 1.0 | Away: -111

Over/Under:
Time: 4 min | Over: -109 | Line: 3.0 | Under: -115

--- MATCH ENVIRONMENT ---
Weather: Partially cloudy
Humidity: 61%
Wind: 5.1m/s (11.4 mph)


==================================================
MATCH #11 OF 20
==================================================

----- MATCH SUMMARY -----
Timestamp: 2025-04-30 21:05:38 ET
Competition ID: gpxwrxlh84ryk0j
Competition: Colombian Torneo BetPlay Dimayor (Colombia)
Match: Real Cartagena vs Atletico Huila
Score: 0 - 1 (HT: 0 - 1)
Status: Second half (Status ID: 4)

--- MATCH BETTING ODDS ---
ML (Money Line):
Time: 4 min | Home: +130 | Draw: +210 | Away: +210

SPREAD (Asia Handicap):
Time: 4 min | Home: +100 | Handicap: 0.25 | Away: -125

Over/Under:
Time: 4 min | Over: -133 | Line: 2.0 | Under: +105

--- MATCH ENVIRONMENT ---
Weather: Partially cloudy
Humidity: 79%
Wind: 3.2m/s (7.2 mph)

------------------------------------------------------------

==================================================
MATCH #9 OF 20
==================================================

----- MATCH SUMMARY -----
Timestamp: 2025-04-30 21:05:37 ET
Competition ID: vl7oqdeh6v4r510
Competition: Ecuadorian Campeonato Serie B (Ecuador)
Match: Atletico Vinotinto vs Chacaritas SC
Score: 2 - 0 (HT: 2 - 0)
Status: Second half (Status ID: 4)

--- MATCH BETTING ODDS ---
ML (Money Line):
Time: 4 min | Home: -200 | Draw: +300 | Away: +450

SPREAD (Asia Handicap):
Time: 4 min | Home: -115 | Handicap: 1.0 | Away: -109

Over/Under:
Time: 4 min | Over: -122 | Line: 2.25 | Under: -103

--- MATCH ENVIRONMENT ---
Weather: Unknown (10)
Humidity: 94%
Wind: 0.9m/s (2.0 mph)

------------------------------------------------------------

==================================================
MATCH #8 OF 20
==================================================

----- MATCH SUMMARY -----
Timestamp: 2025-04-30 21:05:36 ET
Competition ID: l965mkyh9gr1ge4
Competition: CONMEBOL U17 Women's Sudamericano (Unknown Country)
Match: Colombia (w) U17 vs Argentina (w) U17
Score: 0 - 1 (HT: 0 - 1)
Status: Half-time break (Status ID: 3)

--- MATCH BETTING ODDS ---


--- MATCH ENVIRONMENT ---
No environment data available for this match

------------------------------------------------------------

==================================================
MATCH #6 OF 20
==================================================

----- MATCH SUMMARY -----
Timestamp: 2025-04-30 21:05:34 ET
Competition ID: 8y39mp1hgpmojxg
Competition: Chilean Cup (Chile)
Match: Municipal Iquique vs CD Copiapo S.A.
Score: 2 - 0 (HT: 2 - 0)
Status: Second half (Status ID: 4)

--- MATCH BETTING ODDS ---
ML (Money Line):
Time: 4 min | Home: -152 | Draw: +260 | Away: +450

SPREAD (Asia Handicap):
Time: 4 min | Home: -122 | Handicap: 0.75 | Away: +100

Over/Under:
Time: 4 min | Over: -118 | Line: 2.5 | Under: -105

--- MATCH ENVIRONMENT ---
Weather: Sunny
Humidity: 72%
Wind: 1.8m/s (4.0 mph)


==================================================
MATCH #7 OF 20
==================================================

----- MATCH SUMMARY -----
Timestamp: 2025-04-30 21:05:35 ET
Competition ID: p3glrw7hevqdyjv
Competition: Argentine Division 1 (Argentina)
Match: Atletico Tucuman vs CA Independiente
Score: 1 - 0 (HT: 1 - 0)
Status: Second half (Status ID: 4)

--- MATCH BETTING ODDS ---
ML (Money Line):
Time: 4 min | Home: +187 | Draw: +200 | Away: +160

SPREAD (Asia Handicap):
Time: 4 min | Home: +102 | Handicap: 0.0 | Away: -130

Over/Under:
Time: 4 min | Over: -118 | Line: 2.0 | Under: -105

--- MATCH ENVIRONMENT ---
Weather: Windy
Humidity: 88%
Wind: 1.1m/s (2.5 mph)

------------------------------------------------------------

==================================================
MATCH #5 OF 20
==================================================

----- MATCH SUMMARY -----
Timestamp: 2025-04-30 21:05:34 ET
Competition ID: j1l4rjnhz31m7vx
Competition: Colombian Liga Betplay Femenina (Colombia)
Match: Atletico Nacional Medellin (w) vs Independiente Medellin (w)
Score: 1 - 0 (HT: 1 - 0)
Status: Second half (Status ID: 4)

--- MATCH BETTING ODDS ---
ML (Money Line):
Time: 4 min | Home: -152 | Draw: +260 | Away: +400

SPREAD (Asia Handicap):
Time: 4 min | Home: -109 | Handicap: 0.75 | Away: -115

Over/Under:
Time: 4 min | Over: -125 | Line: 2.0 | Under: +100

--- MATCH ENVIRONMENT ---
Weather: Windy
Humidity: 93%
Wind: 1.1m/s (2.5 mph)

------------------------------------------------------------

==================================================
MATCH #3 OF 20
==================================================

----- MATCH SUMMARY -----
Timestamp: 2025-04-30 21:05:32 ET
Competition ID: z8yomo4hooq0j6l
Competition: Brazilian Cup (Brazil)
Match: SC Paysandu Para vs Bahia
Score: 0 - 0 (HT: 0 - 0)
Status: First half (Status ID: 2)

--- MATCH BETTING ODDS ---
ML (Money Line):
Time: 4 min | Home: +350 | Draw: +200 | Away: -105

SPREAD (Asia Handicap):
Time: 4 min | Home: -122 | Handicap: -0.5 | Away: -103

Over/Under:
Time: 4 min | Over: -118 | Line: 2.0 | Under: -105

--- MATCH ENVIRONMENT ---
Weather: Windy
Humidity: 92%
Wind: 1.1m/s (2.5 mph)


==================================================
MATCH #4 OF 20
==================================================

----- MATCH SUMMARY -----
Timestamp: 2025-04-30 21:05:33 ET
Competition ID: d23xmvkh5oqg8ny
Competition: Bolivian Copa LFPB (Bolivia)
Match: Blooming vs Nacional Potosi
Score: 1 - 0 (HT: 1 - 0)
Status: First half (Status ID: 2)

--- MATCH BETTING ODDS ---
ML (Money Line):
Time: 4 min | Home: -175 | Draw: +333 | Away: +350

SPREAD (Asia Handicap):
Time: 4 min | Home: +100 | Handicap: 1.0 | Away: -125

Over/Under:
Time: 4 min | Over: -118 | Line: 3.0 | Under: -105

--- MATCH ENVIRONMENT ---
Weather: Sunny
Humidity: 89%
Wind: 1.8m/s (4.0 mph)

------------------------------------------------------------

==================================================
MATCH #1 OF 20
==================================================

----- MATCH SUMMARY -----
Timestamp: 2025-04-30 21:05:30 ET
Competition ID: z8yomo4hooq0j6l
Competition: Brazilian Cup (Brazil)
Match: Centro Sportivo Alagoano vs Gremio (RS)
Score: 1 - 1 (HT: 1 - 1)
Status: First half (Status ID: 2)

--- MATCH BETTING ODDS ---
ML (Money Line):
Time: 4 min | Home: +350 | Draw: +210 | Away: -111

SPREAD (Asia Handicap):
Time: 4 min | Home: -115 | Handicap: -0.5 | Away: -109

Over/Under:
Time: 4 min | Over: -122 | Line: 2.0 | Under: -103

--- MATCH ENVIRONMENT ---
Weather: Partially cloudy
Humidity: 65%
Wind: 2.6m/s (5.8 mph)


==================================================
MATCH #2 OF 20
==================================================

----- MATCH SUMMARY -----
Timestamp: 2025-04-30 21:05:31 ET
Competition ID: z8yomo4hooq0j6l
Competition: Brazilian Cup (Brazil)
Match: Gremio Novorizontino vs Corinthians Paulista (SP)
Score: 0 - 1 (HT: 0 - 1)
Status: First half (Status ID: 2)

--- MATCH BETTING ODDS ---
ML (Money Line):
Time: 5 min | Home: +187 | Draw: +175 | Away: +187

SPREAD (Asia Handicap):
Time: 4 min | Home: -111 | Handicap: 0.0 | Away: -111

Over/Under:
Time: 4 min | Over: -111 | Line: 1.75 | Under: -111

--- MATCH ENVIRONMENT ---
Weather: Sunny
Humidity: 68%
Wind: 4.0m/s (8.9 mph)

------------------------------------------------------------

==================================================
REFRESHING DATA AT: 2025-05-01 01:05:29
==================================================

Fetching live matches...

===== FOUND 20 LIVE FOOTBALL MATCHES =====

Last updated: 2025-05-01 01:05:30

------------------------------------------------------------

==================================================
MATCH #19 OF 19
==================================================

----- MATCH SUMMARY -----
Timestamp: 2025-04-30 21:04:59 ET
Competition ID: v2y8m4zhv6ql074
Competition: Israel Leumit League (Israel)
Match: Hapoel Ramat Gan vs Maccabi Herzliya
Score: 2 - 0 (HT: 2 - 0)
Status: Finished (Status ID: 8)

--- MATCH BETTING ODDS ---
ML (Money Line):
Time: 4 min | Home: -105 | Draw: +300 | Away: +210

SPREAD (Asia Handicap):
Time: 4 min | Home: -130 | Handicap: 0.25 | Away: +102

Over/Under:
Time: 4 min | Over: -125 | Line: 2.75 | Under: +100

--- MATCH ENVIRONMENT ---
Weather: Sunny
Humidity: 40%
Wind: 8.4m/s (18.8 mph)


==================================================
END OF LIVE MATCH DATA - 19 MATCHES DISPLAYED
==================================================
Refreshing in 30 seconds... (Press Ctrl+C to exit)

Waiting 30 seconds before next update at 2025-05-01 01:04:59...
==================================================

------------------------------------------------------------

==================================================
MATCH #18 OF 19
==================================================

----- MATCH SUMMARY -----
Timestamp: 2025-04-30 21:04:59 ET
Competition ID: v2y8m4zhydql074
Competition: Uruguay Primera Division (Uruguay)
Match: Montevideo City Torque vs Montevideo Wanderers FC
Score: 0 - 0 (HT: 0 - 0)
Status: Finished (Status ID: 8)

--- MATCH BETTING ODDS ---
ML (Money Line):
Time: 4 min | Home: +160 | Draw: +210 | Away: +175

SPREAD (Asia Handicap):
Time: 4 min | Home: -122 | Handicap: 0.0 | Away: -104

Over/Under:
Time: 4 min | Over: -108 | Line: 2.25 | Under: -115

--- MATCH ENVIRONMENT ---
Weather: Partially cloudy
Humidity: 88%
Wind: 1.8m/s (4.0 mph)

------------------------------------------------------------

==================================================
MATCH #17 OF 19
==================================================

----- MATCH SUMMARY -----
Timestamp: 2025-04-30 21:04:58 ET
Competition ID: l965mkyhdgr1ge4
Competition: Chilean Primera B (Chile)
Match: D. Concepcion vs Santiago Morning
Score: 3 - 0 (HT: 2 - 0)
Status: Finished (Status ID: 8)

--- MATCH BETTING ODDS ---
ML (Money Line):
Time: 4 min | Home: +137 | Draw: +200 | Away: +187

SPREAD (Asia Handicap):
Time: 4 min | Home: -101 | Handicap: 0.25 | Away: -130

Over/Under:
Time: 4 min | Over: +105 | Line: 2.25 | Under: -133

--- MATCH ENVIRONMENT ---
Weather: Sunny
Humidity: 39%
Wind: 1.2m/s (2.7 mph)

------------------------------------------------------------

==================================================
MATCH #16 OF 19
==================================================

----- MATCH SUMMARY -----
Timestamp: 2025-04-30 21:04:57 ET
Competition ID: 56ypq3nhyymd7oj
Competition: Categoría Primera A (Colombia)
Match: Aguilas Doradas vs America de Cali
Score: 0 - 1 (HT: 0 - 0)
Status: Finished (Status ID: 8)

--- MATCH BETTING ODDS ---
ML (Money Line):
Time: 4 min | Home: +260 | Draw: +175 | Away: +137

SPREAD (Asia Handicap):
Time: 4 min | Home: -122 | Handicap: -0.25 | Away: -103

Over/Under:
Time: 4 min | Over: -106 | Line: 1.75 | Under: -130

--- MATCH ENVIRONMENT ---
Weather: Unknown (10)
Humidity: 94%
Wind: 1.8m/s (4.0 mph)

------------------------------------------------------------

==================================================
MATCH #15 OF 19
==================================================

----- MATCH SUMMARY -----
Timestamp: 2025-04-30 21:04:56 ET
Competition ID: p4jwq2gh27m0veo
Competition: Canadian Championship (Canada)
Match: Toronto FC vs Montreal Impact
Score: 2 - 2 (HT: 1 - 0)
Status: Finished (Status ID: 7)

--- MATCH BETTING ODDS ---
ML (Money Line):
Time: 4 min | Home: +175 | Draw: +200 | Away: +150

SPREAD (Asia Handicap):
Time: 4 min | Home: -119 | Handicap: 0.25 | Away: -130

Over/Under:
Time: 4 min | Over: -109 | Line: 2.25 | Under: -115

--- MATCH ENVIRONMENT ---
Weather: Sunny
Humidity: 66%
Wind: 2.6m/s (5.8 mph)

------------------------------------------------------------

==================================================
MATCH #13 OF 19
==================================================

----- MATCH SUMMARY -----
Timestamp: 2025-04-30 21:04:55 ET
Competition ID: p3glrw7hjk4qdyj
Competition: Nicaragua Liga Primera (Nicaragua)
Match: Deportivo Ocotal vs Diriangen
Score: 0 - 2 (HT: 0 - 2)
Status: Finished (Status ID: 8)

--- MATCH BETTING ODDS ---

SPREAD (Asia Handicap):
Time: 4 min | Home: +104 | Handicap: -1.0 | Away: -152

Over/Under:
Time: 4 min | Over: -182 | Line: 2.5 | Under: +120

--- MATCH ENVIRONMENT ---
No environment data available for this match


==================================================
MATCH #14 OF 19
==================================================

----- MATCH SUMMARY -----
Timestamp: 2025-04-30 21:04:55 ET
Competition ID: p3glrw7hjk4qdyj
Competition: Nicaragua Liga Primera (Nicaragua)
Match: Rancho Santana FC vs HYH Export Sebaco FC
Score: 1 - 1 (HT: 0 - 1)
Status: Finished (Status ID: 8)

--- MATCH BETTING ODDS ---

SPREAD (Asia Handicap):
Time: 24 min | Home: +100 | Handicap: 0.0 | Away: -143 (Closest time to minutes 4-6 available: 24)

Over/Under:
Time: 24 min | Over: -105 | Line: 2.25 | Under: -133 (Closest time to minutes 4-6 available: 24)

--- MATCH ENVIRONMENT ---
No environment data available for this match

------------------------------------------------------------

==================================================
MATCH #11 OF 19
==================================================

----- MATCH SUMMARY -----
Timestamp: 2025-04-30 21:04:54 ET
Competition ID: gpxwrxlh84ryk0j
Competition: Colombian Torneo BetPlay Dimayor (Colombia)
Match: Real Cartagena vs Atletico Huila
Score: 0 - 1 (HT: 0 - 1)
Status: Half-time break (Status ID: 3)

--- MATCH BETTING ODDS ---
ML (Money Line):
Time: 4 min | Home: +130 | Draw: +210 | Away: +210

SPREAD (Asia Handicap):
Time: 4 min | Home: +100 | Handicap: 0.25 | Away: -125

Over/Under:
Time: 4 min | Over: -133 | Line: 2.0 | Under: +105

--- MATCH ENVIRONMENT ---
Weather: Partially cloudy
Humidity: 79%
Wind: 3.2m/s (7.2 mph)


==================================================
MATCH #12 OF 19
==================================================

----- MATCH SUMMARY -----
Timestamp: 2025-04-30 21:04:54 ET
Competition ID: gpxwrxlho4ryk0j
Competition: Brazilian Youth League (Brazil)
Match: Sao Paulo (Youth) vs Atletico Mineiro Youth
Score: 2 - 1 (HT: 1 - 1)
Status: Second half (Status ID: 4)

--- MATCH BETTING ODDS ---
ML (Money Line):
Time: 4 min | Home: -139 | Draw: +275 | Away: +300

SPREAD (Asia Handicap):
Time: 4 min | Home: -111 | Handicap: 0.5 | Away: -111

Over/Under:
Time: 4 min | Over: +100 | Line: 3.0 | Under: -125

--- MATCH ENVIRONMENT ---
Weather: Sunny
Humidity: 87%
Wind: 4.8m/s (10.7 mph)

------------------------------------------------------------

==================================================
MATCH #9 OF 19
==================================================

----- MATCH SUMMARY -----
Timestamp: 2025-04-30 21:04:52 ET
Competition ID: vl7oqdeh6v4r510
Competition: Ecuadorian Campeonato Serie B (Ecuador)
Match: Atletico Vinotinto vs Chacaritas SC
Score: 2 - 0 (HT: 2 - 0)
Status: Half-time break (Status ID: 3)

--- MATCH BETTING ODDS ---
ML (Money Line):
Time: 4 min | Home: -200 | Draw: +300 | Away: +450

SPREAD (Asia Handicap):
Time: 4 min | Home: -115 | Handicap: 1.0 | Away: -109

Over/Under:
Time: 4 min | Over: -122 | Line: 2.25 | Under: -103

--- MATCH ENVIRONMENT ---
Weather: Unknown (10)
Humidity: 94%
Wind: 0.9m/s (2.0 mph)


==================================================
MATCH #10 OF 19
==================================================

----- MATCH SUMMARY -----
Timestamp: 2025-04-30 21:04:53 ET
Competition ID: gpxwrxlh0nryk0j
Competition: CNCF CHL (Unknown Country)
Match: Inter Miami CF vs Vancouver Whitecaps
Score: 1 - 0 (HT: 1 - 0)
Status: Half-time break (Status ID: 3)

--- MATCH BETTING ODDS ---
ML (Money Line):
Time: 7 min | Home: -175 | Draw: +300 | Away: +400 (Closest time to minutes 4-6 available: 7)

SPREAD (Asia Handicap):
Time: 4 min | Home: -102 | Handicap: 1.0 | Away: -111

Over/Under:
Time: 4 min | Over: -109 | Line: 3.0 | Under: -115

--- MATCH ENVIRONMENT ---
Weather: Partially cloudy
Humidity: 61%
Wind: 5.1m/s (11.4 mph)

------------------------------------------------------------

==================================================
MATCH #7 OF 19
==================================================

----- MATCH SUMMARY -----
Timestamp: 2025-04-30 21:04:51 ET
Competition ID: p3glrw7hevqdyjv
Competition: Argentine Division 1 (Argentina)
Match: Atletico Tucuman vs CA Independiente
Score: 1 - 0 (HT: 1 - 0)
Status: Second half (Status ID: 4)

--- MATCH BETTING ODDS ---
ML (Money Line):
Time: 4 min | Home: +187 | Draw: +200 | Away: +160

SPREAD (Asia Handicap):
Time: 4 min | Home: +102 | Handicap: 0.0 | Away: -130

Over/Under:
Time: 4 min | Over: -118 | Line: 2.0 | Under: -105

--- MATCH ENVIRONMENT ---
Weather: Windy
Humidity: 88%
Wind: 1.1m/s (2.5 mph)


==================================================
MATCH #8 OF 19
==================================================

----- MATCH SUMMARY -----
Timestamp: 2025-04-30 21:04:52 ET
Competition ID: l965mkyh9gr1ge4
Competition: CONMEBOL U17 Women's Sudamericano (Unknown Country)
Match: Colombia (w) U17 vs Argentina (w) U17
Score: 0 - 1 (HT: 0 - 1)
Status: Half-time break (Status ID: 3)

--- MATCH BETTING ODDS ---


--- MATCH ENVIRONMENT ---
No environment data available for this match

------------------------------------------------------------

==================================================
MATCH #6 OF 19
==================================================

----- MATCH SUMMARY -----
Timestamp: 2025-04-30 21:04:50 ET
Competition ID: 8y39mp1hgpmojxg
Competition: Chilean Cup (Chile)
Match: Municipal Iquique vs CD Copiapo S.A.
Score: 2 - 0 (HT: 2 - 0)
Status: Second half (Status ID: 4)

--- MATCH BETTING ODDS ---
ML (Money Line):
Time: 4 min | Home: -152 | Draw: +260 | Away: +450

SPREAD (Asia Handicap):
Time: 4 min | Home: -122 | Handicap: 0.75 | Away: +100

Over/Under:
Time: 4 min | Over: -118 | Line: 2.5 | Under: -105

--- MATCH ENVIRONMENT ---
Weather: Sunny
Humidity: 72%
Wind: 1.8m/s (4.0 mph)

------------------------------------------------------------

==================================================
MATCH #4 OF 19
==================================================

----- MATCH SUMMARY -----
Timestamp: 2025-04-30 21:04:49 ET
Competition ID: d23xmvkh5oqg8ny
Competition: Bolivian Copa LFPB (Bolivia)
Match: Blooming vs Nacional Potosi
Score: 0 - 0 (HT: 0 - 0)
Status: First half (Status ID: 2)

--- MATCH BETTING ODDS ---
ML (Money Line):
Time: 4 min | Home: -175 | Draw: +333 | Away: +350

SPREAD (Asia Handicap):
Time: 4 min | Home: +100 | Handicap: 1.0 | Away: -125

Over/Under:
Time: 4 min | Over: -118 | Line: 3.0 | Under: -105

--- MATCH ENVIRONMENT ---
Weather: Sunny
Humidity: 89%
Wind: 1.8m/s (4.0 mph)


==================================================
MATCH #5 OF 19
==================================================

----- MATCH SUMMARY -----
Timestamp: 2025-04-30 21:04:50 ET
Competition ID: j1l4rjnhz31m7vx
Competition: Colombian Liga Betplay Femenina (Colombia)
Match: Atletico Nacional Medellin (w) vs Independiente Medellin (w)
Score: 1 - 0 (HT: 1 - 0)
Status: Second half (Status ID: 4)

--- MATCH BETTING ODDS ---
ML (Money Line):
Time: 4 min | Home: -152 | Draw: +260 | Away: +400

SPREAD (Asia Handicap):
Time: 4 min | Home: -109 | Handicap: 0.75 | Away: -115

Over/Under:
Time: 4 min | Over: -125 | Line: 2.0 | Under: +100

--- MATCH ENVIRONMENT ---
Weather: Windy
Humidity: 93%
Wind: 1.1m/s (2.5 mph)

------------------------------------------------------------

==================================================
MATCH #3 OF 19
==================================================

----- MATCH SUMMARY -----
Timestamp: 2025-04-30 21:04:49 ET
Competition ID: z8yomo4hooq0j6l
Competition: Brazilian Cup (Brazil)
Match: SC Paysandu Para vs Bahia
Score: 0 - 0 (HT: 0 - 0)
Status: First half (Status ID: 2)

--- MATCH BETTING ODDS ---
ML (Money Line):
Time: 4 min | Home: +350 | Draw: +200 | Away: -105

SPREAD (Asia Handicap):
Time: 4 min | Home: -122 | Handicap: -0.5 | Away: -103

Over/Under:
Time: 4 min | Over: -118 | Line: 2.0 | Under: -105

--- MATCH ENVIRONMENT ---
Weather: Windy
Humidity: 92%
Wind: 1.1m/s (2.5 mph)

------------------------------------------------------------

==================================================
MATCH #1 OF 19
==================================================

----- MATCH SUMMARY -----
Timestamp: 2025-04-30 21:04:47 ET
Competition ID: z8yomo4hooq0j6l
Competition: Brazilian Cup (Brazil)
Match: Centro Sportivo Alagoano vs Gremio (RS)
Score: 1 - 1 (HT: 1 - 1)
Status: First half (Status ID: 2)

--- MATCH BETTING ODDS ---
ML (Money Line):
Time: 4 min | Home: +350 | Draw: +210 | Away: -111

SPREAD (Asia Handicap):
Time: 4 min | Home: -115 | Handicap: -0.5 | Away: -109

Over/Under:
Time: 4 min | Over: -122 | Line: 2.0 | Under: -103

--- MATCH ENVIRONMENT ---
Weather: Partially cloudy
Humidity: 65%
Wind: 2.6m/s (5.8 mph)


==================================================
MATCH #2 OF 19
==================================================

----- MATCH SUMMARY -----
Timestamp: 2025-04-30 21:04:48 ET
Competition ID: z8yomo4hooq0j6l
Competition: Brazilian Cup (Brazil)
Match: Gremio Novorizontino vs Corinthians Paulista (SP)
Score: 0 - 1 (HT: 0 - 1)
Status: First half (Status ID: 2)

--- MATCH BETTING ODDS ---
ML (Money Line):
Time: 5 min | Home: +187 | Draw: +175 | Away: +187

SPREAD (Asia Handicap):
Time: 4 min | Home: -111 | Handicap: 0.0 | Away: -111

Over/Under:
Time: 4 min | Over: -111 | Line: 1.75 | Under: -111

--- MATCH ENVIRONMENT ---
Weather: Sunny
Humidity: 68%
Wind: 4.0m/s (8.9 mph)

------------------------------------------------------------

==================================================
REFRESHING DATA AT: 2025-05-01 01:04:46
==================================================

Fetching live matches...

===== FOUND 19 LIVE FOOTBALL MATCHES =====

Last updated: 2025-05-01 01:04:46

------------------------------------------------------------

==================================================
MATCH #19 OF 19
==================================================

----- MATCH SUMMARY -----
Timestamp: 2025-04-30 21:04:16 ET
Competition ID: v2y8m4zhv6ql074
Competition: Israel Leumit League (Israel)
Match: Hapoel Ramat Gan vs Maccabi Herzliya
Score: 2 - 0 (HT: 2 - 0)
Status: Finished (Status ID: 8)

--- MATCH BETTING ODDS ---
ML (Money Line):
Time: 4 min | Home: -105 | Draw: +300 | Away: +210

SPREAD (Asia Handicap):
Time: 4 min | Home: -130 | Handicap: 0.25 | Away: +102

Over/Under:
Time: 4 min | Over: -125 | Line: 2.75 | Under: +100

--- MATCH ENVIRONMENT ---
Weather: Sunny
Humidity: 40%
Wind: 8.4m/s (18.8 mph)


==================================================
END OF LIVE MATCH DATA - 19 MATCHES DISPLAYED
==================================================
Refreshing in 30 seconds... (Press Ctrl+C to exit)

Waiting 30 seconds before next update at 2025-05-01 01:04:16...
==================================================

------------------------------------------------------------

==================================================
MATCH #18 OF 19
==================================================

----- MATCH SUMMARY -----
Timestamp: 2025-04-30 21:04:16 ET
Competition ID: 56ypq3nhzogmd7o
Competition: Portuguese Champions Nacional Juniores A 2 (Portugal)
Match: Vitoria SC Guimaraes U19 vs Tondela U19
Score: 1 - 2 (HT: 0 - 1)
Status: Finished (Status ID: 8)

--- MATCH BETTING ODDS ---
ML (Money Line):
Time: pre-match min | Home: +15000 | Draw: +2200 | Away: -10000 (Closest time to minutes 4-6 available: pre-match)

SPREAD (Asia Handicap):
Time: pre-match min | Home: -333 | Handicap: 0.0 | Away: +245 (Closest time to minutes 4-6 available: pre-match)

Over/Under:
Time: pre-match min | Over: +900 | Line: 3.5 | Under: -1667 (Closest time to minutes 4-6 available: pre-match)

--- MATCH ENVIRONMENT ---
Weather: Foggy
Humidity: 91%
Wind: 3.7m/s (8.3 mph)

------------------------------------------------------------

==================================================
MATCH #17 OF 19
==================================================

----- MATCH SUMMARY -----
Timestamp: 2025-04-30 21:04:15 ET
Competition ID: v2y8m4zhydql074
Competition: Uruguay Primera Division (Uruguay)
Match: Montevideo City Torque vs Montevideo Wanderers FC
Score: 0 - 0 (HT: 0 - 0)
Status: Finished (Status ID: 8)

--- MATCH BETTING ODDS ---
ML (Money Line):
Time: 4 min | Home: +160 | Draw: +210 | Away: +175

SPREAD (Asia Handicap):
Time: 4 min | Home: -122 | Handicap: 0.0 | Away: -104

Over/Under:
Time: 4 min | Over: -108 | Line: 2.25 | Under: -115

--- MATCH ENVIRONMENT ---
Weather: Partially cloudy
Humidity: 88%
Wind: 1.8m/s (4.0 mph)

------------------------------------------------------------

==================================================
MATCH #15 OF 19
==================================================

----- MATCH SUMMARY -----
Timestamp: 2025-04-30 21:04:13 ET
Competition ID: p4jwq2gh27m0veo
Competition: Canadian Championship (Canada)
Match: Toronto FC vs Montreal Impact
Score: 2 - 2 (HT: 1 - 0)
Status: Finished (Status ID: 7)

--- MATCH BETTING ODDS ---
ML (Money Line):
Time: 4 min | Home: +175 | Draw: +200 | Away: +150

SPREAD (Asia Handicap):
Time: 4 min | Home: -119 | Handicap: 0.25 | Away: -130

Over/Under:
Time: 4 min | Over: -109 | Line: 2.25 | Under: -115

--- MATCH ENVIRONMENT ---
Weather: Sunny
Humidity: 66%
Wind: 2.6m/s (5.8 mph)


==================================================
MATCH #16 OF 19
==================================================

----- MATCH SUMMARY -----
Timestamp: 2025-04-30 21:04:14 ET
Competition ID: 56ypq3nhyymd7oj
Competition: Categoría Primera A (Colombia)
Match: Aguilas Doradas vs America de Cali
Score: 0 - 1 (HT: 0 - 0)
Status: Finished (Status ID: 8)

--- MATCH BETTING ODDS ---
ML (Money Line):
Time: 4 min | Home: +260 | Draw: +175 | Away: +137

SPREAD (Asia Handicap):
Time: 4 min | Home: -122 | Handicap: -0.25 | Away: -103

Over/Under:
Time: 4 min | Over: -106 | Line: 1.75 | Under: -130

--- MATCH ENVIRONMENT ---
Weather: Unknown (10)
Humidity: 94%
Wind: 1.8m/s (4.0 mph)

------------------------------------------------------------

==================================================
MATCH #14 OF 19
==================================================

----- MATCH SUMMARY -----
Timestamp: 2025-04-30 21:04:12 ET
Competition ID: p3glrw7hjk4qdyj
Competition: Nicaragua Liga Primera (Nicaragua)
Match: Rancho Santana FC vs HYH Export Sebaco FC
Score: 1 - 1 (HT: 0 - 1)
Status: Finished (Status ID: 8)

--- MATCH BETTING ODDS ---

SPREAD (Asia Handicap):
Time: 24 min | Home: +100 | Handicap: 0.0 | Away: -143 (Closest time to minutes 4-6 available: 24)

Over/Under:
Time: 24 min | Over: -105 | Line: 2.25 | Under: -133 (Closest time to minutes 4-6 available: 24)

--- MATCH ENVIRONMENT ---
No environment data available for this match

------------------------------------------------------------

==================================================
MATCH #12 OF 19
==================================================

----- MATCH SUMMARY -----
Timestamp: 2025-04-30 21:04:11 ET
Competition ID: gpxwrxlho4ryk0j
Competition: Brazilian Youth League (Brazil)
Match: Sao Paulo (Youth) vs Atletico Mineiro Youth
Score: 2 - 1 (HT: 1 - 1)
Status: Second half (Status ID: 4)

--- MATCH BETTING ODDS ---
ML (Money Line):
Time: 4 min | Home: -139 | Draw: +275 | Away: +300

SPREAD (Asia Handicap):
Time: 4 min | Home: -111 | Handicap: 0.5 | Away: -111

Over/Under:
Time: 4 min | Over: +100 | Line: 3.0 | Under: -125

--- MATCH ENVIRONMENT ---
Weather: Sunny
Humidity: 87%
Wind: 4.8m/s (10.7 mph)


==================================================
MATCH #13 OF 19
==================================================

----- MATCH SUMMARY -----
Timestamp: 2025-04-30 21:04:12 ET
Competition ID: p3glrw7hjk4qdyj
Competition: Nicaragua Liga Primera (Nicaragua)
Match: Deportivo Ocotal vs Diriangen
Score: 0 - 2 (HT: 0 - 2)
Status: Finished (Status ID: 8)

--- MATCH BETTING ODDS ---

SPREAD (Asia Handicap):
Time: 4 min | Home: +104 | Handicap: -1.0 | Away: -152

Over/Under:
Time: 4 min | Over: -182 | Line: 2.5 | Under: +120

--- MATCH ENVIRONMENT ---
No environment data available for this match

------------------------------------------------------------

==================================================
MATCH #11 OF 19
==================================================

----- MATCH SUMMARY -----
Timestamp: 2025-04-30 21:04:11 ET
Competition ID: gpxwrxlh84ryk0j
Competition: Colombian Torneo BetPlay Dimayor (Colombia)
Match: Real Cartagena vs Atletico Huila
Score: 0 - 1 (HT: 0 - 1)
Status: Half-time break (Status ID: 3)

--- MATCH BETTING ODDS ---
ML (Money Line):
Time: 4 min | Home: +130 | Draw: +210 | Away: +210

SPREAD (Asia Handicap):
Time: 4 min | Home: +100 | Handicap: 0.25 | Away: -125

Over/Under:
Time: 4 min | Over: -133 | Line: 2.0 | Under: +105

--- MATCH ENVIRONMENT ---
Weather: Partially cloudy
Humidity: 79%
Wind: 3.2m/s (7.2 mph)

------------------------------------------------------------

==================================================
MATCH #9 OF 19
==================================================

----- MATCH SUMMARY -----
Timestamp: 2025-04-30 21:04:09 ET
Competition ID: vl7oqdeh6v4r510
Competition: Ecuadorian Campeonato Serie B (Ecuador)
Match: Atletico Vinotinto vs Chacaritas SC
Score: 2 - 0 (HT: 2 - 0)
Status: Half-time break (Status ID: 3)

--- MATCH BETTING ODDS ---
ML (Money Line):
Time: 4 min | Home: -200 | Draw: +300 | Away: +450

SPREAD (Asia Handicap):
Time: 4 min | Home: -115 | Handicap: 1.0 | Away: -109

Over/Under:
Time: 4 min | Over: -122 | Line: 2.25 | Under: -103

--- MATCH ENVIRONMENT ---
Weather: Unknown (10)
Humidity: 94%
Wind: 0.9m/s (2.0 mph)


==================================================
MATCH #10 OF 19
==================================================

----- MATCH SUMMARY -----
Timestamp: 2025-04-30 21:04:10 ET
Competition ID: gpxwrxlh0nryk0j
Competition: CNCF CHL (Unknown Country)
Match: Inter Miami CF vs Vancouver Whitecaps
Score: 1 - 0 (HT: 1 - 0)
Status: Half-time break (Status ID: 3)

--- MATCH BETTING ODDS ---
ML (Money Line):
Time: 7 min | Home: -175 | Draw: +300 | Away: +400 (Closest time to minutes 4-6 available: 7)

SPREAD (Asia Handicap):
Time: 4 min | Home: -102 | Handicap: 1.0 | Away: -111

Over/Under:
Time: 4 min | Over: -109 | Line: 3.0 | Under: -115

--- MATCH ENVIRONMENT ---
Weather: Partially cloudy
Humidity: 61%
Wind: 5.1m/s (11.4 mph)

------------------------------------------------------------

==================================================
MATCH #7 OF 19
==================================================

----- MATCH SUMMARY -----
Timestamp: 2025-04-30 21:04:08 ET
Competition ID: p3glrw7hevqdyjv
Competition: Argentine Division 1 (Argentina)
Match: Atletico Tucuman vs CA Independiente
Score: 1 - 0 (HT: 1 - 0)
Status: Second half (Status ID: 4)

--- MATCH BETTING ODDS ---
ML (Money Line):
Time: 4 min | Home: +187 | Draw: +200 | Away: +160

SPREAD (Asia Handicap):
Time: 4 min | Home: +102 | Handicap: 0.0 | Away: -130

Over/Under:
Time: 4 min | Over: -118 | Line: 2.0 | Under: -105

--- MATCH ENVIRONMENT ---
Weather: Windy
Humidity: 88%
Wind: 1.1m/s (2.5 mph)


==================================================
MATCH #8 OF 19
==================================================

----- MATCH SUMMARY -----
Timestamp: 2025-04-30 21:04:09 ET
Competition ID: l965mkyh9gr1ge4
Competition: CONMEBOL U17 Women's Sudamericano (Unknown Country)
Match: Colombia (w) U17 vs Argentina (w) U17
Score: 0 - 1 (HT: 0 - 1)
Status: Half-time break (Status ID: 3)

--- MATCH BETTING ODDS ---


--- MATCH ENVIRONMENT ---
No environment data available for this match

------------------------------------------------------------

==================================================
MATCH #6 OF 19
==================================================

----- MATCH SUMMARY -----
Timestamp: 2025-04-30 21:04:08 ET
Competition ID: 8y39mp1hgpmojxg
Competition: Chilean Cup (Chile)
Match: Municipal Iquique vs CD Copiapo S.A.
Score: 2 - 0 (HT: 2 - 0)
Status: Second half (Status ID: 4)

--- MATCH BETTING ODDS ---
ML (Money Line):
Time: 4 min | Home: -152 | Draw: +260 | Away: +450

SPREAD (Asia Handicap):
Time: 4 min | Home: -122 | Handicap: 0.75 | Away: +100

Over/Under:
Time: 4 min | Over: -118 | Line: 2.5 | Under: -105

--- MATCH ENVIRONMENT ---
Weather: Sunny
Humidity: 72%
Wind: 1.8m/s (4.0 mph)

------------------------------------------------------------

==================================================
MATCH #4 OF 19
==================================================

----- MATCH SUMMARY -----
Timestamp: 2025-04-30 21:04:06 ET
Competition ID: d23xmvkh5oqg8ny
Competition: Bolivian Copa LFPB (Bolivia)
Match: Blooming vs Nacional Potosi
Score: 0 - 0 (HT: 0 - 0)
Status: First half (Status ID: 2)

--- MATCH BETTING ODDS ---
ML (Money Line):
Time: 4 min | Home: -175 | Draw: +333 | Away: +350

SPREAD (Asia Handicap):
Time: 4 min | Home: +100 | Handicap: 1.0 | Away: -125

Over/Under:
Time: 4 min | Over: -118 | Line: 3.0 | Under: -105

--- MATCH ENVIRONMENT ---
Weather: Sunny
Humidity: 89%
Wind: 1.8m/s (4.0 mph)


==================================================
MATCH #5 OF 19
==================================================

----- MATCH SUMMARY -----
Timestamp: 2025-04-30 21:04:07 ET
Competition ID: j1l4rjnhz31m7vx
Competition: Colombian Liga Betplay Femenina (Colombia)
Match: Atletico Nacional Medellin (w) vs Independiente Medellin (w)
Score: 1 - 0 (HT: 1 - 0)
Status: Half-time break (Status ID: 3)

--- MATCH BETTING ODDS ---
ML (Money Line):
Time: 4 min | Home: -152 | Draw: +260 | Away: +400

SPREAD (Asia Handicap):
Time: 4 min | Home: -109 | Handicap: 0.75 | Away: -115

Over/Under:
Time: 4 min | Over: -125 | Line: 2.0 | Under: +100

--- MATCH ENVIRONMENT ---
Weather: Windy
Humidity: 93%
Wind: 1.1m/s (2.5 mph)

------------------------------------------------------------

==================================================
MATCH #3 OF 19
==================================================

----- MATCH SUMMARY -----
Timestamp: 2025-04-30 21:04:06 ET
Competition ID: z8yomo4hooq0j6l
Competition: Brazilian Cup (Brazil)
Match: SC Paysandu Para vs Bahia
Score: 0 - 0 (HT: 0 - 0)
Status: First half (Status ID: 2)

--- MATCH BETTING ODDS ---
ML (Money Line):
Time: 4 min | Home: +350 | Draw: +200 | Away: -105

SPREAD (Asia Handicap):
Time: 4 min | Home: -122 | Handicap: -0.5 | Away: -103

Over/Under:
Time: 4 min | Over: -118 | Line: 2.0 | Under: -105

--- MATCH ENVIRONMENT ---
Weather: Windy
Humidity: 92%
Wind: 1.1m/s (2.5 mph)

------------------------------------------------------------

==================================================
MATCH #1 OF 19
==================================================

----- MATCH SUMMARY -----
Timestamp: 2025-04-30 21:04:04 ET
Competition ID: z8yomo4hooq0j6l
Competition: Brazilian Cup (Brazil)
Match: Centro Sportivo Alagoano vs Gremio (RS)
Score: 1 - 1 (HT: 1 - 1)
Status: First half (Status ID: 2)

--- MATCH BETTING ODDS ---
ML (Money Line):
Time: 4 min | Home: +350 | Draw: +210 | Away: -111

SPREAD (Asia Handicap):
Time: 4 min | Home: -115 | Handicap: -0.5 | Away: -109

Over/Under:
Time: 4 min | Over: -122 | Line: 2.0 | Under: -103

--- MATCH ENVIRONMENT ---
Weather: Partially cloudy
Humidity: 65%
Wind: 2.6m/s (5.8 mph)


==================================================
MATCH #2 OF 19
==================================================

----- MATCH SUMMARY -----
Timestamp: 2025-04-30 21:04:05 ET
Competition ID: z8yomo4hooq0j6l
Competition: Brazilian Cup (Brazil)
Match: Gremio Novorizontino vs Corinthians Paulista (SP)
Score: 0 - 1 (HT: 0 - 1)
Status: First half (Status ID: 2)

--- MATCH BETTING ODDS ---
ML (Money Line):
Time: 5 min | Home: +187 | Draw: +175 | Away: +187

SPREAD (Asia Handicap):
Time: 4 min | Home: -111 | Handicap: 0.0 | Away: -111

Over/Under:
Time: 4 min | Over: -111 | Line: 1.75 | Under: -111

--- MATCH ENVIRONMENT ---
Weather: Sunny
Humidity: 68%
Wind: 4.0m/s (8.9 mph)

------------------------------------------------------------

==================================================
REFRESHING DATA AT: 2025-05-01 01:04:03
==================================================

Fetching live matches...

===== FOUND 19 LIVE FOOTBALL MATCHES =====

Last updated: 2025-05-01 01:04:03

------------------------------------------------------------

==================================================
MATCH #21 OF 21
==================================================

----- MATCH SUMMARY -----
Timestamp: 2025-04-30 21:03:33 ET
Competition ID: v2y8m4zhv6ql074
Competition: Israel Leumit League (Israel)
Match: Hapoel Ramat Gan vs Maccabi Herzliya
Score: 2 - 0 (HT: 2 - 0)
Status: Finished (Status ID: 8)

--- MATCH BETTING ODDS ---
ML (Money Line):
Time: 4 min | Home: -105 | Draw: +300 | Away: +210

SPREAD (Asia Handicap):
Time: 4 min | Home: -130 | Handicap: 0.25 | Away: +102

Over/Under:
Time: 4 min | Over: -125 | Line: 2.75 | Under: +100

--- MATCH ENVIRONMENT ---
Weather: Sunny
Humidity: 40%
Wind: 8.4m/s (18.8 mph)


==================================================
END OF LIVE MATCH DATA - 21 MATCHES DISPLAYED
==================================================
Refreshing in 30 seconds... (Press Ctrl+C to exit)

Waiting 30 seconds before next update at 2025-05-01 01:03:33...
==================================================

------------------------------------------------------------

==================================================
MATCH #20 OF 21
==================================================

----- MATCH SUMMARY -----
Timestamp: 2025-04-30 21:03:33 ET
Competition ID: 56ypq3nhzogmd7o
Competition: Portuguese Champions Nacional Juniores A 2 (Portugal)
Match: Vitoria SC Guimaraes U19 vs Tondela U19
Score: 1 - 2 (HT: 0 - 1)
Status: Finished (Status ID: 8)

--- MATCH BETTING ODDS ---
ML (Money Line):
Time: pre-match min | Home: +15000 | Draw: +2200 | Away: -10000 (Closest time to minutes 4-6 available: pre-match)

SPREAD (Asia Handicap):
Time: pre-match min | Home: -333 | Handicap: 0.0 | Away: +245 (Closest time to minutes 4-6 available: pre-match)

Over/Under:
Time: pre-match min | Over: +900 | Line: 3.5 | Under: -1667 (Closest time to minutes 4-6 available: pre-match)

--- MATCH ENVIRONMENT ---
Weather: Foggy
Humidity: 91%
Wind: 3.7m/s (8.3 mph)

------------------------------------------------------------

==================================================
MATCH #18 OF 21
==================================================

----- MATCH SUMMARY -----
Timestamp: 2025-04-30 21:03:31 ET
Competition ID: yl5ergphv3pr8k0
Competition: Iceland U19 League (Iceland)
Match: Keflavik Reynir Vidir II U19 vs Varul Fa Erkao U19
Score: 0 - 0 (HT: 0 - 0)
Status: Abandoned (Status ID: 13)

--- MATCH BETTING ODDS ---


--- MATCH ENVIRONMENT ---
No environment data available for this match


==================================================
MATCH #19 OF 21
==================================================

----- MATCH SUMMARY -----
Timestamp: 2025-04-30 21:03:32 ET
Competition ID: v2y8m4zhydql074
Competition: Uruguay Primera Division (Uruguay)
Match: Montevideo City Torque vs Montevideo Wanderers FC
Score: 0 - 0 (HT: 0 - 0)
Status: Finished (Status ID: 8)

--- MATCH BETTING ODDS ---
ML (Money Line):
Time: 4 min | Home: +160 | Draw: +210 | Away: +175

SPREAD (Asia Handicap):
Time: 4 min | Home: -122 | Handicap: 0.0 | Away: -104

Over/Under:
Time: 4 min | Over: -108 | Line: 2.25 | Under: -115

--- MATCH ENVIRONMENT ---
Weather: Partially cloudy
Humidity: 88%
Wind: 1.8m/s (4.0 mph)

------------------------------------------------------------

==================================================
MATCH #17 OF 21
==================================================

----- MATCH SUMMARY -----
Timestamp: 2025-04-30 21:03:31 ET
Competition ID: 56ypq3nhyymd7oj
Competition: Categoría Primera A (Colombia)
Match: Aguilas Doradas vs America de Cali
Score: 0 - 1 (HT: 0 - 0)
Status: Finished (Status ID: 8)

--- MATCH BETTING ODDS ---
ML (Money Line):
Time: 4 min | Home: +260 | Draw: +175 | Away: +137

SPREAD (Asia Handicap):
Time: 4 min | Home: -122 | Handicap: -0.25 | Away: -103

Over/Under:
Time: 4 min | Over: -106 | Line: 1.75 | Under: -130

--- MATCH ENVIRONMENT ---
Weather: Unknown (10)
Humidity: 94%
Wind: 1.8m/s (4.0 mph)

------------------------------------------------------------

==================================================
MATCH #15 OF 21
==================================================

----- MATCH SUMMARY -----
Timestamp: 2025-04-30 21:03:29 ET
Competition ID: 9dn1m1gh8w2moep
Competition: BRA Amapazap (Brazil)
Match: Trem-AP vs Santos AP
Score: 3 - 0 (HT: 1 - 0)
Status: Finished (Status ID: 8)

--- MATCH BETTING ODDS ---
ML (Money Line):
Time: 4 min | Home: -189 | Draw: +275 | Away: +500

SPREAD (Asia Handicap):
Time: 4 min | Home: -115 | Handicap: 1.0 | Away: -109

Over/Under:
Time: 4 min | Over: -125 | Line: 2.5 | Under: +100

--- MATCH ENVIRONMENT ---
Weather: Partially cloudy
Humidity: 96%
Wind: 1.1m/s (2.5 mph)


==================================================
MATCH #16 OF 21
==================================================

----- MATCH SUMMARY -----
Timestamp: 2025-04-30 21:03:30 ET
Competition ID: p4jwq2gh27m0veo
Competition: Canadian Championship (Canada)
Match: Toronto FC vs Montreal Impact
Score: 2 - 2 (HT: 1 - 0)
Status: Finished (Status ID: 7)

--- MATCH BETTING ODDS ---
ML (Money Line):
Time: 4 min | Home: +175 | Draw: +200 | Away: +150

SPREAD (Asia Handicap):
Time: 4 min | Home: -119 | Handicap: 0.25 | Away: -130

Over/Under:
Time: 4 min | Over: -109 | Line: 2.25 | Under: -115

--- MATCH ENVIRONMENT ---
Weather: Sunny
Humidity: 66%
Wind: 2.6m/s (5.8 mph)

------------------------------------------------------------

==================================================
MATCH #13 OF 21
==================================================

----- MATCH SUMMARY -----
Timestamp: 2025-04-30 21:03:28 ET
Competition ID: p3glrw7hjk4qdyj
Competition: Nicaragua Liga Primera (Nicaragua)
Match: Deportivo Ocotal vs Diriangen
Score: 0 - 2 (HT: 0 - 2)
Status: Finished (Status ID: 8)

--- MATCH BETTING ODDS ---

SPREAD (Asia Handicap):
Time: 4 min | Home: +104 | Handicap: -1.0 | Away: -152

Over/Under:
Time: 4 min | Over: -182 | Line: 2.5 | Under: +120

--- MATCH ENVIRONMENT ---
No environment data available for this match


==================================================
MATCH #14 OF 21
==================================================

----- MATCH SUMMARY -----
Timestamp: 2025-04-30 21:03:29 ET
Competition ID: p3glrw7hjk4qdyj
Competition: Nicaragua Liga Primera (Nicaragua)
Match: Rancho Santana FC vs HYH Export Sebaco FC
Score: 1 - 1 (HT: 0 - 1)
Status: Finished (Status ID: 8)

--- MATCH BETTING ODDS ---

SPREAD (Asia Handicap):
Time: 24 min | Home: +100 | Handicap: 0.0 | Away: -143 (Closest time to minutes 4-6 available: 24)

Over/Under:
Time: 24 min | Over: -105 | Line: 2.25 | Under: -133 (Closest time to minutes 4-6 available: 24)

--- MATCH ENVIRONMENT ---
No environment data available for this match

------------------------------------------------------------

==================================================
MATCH #12 OF 21
==================================================

----- MATCH SUMMARY -----
Timestamp: 2025-04-30 21:03:28 ET
Competition ID: gpxwrxlho4ryk0j
Competition: Brazilian Youth League (Brazil)
Match: Sao Paulo (Youth) vs Atletico Mineiro Youth
Score: 2 - 1 (HT: 1 - 1)
Status: Second half (Status ID: 4)

--- MATCH BETTING ODDS ---
ML (Money Line):
Time: 4 min | Home: -139 | Draw: +275 | Away: +300

SPREAD (Asia Handicap):
Time: 4 min | Home: -111 | Handicap: 0.5 | Away: -111

Over/Under:
Time: 4 min | Over: +100 | Line: 3.0 | Under: -125

--- MATCH ENVIRONMENT ---
Weather: Sunny
Humidity: 87%
Wind: 4.8m/s (10.7 mph)

------------------------------------------------------------

==================================================
MATCH #10 OF 21
==================================================

----- MATCH SUMMARY -----
Timestamp: 2025-04-30 21:03:27 ET
Competition ID: gpxwrxlh0nryk0j
Competition: CNCF CHL (Unknown Country)
Match: Inter Miami CF vs Vancouver Whitecaps
Score: 1 - 0 (HT: 1 - 0)
Status: Half-time break (Status ID: 3)

--- MATCH BETTING ODDS ---
ML (Money Line):
Time: 7 min | Home: -175 | Draw: +300 | Away: +400 (Closest time to minutes 4-6 available: 7)

SPREAD (Asia Handicap):
Time: 4 min | Home: -102 | Handicap: 1.0 | Away: -111

Over/Under:
Time: 4 min | Over: -109 | Line: 3.0 | Under: -115

--- MATCH ENVIRONMENT ---
Weather: Partially cloudy
Humidity: 61%
Wind: 5.1m/s (11.4 mph)


==================================================
MATCH #11 OF 21
==================================================

----- MATCH SUMMARY -----
Timestamp: 2025-04-30 21:03:27 ET
Competition ID: gpxwrxlh84ryk0j
Competition: Colombian Torneo BetPlay Dimayor (Colombia)
Match: Real Cartagena vs Atletico Huila
Score: 0 - 1 (HT: 0 - 1)
Status: Half-time break (Status ID: 3)

--- MATCH BETTING ODDS ---
ML (Money Line):
Time: 4 min | Home: +130 | Draw: +210 | Away: +210

SPREAD (Asia Handicap):
Time: 4 min | Home: +100 | Handicap: 0.25 | Away: -125

Over/Under:
Time: 4 min | Over: -133 | Line: 2.0 | Under: +105

--- MATCH ENVIRONMENT ---
Weather: Partially cloudy
Humidity: 79%
Wind: 3.2m/s (7.2 mph)

------------------------------------------------------------

==================================================
MATCH #8 OF 21
==================================================

----- MATCH SUMMARY -----
Timestamp: 2025-04-30 21:03:25 ET
Competition ID: l965mkyh9gr1ge4
Competition: CONMEBOL U17 Women's Sudamericano (Unknown Country)
Match: Colombia (w) U17 vs Argentina (w) U17
Score: 0 - 1 (HT: 0 - 1)
Status: Half-time break (Status ID: 3)

--- MATCH BETTING ODDS ---


--- MATCH ENVIRONMENT ---
No environment data available for this match


==================================================
MATCH #9 OF 21
==================================================

----- MATCH SUMMARY -----
Timestamp: 2025-04-30 21:03:26 ET
Competition ID: vl7oqdeh6v4r510
Competition: Ecuadorian Campeonato Serie B (Ecuador)
Match: Atletico Vinotinto vs Chacaritas SC
Score: 2 - 0 (HT: 2 - 0)
Status: Half-time break (Status ID: 3)

--- MATCH BETTING ODDS ---
ML (Money Line):
Time: 4 min | Home: -200 | Draw: +300 | Away: +450

SPREAD (Asia Handicap):
Time: 4 min | Home: -115 | Handicap: 1.0 | Away: -109

Over/Under:
Time: 4 min | Over: -122 | Line: 2.25 | Under: -103

--- MATCH ENVIRONMENT ---
Weather: Unknown (10)
Humidity: 94%
Wind: 0.9m/s (2.0 mph)

------------------------------------------------------------

==================================================
MATCH #7 OF 21
==================================================

----- MATCH SUMMARY -----
Timestamp: 2025-04-30 21:03:25 ET
Competition ID: p3glrw7hevqdyjv
Competition: Argentine Division 1 (Argentina)
Match: Atletico Tucuman vs CA Independiente
Score: 1 - 0 (HT: 1 - 0)
Status: Half-time break (Status ID: 3)

--- MATCH BETTING ODDS ---
ML (Money Line):
Time: 4 min | Home: +187 | Draw: +200 | Away: +160

SPREAD (Asia Handicap):
Time: 4 min | Home: +102 | Handicap: 0.0 | Away: -130

Over/Under:
Time: 4 min | Over: -118 | Line: 2.0 | Under: -105

--- MATCH ENVIRONMENT ---
Weather: Windy
Humidity: 88%
Wind: 1.1m/s (2.5 mph)

------------------------------------------------------------

==================================================
MATCH #5 OF 21
==================================================

----- MATCH SUMMARY -----
Timestamp: 2025-04-30 21:03:23 ET
Competition ID: j1l4rjnhz31m7vx
Competition: Colombian Liga Betplay Femenina (Colombia)
Match: Atletico Nacional Medellin (w) vs Independiente Medellin (w)
Score: 1 - 0 (HT: 1 - 0)
Status: Half-time break (Status ID: 3)

--- MATCH BETTING ODDS ---
ML (Money Line):
Time: 4 min | Home: -152 | Draw: +260 | Away: +400

SPREAD (Asia Handicap):
Time: 4 min | Home: -109 | Handicap: 0.75 | Away: -115

Over/Under:
Time: 4 min | Over: -125 | Line: 2.0 | Under: +100

--- MATCH ENVIRONMENT ---
Weather: Windy
Humidity: 93%
Wind: 1.1m/s (2.5 mph)


==================================================
MATCH #6 OF 21
==================================================

----- MATCH SUMMARY -----
Timestamp: 2025-04-30 21:03:24 ET
Competition ID: 8y39mp1hgpmojxg
Competition: Chilean Cup (Chile)
Match: Municipal Iquique vs CD Copiapo S.A.
Score: 2 - 0 (HT: 2 - 0)
Status: Half-time break (Status ID: 3)

--- MATCH BETTING ODDS ---
ML (Money Line):
Time: 4 min | Home: -152 | Draw: +260 | Away: +450

SPREAD (Asia Handicap):
Time: 4 min | Home: -122 | Handicap: 0.75 | Away: +100

Over/Under:
Time: 4 min | Over: -118 | Line: 2.5 | Under: -105

--- MATCH ENVIRONMENT ---
Weather: Sunny
Humidity: 72%
Wind: 1.8m/s (4.0 mph)

------------------------------------------------------------

==================================================
MATCH #4 OF 21
==================================================

----- MATCH SUMMARY -----
Timestamp: 2025-04-30 21:03:23 ET
Competition ID: d23xmvkh5oqg8ny
Competition: Bolivian Copa LFPB (Bolivia)
Match: Blooming vs Nacional Potosi
Score: 0 - 0 (HT: 0 - 0)
Status: First half (Status ID: 2)

--- MATCH BETTING ODDS ---
ML (Money Line):
Time: 4 min | Home: -175 | Draw: +333 | Away: +350

SPREAD (Asia Handicap):
Time: 4 min | Home: +100 | Handicap: 1.0 | Away: -125

Over/Under:
Time: 4 min | Over: -118 | Line: 3.0 | Under: -105

--- MATCH ENVIRONMENT ---
Weather: Sunny
Humidity: 89%
Wind: 1.8m/s (4.0 mph)

------------------------------------------------------------

==================================================
MATCH #2 OF 21
==================================================

----- MATCH SUMMARY -----
Timestamp: 2025-04-30 21:03:21 ET
Competition ID: z8yomo4hooq0j6l
Competition: Brazilian Cup (Brazil)
Match: Gremio Novorizontino vs Corinthians Paulista (SP)
Score: 0 - 1 (HT: 0 - 1)
Status: First half (Status ID: 2)

--- MATCH BETTING ODDS ---
ML (Money Line):
Time: 5 min | Home: +187 | Draw: +175 | Away: +187

SPREAD (Asia Handicap):
Time: 4 min | Home: -111 | Handicap: 0.0 | Away: -111

Over/Under:
Time: 4 min | Over: -111 | Line: 1.75 | Under: -111

--- MATCH ENVIRONMENT ---
Weather: Sunny
Humidity: 68%
Wind: 4.0m/s (8.9 mph)


==================================================
MATCH #3 OF 21
==================================================

----- MATCH SUMMARY -----
Timestamp: 2025-04-30 21:03:22 ET
Competition ID: z8yomo4hooq0j6l
Competition: Brazilian Cup (Brazil)
Match: SC Paysandu Para vs Bahia
Score: 0 - 0 (HT: 0 - 0)
Status: First half (Status ID: 2)

--- MATCH BETTING ODDS ---
ML (Money Line):
Time: 4 min | Home: +350 | Draw: +200 | Away: -105

SPREAD (Asia Handicap):
Time: 4 min | Home: -122 | Handicap: -0.5 | Away: -103

Over/Under:
Time: 4 min | Over: -118 | Line: 2.0 | Under: -105

--- MATCH ENVIRONMENT ---
Weather: Windy
Humidity: 92%
Wind: 1.1m/s (2.5 mph)

------------------------------------------------------------

==================================================
MATCH #1 OF 21
==================================================

----- MATCH SUMMARY -----
Timestamp: 2025-04-30 21:03:21 ET
Competition ID: z8yomo4hooq0j6l
Competition: Brazilian Cup (Brazil)
Match: Centro Sportivo Alagoano vs Gremio (RS)
Score: 1 - 1 (HT: 1 - 1)
Status: First half (Status ID: 2)

--- MATCH BETTING ODDS ---
ML (Money Line):
Time: 4 min | Home: +350 | Draw: +210 | Away: -111

SPREAD (Asia Handicap):
Time: 4 min | Home: -115 | Handicap: -0.5 | Away: -109

Over/Under:
Time: 4 min | Over: -122 | Line: 2.0 | Under: -103

--- MATCH ENVIRONMENT ---
Weather: Partially cloudy
Humidity: 65%
Wind: 2.6m/s (5.8 mph)

------------------------------------------------------------

==================================================
REFRESHING DATA AT: 2025-05-01 01:03:19
==================================================

Fetching live matches...

===== FOUND 21 LIVE FOOTBALL MATCHES =====

Last updated: 2025-05-01 01:03:19

------------------------------------------------------------

==================================================
MATCH #21 OF 21
==================================================

----- MATCH SUMMARY -----
Timestamp: 2025-04-30 21:02:49 ET
Competition ID: v2y8m4zhv6ql074
Competition: Israel Leumit League (Israel)
Match: Hapoel Ramat Gan vs Maccabi Herzliya
Score: 2 - 0 (HT: 2 - 0)
Status: Finished (Status ID: 8)

--- MATCH BETTING ODDS ---
ML (Money Line):
Time: 4 min | Home: -105 | Draw: +300 | Away: +210

SPREAD (Asia Handicap):
Time: 4 min | Home: -130 | Handicap: 0.25 | Away: +102

Over/Under:
Time: 4 min | Over: -125 | Line: 2.75 | Under: +100

--- MATCH ENVIRONMENT ---
Weather: Sunny
Humidity: 40%
Wind: 8.4m/s (18.8 mph)


==================================================
END OF LIVE MATCH DATA - 21 MATCHES DISPLAYED
==================================================
Refreshing in 30 seconds... (Press Ctrl+C to exit)

Waiting 30 seconds before next update at 2025-05-01 01:02:49...
==================================================

------------------------------------------------------------

==================================================
MATCH #20 OF 21
==================================================

----- MATCH SUMMARY -----
Timestamp: 2025-04-30 21:02:49 ET
Competition ID: 56ypq3nhzogmd7o
Competition: Portuguese Champions Nacional Juniores A 2 (Portugal)
Match: Vitoria SC Guimaraes U19 vs Tondela U19
Score: 1 - 2 (HT: 0 - 1)
Status: Finished (Status ID: 8)

--- MATCH BETTING ODDS ---
ML (Money Line):
Time: pre-match min | Home: +15000 | Draw: +2200 | Away: -10000 (Closest time to minutes 4-6 available: pre-match)

SPREAD (Asia Handicap):
Time: pre-match min | Home: -333 | Handicap: 0.0 | Away: +245 (Closest time to minutes 4-6 available: pre-match)

Over/Under:
Time: pre-match min | Over: +900 | Line: 3.5 | Under: -1667 (Closest time to minutes 4-6 available: pre-match)

--- MATCH ENVIRONMENT ---
Weather: Foggy
Humidity: 91%
Wind: 3.7m/s (8.3 mph)

------------------------------------------------------------

==================================================
MATCH #18 OF 21
==================================================

----- MATCH SUMMARY -----
Timestamp: 2025-04-30 21:02:47 ET
Competition ID: yl5ergphv3pr8k0
Competition: Iceland U19 League (Iceland)
Match: Keflavik Reynir Vidir II U19 vs Varul Fa Erkao U19
Score: 0 - 0 (HT: 0 - 0)
Status: Abandoned (Status ID: 13)

--- MATCH BETTING ODDS ---


--- MATCH ENVIRONMENT ---
No environment data available for this match


==================================================
MATCH #19 OF 21
==================================================

----- MATCH SUMMARY -----
Timestamp: 2025-04-30 21:02:48 ET
Competition ID: v2y8m4zhydql074
Competition: Uruguay Primera Division (Uruguay)
Match: Montevideo City Torque vs Montevideo Wanderers FC
Score: 0 - 0 (HT: 0 - 0)
Status: Finished (Status ID: 8)

--- MATCH BETTING ODDS ---
ML (Money Line):
Time: 4 min | Home: +160 | Draw: +210 | Away: +175

SPREAD (Asia Handicap):
Time: 4 min | Home: -122 | Handicap: 0.0 | Away: -104

Over/Under:
Time: 4 min | Over: -108 | Line: 2.25 | Under: -115

--- MATCH ENVIRONMENT ---
Weather: Partially cloudy
Humidity: 88%
Wind: 1.8m/s (4.0 mph)

------------------------------------------------------------

==================================================
MATCH #16 OF 21
==================================================

----- MATCH SUMMARY -----
Timestamp: 2025-04-30 21:02:46 ET
Competition ID: p4jwq2gh27m0veo
Competition: Canadian Championship (Canada)
Match: Toronto FC vs Montreal Impact
Score: 2 - 2 (HT: 1 - 0)
Status: Finished (Status ID: 7)

--- MATCH BETTING ODDS ---
ML (Money Line):
Time: 4 min | Home: +175 | Draw: +200 | Away: +150

SPREAD (Asia Handicap):
Time: 4 min | Home: -119 | Handicap: 0.25 | Away: -130

Over/Under:
Time: 4 min | Over: -109 | Line: 2.25 | Under: -115

--- MATCH ENVIRONMENT ---
Weather: Sunny
Humidity: 66%
Wind: 2.6m/s (5.8 mph)


==================================================
MATCH #17 OF 21
==================================================

----- MATCH SUMMARY -----
Timestamp: 2025-04-30 21:02:47 ET
Competition ID: 56ypq3nhyymd7oj
Competition: Categoría Primera A (Colombia)
Match: Aguilas Doradas vs America de Cali
Score: 0 - 1 (HT: 0 - 0)
Status: Finished (Status ID: 8)

--- MATCH BETTING ODDS ---
ML (Money Line):
Time: 4 min | Home: +260 | Draw: +175 | Away: +137

SPREAD (Asia Handicap):
Time: 4 min | Home: -122 | Handicap: -0.25 | Away: -103

Over/Under:
Time: 4 min | Over: -106 | Line: 1.75 | Under: -130

--- MATCH ENVIRONMENT ---
Weather: Unknown (10)
Humidity: 94%
Wind: 1.8m/s (4.0 mph)

------------------------------------------------------------

==================================================
MATCH #15 OF 21
==================================================

----- MATCH SUMMARY -----
Timestamp: 2025-04-30 21:02:45 ET
Competition ID: 9dn1m1gh8w2moep
Competition: BRA Amapazap (Brazil)
Match: Trem-AP vs Santos AP
Score: 3 - 0 (HT: 1 - 0)
Status: Finished (Status ID: 8)

--- MATCH BETTING ODDS ---
ML (Money Line):
Time: 4 min | Home: -189 | Draw: +275 | Away: +500

SPREAD (Asia Handicap):
Time: 4 min | Home: -115 | Handicap: 1.0 | Away: -109

Over/Under:
Time: 4 min | Over: -125 | Line: 2.5 | Under: +100

--- MATCH ENVIRONMENT ---
Weather: Partially cloudy
Humidity: 96%
Wind: 1.1m/s (2.5 mph)

------------------------------------------------------------

==================================================
MATCH #13 OF 21
==================================================

----- MATCH SUMMARY -----
Timestamp: 2025-04-30 21:02:44 ET
Competition ID: p3glrw7hjk4qdyj
Competition: Nicaragua Liga Primera (Nicaragua)
Match: Deportivo Ocotal vs Diriangen
Score: 0 - 2 (HT: 0 - 2)
Status: Finished (Status ID: 8)

--- MATCH BETTING ODDS ---

SPREAD (Asia Handicap):
Time: 4 min | Home: +104 | Handicap: -1.0 | Away: -152

Over/Under:
Time: 4 min | Over: -182 | Line: 2.5 | Under: +120

--- MATCH ENVIRONMENT ---
No environment data available for this match


==================================================
MATCH #14 OF 21
==================================================

----- MATCH SUMMARY -----
Timestamp: 2025-04-30 21:02:45 ET
Competition ID: p3glrw7hjk4qdyj
Competition: Nicaragua Liga Primera (Nicaragua)
Match: Rancho Santana FC vs HYH Export Sebaco FC
Score: 1 - 1 (HT: 0 - 1)
Status: Finished (Status ID: 8)

--- MATCH BETTING ODDS ---

SPREAD (Asia Handicap):
Time: 24 min | Home: +100 | Handicap: 0.0 | Away: -143 (Closest time to minutes 4-6 available: 24)

Over/Under:
Time: 24 min | Over: -105 | Line: 2.25 | Under: -133 (Closest time to minutes 4-6 available: 24)

--- MATCH ENVIRONMENT ---
No environment data available for this match

------------------------------------------------------------

==================================================
MATCH #12 OF 21
==================================================

----- MATCH SUMMARY -----
Timestamp: 2025-04-30 21:02:44 ET
Competition ID: gpxwrxlho4ryk0j
Competition: Brazilian Youth League (Brazil)
Match: Sao Paulo (Youth) vs Atletico Mineiro Youth
Score: 2 - 1 (HT: 1 - 1)
Status: Second half (Status ID: 4)

--- MATCH BETTING ODDS ---
ML (Money Line):
Time: 4 min | Home: -139 | Draw: +275 | Away: +300

SPREAD (Asia Handicap):
Time: 4 min | Home: -111 | Handicap: 0.5 | Away: -111

Over/Under:
Time: 4 min | Over: +100 | Line: 3.0 | Under: -125

--- MATCH ENVIRONMENT ---
Weather: Sunny
Humidity: 87%
Wind: 4.8m/s (10.7 mph)

------------------------------------------------------------

==================================================
MATCH #10 OF 21
==================================================

----- MATCH SUMMARY -----
Timestamp: 2025-04-30 21:02:42 ET
Competition ID: gpxwrxlh0nryk0j
Competition: CNCF CHL (Unknown Country)
Match: Inter Miami CF vs Vancouver Whitecaps
Score: 1 - 0 (HT: 1 - 0)
Status: Half-time break (Status ID: 3)

--- MATCH BETTING ODDS ---
ML (Money Line):
Time: 7 min | Home: -175 | Draw: +300 | Away: +400 (Closest time to minutes 4-6 available: 7)

SPREAD (Asia Handicap):
Time: 4 min | Home: -102 | Handicap: 1.0 | Away: -111

Over/Under:
Time: 4 min | Over: -109 | Line: 3.0 | Under: -115

--- MATCH ENVIRONMENT ---
Weather: Partially cloudy
Humidity: 61%
Wind: 5.1m/s (11.4 mph)


==================================================
MATCH #11 OF 21
==================================================

----- MATCH SUMMARY -----
Timestamp: 2025-04-30 21:02:43 ET
Competition ID: gpxwrxlh84ryk0j
Competition: Colombian Torneo BetPlay Dimayor (Colombia)
Match: Real Cartagena vs Atletico Huila
Score: 0 - 1 (HT: 0 - 1)
Status: Half-time break (Status ID: 3)

--- MATCH BETTING ODDS ---
ML (Money Line):
Time: 4 min | Home: +130 | Draw: +210 | Away: +210

SPREAD (Asia Handicap):
Time: 4 min | Home: +100 | Handicap: 0.25 | Away: -125

Over/Under:
Time: 4 min | Over: -133 | Line: 2.0 | Under: +105

--- MATCH ENVIRONMENT ---
Weather: Partially cloudy
Humidity: 79%
Wind: 3.2m/s (7.2 mph)

------------------------------------------------------------

==================================================
MATCH #8 OF 21
==================================================

----- MATCH SUMMARY -----
Timestamp: 2025-04-30 21:02:41 ET
Competition ID: l965mkyh9gr1ge4
Competition: CONMEBOL U17 Women's Sudamericano (Unknown Country)
Match: Colombia (w) U17 vs Argentina (w) U17
Score: 0 - 1 (HT: 0 - 1)
Status: Half-time break (Status ID: 3)

--- MATCH BETTING ODDS ---


--- MATCH ENVIRONMENT ---
No environment data available for this match


==================================================
MATCH #9 OF 21
==================================================

----- MATCH SUMMARY -----
Timestamp: 2025-04-30 21:02:42 ET
Competition ID: vl7oqdeh6v4r510
Competition: Ecuadorian Campeonato Serie B (Ecuador)
Match: Atletico Vinotinto vs Chacaritas SC
Score: 2 - 0 (HT: 2 - 0)
Status: Half-time break (Status ID: 3)

--- MATCH BETTING ODDS ---
ML (Money Line):
Time: 4 min | Home: -200 | Draw: +300 | Away: +450

SPREAD (Asia Handicap):
Time: 4 min | Home: -115 | Handicap: 1.0 | Away: -109

Over/Under:
Time: 4 min | Over: -122 | Line: 2.25 | Under: -103

--- MATCH ENVIRONMENT ---
Weather: Unknown (10)
Humidity: 94%
Wind: 0.9m/s (2.0 mph)

------------------------------------------------------------

==================================================
MATCH #7 OF 21
==================================================

----- MATCH SUMMARY -----
Timestamp: 2025-04-30 21:02:41 ET
Competition ID: p3glrw7hevqdyjv
Competition: Argentine Division 1 (Argentina)
Match: Atletico Tucuman vs CA Independiente
Score: 1 - 0 (HT: 1 - 0)
Status: Half-time break (Status ID: 3)

--- MATCH BETTING ODDS ---
ML (Money Line):
Time: 4 min | Home: +187 | Draw: +200 | Away: +160

SPREAD (Asia Handicap):
Time: 4 min | Home: +102 | Handicap: 0.0 | Away: -130

Over/Under:
Time: 4 min | Over: -118 | Line: 2.0 | Under: -105

--- MATCH ENVIRONMENT ---
Weather: Windy
Humidity: 88%
Wind: 1.1m/s (2.5 mph)

------------------------------------------------------------

==================================================
MATCH #5 OF 21
==================================================

----- MATCH SUMMARY -----
Timestamp: 2025-04-30 21:02:39 ET
Competition ID: j1l4rjnhz31m7vx
Competition: Colombian Liga Betplay Femenina (Colombia)
Match: Atletico Nacional Medellin (w) vs Independiente Medellin (w)
Score: 1 - 0 (HT: 1 - 0)
Status: Half-time break (Status ID: 3)

--- MATCH BETTING ODDS ---
ML (Money Line):
Time: 4 min | Home: -152 | Draw: +260 | Away: +400

SPREAD (Asia Handicap):
Time: 4 min | Home: -109 | Handicap: 0.75 | Away: -115

Over/Under:
Time: 4 min | Over: -125 | Line: 2.0 | Under: +100

--- MATCH ENVIRONMENT ---
Weather: Windy
Humidity: 93%
Wind: 1.1m/s (2.5 mph)


==================================================
MATCH #6 OF 21
==================================================

----- MATCH SUMMARY -----
Timestamp: 2025-04-30 21:02:40 ET
Competition ID: 8y39mp1hgpmojxg
Competition: Chilean Cup (Chile)
Match: Municipal Iquique vs CD Copiapo S.A.
Score: 2 - 0 (HT: 2 - 0)
Status: Half-time break (Status ID: 3)

--- MATCH BETTING ODDS ---
ML (Money Line):
Time: 4 min | Home: -152 | Draw: +260 | Away: +450

SPREAD (Asia Handicap):
Time: 4 min | Home: -122 | Handicap: 0.75 | Away: +100

Over/Under:
Time: 4 min | Over: -118 | Line: 2.5 | Under: -105

--- MATCH ENVIRONMENT ---
Weather: Sunny
Humidity: 72%
Wind: 1.8m/s (4.0 mph)

------------------------------------------------------------

==================================================
MATCH #4 OF 21
==================================================

----- MATCH SUMMARY -----
Timestamp: 2025-04-30 21:02:39 ET
Competition ID: d23xmvkh5oqg8ny
Competition: Bolivian Copa LFPB (Bolivia)
Match: Blooming vs Nacional Potosi
Score: 0 - 0 (HT: 0 - 0)
Status: First half (Status ID: 2)

--- MATCH BETTING ODDS ---
ML (Money Line):
Time: 4 min | Home: -175 | Draw: +333 | Away: +350

SPREAD (Asia Handicap):
Time: 4 min | Home: +100 | Handicap: 1.0 | Away: -125

Over/Under:
Time: 4 min | Over: -118 | Line: 3.0 | Under: -105

--- MATCH ENVIRONMENT ---
Weather: Sunny
Humidity: 89%
Wind: 1.8m/s (4.0 mph)

------------------------------------------------------------

==================================================
MATCH #2 OF 21
==================================================

----- MATCH SUMMARY -----
Timestamp: 2025-04-30 21:02:37 ET
Competition ID: z8yomo4hooq0j6l
Competition: Brazilian Cup (Brazil)
Match: Gremio Novorizontino vs Corinthians Paulista (SP)
Score: 0 - 1 (HT: 0 - 1)
Status: First half (Status ID: 2)

--- MATCH BETTING ODDS ---
ML (Money Line):
Time: 5 min | Home: +187 | Draw: +175 | Away: +187

SPREAD (Asia Handicap):
Time: 4 min | Home: -111 | Handicap: 0.0 | Away: -111

Over/Under:
Time: 4 min | Over: -111 | Line: 1.75 | Under: -111

--- MATCH ENVIRONMENT ---
Weather: Sunny
Humidity: 68%
Wind: 4.0m/s (8.9 mph)


==================================================
MATCH #3 OF 21
==================================================

----- MATCH SUMMARY -----
Timestamp: 2025-04-30 21:02:38 ET
Competition ID: z8yomo4hooq0j6l
Competition: Brazilian Cup (Brazil)
Match: SC Paysandu Para vs Bahia
Score: 0 - 0 (HT: 0 - 0)
Status: First half (Status ID: 2)

--- MATCH BETTING ODDS ---
ML (Money Line):
Time: 4 min | Home: +350 | Draw: +200 | Away: -105

SPREAD (Asia Handicap):
Time: 4 min | Home: -122 | Handicap: -0.5 | Away: -103

Over/Under:
Time: 4 min | Over: -118 | Line: 2.0 | Under: -105

--- MATCH ENVIRONMENT ---
Weather: Windy
Humidity: 92%
Wind: 1.1m/s (2.5 mph)

------------------------------------------------------------

===== FOUND 21 LIVE FOOTBALL MATCHES =====

Last updated: 2025-05-01 01:02:36
==================================================
MATCH #1 OF 21
==================================================

----- MATCH SUMMARY -----
Timestamp: 2025-04-30 21:02:37 ET
Competition ID: z8yomo4hooq0j6l
Competition: Brazilian Cup (Brazil)
Match: Centro Sportivo Alagoano vs Gremio (RS)
Score: 1 - 1 (HT: 1 - 1)
Status: First half (Status ID: 2)

--- MATCH BETTING ODDS ---
ML (Money Line):
Time: 4 min | Home: +350 | Draw: +210 | Away: -111

SPREAD (Asia Handicap):
Time: 4 min | Home: -115 | Handicap: -0.5 | Away: -109

Over/Under:
Time: 4 min | Over: -122 | Line: 2.0 | Under: -103

--- MATCH ENVIRONMENT ---
Weather: Partially cloudy
Humidity: 65%
Wind: 2.6m/s (5.8 mph)

------------------------------------------------------------

==================================================
REFRESHING DATA AT: 2025-05-01 01:02:36
==================================================

Fetching live matches...

------------------------------------------------------------

