Fetching country data...
Fetching live matches...

===== FOUND 6 LIVE FOOTBALL MATCHES =====

Last updated: 2025-05-01 00:37:50
==================================================
MATCH #1 OF 6
==================================================

----- MATCH SUMMARY -----
Timestamp: 2025-05-01 00:37:52 ET
Competition ID: j1l4rjnhjg1m7vx
Competition: USA ULOC (United States)
Match: Las Vegas Lights vs AV Alta
Score: 2 - 1 (HT: 1 - 0)
Status: Finished (Status ID: 8)

--- MATCH BETTING ODDS ---
ML (Money Line):
Time: 4 min | Home: -111 | Draw: +275 | Away: +220

SPREAD (Asia Handicap):
Time: 4 min | Home: +100 | Handicap: 0.5 | Away: -125

Over/Under:
Time: 4 min | Over: -103 | Line: 3.0 | Under: -122

--- MATCH ENVIRONMENT ---
Weather: Cloudy
Humidity: 15%
Wind: 2.3m/s (5.1 mph)


==================================================
MATCH #2 OF 6
==================================================

----- MATCH SUMMARY -----
Timestamp: 2025-05-01 00:37:53 ET
Competition ID: l965mkyhdgr1ge4
Competition: Chilean Primera B (Chile)
Match: D. Concepcion vs Santiago Morning
Score: 3 - 0 (HT: 2 - 0)
Status: Finished (Status ID: 8)

--- MATCH BETTING ODDS ---
ML (Money Line):
Time: 4 min | Home: +137 | Draw: +200 | Away: +187

SPREAD (Asia Handicap):
Time: 4 min | Home: -101 | Handicap: 0.25 | Away: -130

Over/Under:
Time: 4 min | Over: +105 | Line: 2.25 | Under: -133

--- MATCH ENVIRONMENT ---
Weather: Sunny
Humidity: 39%
Wind: 1.2m/s (2.7 mph)


==================================================
MATCH #3 OF 6
==================================================

----- MATCH SUMMARY -----
Timestamp: 2025-05-01 00:37:55 ET
Competition ID: yl5ergphd2r8k0o
Competition: Moldova Division 2 (Moldova)
Match: Saxan Ceadir Lunga vs FC Ursidos Stauceni
Score: 1 - 1 (HT: 0 - 1)
Status: Finished (Status ID: 8)

--- MATCH BETTING ODDS ---

SPREAD (Asia Handicap):
Time: 7 min | Home: -127 | Handicap: 0.5 | Away: -118 (Closest time to minutes 4-6 available: 7)

Over/Under:
Time: 4 min | Over: -154 | Line: 2.5 | Under: +110

--- MATCH ENVIRONMENT ---
No environment data available for this match


==================================================
MATCH #4 OF 6
==================================================

----- MATCH SUMMARY -----
Timestamp: 2025-05-01 00:37:56 ET
Competition ID: v2y8m4zhydql074
Competition: Uruguay Primera Division (Uruguay)
Match: Montevideo City Torque vs Montevideo Wanderers FC
Score: 0 - 0 (HT: 0 - 0)
Status: Finished (Status ID: 8)

--- MATCH BETTING ODDS ---
ML (Money Line):
Time: 4 min | Home: +160 | Draw: +210 | Away: +175

SPREAD (Asia Handicap):
Time: 4 min | Home: -122 | Handicap: 0.0 | Away: -104

Over/Under:
Time: 4 min | Over: -108 | Line: 2.25 | Under: -115

--- MATCH ENVIRONMENT ---
Weather: Partially cloudy
Humidity: 88%
Wind: 1.8m/s (4.0 mph)


==================================================
MATCH #5 OF 6
==================================================

----- MATCH SUMMARY -----
Timestamp: 2025-05-01 00:37:58 ET
Competition ID: v2y8m4zhv6ql074
Competition: Israel Leumit League (Israel)
Match: Hapoel Ramat Gan vs Maccabi Herzliya
Score: 2 - 0 (HT: 2 - 0)
Status: Finished (Status ID: 8)

--- MATCH BETTING ODDS ---
ML (Money Line):
Time: 4 min | Home: -105 | Draw: +300 | Away: +210

SPREAD (Asia Handicap):
Time: 4 min | Home: -130 | Handicap: 0.25 | Away: +102

Over/Under:
Time: 4 min | Over: -125 | Line: 2.75 | Under: +100

--- MATCH ENVIRONMENT ---
Weather: Sunny
Humidity: 40%
Wind: 8.4m/s (18.8 mph)


==================================================
MATCH #6 OF 6
==================================================

----- MATCH SUMMARY -----
Timestamp: 2025-05-01 00:38:00 ET
Competition ID: kjw2r09hj8rz84o
Competition: Italian Primavera Cup (Italy)
Match: Cagliari U19 vs AC Milan U20
Score: 3 - 0 (HT: 2 - 0)
Status: Finished (Status ID: 8)

--- MATCH BETTING ODDS ---
ML (Money Line):
Time: 4 min | Home: +240 | Draw: +240 | Away: +105

SPREAD (Asia Handicap):
Time: 4 min | Home: -139 | Handicap: -0.5 | Away: +107

Over/Under:
Time: 4 min | Over: -109 | Line: 2.5 | Under: -115

--- MATCH ENVIRONMENT ---
Weather: Sunny
Humidity: 48%
Wind: 2.6m/s (5.8 mph)


==================================================
END OF LIVE MATCH DATA - 6 MATCHES DISPLAYED
==================================================
Refreshing in 30 seconds... (Press Ctrl+C to exit)

Waiting 30 seconds before next update at 2025-05-01 00:38:00...
==================================================

==================================================
REFRESHING DATA AT: 2025-05-01 00:38:30
==================================================

Fetching live matches...

===== FOUND 6 LIVE FOOTBALL MATCHES =====

Last updated: 2025-05-01 00:38:30
==================================================
MATCH #1 OF 6
==================================================

----- MATCH SUMMARY -----
Timestamp: 2025-05-01 00:38:31 ET
Competition ID: j1l4rjnhjg1m7vx
Competition: USA ULOC (United States)
Match: Las Vegas Lights vs AV Alta
Score: 2 - 1 (HT: 1 - 0)
Status: Finished (Status ID: 8)

--- MATCH BETTING ODDS ---
ML (Money Line):
Time: 4 min | Home: -111 | Draw: +275 | Away: +220

SPREAD (Asia Handicap):
Time: 4 min | Home: +100 | Handicap: 0.5 | Away: -125

Over/Under:
Time: 4 min | Over: -103 | Line: 3.0 | Under: -122

--- MATCH ENVIRONMENT ---
Weather: Cloudy
Humidity: 15%
Wind: 2.3m/s (5.1 mph)


==================================================
MATCH #2 OF 6
==================================================

----- MATCH SUMMARY -----
Timestamp: 2025-05-01 00:38:31 ET
Competition ID: l965mkyhdgr1ge4
Competition: Chilean Primera B (Chile)
Match: D. Concepcion vs Santiago Morning
Score: 3 - 0 (HT: 2 - 0)
Status: Finished (Status ID: 8)

--- MATCH BETTING ODDS ---
ML (Money Line):
Time: 4 min | Home: +137 | Draw: +200 | Away: +187

SPREAD (Asia Handicap):
Time: 4 min | Home: -101 | Handicap: 0.25 | Away: -130

Over/Under:
Time: 4 min | Over: +105 | Line: 2.25 | Under: -133

--- MATCH ENVIRONMENT ---
Weather: Sunny
Humidity: 39%
Wind: 1.2m/s (2.7 mph)


==================================================
MATCH #3 OF 6
==================================================

----- MATCH SUMMARY -----
Timestamp: 2025-05-01 00:38:32 ET
Competition ID: yl5ergphd2r8k0o
Competition: Moldova Division 2 (Moldova)
Match: Saxan Ceadir Lunga vs FC Ursidos Stauceni
Score: 1 - 1 (HT: 0 - 1)
Status: Finished (Status ID: 8)

--- MATCH BETTING ODDS ---

SPREAD (Asia Handicap):
Time: 7 min | Home: -127 | Handicap: 0.5 | Away: -118 (Closest time to minutes 4-6 available: 7)

Over/Under:
Time: 4 min | Over: -154 | Line: 2.5 | Under: +110

--- MATCH ENVIRONMENT ---
No environment data available for this match


==================================================
MATCH #4 OF 6
==================================================

----- MATCH SUMMARY -----
Timestamp: 2025-05-01 00:38:33 ET
Competition ID: v2y8m4zhydql074
Competition: Uruguay Primera Division (Uruguay)
Match: Montevideo City Torque vs Montevideo Wanderers FC
Score: 0 - 0 (HT: 0 - 0)
Status: Finished (Status ID: 8)

--- MATCH BETTING ODDS ---
ML (Money Line):
Time: 4 min | Home: +160 | Draw: +210 | Away: +175

SPREAD (Asia Handicap):
Time: 4 min | Home: -122 | Handicap: 0.0 | Away: -104

Over/Under:
Time: 4 min | Over: -108 | Line: 2.25 | Under: -115

--- MATCH ENVIRONMENT ---
Weather: Partially cloudy
Humidity: 88%
Wind: 1.8m/s (4.0 mph)


==================================================
MATCH #5 OF 6
==================================================

----- MATCH SUMMARY -----
Timestamp: 2025-05-01 00:38:34 ET
Competition ID: v2y8m4zhv6ql074
Competition: Israel Leumit League (Israel)
Match: Hapoel Ramat Gan vs Maccabi Herzliya
Score: 2 - 0 (HT: 2 - 0)
Status: Finished (Status ID: 8)

--- MATCH BETTING ODDS ---
ML (Money Line):
Time: 4 min | Home: -105 | Draw: +300 | Away: +210

SPREAD (Asia Handicap):
Time: 4 min | Home: -130 | Handicap: 0.25 | Away: +102

Over/Under:
Time: 4 min | Over: -125 | Line: 2.75 | Under: +100

--- MATCH ENVIRONMENT ---
Weather: Sunny
Humidity: 40%
Wind: 8.4m/s (18.8 mph)


==================================================
MATCH #6 OF 6
==================================================

----- MATCH SUMMARY -----
Timestamp: 2025-05-01 00:38:35 ET
Competition ID: kjw2r09hj8rz84o
Competition: Italian Primavera Cup (Italy)
Match: Cagliari U19 vs AC Milan U20
Score: 3 - 0 (HT: 2 - 0)
Status: Finished (Status ID: 8)

--- MATCH BETTING ODDS ---
ML (Money Line):
Time: 4 min | Home: +240 | Draw: +240 | Away: +105

SPREAD (Asia Handicap):
Time: 4 min | Home: -139 | Handicap: -0.5 | Away: +107

Over/Under:
Time: 4 min | Over: -109 | Line: 2.5 | Under: -115

--- MATCH ENVIRONMENT ---
Weather: Sunny
Humidity: 48%
Wind: 2.6m/s (5.8 mph)


==================================================
END OF LIVE MATCH DATA - 6 MATCHES DISPLAYED
==================================================
Refreshing in 30 seconds... (Press Ctrl+C to exit)

Waiting 30 seconds before next update at 2025-05-01 00:38:35...
==================================================

==================================================
REFRESHING DATA AT: 2025-05-01 00:39:05
==================================================

Fetching live matches...

===== FOUND 6 LIVE FOOTBALL MATCHES =====

Last updated: 2025-05-01 00:39:05
==================================================
MATCH #1 OF 6
==================================================

----- MATCH SUMMARY -----
Timestamp: 2025-05-01 00:39:07 ET
Competition ID: j1l4rjnhjg1m7vx
Competition: USA ULOC (United States)
Match: Las Vegas Lights vs AV Alta
Score: 2 - 1 (HT: 1 - 0)
Status: Finished (Status ID: 8)

--- MATCH BETTING ODDS ---
ML (Money Line):
Time: 4 min | Home: -111 | Draw: +275 | Away: +220

SPREAD (Asia Handicap):
Time: 4 min | Home: +100 | Handicap: 0.5 | Away: -125

Over/Under:
Time: 4 min | Over: -103 | Line: 3.0 | Under: -122

--- MATCH ENVIRONMENT ---
Weather: Cloudy
Humidity: 15%
Wind: 2.3m/s (5.1 mph)


==================================================
MATCH #2 OF 6
==================================================

----- MATCH SUMMARY -----
Timestamp: 2025-05-01 00:39:07 ET
Competition ID: l965mkyhdgr1ge4
Competition: Chilean Primera B (Chile)
Match: D. Concepcion vs Santiago Morning
Score: 3 - 0 (HT: 2 - 0)
Status: Finished (Status ID: 8)

--- MATCH BETTING ODDS ---
ML (Money Line):
Time: 4 min | Home: +137 | Draw: +200 | Away: +187

SPREAD (Asia Handicap):
Time: 4 min | Home: -101 | Handicap: 0.25 | Away: -130

Over/Under:
Time: 4 min | Over: +105 | Line: 2.25 | Under: -133

--- MATCH ENVIRONMENT ---
Weather: Sunny
Humidity: 39%
Wind: 1.2m/s (2.7 mph)


==================================================
MATCH #3 OF 6
==================================================

----- MATCH SUMMARY -----
Timestamp: 2025-05-01 00:39:08 ET
Competition ID: yl5ergphd2r8k0o
Competition: Moldova Division 2 (Moldova)
Match: Saxan Ceadir Lunga vs FC Ursidos Stauceni
Score: 1 - 1 (HT: 0 - 1)
Status: Finished (Status ID: 8)

--- MATCH BETTING ODDS ---

SPREAD (Asia Handicap):
Time: 7 min | Home: -127 | Handicap: 0.5 | Away: -118 (Closest time to minutes 4-6 available: 7)

Over/Under:
Time: 4 min | Over: -154 | Line: 2.5 | Under: +110

--- MATCH ENVIRONMENT ---
No environment data available for this match


==================================================
MATCH #4 OF 6
==================================================

----- MATCH SUMMARY -----
Timestamp: 2025-05-01 00:39:08 ET
Competition ID: v2y8m4zhydql074
Competition: Uruguay Primera Division (Uruguay)
Match: Montevideo City Torque vs Montevideo Wanderers FC
Score: 0 - 0 (HT: 0 - 0)
Status: Finished (Status ID: 8)

--- MATCH BETTING ODDS ---
ML (Money Line):
Time: 4 min | Home: +160 | Draw: +210 | Away: +175

SPREAD (Asia Handicap):
Time: 4 min | Home: -122 | Handicap: 0.0 | Away: -104

Over/Under:
Time: 4 min | Over: -108 | Line: 2.25 | Under: -115

--- MATCH ENVIRONMENT ---
Weather: Partially cloudy
Humidity: 88%
Wind: 1.8m/s (4.0 mph)


Fetching country data...
==================================================
MATCH #5 OF 6
==================================================

----- MATCH SUMMARY -----
Timestamp: 2025-05-01 00:39:09 ET
Competition ID: v2y8m4zhv6ql074
Competition: Israel Leumit League (Israel)
Match: Hapoel Ramat Gan vs Maccabi Herzliya
Score: 2 - 0 (HT: 2 - 0)
Status: Finished (Status ID: 8)

--- MATCH BETTING ODDS ---
ML (Money Line):
Time: 4 min | Home: -105 | Draw: +300 | Away: +210

SPREAD (Asia Handicap):
Time: 4 min | Home: -130 | Handicap: 0.25 | Away: +102

Over/Under:
Time: 4 min | Over: -125 | Line: 2.75 | Under: +100

--- MATCH ENVIRONMENT ---
Weather: Sunny
Humidity: 40%
Wind: 8.4m/s (18.8 mph)


Fetching live matches...

===== FOUND 7 LIVE FOOTBALL MATCHES =====

Last updated: 2025-05-01 04:39:10
==================================================
MATCH #6 OF 6
==================================================

----- MATCH SUMMARY -----
Timestamp: 2025-05-01 00:39:10 ET
Competition ID: kjw2r09hj8rz84o
Competition: Italian Primavera Cup (Italy)
Match: Cagliari U19 vs AC Milan U20
Score: 3 - 0 (HT: 2 - 0)
Status: Finished (Status ID: 8)

--- MATCH BETTING ODDS ---
ML (Money Line):
Time: 4 min | Home: +240 | Draw: +240 | Away: +105

SPREAD (Asia Handicap):
Time: 4 min | Home: -139 | Handicap: -0.5 | Away: +107

Over/Under:
Time: 4 min | Over: -109 | Line: 2.5 | Under: -115

--- MATCH ENVIRONMENT ---
Weather: Sunny
Humidity: 48%
Wind: 2.6m/s (5.8 mph)


==================================================
END OF LIVE MATCH DATA - 6 MATCHES DISPLAYED
==================================================
Refreshing in 30 seconds... (Press Ctrl+C to exit)

Waiting 30 seconds before next update at 2025-05-01 00:39:10...
==================================================
==================================================
MATCH #1 OF 7
==================================================

----- MATCH SUMMARY -----
Timestamp: 2025-05-01 00:39:12 ET
Competition ID: j1l4rjnhjg1m7vx
Competition: USA ULOC (United States)
Match: Las Vegas Lights vs AV Alta
Score: 2 - 1 (HT: 1 - 0)
Status: Finished (Status ID: 8)

--- MATCH BETTING ODDS ---
ML (Money Line):
Time: 4 min | Home: -111 | Draw: +275 | Away: +220

SPREAD (Asia Handicap):
Time: 4 min | Home: +100 | Handicap: 0.5 | Away: -125

Over/Under:
Time: 4 min | Over: -103 | Line: 3.0 | Under: -122

--- MATCH ENVIRONMENT ---
Weather: Cloudy
Humidity: 15%
Wind: 2.3m/s (5.1 mph)


==================================================
MATCH #2 OF 7
==================================================

----- MATCH SUMMARY -----
Timestamp: 2025-05-01 00:39:13 ET
Competition ID: l965mkyhdgr1ge4
Competition: Chilean Primera B (Chile)
Match: D. Concepcion vs Santiago Morning
Score: 3 - 0 (HT: 2 - 0)
Status: Finished (Status ID: 8)

--- MATCH BETTING ODDS ---
ML (Money Line):
Time: 4 min | Home: +137 | Draw: +200 | Away: +187

SPREAD (Asia Handicap):
Time: 4 min | Home: -101 | Handicap: 0.25 | Away: -130

Over/Under:
Time: 4 min | Over: +105 | Line: 2.25 | Under: -133

--- MATCH ENVIRONMENT ---
Weather: Sunny
Humidity: 39%
Wind: 1.2m/s (2.7 mph)


==================================================
MATCH #3 OF 7
==================================================

----- MATCH SUMMARY -----
Timestamp: 2025-05-01 00:39:15 ET
Competition ID: yl5ergphd2r8k0o
Competition: Moldova Division 2 (Moldova)
Match: Saxan Ceadir Lunga vs FC Ursidos Stauceni
Score: 1 - 1 (HT: 0 - 1)
Status: Finished (Status ID: 8)

--- MATCH BETTING ODDS ---

SPREAD (Asia Handicap):
Time: 7 min | Home: -127 | Handicap: 0.5 | Away: -118 (Closest time to minutes 4-6 available: 7)

Over/Under:
Time: 4 min | Over: -154 | Line: 2.5 | Under: +110

--- MATCH ENVIRONMENT ---
No environment data available for this match


==================================================
MATCH #4 OF 7
==================================================

----- MATCH SUMMARY -----
Timestamp: 2025-05-01 00:39:17 ET
Competition ID: v2y8m4zhydql074
Competition: Uruguay Primera Division (Uruguay)
Match: Montevideo City Torque vs Montevideo Wanderers FC
Score: 0 - 0 (HT: 0 - 0)
Status: Finished (Status ID: 8)

--- MATCH BETTING ODDS ---
ML (Money Line):
Time: 4 min | Home: +160 | Draw: +210 | Away: +175

SPREAD (Asia Handicap):
Time: 4 min | Home: -122 | Handicap: 0.0 | Away: -104

Over/Under:
Time: 4 min | Over: -108 | Line: 2.25 | Under: -115

--- MATCH ENVIRONMENT ---
Weather: Partially cloudy
Humidity: 88%
Wind: 1.8m/s (4.0 mph)


==================================================
MATCH #5 OF 7
==================================================

----- MATCH SUMMARY -----
Timestamp: 2025-05-01 00:39:18 ET
Competition ID: v2y8m4zhv6ql074
Competition: Israel Leumit League (Israel)
Match: Hapoel Ramat Gan vs Maccabi Herzliya
Score: 2 - 0 (HT: 2 - 0)
Status: Finished (Status ID: 8)

--- MATCH BETTING ODDS ---
ML (Money Line):
Time: 4 min | Home: -105 | Draw: +300 | Away: +210

SPREAD (Asia Handicap):
Time: 4 min | Home: -130 | Handicap: 0.25 | Away: +102

Over/Under:
Time: 4 min | Over: -125 | Line: 2.75 | Under: +100

--- MATCH ENVIRONMENT ---
Weather: Sunny
Humidity: 40%
Wind: 8.4m/s (18.8 mph)


==================================================
MATCH #6 OF 7
==================================================

----- MATCH SUMMARY -----
Timestamp: 2025-05-01 00:39:20 ET
Competition ID: kjw2r09hj8rz84o
Competition: Italian Primavera Cup (Italy)
Match: Cagliari U19 vs AC Milan U20
Score: 3 - 0 (HT: 2 - 0)
Status: Finished (Status ID: 8)

--- MATCH BETTING ODDS ---
ML (Money Line):
Time: 4 min | Home: +240 | Draw: +240 | Away: +105

SPREAD (Asia Handicap):
Time: 4 min | Home: -139 | Handicap: -0.5 | Away: +107

Over/Under:
Time: 4 min | Over: -109 | Line: 2.5 | Under: -115

--- MATCH ENVIRONMENT ---
Weather: Sunny
Humidity: 48%
Wind: 2.6m/s (5.8 mph)


==================================================
MATCH #7 OF 7
==================================================

----- MATCH SUMMARY -----
Timestamp: 2025-05-01 00:39:22 ET
Competition ID: v2y8m4zhgxoql07
Competition: Western Australia Women's League (Australia)
Match: Balcatta (w) vs Murdoch University Melville FC (w)
Score: 5 - 0 (HT: 3 - 0)
Status: Finished (Status ID: 8)

--- MATCH BETTING ODDS ---
ML (Money Line):
Time: 4 min | Home: -3333 | Draw: +1400 | Away: +5000

SPREAD (Asia Handicap):
Time: 4 min | Home: +100 | Handicap: 3.5 | Away: -125

Over/Under:
Time: 4 min | Over: -115 | Line: 3.75 | Under: -109

--- MATCH ENVIRONMENT ---
Weather: Sunny
Humidity: 37%
Wind: 5.3m/s (11.9 mph)


==================================================
END OF LIVE MATCH DATA - 7 MATCHES DISPLAYED
==================================================
Refreshing in 30 seconds... (Press Ctrl+C to exit)

Waiting 30 seconds before next update at 2025-05-01 04:39:22...
==================================================

==================================================
REFRESHING DATA AT: 2025-05-01 00:39:40
==================================================

Fetching live matches...

===== FOUND 7 LIVE FOOTBALL MATCHES =====

Last updated: 2025-05-01 00:39:41
==================================================
MATCH #1 OF 7
==================================================

----- MATCH SUMMARY -----
Timestamp: 2025-05-01 00:39:42 ET
Competition ID: j1l4rjnhjg1m7vx
Competition: USA ULOC (United States)
Match: Las Vegas Lights vs AV Alta
Score: 2 - 1 (HT: 1 - 0)
Status: Finished (Status ID: 8)

--- MATCH BETTING ODDS ---
ML (Money Line):
Time: 4 min | Home: -111 | Draw: +275 | Away: +220

SPREAD (Asia Handicap):
Time: 4 min | Home: +100 | Handicap: 0.5 | Away: -125

Over/Under:
Time: 4 min | Over: -103 | Line: 3.0 | Under: -122

--- MATCH ENVIRONMENT ---
Weather: Cloudy
Humidity: 15%
Wind: 2.3m/s (5.1 mph)


==================================================
MATCH #2 OF 7
==================================================

----- MATCH SUMMARY -----
Timestamp: 2025-05-01 00:39:43 ET
Competition ID: l965mkyhdgr1ge4
Competition: Chilean Primera B (Chile)
Match: D. Concepcion vs Santiago Morning
Score: 3 - 0 (HT: 2 - 0)
Status: Finished (Status ID: 8)

--- MATCH BETTING ODDS ---
ML (Money Line):
Time: 4 min | Home: +137 | Draw: +200 | Away: +187

SPREAD (Asia Handicap):
Time: 4 min | Home: -101 | Handicap: 0.25 | Away: -130

Over/Under:
Time: 4 min | Over: +105 | Line: 2.25 | Under: -133

--- MATCH ENVIRONMENT ---
Weather: Sunny
Humidity: 39%
Wind: 1.2m/s (2.7 mph)


==================================================
MATCH #3 OF 7
==================================================

----- MATCH SUMMARY -----
Timestamp: 2025-05-01 00:39:43 ET
Competition ID: yl5ergphd2r8k0o
Competition: Moldova Division 2 (Moldova)
Match: Saxan Ceadir Lunga vs FC Ursidos Stauceni
Score: 1 - 1 (HT: 0 - 1)
Status: Finished (Status ID: 8)

--- MATCH BETTING ODDS ---

SPREAD (Asia Handicap):
Time: 7 min | Home: -127 | Handicap: 0.5 | Away: -118 (Closest time to minutes 4-6 available: 7)

Over/Under:
Time: 4 min | Over: -154 | Line: 2.5 | Under: +110

--- MATCH ENVIRONMENT ---
No environment data available for this match


==================================================
MATCH #4 OF 7
==================================================

----- MATCH SUMMARY -----
Timestamp: 2025-05-01 00:39:44 ET
Competition ID: v2y8m4zhydql074
Competition: Uruguay Primera Division (Uruguay)
Match: Montevideo City Torque vs Montevideo Wanderers FC
Score: 0 - 0 (HT: 0 - 0)
Status: Finished (Status ID: 8)

--- MATCH BETTING ODDS ---
ML (Money Line):
Time: 4 min | Home: +160 | Draw: +210 | Away: +175

SPREAD (Asia Handicap):
Time: 4 min | Home: -122 | Handicap: 0.0 | Away: -104

Over/Under:
Time: 4 min | Over: -108 | Line: 2.25 | Under: -115

--- MATCH ENVIRONMENT ---
Weather: Partially cloudy
Humidity: 88%
Wind: 1.8m/s (4.0 mph)


==================================================
MATCH #5 OF 7
==================================================

----- MATCH SUMMARY -----
Timestamp: 2025-05-01 00:39:45 ET
Competition ID: v2y8m4zhv6ql074
Competition: Israel Leumit League (Israel)
Match: Hapoel Ramat Gan vs Maccabi Herzliya
Score: 2 - 0 (HT: 2 - 0)
Status: Finished (Status ID: 8)

--- MATCH BETTING ODDS ---
ML (Money Line):
Time: 4 min | Home: -105 | Draw: +300 | Away: +210

SPREAD (Asia Handicap):
Time: 4 min | Home: -130 | Handicap: 0.25 | Away: +102

Over/Under:
Time: 4 min | Over: -125 | Line: 2.75 | Under: +100

--- MATCH ENVIRONMENT ---
Weather: Sunny
Humidity: 40%
Wind: 8.4m/s (18.8 mph)


==================================================
MATCH #6 OF 7
==================================================

----- MATCH SUMMARY -----
Timestamp: 2025-05-01 00:39:46 ET
Competition ID: kjw2r09hj8rz84o
Competition: Italian Primavera Cup (Italy)
Match: Cagliari U19 vs AC Milan U20
Score: 3 - 0 (HT: 2 - 0)
Status: Finished (Status ID: 8)

--- MATCH BETTING ODDS ---
ML (Money Line):
Time: 4 min | Home: +240 | Draw: +240 | Away: +105

SPREAD (Asia Handicap):
Time: 4 min | Home: -139 | Handicap: -0.5 | Away: +107

Over/Under:
Time: 4 min | Over: -109 | Line: 2.5 | Under: -115

--- MATCH ENVIRONMENT ---
Weather: Sunny
Humidity: 48%
Wind: 2.6m/s (5.8 mph)


==================================================
MATCH #7 OF 7
==================================================

----- MATCH SUMMARY -----
Timestamp: 2025-05-01 00:39:48 ET
Competition ID: v2y8m4zhgxoql07
Competition: Western Australia Women's League (Australia)
Match: Balcatta (w) vs Murdoch University Melville FC (w)
Score: 5 - 0 (HT: 3 - 0)
Status: Finished (Status ID: 8)

--- MATCH BETTING ODDS ---
ML (Money Line):
Time: 4 min | Home: -3333 | Draw: +1400 | Away: +5000

SPREAD (Asia Handicap):
Time: 4 min | Home: +100 | Handicap: 3.5 | Away: -125

Over/Under:
Time: 4 min | Over: -115 | Line: 3.75 | Under: -109

--- MATCH ENVIRONMENT ---
Weather: Sunny
Humidity: 37%
Wind: 5.3m/s (11.9 mph)


==================================================
END OF LIVE MATCH DATA - 7 MATCHES DISPLAYED
==================================================
Refreshing in 30 seconds... (Press Ctrl+C to exit)

Waiting 30 seconds before next update at 2025-05-01 00:39:48...
==================================================

==================================================
REFRESHING DATA AT: 2025-05-01 04:39:52
==================================================

Fetching live matches...

===== FOUND 6 LIVE FOOTBALL MATCHES =====

Last updated: 2025-05-01 04:39:52
==================================================
MATCH #1 OF 6
==================================================

----- MATCH SUMMARY -----
Timestamp: 2025-05-01 00:39:54 ET
Competition ID: j1l4rjnhjg1m7vx
Competition: USA ULOC (United States)
Match: Las Vegas Lights vs AV Alta
Score: 2 - 1 (HT: 1 - 0)
Status: Finished (Status ID: 8)

--- MATCH BETTING ODDS ---
ML (Money Line):
Time: 4 min | Home: -111 | Draw: +275 | Away: +220

SPREAD (Asia Handicap):
Time: 4 min | Home: +100 | Handicap: 0.5 | Away: -125

Over/Under:
Time: 4 min | Over: -103 | Line: 3.0 | Under: -122

--- MATCH ENVIRONMENT ---
Weather: Cloudy
Humidity: 15%
Wind: 2.3m/s (5.1 mph)


==================================================
MATCH #2 OF 6
==================================================

----- MATCH SUMMARY -----
Timestamp: 2025-05-01 00:39:54 ET
Competition ID: l965mkyhdgr1ge4
Competition: Chilean Primera B (Chile)
Match: D. Concepcion vs Santiago Morning
Score: 3 - 0 (HT: 2 - 0)
Status: Finished (Status ID: 8)

--- MATCH BETTING ODDS ---
ML (Money Line):
Time: 4 min | Home: +137 | Draw: +200 | Away: +187

SPREAD (Asia Handicap):
Time: 4 min | Home: -101 | Handicap: 0.25 | Away: -130

Over/Under:
Time: 4 min | Over: +105 | Line: 2.25 | Under: -133

--- MATCH ENVIRONMENT ---
Weather: Sunny
Humidity: 39%
Wind: 1.2m/s (2.7 mph)


==================================================
MATCH #3 OF 6
==================================================

----- MATCH SUMMARY -----
Timestamp: 2025-05-01 00:39:55 ET
Competition ID: yl5ergphd2r8k0o
Competition: Moldova Division 2 (Moldova)
Match: Saxan Ceadir Lunga vs FC Ursidos Stauceni
Score: 1 - 1 (HT: 0 - 1)
Status: Finished (Status ID: 8)

--- MATCH BETTING ODDS ---

SPREAD (Asia Handicap):
Time: 7 min | Home: -127 | Handicap: 0.5 | Away: -118 (Closest time to minutes 4-6 available: 7)

Over/Under:
Time: 4 min | Over: -154 | Line: 2.5 | Under: +110

--- MATCH ENVIRONMENT ---
No environment data available for this match


==================================================
MATCH #4 OF 6
==================================================

----- MATCH SUMMARY -----
Timestamp: 2025-05-01 00:39:56 ET
Competition ID: v2y8m4zhydql074
Competition: Uruguay Primera Division (Uruguay)
Match: Montevideo City Torque vs Montevideo Wanderers FC
Score: 0 - 0 (HT: 0 - 0)
Status: Finished (Status ID: 8)

--- MATCH BETTING ODDS ---
ML (Money Line):
Time: 4 min | Home: +160 | Draw: +210 | Away: +175

SPREAD (Asia Handicap):
Time: 4 min | Home: -122 | Handicap: 0.0 | Away: -104

Over/Under:
Time: 4 min | Over: -108 | Line: 2.25 | Under: -115

--- MATCH ENVIRONMENT ---
Weather: Partially cloudy
Humidity: 88%
Wind: 1.8m/s (4.0 mph)


==================================================
MATCH #5 OF 6
==================================================

----- MATCH SUMMARY -----
Timestamp: 2025-05-01 00:39:57 ET
Competition ID: kjw2r09hj8rz84o
Competition: Italian Primavera Cup (Italy)
Match: Cagliari U19 vs AC Milan U20
Score: 3 - 0 (HT: 2 - 0)
Status: Finished (Status ID: 8)

--- MATCH BETTING ODDS ---
ML (Money Line):
Time: 4 min | Home: +240 | Draw: +240 | Away: +105

SPREAD (Asia Handicap):
Time: 4 min | Home: -139 | Handicap: -0.5 | Away: +107

Over/Under:
Time: 4 min | Over: -109 | Line: 2.5 | Under: -115

--- MATCH ENVIRONMENT ---
Weather: Sunny
Humidity: 48%
Wind: 2.6m/s (5.8 mph)


==================================================
MATCH #6 OF 6
==================================================

----- MATCH SUMMARY -----
Timestamp: 2025-05-01 00:39:58 ET
Competition ID: v2y8m4zhgxoql07
Competition: Western Australia Women's League (Australia)
Match: Balcatta (w) vs Murdoch University Melville FC (w)
Score: 5 - 0 (HT: 3 - 0)
Status: Finished (Status ID: 8)

--- MATCH BETTING ODDS ---
ML (Money Line):
Time: 4 min | Home: -3333 | Draw: +1400 | Away: +5000

SPREAD (Asia Handicap):
Time: 4 min | Home: +100 | Handicap: 3.5 | Away: -125

Over/Under:
Time: 4 min | Over: -115 | Line: 3.75 | Under: -109

--- MATCH ENVIRONMENT ---
Weather: Sunny
Humidity: 37%
Wind: 5.3m/s (11.9 mph)


==================================================
END OF LIVE MATCH DATA - 6 MATCHES DISPLAYED
==================================================
Refreshing in 30 seconds... (Press Ctrl+C to exit)

Waiting 30 seconds before next update at 2025-05-01 04:39:58...
==================================================

==================================================
REFRESHING DATA AT: 2025-05-01 00:40:18
==================================================

Fetching live matches...

===== FOUND 6 LIVE FOOTBALL MATCHES =====

Last updated: 2025-05-01 00:40:18
==================================================
MATCH #1 OF 6
==================================================

----- MATCH SUMMARY -----
Timestamp: 2025-05-01 00:40:19 ET
Competition ID: j1l4rjnhjg1m7vx
Competition: USA ULOC (United States)
Match: Las Vegas Lights vs AV Alta
Score: 2 - 1 (HT: 1 - 0)
Status: Finished (Status ID: 8)

--- MATCH BETTING ODDS ---
ML (Money Line):
Time: 4 min | Home: -111 | Draw: +275 | Away: +220

SPREAD (Asia Handicap):
Time: 4 min | Home: +100 | Handicap: 0.5 | Away: -125

Over/Under:
Time: 4 min | Over: -103 | Line: 3.0 | Under: -122

--- MATCH ENVIRONMENT ---
Weather: Cloudy
Humidity: 15%
Wind: 2.3m/s (5.1 mph)


==================================================
MATCH #2 OF 6
==================================================

----- MATCH SUMMARY -----
Timestamp: 2025-05-01 00:40:20 ET
Competition ID: l965mkyhdgr1ge4
Competition: Chilean Primera B (Chile)
Match: D. Concepcion vs Santiago Morning
Score: 3 - 0 (HT: 2 - 0)
Status: Finished (Status ID: 8)

--- MATCH BETTING ODDS ---
ML (Money Line):
Time: 4 min | Home: +137 | Draw: +200 | Away: +187

SPREAD (Asia Handicap):
Time: 4 min | Home: -101 | Handicap: 0.25 | Away: -130

Over/Under:
Time: 4 min | Over: +105 | Line: 2.25 | Under: -133

--- MATCH ENVIRONMENT ---
Weather: Sunny
Humidity: 39%
Wind: 1.2m/s (2.7 mph)


==================================================
MATCH #3 OF 6
==================================================

----- MATCH SUMMARY -----
Timestamp: 2025-05-01 00:40:20 ET
Competition ID: yl5ergphd2r8k0o
Competition: Moldova Division 2 (Moldova)
Match: Saxan Ceadir Lunga vs FC Ursidos Stauceni
Score: 1 - 1 (HT: 0 - 1)
Status: Finished (Status ID: 8)

--- MATCH BETTING ODDS ---

SPREAD (Asia Handicap):
Time: 7 min | Home: -127 | Handicap: 0.5 | Away: -118 (Closest time to minutes 4-6 available: 7)

Over/Under:
Time: 4 min | Over: -154 | Line: 2.5 | Under: +110

--- MATCH ENVIRONMENT ---
No environment data available for this match


==================================================
MATCH #4 OF 6
==================================================

----- MATCH SUMMARY -----
Timestamp: 2025-05-01 00:40:21 ET
Competition ID: v2y8m4zhydql074
Competition: Uruguay Primera Division (Uruguay)
Match: Montevideo City Torque vs Montevideo Wanderers FC
Score: 0 - 0 (HT: 0 - 0)
Status: Finished (Status ID: 8)

--- MATCH BETTING ODDS ---
ML (Money Line):
Time: 4 min | Home: +160 | Draw: +210 | Away: +175

SPREAD (Asia Handicap):
Time: 4 min | Home: -122 | Handicap: 0.0 | Away: -104

Over/Under:
Time: 4 min | Over: -108 | Line: 2.25 | Under: -115

--- MATCH ENVIRONMENT ---
Weather: Partially cloudy
Humidity: 88%
Wind: 1.8m/s (4.0 mph)


==================================================
MATCH #5 OF 6
==================================================

----- MATCH SUMMARY -----
Timestamp: 2025-05-01 00:40:22 ET
Competition ID: kjw2r09hj8rz84o
Competition: Italian Primavera Cup (Italy)
Match: Cagliari U19 vs AC Milan U20
Score: 3 - 0 (HT: 2 - 0)
Status: Finished (Status ID: 8)

--- MATCH BETTING ODDS ---
ML (Money Line):
Time: 4 min | Home: +240 | Draw: +240 | Away: +105

SPREAD (Asia Handicap):
Time: 4 min | Home: -139 | Handicap: -0.5 | Away: +107

Over/Under:
Time: 4 min | Over: -109 | Line: 2.5 | Under: -115

--- MATCH ENVIRONMENT ---
Weather: Sunny
Humidity: 48%
Wind: 2.6m/s (5.8 mph)


==================================================
MATCH #6 OF 6
==================================================

----- MATCH SUMMARY -----
Timestamp: 2025-05-01 00:40:23 ET
Competition ID: v2y8m4zhgxoql07
Competition: Western Australia Women's League (Australia)
Match: Balcatta (w) vs Murdoch University Melville FC (w)
Score: 5 - 0 (HT: 3 - 0)
Status: Finished (Status ID: 8)

--- MATCH BETTING ODDS ---
ML (Money Line):
Time: 4 min | Home: -3333 | Draw: +1400 | Away: +5000

SPREAD (Asia Handicap):
Time: 4 min | Home: +100 | Handicap: 3.5 | Away: -125

Over/Under:
Time: 4 min | Over: -115 | Line: 3.75 | Under: -109

--- MATCH ENVIRONMENT ---
Weather: Sunny
Humidity: 37%
Wind: 5.3m/s (11.9 mph)


==================================================
END OF LIVE MATCH DATA - 6 MATCHES DISPLAYED
==================================================
Refreshing in 30 seconds... (Press Ctrl+C to exit)

Waiting 30 seconds before next update at 2025-05-01 00:40:23...
==================================================

==================================================
REFRESHING DATA AT: 2025-05-01 04:40:28
==================================================

Fetching live matches...

===== FOUND 5 LIVE FOOTBALL MATCHES =====

Last updated: 2025-05-01 04:40:28
==================================================
MATCH #1 OF 5
==================================================

----- MATCH SUMMARY -----
Timestamp: 2025-05-01 00:40:29 ET
Competition ID: j1l4rjnhjg1m7vx
Competition: USA ULOC (United States)
Match: Las Vegas Lights vs AV Alta
Score: 2 - 1 (HT: 1 - 0)
Status: Finished (Status ID: 8)

--- MATCH BETTING ODDS ---
ML (Money Line):
Time: 4 min | Home: -111 | Draw: +275 | Away: +220

SPREAD (Asia Handicap):
Time: 4 min | Home: +100 | Handicap: 0.5 | Away: -125

Over/Under:
Time: 4 min | Over: -103 | Line: 3.0 | Under: -122

--- MATCH ENVIRONMENT ---
Weather: Cloudy
Humidity: 15%
Wind: 2.3m/s (5.1 mph)


==================================================
MATCH #2 OF 5
==================================================

----- MATCH SUMMARY -----
Timestamp: 2025-05-01 00:40:30 ET
Competition ID: l965mkyhdgr1ge4
Competition: Chilean Primera B (Chile)
Match: D. Concepcion vs Santiago Morning
Score: 3 - 0 (HT: 2 - 0)
Status: Finished (Status ID: 8)

--- MATCH BETTING ODDS ---
ML (Money Line):
Time: 4 min | Home: +137 | Draw: +200 | Away: +187

SPREAD (Asia Handicap):
Time: 4 min | Home: -101 | Handicap: 0.25 | Away: -130

Over/Under:
Time: 4 min | Over: +105 | Line: 2.25 | Under: -133

--- MATCH ENVIRONMENT ---
Weather: Sunny
Humidity: 39%
Wind: 1.2m/s (2.7 mph)


==================================================
MATCH #3 OF 5
==================================================

----- MATCH SUMMARY -----
Timestamp: 2025-05-01 00:40:30 ET
Competition ID: yl5ergphd2r8k0o
Competition: Moldova Division 2 (Moldova)
Match: Saxan Ceadir Lunga vs FC Ursidos Stauceni
Score: 1 - 1 (HT: 0 - 1)
Status: Finished (Status ID: 8)

--- MATCH BETTING ODDS ---

SPREAD (Asia Handicap):
Time: 7 min | Home: -127 | Handicap: 0.5 | Away: -118 (Closest time to minutes 4-6 available: 7)

Over/Under:
Time: 4 min | Over: -154 | Line: 2.5 | Under: +110

--- MATCH ENVIRONMENT ---
No environment data available for this match


==================================================
MATCH #4 OF 5
==================================================

----- MATCH SUMMARY -----
Timestamp: 2025-05-01 00:40:31 ET
Competition ID: kjw2r09hj8rz84o
Competition: Italian Primavera Cup (Italy)
Match: Cagliari U19 vs AC Milan U20
Score: 3 - 0 (HT: 2 - 0)
Status: Finished (Status ID: 8)

--- MATCH BETTING ODDS ---
ML (Money Line):
Time: 4 min | Home: +240 | Draw: +240 | Away: +105

SPREAD (Asia Handicap):
Time: 4 min | Home: -139 | Handicap: -0.5 | Away: +107

Over/Under:
Time: 4 min | Over: -109 | Line: 2.5 | Under: -115

--- MATCH ENVIRONMENT ---
Weather: Sunny
Humidity: 48%
Wind: 2.6m/s (5.8 mph)


==================================================
MATCH #5 OF 5
==================================================

----- MATCH SUMMARY -----
Timestamp: 2025-05-01 00:40:31 ET
Competition ID: v2y8m4zhgxoql07
Competition: Western Australia Women's League (Australia)
Match: Balcatta (w) vs Murdoch University Melville FC (w)
Score: 5 - 0 (HT: 3 - 0)
Status: Finished (Status ID: 8)

--- MATCH BETTING ODDS ---
ML (Money Line):
Time: 4 min | Home: -3333 | Draw: +1400 | Away: +5000

SPREAD (Asia Handicap):
Time: 4 min | Home: +100 | Handicap: 3.5 | Away: -125

Over/Under:
Time: 4 min | Over: -115 | Line: 3.75 | Under: -109

--- MATCH ENVIRONMENT ---
Weather: Sunny
Humidity: 37%
Wind: 5.3m/s (11.9 mph)


==================================================
END OF LIVE MATCH DATA - 5 MATCHES DISPLAYED
==================================================
Refreshing in 30 seconds... (Press Ctrl+C to exit)

Waiting 30 seconds before next update at 2025-05-01 04:40:31...
==================================================

==================================================
REFRESHING DATA AT: 2025-05-01 00:40:53
==================================================

Fetching live matches...

===== FOUND 5 LIVE FOOTBALL MATCHES =====

Last updated: 2025-05-01 00:40:53
==================================================
MATCH #1 OF 5
==================================================

----- MATCH SUMMARY -----
Timestamp: 2025-05-01 00:40:54 ET
Competition ID: j1l4rjnhjg1m7vx
Competition: USA ULOC (United States)
Match: Las Vegas Lights vs AV Alta
Score: 2 - 1 (HT: 1 - 0)
Status: Finished (Status ID: 8)

--- MATCH BETTING ODDS ---
ML (Money Line):
Time: 4 min | Home: -111 | Draw: +275 | Away: +220

SPREAD (Asia Handicap):
Time: 4 min | Home: +100 | Handicap: 0.5 | Away: -125

Over/Under:
Time: 4 min | Over: -103 | Line: 3.0 | Under: -122

--- MATCH ENVIRONMENT ---
Weather: Cloudy
Humidity: 15%
Wind: 2.3m/s (5.1 mph)


==================================================
MATCH #2 OF 5
==================================================

----- MATCH SUMMARY -----
Timestamp: 2025-05-01 00:40:55 ET
Competition ID: l965mkyhdgr1ge4
Competition: Chilean Primera B (Chile)
Match: D. Concepcion vs Santiago Morning
Score: 3 - 0 (HT: 2 - 0)
Status: Finished (Status ID: 8)

--- MATCH BETTING ODDS ---
ML (Money Line):
Time: 4 min | Home: +137 | Draw: +200 | Away: +187

SPREAD (Asia Handicap):
Time: 4 min | Home: -101 | Handicap: 0.25 | Away: -130

Over/Under:
Time: 4 min | Over: +105 | Line: 2.25 | Under: -133

--- MATCH ENVIRONMENT ---
Weather: Sunny
Humidity: 39%
Wind: 1.2m/s (2.7 mph)


==================================================
MATCH #3 OF 5
==================================================

----- MATCH SUMMARY -----
Timestamp: 2025-05-01 00:40:56 ET
Competition ID: yl5ergphd2r8k0o
Competition: Moldova Division 2 (Moldova)
Match: Saxan Ceadir Lunga vs FC Ursidos Stauceni
Score: 1 - 1 (HT: 0 - 1)
Status: Finished (Status ID: 8)

--- MATCH BETTING ODDS ---

SPREAD (Asia Handicap):
Time: 7 min | Home: -127 | Handicap: 0.5 | Away: -118 (Closest time to minutes 4-6 available: 7)

Over/Under:
Time: 4 min | Over: -154 | Line: 2.5 | Under: +110

--- MATCH ENVIRONMENT ---
No environment data available for this match


==================================================
MATCH #4 OF 5
==================================================

----- MATCH SUMMARY -----
Timestamp: 2025-05-01 00:40:56 ET
Competition ID: kjw2r09hj8rz84o
Competition: Italian Primavera Cup (Italy)
Match: Cagliari U19 vs AC Milan U20
Score: 3 - 0 (HT: 2 - 0)
Status: Finished (Status ID: 8)

--- MATCH BETTING ODDS ---
ML (Money Line):
Time: 4 min | Home: +240 | Draw: +240 | Away: +105

SPREAD (Asia Handicap):
Time: 4 min | Home: -139 | Handicap: -0.5 | Away: +107

Over/Under:
Time: 4 min | Over: -109 | Line: 2.5 | Under: -115

--- MATCH ENVIRONMENT ---
Weather: Sunny
Humidity: 48%
Wind: 2.6m/s (5.8 mph)


==================================================
MATCH #5 OF 5
==================================================

----- MATCH SUMMARY -----
Timestamp: 2025-05-01 00:40:58 ET
Competition ID: v2y8m4zhgxoql07
Competition: Western Australia Women's League (Australia)
Match: Balcatta (w) vs Murdoch University Melville FC (w)
Score: 5 - 0 (HT: 3 - 0)
Status: Finished (Status ID: 8)

--- MATCH BETTING ODDS ---
ML (Money Line):
Time: 4 min | Home: -3333 | Draw: +1400 | Away: +5000

SPREAD (Asia Handicap):
Time: 4 min | Home: +100 | Handicap: 3.5 | Away: -125

Over/Under:
Time: 4 min | Over: -115 | Line: 3.75 | Under: -109

--- MATCH ENVIRONMENT ---
Weather: Sunny
Humidity: 37%
Wind: 5.3m/s (11.9 mph)


==================================================
END OF LIVE MATCH DATA - 5 MATCHES DISPLAYED
==================================================
Refreshing in 30 seconds... (Press Ctrl+C to exit)

Waiting 30 seconds before next update at 2025-05-01 00:40:58...
==================================================

==================================================
REFRESHING DATA AT: 2025-05-01 04:41:01
==================================================

Fetching live matches...

===== FOUND 5 LIVE FOOTBALL MATCHES =====

Last updated: 2025-05-01 04:41:02
==================================================
MATCH #1 OF 5
==================================================

----- MATCH SUMMARY -----
Timestamp: 2025-05-01 00:41:02 ET
Competition ID: j1l4rjnhjg1m7vx
Competition: USA ULOC (United States)
Match: Las Vegas Lights vs AV Alta
Score: 2 - 1 (HT: 1 - 0)
Status: Finished (Status ID: 8)

--- MATCH BETTING ODDS ---
ML (Money Line):
Time: 4 min | Home: -111 | Draw: +275 | Away: +220

SPREAD (Asia Handicap):
Time: 4 min | Home: +100 | Handicap: 0.5 | Away: -125

Over/Under:
Time: 4 min | Over: -103 | Line: 3.0 | Under: -122

--- MATCH ENVIRONMENT ---
Weather: Cloudy
Humidity: 15%
Wind: 2.3m/s (5.1 mph)


==================================================
MATCH #2 OF 5
==================================================

----- MATCH SUMMARY -----
Timestamp: 2025-05-01 00:41:04 ET
Competition ID: l965mkyhdgr1ge4
Competition: Chilean Primera B (Chile)
Match: D. Concepcion vs Santiago Morning
Score: 3 - 0 (HT: 2 - 0)
Status: Finished (Status ID: 8)

--- MATCH BETTING ODDS ---
ML (Money Line):
Time: 4 min | Home: +137 | Draw: +200 | Away: +187

SPREAD (Asia Handicap):
Time: 4 min | Home: -101 | Handicap: 0.25 | Away: -130

Over/Under:
Time: 4 min | Over: +105 | Line: 2.25 | Under: -133

--- MATCH ENVIRONMENT ---
Weather: Sunny
Humidity: 39%
Wind: 1.2m/s (2.7 mph)


==================================================
MATCH #3 OF 5
==================================================

----- MATCH SUMMARY -----
Timestamp: 2025-05-01 00:41:04 ET
Competition ID: yl5ergphd2r8k0o
Competition: Moldova Division 2 (Moldova)
Match: Saxan Ceadir Lunga vs FC Ursidos Stauceni
Score: 1 - 1 (HT: 0 - 1)
Status: Finished (Status ID: 8)

--- MATCH BETTING ODDS ---

SPREAD (Asia Handicap):
Time: 7 min | Home: -127 | Handicap: 0.5 | Away: -118 (Closest time to minutes 4-6 available: 7)

Over/Under:
Time: 4 min | Over: -154 | Line: 2.5 | Under: +110

--- MATCH ENVIRONMENT ---
No environment data available for this match


==================================================
MATCH #4 OF 5
==================================================

----- MATCH SUMMARY -----
Timestamp: 2025-05-01 00:41:05 ET
Competition ID: kjw2r09hj8rz84o
Competition: Italian Primavera Cup (Italy)
Match: Cagliari U19 vs AC Milan U20
Score: 3 - 0 (HT: 2 - 0)
Status: Finished (Status ID: 8)

--- MATCH BETTING ODDS ---
ML (Money Line):
Time: 4 min | Home: +240 | Draw: +240 | Away: +105

SPREAD (Asia Handicap):
Time: 4 min | Home: -139 | Handicap: -0.5 | Away: +107

Over/Under:
Time: 4 min | Over: -109 | Line: 2.5 | Under: -115

--- MATCH ENVIRONMENT ---
Weather: Sunny
Humidity: 48%
Wind: 2.6m/s (5.8 mph)


==================================================
MATCH #5 OF 5
==================================================

----- MATCH SUMMARY -----
Timestamp: 2025-05-01 00:41:06 ET
Competition ID: v2y8m4zhgxoql07
Competition: Western Australia Women's League (Australia)
Match: Balcatta (w) vs Murdoch University Melville FC (w)
Score: 5 - 0 (HT: 3 - 0)
Status: Finished (Status ID: 8)

--- MATCH BETTING ODDS ---
ML (Money Line):
Time: 4 min | Home: -3333 | Draw: +1400 | Away: +5000

SPREAD (Asia Handicap):
Time: 4 min | Home: +100 | Handicap: 3.5 | Away: -125

Over/Under:
Time: 4 min | Over: -115 | Line: 3.75 | Under: -109

--- MATCH ENVIRONMENT ---
Weather: Sunny
Humidity: 37%
Wind: 5.3m/s (11.9 mph)


==================================================
END OF LIVE MATCH DATA - 5 MATCHES DISPLAYED
==================================================
Refreshing in 30 seconds... (Press Ctrl+C to exit)

Waiting 30 seconds before next update at 2025-05-01 04:41:06...
==================================================

==================================================
REFRESHING DATA AT: 2025-05-01 00:41:28
==================================================

Fetching live matches...

===== FOUND 5 LIVE FOOTBALL MATCHES =====

Last updated: 2025-05-01 00:41:28
==================================================
MATCH #1 OF 5
==================================================

----- MATCH SUMMARY -----
Timestamp: 2025-05-01 00:41:29 ET
Competition ID: j1l4rjnhjg1m7vx
Competition: USA ULOC (United States)
Match: Las Vegas Lights vs AV Alta
Score: 2 - 1 (HT: 1 - 0)
Status: Finished (Status ID: 8)

--- MATCH BETTING ODDS ---
ML (Money Line):
Time: 4 min | Home: -111 | Draw: +275 | Away: +220

SPREAD (Asia Handicap):
Time: 4 min | Home: +100 | Handicap: 0.5 | Away: -125

Over/Under:
Time: 4 min | Over: -103 | Line: 3.0 | Under: -122

--- MATCH ENVIRONMENT ---
Weather: Cloudy
Humidity: 15%
Wind: 2.3m/s (5.1 mph)


==================================================
MATCH #2 OF 5
==================================================

----- MATCH SUMMARY -----
Timestamp: 2025-05-01 00:41:30 ET
Competition ID: l965mkyhdgr1ge4
Competition: Chilean Primera B (Chile)
Match: D. Concepcion vs Santiago Morning
Score: 3 - 0 (HT: 2 - 0)
Status: Finished (Status ID: 8)

--- MATCH BETTING ODDS ---
ML (Money Line):
Time: 4 min | Home: +137 | Draw: +200 | Away: +187

SPREAD (Asia Handicap):
Time: 4 min | Home: -101 | Handicap: 0.25 | Away: -130

Over/Under:
Time: 4 min | Over: +105 | Line: 2.25 | Under: -133

--- MATCH ENVIRONMENT ---
Weather: Sunny
Humidity: 39%
Wind: 1.2m/s (2.7 mph)


==================================================
MATCH #3 OF 5
==================================================

----- MATCH SUMMARY -----
Timestamp: 2025-05-01 00:41:30 ET
Competition ID: yl5ergphd2r8k0o
Competition: Moldova Division 2 (Moldova)
Match: Saxan Ceadir Lunga vs FC Ursidos Stauceni
Score: 1 - 1 (HT: 0 - 1)
Status: Finished (Status ID: 8)

--- MATCH BETTING ODDS ---

SPREAD (Asia Handicap):
Time: 7 min | Home: -127 | Handicap: 0.5 | Away: -118 (Closest time to minutes 4-6 available: 7)

Over/Under:
Time: 4 min | Over: -154 | Line: 2.5 | Under: +110

--- MATCH ENVIRONMENT ---
No environment data available for this match


==================================================
MATCH #4 OF 5
==================================================

----- MATCH SUMMARY -----
Timestamp: 2025-05-01 00:41:31 ET
Competition ID: kjw2r09hj8rz84o
Competition: Italian Primavera Cup (Italy)
Match: Cagliari U19 vs AC Milan U20
Score: 3 - 0 (HT: 2 - 0)
Status: Finished (Status ID: 8)

--- MATCH BETTING ODDS ---
ML (Money Line):
Time: 4 min | Home: +240 | Draw: +240 | Away: +105

SPREAD (Asia Handicap):
Time: 4 min | Home: -139 | Handicap: -0.5 | Away: +107

Over/Under:
Time: 4 min | Over: -109 | Line: 2.5 | Under: -115

--- MATCH ENVIRONMENT ---
Weather: Sunny
Humidity: 48%
Wind: 2.6m/s (5.8 mph)


==================================================
MATCH #5 OF 5
==================================================

----- MATCH SUMMARY -----
Timestamp: 2025-05-01 00:41:32 ET
Competition ID: v2y8m4zhgxoql07
Competition: Western Australia Women's League (Australia)
Match: Balcatta (w) vs Murdoch University Melville FC (w)
Score: 5 - 0 (HT: 3 - 0)
Status: Finished (Status ID: 8)

--- MATCH BETTING ODDS ---
ML (Money Line):
Time: 4 min | Home: -3333 | Draw: +1400 | Away: +5000

SPREAD (Asia Handicap):
Time: 4 min | Home: +100 | Handicap: 3.5 | Away: -125

Over/Under:
Time: 4 min | Over: -115 | Line: 3.75 | Under: -109

--- MATCH ENVIRONMENT ---
Weather: Sunny
Humidity: 37%
Wind: 5.3m/s (11.9 mph)


==================================================
END OF LIVE MATCH DATA - 5 MATCHES DISPLAYED
==================================================
Refreshing in 30 seconds... (Press Ctrl+C to exit)

Waiting 30 seconds before next update at 2025-05-01 00:41:32...
==================================================

==================================================
REFRESHING DATA AT: 2025-05-01 04:41:36
==================================================

Fetching live matches...

===== FOUND 5 LIVE FOOTBALL MATCHES =====

Last updated: 2025-05-01 04:41:36
==================================================
MATCH #1 OF 5
==================================================

----- MATCH SUMMARY -----
Timestamp: 2025-05-01 00:41:38 ET
Competition ID: j1l4rjnhjg1m7vx
Competition: USA ULOC (United States)
Match: Las Vegas Lights vs AV Alta
Score: 2 - 1 (HT: 1 - 0)
Status: Finished (Status ID: 8)

--- MATCH BETTING ODDS ---
ML (Money Line):
Time: 4 min | Home: -111 | Draw: +275 | Away: +220

SPREAD (Asia Handicap):
Time: 4 min | Home: +100 | Handicap: 0.5 | Away: -125

Over/Under:
Time: 4 min | Over: -103 | Line: 3.0 | Under: -122

--- MATCH ENVIRONMENT ---
Weather: Cloudy
Humidity: 15%
Wind: 2.3m/s (5.1 mph)


==================================================
MATCH #2 OF 5
==================================================

----- MATCH SUMMARY -----
Timestamp: 2025-05-01 00:41:38 ET
Competition ID: l965mkyhdgr1ge4
Competition: Chilean Primera B (Chile)
Match: D. Concepcion vs Santiago Morning
Score: 3 - 0 (HT: 2 - 0)
Status: Finished (Status ID: 8)

--- MATCH BETTING ODDS ---
ML (Money Line):
Time: 4 min | Home: +137 | Draw: +200 | Away: +187

SPREAD (Asia Handicap):
Time: 4 min | Home: -101 | Handicap: 0.25 | Away: -130

Over/Under:
Time: 4 min | Over: +105 | Line: 2.25 | Under: -133

--- MATCH ENVIRONMENT ---
Weather: Sunny
Humidity: 39%
Wind: 1.2m/s (2.7 mph)


==================================================
MATCH #3 OF 5
==================================================

----- MATCH SUMMARY -----
Timestamp: 2025-05-01 00:41:39 ET
Competition ID: yl5ergphd2r8k0o
Competition: Moldova Division 2 (Moldova)
Match: Saxan Ceadir Lunga vs FC Ursidos Stauceni
Score: 1 - 1 (HT: 0 - 1)
Status: Finished (Status ID: 8)

--- MATCH BETTING ODDS ---

SPREAD (Asia Handicap):
Time: 7 min | Home: -127 | Handicap: 0.5 | Away: -118 (Closest time to minutes 4-6 available: 7)

Over/Under:
Time: 4 min | Over: -154 | Line: 2.5 | Under: +110

--- MATCH ENVIRONMENT ---
No environment data available for this match


==================================================
MATCH #4 OF 5
==================================================

----- MATCH SUMMARY -----
Timestamp: 2025-05-01 00:41:40 ET
Competition ID: kjw2r09hj8rz84o
Competition: Italian Primavera Cup (Italy)
Match: Cagliari U19 vs AC Milan U20
Score: 3 - 0 (HT: 2 - 0)
Status: Finished (Status ID: 8)

--- MATCH BETTING ODDS ---
ML (Money Line):
Time: 4 min | Home: +240 | Draw: +240 | Away: +105

SPREAD (Asia Handicap):
Time: 4 min | Home: -139 | Handicap: -0.5 | Away: +107

Over/Under:
Time: 4 min | Over: -109 | Line: 2.5 | Under: -115

--- MATCH ENVIRONMENT ---
Weather: Sunny
Humidity: 48%
Wind: 2.6m/s (5.8 mph)


==================================================
MATCH #5 OF 5
==================================================

----- MATCH SUMMARY -----
Timestamp: 2025-05-01 00:41:41 ET
Competition ID: v2y8m4zhgxoql07
Competition: Western Australia Women's League (Australia)
Match: Balcatta (w) vs Murdoch University Melville FC (w)
Score: 5 - 0 (HT: 3 - 0)
Status: Finished (Status ID: 8)

--- MATCH BETTING ODDS ---
ML (Money Line):
Time: 4 min | Home: -3333 | Draw: +1400 | Away: +5000

SPREAD (Asia Handicap):
Time: 4 min | Home: +100 | Handicap: 3.5 | Away: -125

Over/Under:
Time: 4 min | Over: -115 | Line: 3.75 | Under: -109

--- MATCH ENVIRONMENT ---
Weather: Sunny
Humidity: 37%
Wind: 5.3m/s (11.9 mph)


==================================================
END OF LIVE MATCH DATA - 5 MATCHES DISPLAYED
==================================================
Refreshing in 30 seconds... (Press Ctrl+C to exit)

Waiting 30 seconds before next update at 2025-05-01 04:41:41...
==================================================

==================================================
REFRESHING DATA AT: 2025-05-01 00:42:02
==================================================

Fetching live matches...

===== FOUND 5 LIVE FOOTBALL MATCHES =====

Last updated: 2025-05-01 00:42:02
==================================================
MATCH #1 OF 5
==================================================

----- MATCH SUMMARY -----
Timestamp: 2025-05-01 00:42:03 ET
Competition ID: j1l4rjnhjg1m7vx
Competition: USA ULOC (United States)
Match: Las Vegas Lights vs AV Alta
Score: 2 - 1 (HT: 1 - 0)
Status: Finished (Status ID: 8)

--- MATCH BETTING ODDS ---
ML (Money Line):
Time: 4 min | Home: -111 | Draw: +275 | Away: +220

SPREAD (Asia Handicap):
Time: 4 min | Home: +100 | Handicap: 0.5 | Away: -125

Over/Under:
Time: 4 min | Over: -103 | Line: 3.0 | Under: -122

--- MATCH ENVIRONMENT ---
Weather: Cloudy
Humidity: 15%
Wind: 2.3m/s (5.1 mph)


==================================================
MATCH #2 OF 5
==================================================

----- MATCH SUMMARY -----
Timestamp: 2025-05-01 00:42:04 ET
Competition ID: l965mkyhdgr1ge4
Competition: Chilean Primera B (Chile)
Match: D. Concepcion vs Santiago Morning
Score: 3 - 0 (HT: 2 - 0)
Status: Finished (Status ID: 8)

--- MATCH BETTING ODDS ---
ML (Money Line):
Time: 4 min | Home: +137 | Draw: +200 | Away: +187

SPREAD (Asia Handicap):
Time: 4 min | Home: -101 | Handicap: 0.25 | Away: -130

Over/Under:
Time: 4 min | Over: +105 | Line: 2.25 | Under: -133

--- MATCH ENVIRONMENT ---
Weather: Sunny
Humidity: 39%
Wind: 1.2m/s (2.7 mph)


==================================================
MATCH #3 OF 5
==================================================

----- MATCH SUMMARY -----
Timestamp: 2025-05-01 00:42:04 ET
Competition ID: yl5ergphd2r8k0o
Competition: Moldova Division 2 (Moldova)
Match: Saxan Ceadir Lunga vs FC Ursidos Stauceni
Score: 1 - 1 (HT: 0 - 1)
Status: Finished (Status ID: 8)

--- MATCH BETTING ODDS ---

SPREAD (Asia Handicap):
Time: 7 min | Home: -127 | Handicap: 0.5 | Away: -118 (Closest time to minutes 4-6 available: 7)

Over/Under:
Time: 4 min | Over: -154 | Line: 2.5 | Under: +110

--- MATCH ENVIRONMENT ---
No environment data available for this match


==================================================
MATCH #4 OF 5
==================================================

----- MATCH SUMMARY -----
Timestamp: 2025-05-01 00:42:05 ET
Competition ID: kjw2r09hj8rz84o
Competition: Italian Primavera Cup (Italy)
Match: Cagliari U19 vs AC Milan U20
Score: 3 - 0 (HT: 2 - 0)
Status: Finished (Status ID: 8)

--- MATCH BETTING ODDS ---
ML (Money Line):
Time: 4 min | Home: +240 | Draw: +240 | Away: +105

SPREAD (Asia Handicap):
Time: 4 min | Home: -139 | Handicap: -0.5 | Away: +107

Over/Under:
Time: 4 min | Over: -109 | Line: 2.5 | Under: -115

--- MATCH ENVIRONMENT ---
Weather: Sunny
Humidity: 48%
Wind: 2.6m/s (5.8 mph)


==================================================
MATCH #5 OF 5
==================================================

----- MATCH SUMMARY -----
Timestamp: 2025-05-01 00:42:06 ET
Competition ID: v2y8m4zhgxoql07
Competition: Western Australia Women's League (Australia)
Match: Balcatta (w) vs Murdoch University Melville FC (w)
Score: 5 - 0 (HT: 3 - 0)
Status: Finished (Status ID: 8)

--- MATCH BETTING ODDS ---
ML (Money Line):
Time: 4 min | Home: -3333 | Draw: +1400 | Away: +5000

SPREAD (Asia Handicap):
Time: 4 min | Home: +100 | Handicap: 3.5 | Away: -125

Over/Under:
Time: 4 min | Over: -115 | Line: 3.75 | Under: -109

--- MATCH ENVIRONMENT ---
Weather: Sunny
Humidity: 37%
Wind: 5.3m/s (11.9 mph)


==================================================
END OF LIVE MATCH DATA - 5 MATCHES DISPLAYED
==================================================
Refreshing in 30 seconds... (Press Ctrl+C to exit)

Waiting 30 seconds before next update at 2025-05-01 00:42:06...
==================================================

==================================================
REFRESHING DATA AT: 2025-05-01 04:42:11
==================================================

Fetching live matches...

===== FOUND 4 LIVE FOOTBALL MATCHES =====

Last updated: 2025-05-01 04:42:11
==================================================
MATCH #1 OF 4
==================================================

----- MATCH SUMMARY -----
Timestamp: 2025-05-01 00:42:11 ET
Competition ID: l965mkyhdgr1ge4
Competition: Chilean Primera B (Chile)
Match: D. Concepcion vs Santiago Morning
Score: 3 - 0 (HT: 2 - 0)
Status: Finished (Status ID: 8)

--- MATCH BETTING ODDS ---
ML (Money Line):
Time: 4 min | Home: +137 | Draw: +200 | Away: +187

SPREAD (Asia Handicap):
Time: 4 min | Home: -101 | Handicap: 0.25 | Away: -130

Over/Under:
Time: 4 min | Over: +105 | Line: 2.25 | Under: -133

--- MATCH ENVIRONMENT ---
Weather: Sunny
Humidity: 39%
Wind: 1.2m/s (2.7 mph)


==================================================
MATCH #2 OF 4
==================================================

----- MATCH SUMMARY -----
Timestamp: 2025-05-01 00:42:12 ET
Competition ID: yl5ergphd2r8k0o
Competition: Moldova Division 2 (Moldova)
Match: Saxan Ceadir Lunga vs FC Ursidos Stauceni
Score: 1 - 1 (HT: 0 - 1)
Status: Finished (Status ID: 8)

--- MATCH BETTING ODDS ---

SPREAD (Asia Handicap):
Time: 7 min | Home: -127 | Handicap: 0.5 | Away: -118 (Closest time to minutes 4-6 available: 7)

Over/Under:
Time: 4 min | Over: -154 | Line: 2.5 | Under: +110

--- MATCH ENVIRONMENT ---
No environment data available for this match


==================================================
MATCH #3 OF 4
==================================================

----- MATCH SUMMARY -----
Timestamp: 2025-05-01 00:42:12 ET
Competition ID: kjw2r09hj8rz84o
Competition: Italian Primavera Cup (Italy)
Match: Cagliari U19 vs AC Milan U20
Score: 3 - 0 (HT: 2 - 0)
Status: Finished (Status ID: 8)

--- MATCH BETTING ODDS ---
ML (Money Line):
Time: 4 min | Home: +240 | Draw: +240 | Away: +105

SPREAD (Asia Handicap):
Time: 4 min | Home: -139 | Handicap: -0.5 | Away: +107

Over/Under:
Time: 4 min | Over: -109 | Line: 2.5 | Under: -115

--- MATCH ENVIRONMENT ---
Weather: Sunny
Humidity: 48%
Wind: 2.6m/s (5.8 mph)


==================================================
MATCH #4 OF 4
==================================================

----- MATCH SUMMARY -----
Timestamp: 2025-05-01 00:42:13 ET
Competition ID: v2y8m4zhgxoql07
Competition: Western Australia Women's League (Australia)
Match: Balcatta (w) vs Murdoch University Melville FC (w)
Score: 5 - 0 (HT: 3 - 0)
Status: Finished (Status ID: 8)

--- MATCH BETTING ODDS ---
ML (Money Line):
Time: 4 min | Home: -3333 | Draw: +1400 | Away: +5000

SPREAD (Asia Handicap):
Time: 4 min | Home: +100 | Handicap: 3.5 | Away: -125

Over/Under:
Time: 4 min | Over: -115 | Line: 3.75 | Under: -109

--- MATCH ENVIRONMENT ---
Weather: Sunny
Humidity: 37%
Wind: 5.3m/s (11.9 mph)


==================================================
END OF LIVE MATCH DATA - 4 MATCHES DISPLAYED
==================================================
Refreshing in 30 seconds... (Press Ctrl+C to exit)

Waiting 30 seconds before next update at 2025-05-01 04:42:13...
==================================================

==================================================
REFRESHING DATA AT: 2025-05-01 00:42:36
==================================================

Fetching live matches...

===== FOUND 4 LIVE FOOTBALL MATCHES =====

Last updated: 2025-05-01 00:42:36
==================================================
MATCH #1 OF 4
==================================================

----- MATCH SUMMARY -----
Timestamp: 2025-05-01 00:42:37 ET
Competition ID: l965mkyhdgr1ge4
Competition: Chilean Primera B (Chile)
Match: D. Concepcion vs Santiago Morning
Score: 3 - 0 (HT: 2 - 0)
Status: Finished (Status ID: 8)

--- MATCH BETTING ODDS ---
ML (Money Line):
Time: 4 min | Home: +137 | Draw: +200 | Away: +187

SPREAD (Asia Handicap):
Time: 4 min | Home: -101 | Handicap: 0.25 | Away: -130

Over/Under:
Time: 4 min | Over: +105 | Line: 2.25 | Under: -133

--- MATCH ENVIRONMENT ---
Weather: Sunny
Humidity: 39%
Wind: 1.2m/s (2.7 mph)


==================================================
MATCH #2 OF 4
==================================================

----- MATCH SUMMARY -----
Timestamp: 2025-05-01 00:42:37 ET
Competition ID: yl5ergphd2r8k0o
Competition: Moldova Division 2 (Moldova)
Match: Saxan Ceadir Lunga vs FC Ursidos Stauceni
Score: 1 - 1 (HT: 0 - 1)
Status: Finished (Status ID: 8)

--- MATCH BETTING ODDS ---

SPREAD (Asia Handicap):
Time: 7 min | Home: -127 | Handicap: 0.5 | Away: -118 (Closest time to minutes 4-6 available: 7)

Over/Under:
Time: 4 min | Over: -154 | Line: 2.5 | Under: +110

--- MATCH ENVIRONMENT ---
No environment data available for this match


==================================================
MATCH #3 OF 4
==================================================

----- MATCH SUMMARY -----
Timestamp: 2025-05-01 00:42:38 ET
Competition ID: kjw2r09hj8rz84o
Competition: Italian Primavera Cup (Italy)
Match: Cagliari U19 vs AC Milan U20
Score: 3 - 0 (HT: 2 - 0)
Status: Finished (Status ID: 8)

--- MATCH BETTING ODDS ---
ML (Money Line):
Time: 4 min | Home: +240 | Draw: +240 | Away: +105

SPREAD (Asia Handicap):
Time: 4 min | Home: -139 | Handicap: -0.5 | Away: +107

Over/Under:
Time: 4 min | Over: -109 | Line: 2.5 | Under: -115

--- MATCH ENVIRONMENT ---
Weather: Sunny
Humidity: 48%
Wind: 2.6m/s (5.8 mph)


==================================================
MATCH #4 OF 4
==================================================

----- MATCH SUMMARY -----
Timestamp: 2025-05-01 00:42:38 ET
Competition ID: v2y8m4zhgxoql07
Competition: Western Australia Women's League (Australia)
Match: Balcatta (w) vs Murdoch University Melville FC (w)
Score: 5 - 0 (HT: 3 - 0)
Status: Finished (Status ID: 8)

--- MATCH BETTING ODDS ---
ML (Money Line):
Time: 4 min | Home: -3333 | Draw: +1400 | Away: +5000

SPREAD (Asia Handicap):
Time: 4 min | Home: +100 | Handicap: 3.5 | Away: -125

Over/Under:
Time: 4 min | Over: -115 | Line: 3.75 | Under: -109

--- MATCH ENVIRONMENT ---
Weather: Sunny
Humidity: 37%
Wind: 5.3m/s (11.9 mph)


==================================================
END OF LIVE MATCH DATA - 4 MATCHES DISPLAYED
==================================================
Refreshing in 30 seconds... (Press Ctrl+C to exit)

Waiting 30 seconds before next update at 2025-05-01 00:42:38...
==================================================

==================================================
REFRESHING DATA AT: 2025-05-01 04:42:43
==================================================

Fetching live matches...

===== FOUND 4 LIVE FOOTBALL MATCHES =====

Last updated: 2025-05-01 04:42:43
==================================================
MATCH #1 OF 4
==================================================

----- MATCH SUMMARY -----
Timestamp: 2025-05-01 00:42:44 ET
Competition ID: l965mkyhdgr1ge4
Competition: Chilean Primera B (Chile)
Match: D. Concepcion vs Santiago Morning
Score: 3 - 0 (HT: 2 - 0)
Status: Finished (Status ID: 8)

--- MATCH BETTING ODDS ---
ML (Money Line):
Time: 4 min | Home: +137 | Draw: +200 | Away: +187

SPREAD (Asia Handicap):
Time: 4 min | Home: -101 | Handicap: 0.25 | Away: -130

Over/Under:
Time: 4 min | Over: +105 | Line: 2.25 | Under: -133

--- MATCH ENVIRONMENT ---
Weather: Sunny
Humidity: 39%
Wind: 1.2m/s (2.7 mph)


==================================================
MATCH #2 OF 4
==================================================

----- MATCH SUMMARY -----
Timestamp: 2025-05-01 00:42:45 ET
Competition ID: yl5ergphd2r8k0o
Competition: Moldova Division 2 (Moldova)
Match: Saxan Ceadir Lunga vs FC Ursidos Stauceni
Score: 1 - 1 (HT: 0 - 1)
Status: Finished (Status ID: 8)

--- MATCH BETTING ODDS ---

SPREAD (Asia Handicap):
Time: 7 min | Home: -127 | Handicap: 0.5 | Away: -118 (Closest time to minutes 4-6 available: 7)

Over/Under:
Time: 4 min | Over: -154 | Line: 2.5 | Under: +110

--- MATCH ENVIRONMENT ---
No environment data available for this match


==================================================
MATCH #3 OF 4
==================================================

----- MATCH SUMMARY -----
Timestamp: 2025-05-01 00:42:46 ET
Competition ID: kjw2r09hj8rz84o
Competition: Italian Primavera Cup (Italy)
Match: Cagliari U19 vs AC Milan U20
Score: 3 - 0 (HT: 2 - 0)
Status: Finished (Status ID: 8)

--- MATCH BETTING ODDS ---
ML (Money Line):
Time: 4 min | Home: +240 | Draw: +240 | Away: +105

SPREAD (Asia Handicap):
Time: 4 min | Home: -139 | Handicap: -0.5 | Away: +107

Over/Under:
Time: 4 min | Over: -109 | Line: 2.5 | Under: -115

--- MATCH ENVIRONMENT ---
Weather: Sunny
Humidity: 48%
Wind: 2.6m/s (5.8 mph)


==================================================
MATCH #4 OF 4
==================================================

----- MATCH SUMMARY -----
Timestamp: 2025-05-01 00:42:46 ET
Competition ID: v2y8m4zhgxoql07
Competition: Western Australia Women's League (Australia)
Match: Balcatta (w) vs Murdoch University Melville FC (w)
Score: 5 - 0 (HT: 3 - 0)
Status: Finished (Status ID: 8)

--- MATCH BETTING ODDS ---
ML (Money Line):
Time: 4 min | Home: -3333 | Draw: +1400 | Away: +5000

SPREAD (Asia Handicap):
Time: 4 min | Home: +100 | Handicap: 3.5 | Away: -125

Over/Under:
Time: 4 min | Over: -115 | Line: 3.75 | Under: -109

--- MATCH ENVIRONMENT ---
Weather: Sunny
Humidity: 37%
Wind: 5.3m/s (11.9 mph)


==================================================
END OF LIVE MATCH DATA - 4 MATCHES DISPLAYED
==================================================
Refreshing in 30 seconds... (Press Ctrl+C to exit)

Waiting 30 seconds before next update at 2025-05-01 04:42:46...
==================================================

==================================================
REFRESHING DATA AT: 2025-05-01 00:43:08
==================================================

Fetching live matches...

===== FOUND 5 LIVE FOOTBALL MATCHES =====

Last updated: 2025-05-01 00:43:09
==================================================
MATCH #1 OF 5
==================================================

----- MATCH SUMMARY -----
Timestamp: 2025-05-01 00:43:09 ET
Competition ID: l965mkyhdgr1ge4
Competition: Chilean Primera B (Chile)
Match: D. Concepcion vs Santiago Morning
Score: 3 - 0 (HT: 2 - 0)
Status: Finished (Status ID: 8)

--- MATCH BETTING ODDS ---
ML (Money Line):
Time: 4 min | Home: +137 | Draw: +200 | Away: +187

SPREAD (Asia Handicap):
Time: 4 min | Home: -101 | Handicap: 0.25 | Away: -130

Over/Under:
Time: 4 min | Over: +105 | Line: 2.25 | Under: -133

--- MATCH ENVIRONMENT ---
Weather: Sunny
Humidity: 39%
Wind: 1.2m/s (2.7 mph)


==================================================
MATCH #2 OF 5
==================================================

----- MATCH SUMMARY -----
Timestamp: 2025-05-01 00:43:10 ET
Competition ID: yl5ergphd2r8k0o
Competition: Moldova Division 2 (Moldova)
Match: Saxan Ceadir Lunga vs FC Ursidos Stauceni
Score: 1 - 1 (HT: 0 - 1)
Status: Finished (Status ID: 8)

--- MATCH BETTING ODDS ---

SPREAD (Asia Handicap):
Time: 7 min | Home: -127 | Handicap: 0.5 | Away: -118 (Closest time to minutes 4-6 available: 7)

Over/Under:
Time: 4 min | Over: -154 | Line: 2.5 | Under: +110

--- MATCH ENVIRONMENT ---
No environment data available for this match


==================================================
MATCH #3 OF 5
==================================================

----- MATCH SUMMARY -----
Timestamp: 2025-05-01 00:43:11 ET
Competition ID: 56ypq3nhzogmd7o
Competition: Portuguese Champions Nacional Juniores A 2 (Portugal)
Match: Vitoria SC Guimaraes U19 vs Tondela U19
Score: 1 - 2 (HT: 0 - 1)
Status: Finished (Status ID: 8)

--- MATCH BETTING ODDS ---
ML (Money Line):
Time: pre-match min | Home: +15000 | Draw: +2200 | Away: -10000 (Closest time to minutes 4-6 available: pre-match)

SPREAD (Asia Handicap):
Time: pre-match min | Home: -333 | Handicap: 0.0 | Away: +245 (Closest time to minutes 4-6 available: pre-match)

Over/Under:
Time: pre-match min | Over: +900 | Line: 3.5 | Under: -1667 (Closest time to minutes 4-6 available: pre-match)

--- MATCH ENVIRONMENT ---
Weather: Foggy
Humidity: 91%
Wind: 3.7m/s (8.3 mph)


==================================================
MATCH #4 OF 5
==================================================

----- MATCH SUMMARY -----
Timestamp: 2025-05-01 00:43:12 ET
Competition ID: kjw2r09hj8rz84o
Competition: Italian Primavera Cup (Italy)
Match: Cagliari U19 vs AC Milan U20
Score: 3 - 0 (HT: 2 - 0)
Status: Finished (Status ID: 8)

--- MATCH BETTING ODDS ---
ML (Money Line):
Time: 4 min | Home: +240 | Draw: +240 | Away: +105

SPREAD (Asia Handicap):
Time: 4 min | Home: -139 | Handicap: -0.5 | Away: +107

Over/Under:
Time: 4 min | Over: -109 | Line: 2.5 | Under: -115

--- MATCH ENVIRONMENT ---
Weather: Sunny
Humidity: 48%
Wind: 2.6m/s (5.8 mph)


==================================================
MATCH #5 OF 5
==================================================

----- MATCH SUMMARY -----
Timestamp: 2025-05-01 00:43:13 ET
Competition ID: v2y8m4zhgxoql07
Competition: Western Australia Women's League (Australia)
Match: Balcatta (w) vs Murdoch University Melville FC (w)
Score: 5 - 0 (HT: 3 - 0)
Status: Finished (Status ID: 8)

--- MATCH BETTING ODDS ---
ML (Money Line):
Time: 4 min | Home: -3333 | Draw: +1400 | Away: +5000

SPREAD (Asia Handicap):
Time: 4 min | Home: +100 | Handicap: 3.5 | Away: -125

Over/Under:
Time: 4 min | Over: -115 | Line: 3.75 | Under: -109

--- MATCH ENVIRONMENT ---
Weather: Sunny
Humidity: 37%
Wind: 5.3m/s (11.9 mph)


==================================================
END OF LIVE MATCH DATA - 5 MATCHES DISPLAYED
==================================================
Refreshing in 30 seconds... (Press Ctrl+C to exit)

Waiting 30 seconds before next update at 2025-05-01 00:43:13...
==================================================

==================================================
REFRESHING DATA AT: 2025-05-01 04:43:16
==================================================

Fetching live matches...

===== FOUND 5 LIVE FOOTBALL MATCHES =====

Last updated: 2025-05-01 04:43:16
==================================================
MATCH #1 OF 5
==================================================

----- MATCH SUMMARY -----
Timestamp: 2025-05-01 00:43:17 ET
Competition ID: l965mkyhdgr1ge4
Competition: Chilean Primera B (Chile)
Match: D. Concepcion vs Santiago Morning
Score: 3 - 0 (HT: 2 - 0)
Status: Finished (Status ID: 8)

--- MATCH BETTING ODDS ---
ML (Money Line):
Time: 4 min | Home: +137 | Draw: +200 | Away: +187

SPREAD (Asia Handicap):
Time: 4 min | Home: -101 | Handicap: 0.25 | Away: -130

Over/Under:
Time: 4 min | Over: +105 | Line: 2.25 | Under: -133

--- MATCH ENVIRONMENT ---
Weather: Sunny
Humidity: 39%
Wind: 1.2m/s (2.7 mph)


==================================================
MATCH #2 OF 5
==================================================

----- MATCH SUMMARY -----
Timestamp: 2025-05-01 00:43:18 ET
Competition ID: yl5ergphd2r8k0o
Competition: Moldova Division 2 (Moldova)
Match: Saxan Ceadir Lunga vs FC Ursidos Stauceni
Score: 1 - 1 (HT: 0 - 1)
Status: Finished (Status ID: 8)

--- MATCH BETTING ODDS ---

SPREAD (Asia Handicap):
Time: 7 min | Home: -127 | Handicap: 0.5 | Away: -118 (Closest time to minutes 4-6 available: 7)

Over/Under:
Time: 4 min | Over: -154 | Line: 2.5 | Under: +110

--- MATCH ENVIRONMENT ---
No environment data available for this match


==================================================
MATCH #3 OF 5
==================================================

----- MATCH SUMMARY -----
Timestamp: 2025-05-01 00:43:19 ET
Competition ID: 56ypq3nhzogmd7o
Competition: Portuguese Champions Nacional Juniores A 2 (Portugal)
Match: Vitoria SC Guimaraes U19 vs Tondela U19
Score: 1 - 2 (HT: 0 - 1)
Status: Finished (Status ID: 8)

--- MATCH BETTING ODDS ---
ML (Money Line):
Time: pre-match min | Home: +15000 | Draw: +2200 | Away: -10000 (Closest time to minutes 4-6 available: pre-match)

SPREAD (Asia Handicap):
Time: pre-match min | Home: -333 | Handicap: 0.0 | Away: +245 (Closest time to minutes 4-6 available: pre-match)

Over/Under:
Time: pre-match min | Over: +900 | Line: 3.5 | Under: -1667 (Closest time to minutes 4-6 available: pre-match)

--- MATCH ENVIRONMENT ---
Weather: Foggy
Humidity: 91%
Wind: 3.7m/s (8.3 mph)


==================================================
MATCH #4 OF 5
==================================================

----- MATCH SUMMARY -----
Timestamp: 2025-05-01 00:43:20 ET
Competition ID: kjw2r09hj8rz84o
Competition: Italian Primavera Cup (Italy)
Match: Cagliari U19 vs AC Milan U20
Score: 3 - 0 (HT: 2 - 0)
Status: Finished (Status ID: 8)

--- MATCH BETTING ODDS ---
ML (Money Line):
Time: 4 min | Home: +240 | Draw: +240 | Away: +105

SPREAD (Asia Handicap):
Time: 4 min | Home: -139 | Handicap: -0.5 | Away: +107

Over/Under:
Time: 4 min | Over: -109 | Line: 2.5 | Under: -115

--- MATCH ENVIRONMENT ---
Weather: Sunny
Humidity: 48%
Wind: 2.6m/s (5.8 mph)


==================================================
MATCH #5 OF 5
==================================================

----- MATCH SUMMARY -----
Timestamp: 2025-05-01 00:43:21 ET
Competition ID: v2y8m4zhgxoql07
Competition: Western Australia Women's League (Australia)
Match: Balcatta (w) vs Murdoch University Melville FC (w)
Score: 5 - 0 (HT: 3 - 0)
Status: Finished (Status ID: 8)

--- MATCH BETTING ODDS ---
ML (Money Line):
Time: 4 min | Home: -3333 | Draw: +1400 | Away: +5000

SPREAD (Asia Handicap):
Time: 4 min | Home: +100 | Handicap: 3.5 | Away: -125

Over/Under:
Time: 4 min | Over: -115 | Line: 3.75 | Under: -109

--- MATCH ENVIRONMENT ---
Weather: Sunny
Humidity: 37%
Wind: 5.3m/s (11.9 mph)


==================================================
END OF LIVE MATCH DATA - 5 MATCHES DISPLAYED
==================================================
Refreshing in 30 seconds... (Press Ctrl+C to exit)

Waiting 30 seconds before next update at 2025-05-01 04:43:21...
==================================================

==================================================
REFRESHING DATA AT: 2025-05-01 00:43:43
==================================================

Fetching live matches...

===== FOUND 4 LIVE FOOTBALL MATCHES =====

Last updated: 2025-05-01 00:43:43
==================================================
MATCH #1 OF 4
==================================================

----- MATCH SUMMARY -----
Timestamp: 2025-05-01 00:43:43 ET
Competition ID: yl5ergphd2r8k0o
Competition: Moldova Division 2 (Moldova)
Match: Saxan Ceadir Lunga vs FC Ursidos Stauceni
Score: 1 - 1 (HT: 0 - 1)
Status: Finished (Status ID: 8)

--- MATCH BETTING ODDS ---

SPREAD (Asia Handicap):
Time: 7 min | Home: -127 | Handicap: 0.5 | Away: -118 (Closest time to minutes 4-6 available: 7)

Over/Under:
Time: 4 min | Over: -154 | Line: 2.5 | Under: +110

--- MATCH ENVIRONMENT ---
No environment data available for this match


==================================================
MATCH #2 OF 4
==================================================

----- MATCH SUMMARY -----
Timestamp: 2025-05-01 00:43:44 ET
Competition ID: 56ypq3nhzogmd7o
Competition: Portuguese Champions Nacional Juniores A 2 (Portugal)
Match: Vitoria SC Guimaraes U19 vs Tondela U19
Score: 1 - 2 (HT: 0 - 1)
Status: Finished (Status ID: 8)

--- MATCH BETTING ODDS ---
ML (Money Line):
Time: pre-match min | Home: +15000 | Draw: +2200 | Away: -10000 (Closest time to minutes 4-6 available: pre-match)

SPREAD (Asia Handicap):
Time: pre-match min | Home: -333 | Handicap: 0.0 | Away: +245 (Closest time to minutes 4-6 available: pre-match)

Over/Under:
Time: pre-match min | Over: +900 | Line: 3.5 | Under: -1667 (Closest time to minutes 4-6 available: pre-match)

--- MATCH ENVIRONMENT ---
Weather: Foggy
Humidity: 91%
Wind: 3.7m/s (8.3 mph)


==================================================
MATCH #3 OF 4
==================================================

----- MATCH SUMMARY -----
Timestamp: 2025-05-01 00:43:45 ET
Competition ID: kjw2r09hj8rz84o
Competition: Italian Primavera Cup (Italy)
Match: Cagliari U19 vs AC Milan U20
Score: 3 - 0 (HT: 2 - 0)
Status: Finished (Status ID: 8)

--- MATCH BETTING ODDS ---
ML (Money Line):
Time: 4 min | Home: +240 | Draw: +240 | Away: +105

SPREAD (Asia Handicap):
Time: 4 min | Home: -139 | Handicap: -0.5 | Away: +107

Over/Under:
Time: 4 min | Over: -109 | Line: 2.5 | Under: -115

--- MATCH ENVIRONMENT ---
Weather: Sunny
Humidity: 48%
Wind: 2.6m/s (5.8 mph)


==================================================
MATCH #4 OF 4
==================================================

----- MATCH SUMMARY -----
Timestamp: 2025-05-01 00:43:45 ET
Competition ID: v2y8m4zhgxoql07
Competition: Western Australia Women's League (Australia)
Match: Balcatta (w) vs Murdoch University Melville FC (w)
Score: 5 - 0 (HT: 3 - 0)
Status: Finished (Status ID: 8)

--- MATCH BETTING ODDS ---
ML (Money Line):
Time: 4 min | Home: -3333 | Draw: +1400 | Away: +5000

SPREAD (Asia Handicap):
Time: 4 min | Home: +100 | Handicap: 3.5 | Away: -125

Over/Under:
Time: 4 min | Over: -115 | Line: 3.75 | Under: -109

--- MATCH ENVIRONMENT ---
Weather: Sunny
Humidity: 37%
Wind: 5.3m/s (11.9 mph)


==================================================
END OF LIVE MATCH DATA - 4 MATCHES DISPLAYED
==================================================
Refreshing in 30 seconds... (Press Ctrl+C to exit)

Waiting 30 seconds before next update at 2025-05-01 00:43:45...
==================================================

==================================================
REFRESHING DATA AT: 2025-05-01 04:43:51
==================================================

Fetching live matches...

===== FOUND 4 LIVE FOOTBALL MATCHES =====

Last updated: 2025-05-01 04:43:51
==================================================
MATCH #1 OF 4
==================================================

----- MATCH SUMMARY -----
Timestamp: 2025-05-01 00:43:52 ET
Competition ID: yl5ergphd2r8k0o
Competition: Moldova Division 2 (Moldova)
Match: Saxan Ceadir Lunga vs FC Ursidos Stauceni
Score: 1 - 1 (HT: 0 - 1)
Status: Finished (Status ID: 8)

--- MATCH BETTING ODDS ---

SPREAD (Asia Handicap):
Time: 7 min | Home: -127 | Handicap: 0.5 | Away: -118 (Closest time to minutes 4-6 available: 7)

Over/Under:
Time: 4 min | Over: -154 | Line: 2.5 | Under: +110

--- MATCH ENVIRONMENT ---
No environment data available for this match


==================================================
MATCH #2 OF 4
==================================================

----- MATCH SUMMARY -----
Timestamp: 2025-05-01 00:43:52 ET
Competition ID: 56ypq3nhzogmd7o
Competition: Portuguese Champions Nacional Juniores A 2 (Portugal)
Match: Vitoria SC Guimaraes U19 vs Tondela U19
Score: 1 - 2 (HT: 0 - 1)
Status: Finished (Status ID: 8)

--- MATCH BETTING ODDS ---
ML (Money Line):
Time: pre-match min | Home: +15000 | Draw: +2200 | Away: -10000 (Closest time to minutes 4-6 available: pre-match)

SPREAD (Asia Handicap):
Time: pre-match min | Home: -333 | Handicap: 0.0 | Away: +245 (Closest time to minutes 4-6 available: pre-match)

Over/Under:
Time: pre-match min | Over: +900 | Line: 3.5 | Under: -1667 (Closest time to minutes 4-6 available: pre-match)

--- MATCH ENVIRONMENT ---
Weather: Foggy
Humidity: 91%
Wind: 3.7m/s (8.3 mph)


==================================================
MATCH #3 OF 4
==================================================

----- MATCH SUMMARY -----
Timestamp: 2025-05-01 00:43:53 ET
Competition ID: kjw2r09hj8rz84o
Competition: Italian Primavera Cup (Italy)
Match: Cagliari U19 vs AC Milan U20
Score: 3 - 0 (HT: 2 - 0)
Status: Finished (Status ID: 8)

--- MATCH BETTING ODDS ---
ML (Money Line):
Time: 4 min | Home: +240 | Draw: +240 | Away: +105

SPREAD (Asia Handicap):
Time: 4 min | Home: -139 | Handicap: -0.5 | Away: +107

Over/Under:
Time: 4 min | Over: -109 | Line: 2.5 | Under: -115

--- MATCH ENVIRONMENT ---
Weather: Sunny
Humidity: 48%
Wind: 2.6m/s (5.8 mph)


==================================================
MATCH #4 OF 4
==================================================

----- MATCH SUMMARY -----
Timestamp: 2025-05-01 00:43:54 ET
Competition ID: v2y8m4zhgxoql07
Competition: Western Australia Women's League (Australia)
Match: Balcatta (w) vs Murdoch University Melville FC (w)
Score: 5 - 0 (HT: 3 - 0)
Status: Finished (Status ID: 8)

--- MATCH BETTING ODDS ---
ML (Money Line):
Time: 4 min | Home: -3333 | Draw: +1400 | Away: +5000

SPREAD (Asia Handicap):
Time: 4 min | Home: +100 | Handicap: 3.5 | Away: -125

Over/Under:
Time: 4 min | Over: -115 | Line: 3.75 | Under: -109

--- MATCH ENVIRONMENT ---
Weather: Sunny
Humidity: 37%
Wind: 5.3m/s (11.9 mph)


==================================================
END OF LIVE MATCH DATA - 4 MATCHES DISPLAYED
==================================================
Refreshing in 30 seconds... (Press Ctrl+C to exit)

Waiting 30 seconds before next update at 2025-05-01 04:43:54...
==================================================

==================================================
REFRESHING DATA AT: 2025-05-01 00:44:15
==================================================

Fetching live matches...

===== FOUND 4 LIVE FOOTBALL MATCHES =====

Last updated: 2025-05-01 00:44:15
==================================================
MATCH #1 OF 4
==================================================

----- MATCH SUMMARY -----
Timestamp: 2025-05-01 00:44:16 ET
Competition ID: yl5ergphd2r8k0o
Competition: Moldova Division 2 (Moldova)
Match: Saxan Ceadir Lunga vs FC Ursidos Stauceni
Score: 1 - 1 (HT: 0 - 1)
Status: Finished (Status ID: 8)

--- MATCH BETTING ODDS ---

SPREAD (Asia Handicap):
Time: 7 min | Home: -127 | Handicap: 0.5 | Away: -118 (Closest time to minutes 4-6 available: 7)

Over/Under:
Time: 4 min | Over: -154 | Line: 2.5 | Under: +110

--- MATCH ENVIRONMENT ---
No environment data available for this match


==================================================
MATCH #2 OF 4
==================================================

----- MATCH SUMMARY -----
Timestamp: 2025-05-01 00:44:17 ET
Competition ID: 56ypq3nhzogmd7o
Competition: Portuguese Champions Nacional Juniores A 2 (Portugal)
Match: Vitoria SC Guimaraes U19 vs Tondela U19
Score: 1 - 2 (HT: 0 - 1)
Status: Finished (Status ID: 8)

--- MATCH BETTING ODDS ---
ML (Money Line):
Time: pre-match min | Home: +15000 | Draw: +2200 | Away: -10000 (Closest time to minutes 4-6 available: pre-match)

SPREAD (Asia Handicap):
Time: pre-match min | Home: -333 | Handicap: 0.0 | Away: +245 (Closest time to minutes 4-6 available: pre-match)

Over/Under:
Time: pre-match min | Over: +900 | Line: 3.5 | Under: -1667 (Closest time to minutes 4-6 available: pre-match)

--- MATCH ENVIRONMENT ---
Weather: Foggy
Humidity: 91%
Wind: 3.7m/s (8.3 mph)


==================================================
MATCH #3 OF 4
==================================================

----- MATCH SUMMARY -----
Timestamp: 2025-05-01 00:44:17 ET
Competition ID: kjw2r09hj8rz84o
Competition: Italian Primavera Cup (Italy)
Match: Cagliari U19 vs AC Milan U20
Score: 3 - 0 (HT: 2 - 0)
Status: Finished (Status ID: 8)

--- MATCH BETTING ODDS ---
ML (Money Line):
Time: 4 min | Home: +240 | Draw: +240 | Away: +105

SPREAD (Asia Handicap):
Time: 4 min | Home: -139 | Handicap: -0.5 | Away: +107

Over/Under:
Time: 4 min | Over: -109 | Line: 2.5 | Under: -115

--- MATCH ENVIRONMENT ---
Weather: Sunny
Humidity: 48%
Wind: 2.6m/s (5.8 mph)


==================================================
MATCH #4 OF 4
==================================================

----- MATCH SUMMARY -----
Timestamp: 2025-05-01 00:44:18 ET
Competition ID: v2y8m4zhgxoql07
Competition: Western Australia Women's League (Australia)
Match: Balcatta (w) vs Murdoch University Melville FC (w)
Score: 5 - 0 (HT: 3 - 0)
Status: Finished (Status ID: 8)

--- MATCH BETTING ODDS ---
ML (Money Line):
Time: 4 min | Home: -3333 | Draw: +1400 | Away: +5000

SPREAD (Asia Handicap):
Time: 4 min | Home: +100 | Handicap: 3.5 | Away: -125

Over/Under:
Time: 4 min | Over: -115 | Line: 3.75 | Under: -109

--- MATCH ENVIRONMENT ---
Weather: Sunny
Humidity: 37%
Wind: 5.3m/s (11.9 mph)


==================================================
END OF LIVE MATCH DATA - 4 MATCHES DISPLAYED
==================================================
Refreshing in 30 seconds... (Press Ctrl+C to exit)

Waiting 30 seconds before next update at 2025-05-01 00:44:18...
==================================================

==================================================
REFRESHING DATA AT: 2025-05-01 04:44:24
==================================================

Fetching live matches...

===== FOUND 3 LIVE FOOTBALL MATCHES =====

Last updated: 2025-05-01 04:44:24
==================================================
MATCH #1 OF 3
==================================================

----- MATCH SUMMARY -----
Timestamp: 2025-05-01 00:44:25 ET
Competition ID: yl5ergphd2r8k0o
Competition: Moldova Division 2 (Moldova)
Match: Saxan Ceadir Lunga vs FC Ursidos Stauceni
Score: 1 - 1 (HT: 0 - 1)
Status: Finished (Status ID: 8)

--- MATCH BETTING ODDS ---

SPREAD (Asia Handicap):
Time: 7 min | Home: -127 | Handicap: 0.5 | Away: -118 (Closest time to minutes 4-6 available: 7)

Over/Under:
Time: 4 min | Over: -154 | Line: 2.5 | Under: +110

--- MATCH ENVIRONMENT ---
No environment data available for this match


==================================================
MATCH #2 OF 3
==================================================

----- MATCH SUMMARY -----
Timestamp: 2025-05-01 00:44:25 ET
Competition ID: 56ypq3nhzogmd7o
Competition: Portuguese Champions Nacional Juniores A 2 (Portugal)
Match: Vitoria SC Guimaraes U19 vs Tondela U19
Score: 1 - 2 (HT: 0 - 1)
Status: Finished (Status ID: 8)

--- MATCH BETTING ODDS ---
ML (Money Line):
Time: pre-match min | Home: +15000 | Draw: +2200 | Away: -10000 (Closest time to minutes 4-6 available: pre-match)

SPREAD (Asia Handicap):
Time: pre-match min | Home: -333 | Handicap: 0.0 | Away: +245 (Closest time to minutes 4-6 available: pre-match)

Over/Under:
Time: pre-match min | Over: +900 | Line: 3.5 | Under: -1667 (Closest time to minutes 4-6 available: pre-match)

--- MATCH ENVIRONMENT ---
Weather: Foggy
Humidity: 91%
Wind: 3.7m/s (8.3 mph)


==================================================
MATCH #3 OF 3
==================================================

----- MATCH SUMMARY -----
Timestamp: 2025-05-01 00:44:26 ET
Competition ID: v2y8m4zhgxoql07
Competition: Western Australia Women's League (Australia)
Match: Balcatta (w) vs Murdoch University Melville FC (w)
Score: 5 - 0 (HT: 3 - 0)
Status: Finished (Status ID: 8)

--- MATCH BETTING ODDS ---
ML (Money Line):
Time: 4 min | Home: -3333 | Draw: +1400 | Away: +5000

SPREAD (Asia Handicap):
Time: 4 min | Home: +100 | Handicap: 3.5 | Away: -125

Over/Under:
Time: 4 min | Over: -115 | Line: 3.75 | Under: -109

--- MATCH ENVIRONMENT ---
Weather: Sunny
Humidity: 37%
Wind: 5.3m/s (11.9 mph)


==================================================
END OF LIVE MATCH DATA - 3 MATCHES DISPLAYED
==================================================
Refreshing in 30 seconds... (Press Ctrl+C to exit)

Waiting 30 seconds before next update at 2025-05-01 04:44:26...
==================================================

==================================================
REFRESHING DATA AT: 2025-05-01 00:44:48
==================================================

Fetching live matches...

===== FOUND 3 LIVE FOOTBALL MATCHES =====

Last updated: 2025-05-01 00:44:48
==================================================
MATCH #1 OF 3
==================================================

----- MATCH SUMMARY -----
Timestamp: 2025-05-01 00:44:49 ET
Competition ID: yl5ergphd2r8k0o
Competition: Moldova Division 2 (Moldova)
Match: Saxan Ceadir Lunga vs FC Ursidos Stauceni
Score: 1 - 1 (HT: 0 - 1)
Status: Finished (Status ID: 8)

--- MATCH BETTING ODDS ---

SPREAD (Asia Handicap):
Time: 7 min | Home: -127 | Handicap: 0.5 | Away: -118 (Closest time to minutes 4-6 available: 7)

Over/Under:
Time: 4 min | Over: -154 | Line: 2.5 | Under: +110

--- MATCH ENVIRONMENT ---
No environment data available for this match


==================================================
MATCH #2 OF 3
==================================================

----- MATCH SUMMARY -----
Timestamp: 2025-05-01 00:44:49 ET
Competition ID: 56ypq3nhzogmd7o
Competition: Portuguese Champions Nacional Juniores A 2 (Portugal)
Match: Vitoria SC Guimaraes U19 vs Tondela U19
Score: 1 - 2 (HT: 0 - 1)
Status: Finished (Status ID: 8)

--- MATCH BETTING ODDS ---
ML (Money Line):
Time: pre-match min | Home: +15000 | Draw: +2200 | Away: -10000 (Closest time to minutes 4-6 available: pre-match)

SPREAD (Asia Handicap):
Time: pre-match min | Home: -333 | Handicap: 0.0 | Away: +245 (Closest time to minutes 4-6 available: pre-match)

Over/Under:
Time: pre-match min | Over: +900 | Line: 3.5 | Under: -1667 (Closest time to minutes 4-6 available: pre-match)

--- MATCH ENVIRONMENT ---
Weather: Foggy
Humidity: 91%
Wind: 3.7m/s (8.3 mph)


==================================================
MATCH #3 OF 3
==================================================

----- MATCH SUMMARY -----
Timestamp: 2025-05-01 00:44:50 ET
Competition ID: v2y8m4zhgxoql07
Competition: Western Australia Women's League (Australia)
Match: Balcatta (w) vs Murdoch University Melville FC (w)
Score: 5 - 0 (HT: 3 - 0)
Status: Finished (Status ID: 8)

--- MATCH BETTING ODDS ---
ML (Money Line):
Time: 4 min | Home: -3333 | Draw: +1400 | Away: +5000

SPREAD (Asia Handicap):
Time: 4 min | Home: +100 | Handicap: 3.5 | Away: -125

Over/Under:
Time: 4 min | Over: -115 | Line: 3.75 | Under: -109

--- MATCH ENVIRONMENT ---
Weather: Sunny
Humidity: 37%
Wind: 5.3m/s (11.9 mph)


==================================================
END OF LIVE MATCH DATA - 3 MATCHES DISPLAYED
==================================================
Refreshing in 30 seconds... (Press Ctrl+C to exit)

Waiting 30 seconds before next update at 2025-05-01 00:44:50...
==================================================

==================================================
REFRESHING DATA AT: 2025-05-01 04:44:56
==================================================

Fetching live matches...

===== FOUND 3 LIVE FOOTBALL MATCHES =====

Last updated: 2025-05-01 04:44:56
==================================================
MATCH #1 OF 3
==================================================

----- MATCH SUMMARY -----
Timestamp: 2025-05-01 00:44:57 ET
Competition ID: yl5ergphd2r8k0o
Competition: Moldova Division 2 (Moldova)
Match: Saxan Ceadir Lunga vs FC Ursidos Stauceni
Score: 1 - 1 (HT: 0 - 1)
Status: Finished (Status ID: 8)

--- MATCH BETTING ODDS ---

SPREAD (Asia Handicap):
Time: 7 min | Home: -127 | Handicap: 0.5 | Away: -118 (Closest time to minutes 4-6 available: 7)

Over/Under:
Time: 4 min | Over: -154 | Line: 2.5 | Under: +110

--- MATCH ENVIRONMENT ---
No environment data available for this match


==================================================
MATCH #2 OF 3
==================================================

----- MATCH SUMMARY -----
Timestamp: 2025-05-01 00:44:57 ET
Competition ID: 56ypq3nhzogmd7o
Competition: Portuguese Champions Nacional Juniores A 2 (Portugal)
Match: Vitoria SC Guimaraes U19 vs Tondela U19
Score: 1 - 2 (HT: 0 - 1)
Status: Finished (Status ID: 8)

--- MATCH BETTING ODDS ---
ML (Money Line):
Time: pre-match min | Home: +15000 | Draw: +2200 | Away: -10000 (Closest time to minutes 4-6 available: pre-match)

SPREAD (Asia Handicap):
Time: pre-match min | Home: -333 | Handicap: 0.0 | Away: +245 (Closest time to minutes 4-6 available: pre-match)

Over/Under:
Time: pre-match min | Over: +900 | Line: 3.5 | Under: -1667 (Closest time to minutes 4-6 available: pre-match)

--- MATCH ENVIRONMENT ---
Weather: Foggy
Humidity: 91%
Wind: 3.7m/s (8.3 mph)


==================================================
MATCH #3 OF 3
==================================================

----- MATCH SUMMARY -----
Timestamp: 2025-05-01 00:44:58 ET
Competition ID: v2y8m4zhgxoql07
Competition: Western Australia Women's League (Australia)
Match: Balcatta (w) vs Murdoch University Melville FC (w)
Score: 5 - 0 (HT: 3 - 0)
Status: Finished (Status ID: 8)

--- MATCH BETTING ODDS ---
ML (Money Line):
Time: 4 min | Home: -3333 | Draw: +1400 | Away: +5000

SPREAD (Asia Handicap):
Time: 4 min | Home: +100 | Handicap: 3.5 | Away: -125

Over/Under:
Time: 4 min | Over: -115 | Line: 3.75 | Under: -109

--- MATCH ENVIRONMENT ---
Weather: Sunny
Humidity: 37%
Wind: 5.3m/s (11.9 mph)


==================================================
END OF LIVE MATCH DATA - 3 MATCHES DISPLAYED
==================================================
Refreshing in 30 seconds... (Press Ctrl+C to exit)

Waiting 30 seconds before next update at 2025-05-01 04:44:58...
==================================================

==================================================
REFRESHING DATA AT: 2025-05-01 00:45:20
==================================================

Fetching live matches...

===== FOUND 3 LIVE FOOTBALL MATCHES =====

Last updated: 2025-05-01 00:45:20
==================================================
MATCH #1 OF 3
==================================================

----- MATCH SUMMARY -----
Timestamp: 2025-05-01 00:45:21 ET
Competition ID: yl5ergphd2r8k0o
Competition: Moldova Division 2 (Moldova)
Match: Saxan Ceadir Lunga vs FC Ursidos Stauceni
Score: 1 - 1 (HT: 0 - 1)
Status: Finished (Status ID: 8)

--- MATCH BETTING ODDS ---

SPREAD (Asia Handicap):
Time: 7 min | Home: -127 | Handicap: 0.5 | Away: -118 (Closest time to minutes 4-6 available: 7)

Over/Under:
Time: 4 min | Over: -154 | Line: 2.5 | Under: +110

--- MATCH ENVIRONMENT ---
No environment data available for this match


==================================================
MATCH #2 OF 3
==================================================

----- MATCH SUMMARY -----
Timestamp: 2025-05-01 00:45:21 ET
Competition ID: 56ypq3nhzogmd7o
Competition: Portuguese Champions Nacional Juniores A 2 (Portugal)
Match: Vitoria SC Guimaraes U19 vs Tondela U19
Score: 1 - 2 (HT: 0 - 1)
Status: Finished (Status ID: 8)

--- MATCH BETTING ODDS ---
ML (Money Line):
Time: pre-match min | Home: +15000 | Draw: +2200 | Away: -10000 (Closest time to minutes 4-6 available: pre-match)

SPREAD (Asia Handicap):
Time: pre-match min | Home: -333 | Handicap: 0.0 | Away: +245 (Closest time to minutes 4-6 available: pre-match)

Over/Under:
Time: pre-match min | Over: +900 | Line: 3.5 | Under: -1667 (Closest time to minutes 4-6 available: pre-match)

--- MATCH ENVIRONMENT ---
Weather: Foggy
Humidity: 91%
Wind: 3.7m/s (8.3 mph)


==================================================
MATCH #3 OF 3
==================================================

----- MATCH SUMMARY -----
Timestamp: 2025-05-01 00:45:22 ET
Competition ID: v2y8m4zhgxoql07
Competition: Western Australia Women's League (Australia)
Match: Balcatta (w) vs Murdoch University Melville FC (w)
Score: 5 - 0 (HT: 3 - 0)
Status: Finished (Status ID: 8)

--- MATCH BETTING ODDS ---
ML (Money Line):
Time: 4 min | Home: -3333 | Draw: +1400 | Away: +5000

SPREAD (Asia Handicap):
Time: 4 min | Home: +100 | Handicap: 3.5 | Away: -125

Over/Under:
Time: 4 min | Over: -115 | Line: 3.75 | Under: -109

--- MATCH ENVIRONMENT ---
Weather: Sunny
Humidity: 37%
Wind: 5.3m/s (11.9 mph)


==================================================
END OF LIVE MATCH DATA - 3 MATCHES DISPLAYED
==================================================
Refreshing in 30 seconds... (Press Ctrl+C to exit)

Waiting 30 seconds before next update at 2025-05-01 00:45:22...
==================================================

==================================================
REFRESHING DATA AT: 2025-05-01 04:45:28
==================================================

Fetching live matches...

===== FOUND 3 LIVE FOOTBALL MATCHES =====

Last updated: 2025-05-01 04:45:28
==================================================
MATCH #1 OF 3
==================================================

----- MATCH SUMMARY -----
Timestamp: 2025-05-01 00:45:29 ET
Competition ID: yl5ergphd2r8k0o
Competition: Moldova Division 2 (Moldova)
Match: Saxan Ceadir Lunga vs FC Ursidos Stauceni
Score: 1 - 1 (HT: 0 - 1)
Status: Finished (Status ID: 8)

--- MATCH BETTING ODDS ---

SPREAD (Asia Handicap):
Time: 7 min | Home: -127 | Handicap: 0.5 | Away: -118 (Closest time to minutes 4-6 available: 7)

Over/Under:
Time: 4 min | Over: -154 | Line: 2.5 | Under: +110

--- MATCH ENVIRONMENT ---
No environment data available for this match


==================================================
MATCH #2 OF 3
==================================================

----- MATCH SUMMARY -----
Timestamp: 2025-05-01 00:45:29 ET
Competition ID: 56ypq3nhzogmd7o
Competition: Portuguese Champions Nacional Juniores A 2 (Portugal)
Match: Vitoria SC Guimaraes U19 vs Tondela U19
Score: 1 - 2 (HT: 0 - 1)
Status: Finished (Status ID: 8)

--- MATCH BETTING ODDS ---
ML (Money Line):
Time: pre-match min | Home: +15000 | Draw: +2200 | Away: -10000 (Closest time to minutes 4-6 available: pre-match)

SPREAD (Asia Handicap):
Time: pre-match min | Home: -333 | Handicap: 0.0 | Away: +245 (Closest time to minutes 4-6 available: pre-match)

Over/Under:
Time: pre-match min | Over: +900 | Line: 3.5 | Under: -1667 (Closest time to minutes 4-6 available: pre-match)

--- MATCH ENVIRONMENT ---
Weather: Foggy
Humidity: 91%
Wind: 3.7m/s (8.3 mph)


==================================================
MATCH #3 OF 3
==================================================

----- MATCH SUMMARY -----
Timestamp: 2025-05-01 00:45:30 ET
Competition ID: v2y8m4zhgxoql07
Competition: Western Australia Women's League (Australia)
Match: Balcatta (w) vs Murdoch University Melville FC (w)
Score: 5 - 0 (HT: 3 - 0)
Status: Finished (Status ID: 8)

--- MATCH BETTING ODDS ---
ML (Money Line):
Time: 4 min | Home: -3333 | Draw: +1400 | Away: +5000

SPREAD (Asia Handicap):
Time: 4 min | Home: +100 | Handicap: 3.5 | Away: -125

Over/Under:
Time: 4 min | Over: -115 | Line: 3.75 | Under: -109

--- MATCH ENVIRONMENT ---
Weather: Sunny
Humidity: 37%
Wind: 5.3m/s (11.9 mph)


==================================================
END OF LIVE MATCH DATA - 3 MATCHES DISPLAYED
==================================================
Refreshing in 30 seconds... (Press Ctrl+C to exit)

Waiting 30 seconds before next update at 2025-05-01 04:45:30...
==================================================

==================================================
REFRESHING DATA AT: 2025-05-01 00:45:52
==================================================

Fetching live matches...

===== FOUND 3 LIVE FOOTBALL MATCHES =====

Last updated: 2025-05-01 00:45:52
==================================================
MATCH #1 OF 3
==================================================

----- MATCH SUMMARY -----
Timestamp: 2025-05-01 00:45:52 ET
Competition ID: yl5ergphd2r8k0o
Competition: Moldova Division 2 (Moldova)
Match: Saxan Ceadir Lunga vs FC Ursidos Stauceni
Score: 1 - 1 (HT: 0 - 1)
Status: Finished (Status ID: 8)

--- MATCH BETTING ODDS ---

SPREAD (Asia Handicap):
Time: 7 min | Home: -127 | Handicap: 0.5 | Away: -118 (Closest time to minutes 4-6 available: 7)

Over/Under:
Time: 4 min | Over: -154 | Line: 2.5 | Under: +110

--- MATCH ENVIRONMENT ---
No environment data available for this match


==================================================
MATCH #2 OF 3
==================================================

----- MATCH SUMMARY -----
Timestamp: 2025-05-01 00:45:53 ET
Competition ID: 56ypq3nhzogmd7o
Competition: Portuguese Champions Nacional Juniores A 2 (Portugal)
Match: Vitoria SC Guimaraes U19 vs Tondela U19
Score: 1 - 2 (HT: 0 - 1)
Status: Finished (Status ID: 8)

--- MATCH BETTING ODDS ---
ML (Money Line):
Time: pre-match min | Home: +15000 | Draw: +2200 | Away: -10000 (Closest time to minutes 4-6 available: pre-match)

SPREAD (Asia Handicap):
Time: pre-match min | Home: -333 | Handicap: 0.0 | Away: +245 (Closest time to minutes 4-6 available: pre-match)

Over/Under:
Time: pre-match min | Over: +900 | Line: 3.5 | Under: -1667 (Closest time to minutes 4-6 available: pre-match)

--- MATCH ENVIRONMENT ---
Weather: Foggy
Humidity: 91%
Wind: 3.7m/s (8.3 mph)


==================================================
MATCH #3 OF 3
==================================================

----- MATCH SUMMARY -----
Timestamp: 2025-05-01 00:45:53 ET
Competition ID: v2y8m4zhgxoql07
Competition: Western Australia Women's League (Australia)
Match: Balcatta (w) vs Murdoch University Melville FC (w)
Score: 5 - 0 (HT: 3 - 0)
Status: Finished (Status ID: 8)

--- MATCH BETTING ODDS ---
ML (Money Line):
Time: 4 min | Home: -3333 | Draw: +1400 | Away: +5000

SPREAD (Asia Handicap):
Time: 4 min | Home: +100 | Handicap: 3.5 | Away: -125

Over/Under:
Time: 4 min | Over: -115 | Line: 3.75 | Under: -109

--- MATCH ENVIRONMENT ---
Weather: Sunny
Humidity: 37%
Wind: 5.3m/s (11.9 mph)


==================================================
END OF LIVE MATCH DATA - 3 MATCHES DISPLAYED
==================================================
Refreshing in 30 seconds... (Press Ctrl+C to exit)

Waiting 30 seconds before next update at 2025-05-01 00:45:53...
==================================================

==================================================
REFRESHING DATA AT: 2025-05-01 04:46:00
==================================================

Fetching live matches...

===== FOUND 3 LIVE FOOTBALL MATCHES =====

Last updated: 2025-05-01 04:46:00
==================================================
MATCH #1 OF 3
==================================================

----- MATCH SUMMARY -----
Timestamp: 2025-05-01 00:46:01 ET
Competition ID: yl5ergphd2r8k0o
Competition: Moldova Division 2 (Moldova)
Match: Saxan Ceadir Lunga vs FC Ursidos Stauceni
Score: 1 - 1 (HT: 0 - 1)
Status: Finished (Status ID: 8)

--- MATCH BETTING ODDS ---

SPREAD (Asia Handicap):
Time: 7 min | Home: -127 | Handicap: 0.5 | Away: -118 (Closest time to minutes 4-6 available: 7)

Over/Under:
Time: 4 min | Over: -154 | Line: 2.5 | Under: +110

--- MATCH ENVIRONMENT ---
No environment data available for this match


==================================================
MATCH #2 OF 3
==================================================

----- MATCH SUMMARY -----
Timestamp: 2025-05-01 00:46:02 ET
Competition ID: 56ypq3nhzogmd7o
Competition: Portuguese Champions Nacional Juniores A 2 (Portugal)
Match: Vitoria SC Guimaraes U19 vs Tondela U19
Score: 1 - 2 (HT: 0 - 1)
Status: Finished (Status ID: 8)

--- MATCH BETTING ODDS ---
ML (Money Line):
Time: pre-match min | Home: +15000 | Draw: +2200 | Away: -10000 (Closest time to minutes 4-6 available: pre-match)

SPREAD (Asia Handicap):
Time: pre-match min | Home: -333 | Handicap: 0.0 | Away: +245 (Closest time to minutes 4-6 available: pre-match)

Over/Under:
Time: pre-match min | Over: +900 | Line: 3.5 | Under: -1667 (Closest time to minutes 4-6 available: pre-match)

--- MATCH ENVIRONMENT ---
Weather: Foggy
Humidity: 91%
Wind: 3.7m/s (8.3 mph)


==================================================
MATCH #3 OF 3
==================================================

----- MATCH SUMMARY -----
Timestamp: 2025-05-01 00:46:02 ET
Competition ID: v2y8m4zhgxoql07
Competition: Western Australia Women's League (Australia)
Match: Balcatta (w) vs Murdoch University Melville FC (w)
Score: 5 - 0 (HT: 3 - 0)
Status: Finished (Status ID: 8)

--- MATCH BETTING ODDS ---
ML (Money Line):
Time: 4 min | Home: -3333 | Draw: +1400 | Away: +5000

SPREAD (Asia Handicap):
Time: 4 min | Home: +100 | Handicap: 3.5 | Away: -125

Over/Under:
Time: 4 min | Over: -115 | Line: 3.75 | Under: -109

--- MATCH ENVIRONMENT ---
Weather: Sunny
Humidity: 37%
Wind: 5.3m/s (11.9 mph)


==================================================
END OF LIVE MATCH DATA - 3 MATCHES DISPLAYED
==================================================
Refreshing in 30 seconds... (Press Ctrl+C to exit)

Waiting 30 seconds before next update at 2025-05-01 04:46:02...
==================================================

==================================================
REFRESHING DATA AT: 2025-05-01 00:46:23
==================================================

Fetching live matches...

===== FOUND 3 LIVE FOOTBALL MATCHES =====

Last updated: 2025-05-01 00:46:24
==================================================
MATCH #1 OF 3
==================================================

----- MATCH SUMMARY -----
Timestamp: 2025-05-01 00:46:24 ET
Competition ID: yl5ergphd2r8k0o
Competition: Moldova Division 2 (Moldova)
Match: Saxan Ceadir Lunga vs FC Ursidos Stauceni
Score: 1 - 1 (HT: 0 - 1)
Status: Finished (Status ID: 8)

--- MATCH BETTING ODDS ---

SPREAD (Asia Handicap):
Time: 7 min | Home: -127 | Handicap: 0.5 | Away: -118 (Closest time to minutes 4-6 available: 7)

Over/Under:
Time: 4 min | Over: -154 | Line: 2.5 | Under: +110

--- MATCH ENVIRONMENT ---
No environment data available for this match


==================================================
MATCH #2 OF 3
==================================================

----- MATCH SUMMARY -----
Timestamp: 2025-05-01 00:46:25 ET
Competition ID: 56ypq3nhzogmd7o
Competition: Portuguese Champions Nacional Juniores A 2 (Portugal)
Match: Vitoria SC Guimaraes U19 vs Tondela U19
Score: 1 - 2 (HT: 0 - 1)
Status: Finished (Status ID: 8)

--- MATCH BETTING ODDS ---
ML (Money Line):
Time: pre-match min | Home: +15000 | Draw: +2200 | Away: -10000 (Closest time to minutes 4-6 available: pre-match)

SPREAD (Asia Handicap):
Time: pre-match min | Home: -333 | Handicap: 0.0 | Away: +245 (Closest time to minutes 4-6 available: pre-match)

Over/Under:
Time: pre-match min | Over: +900 | Line: 3.5 | Under: -1667 (Closest time to minutes 4-6 available: pre-match)

--- MATCH ENVIRONMENT ---
Weather: Foggy
Humidity: 91%
Wind: 3.7m/s (8.3 mph)


==================================================
MATCH #3 OF 3
==================================================

----- MATCH SUMMARY -----
Timestamp: 2025-05-01 00:46:25 ET
Competition ID: v2y8m4zhgxoql07
Competition: Western Australia Women's League (Australia)
Match: Balcatta (w) vs Murdoch University Melville FC (w)
Score: 5 - 0 (HT: 3 - 0)
Status: Finished (Status ID: 8)

--- MATCH BETTING ODDS ---
ML (Money Line):
Time: 4 min | Home: -3333 | Draw: +1400 | Away: +5000

SPREAD (Asia Handicap):
Time: 4 min | Home: +100 | Handicap: 3.5 | Away: -125

Over/Under:
Time: 4 min | Over: -115 | Line: 3.75 | Under: -109

--- MATCH ENVIRONMENT ---
Weather: Sunny
Humidity: 37%
Wind: 5.3m/s (11.9 mph)


==================================================
END OF LIVE MATCH DATA - 3 MATCHES DISPLAYED
==================================================
Refreshing in 30 seconds... (Press Ctrl+C to exit)

Waiting 30 seconds before next update at 2025-05-01 00:46:25...
==================================================

==================================================
REFRESHING DATA AT: 2025-05-01 04:46:32
==================================================

Fetching live matches...

===== FOUND 2 LIVE FOOTBALL MATCHES =====

Last updated: 2025-05-01 04:46:32
==================================================
MATCH #1 OF 2
==================================================

----- MATCH SUMMARY -----
Timestamp: 2025-05-01 00:46:33 ET
Competition ID: 56ypq3nhzogmd7o
Competition: Portuguese Champions Nacional Juniores A 2 (Portugal)
Match: Vitoria SC Guimaraes U19 vs Tondela U19
Score: 1 - 2 (HT: 0 - 1)
Status: Finished (Status ID: 8)

--- MATCH BETTING ODDS ---
ML (Money Line):
Time: pre-match min | Home: +15000 | Draw: +2200 | Away: -10000 (Closest time to minutes 4-6 available: pre-match)

SPREAD (Asia Handicap):
Time: pre-match min | Home: -333 | Handicap: 0.0 | Away: +245 (Closest time to minutes 4-6 available: pre-match)

Over/Under:
Time: pre-match min | Over: +900 | Line: 3.5 | Under: -1667 (Closest time to minutes 4-6 available: pre-match)

--- MATCH ENVIRONMENT ---
Weather: Foggy
Humidity: 91%
Wind: 3.7m/s (8.3 mph)


==================================================
MATCH #2 OF 2
==================================================

----- MATCH SUMMARY -----
Timestamp: 2025-05-01 00:46:34 ET
Competition ID: v2y8m4zhgxoql07
Competition: Western Australia Women's League (Australia)
Match: Balcatta (w) vs Murdoch University Melville FC (w)
Score: 5 - 0 (HT: 3 - 0)
Status: Finished (Status ID: 8)

--- MATCH BETTING ODDS ---
ML (Money Line):
Time: 4 min | Home: -3333 | Draw: +1400 | Away: +5000

SPREAD (Asia Handicap):
Time: 4 min | Home: +100 | Handicap: 3.5 | Away: -125

Over/Under:
Time: 4 min | Over: -115 | Line: 3.75 | Under: -109

--- MATCH ENVIRONMENT ---
Weather: Sunny
Humidity: 37%
Wind: 5.3m/s (11.9 mph)


==================================================
END OF LIVE MATCH DATA - 2 MATCHES DISPLAYED
==================================================
Refreshing in 30 seconds... (Press Ctrl+C to exit)

Waiting 30 seconds before next update at 2025-05-01 04:46:34...
==================================================

==================================================
REFRESHING DATA AT: 2025-05-01 00:46:55
==================================================

Fetching live matches...

===== FOUND 2 LIVE FOOTBALL MATCHES =====

Last updated: 2025-05-01 00:46:55
==================================================
MATCH #1 OF 2
==================================================

----- MATCH SUMMARY -----
Timestamp: 2025-05-01 00:46:56 ET
Competition ID: 56ypq3nhzogmd7o
Competition: Portuguese Champions Nacional Juniores A 2 (Portugal)
Match: Vitoria SC Guimaraes U19 vs Tondela U19
Score: 1 - 2 (HT: 0 - 1)
Status: Finished (Status ID: 8)

--- MATCH BETTING ODDS ---
ML (Money Line):
Time: pre-match min | Home: +15000 | Draw: +2200 | Away: -10000 (Closest time to minutes 4-6 available: pre-match)

SPREAD (Asia Handicap):
Time: pre-match min | Home: -333 | Handicap: 0.0 | Away: +245 (Closest time to minutes 4-6 available: pre-match)

Over/Under:
Time: pre-match min | Over: +900 | Line: 3.5 | Under: -1667 (Closest time to minutes 4-6 available: pre-match)

--- MATCH ENVIRONMENT ---
Weather: Foggy
Humidity: 91%
Wind: 3.7m/s (8.3 mph)


==================================================
MATCH #2 OF 2
==================================================

----- MATCH SUMMARY -----
Timestamp: 2025-05-01 00:46:56 ET
Competition ID: v2y8m4zhgxoql07
Competition: Western Australia Women's League (Australia)
Match: Balcatta (w) vs Murdoch University Melville FC (w)
Score: 5 - 0 (HT: 3 - 0)
Status: Finished (Status ID: 8)

--- MATCH BETTING ODDS ---
ML (Money Line):
Time: 4 min | Home: -3333 | Draw: +1400 | Away: +5000

SPREAD (Asia Handicap):
Time: 4 min | Home: +100 | Handicap: 3.5 | Away: -125

Over/Under:
Time: 4 min | Over: -115 | Line: 3.75 | Under: -109

--- MATCH ENVIRONMENT ---
Weather: Sunny
Humidity: 37%
Wind: 5.3m/s (11.9 mph)


==================================================
END OF LIVE MATCH DATA - 2 MATCHES DISPLAYED
==================================================
Refreshing in 30 seconds... (Press Ctrl+C to exit)

Waiting 30 seconds before next update at 2025-05-01 00:46:56...
==================================================

==================================================
REFRESHING DATA AT: 2025-05-01 04:47:04
==================================================

Fetching live matches...

===== FOUND 2 LIVE FOOTBALL MATCHES =====

Last updated: 2025-05-01 04:47:04
==================================================
MATCH #1 OF 2
==================================================

----- MATCH SUMMARY -----
Timestamp: 2025-05-01 00:47:05 ET
Competition ID: 56ypq3nhzogmd7o
Competition: Portuguese Champions Nacional Juniores A 2 (Portugal)
Match: Vitoria SC Guimaraes U19 vs Tondela U19
Score: 1 - 2 (HT: 0 - 1)
Status: Finished (Status ID: 8)

--- MATCH BETTING ODDS ---
ML (Money Line):
Time: pre-match min | Home: +15000 | Draw: +2200 | Away: -10000 (Closest time to minutes 4-6 available: pre-match)

SPREAD (Asia Handicap):
Time: pre-match min | Home: -333 | Handicap: 0.0 | Away: +245 (Closest time to minutes 4-6 available: pre-match)

Over/Under:
Time: pre-match min | Over: +900 | Line: 3.5 | Under: -1667 (Closest time to minutes 4-6 available: pre-match)

--- MATCH ENVIRONMENT ---
Weather: Foggy
Humidity: 91%
Wind: 3.7m/s (8.3 mph)


==================================================
MATCH #2 OF 2
==================================================

----- MATCH SUMMARY -----
Timestamp: 2025-05-01 00:47:05 ET
Competition ID: v2y8m4zhgxoql07
Competition: Western Australia Women's League (Australia)
Match: Balcatta (w) vs Murdoch University Melville FC (w)
Score: 5 - 0 (HT: 3 - 0)
Status: Finished (Status ID: 8)

--- MATCH BETTING ODDS ---
ML (Money Line):
Time: 4 min | Home: -3333 | Draw: +1400 | Away: +5000

SPREAD (Asia Handicap):
Time: 4 min | Home: +100 | Handicap: 3.5 | Away: -125

Over/Under:
Time: 4 min | Over: -115 | Line: 3.75 | Under: -109

--- MATCH ENVIRONMENT ---
Weather: Sunny
Humidity: 37%
Wind: 5.3m/s (11.9 mph)


==================================================
END OF LIVE MATCH DATA - 2 MATCHES DISPLAYED
==================================================
Refreshing in 30 seconds... (Press Ctrl+C to exit)

Waiting 30 seconds before next update at 2025-05-01 04:47:05...
==================================================

==================================================
REFRESHING DATA AT: 2025-05-01 00:47:26
==================================================

Fetching live matches...

===== FOUND 2 LIVE FOOTBALL MATCHES =====

Last updated: 2025-05-01 00:47:27
==================================================
MATCH #1 OF 2
==================================================

----- MATCH SUMMARY -----
Timestamp: 2025-05-01 00:47:27 ET
Competition ID: 56ypq3nhzogmd7o
Competition: Portuguese Champions Nacional Juniores A 2 (Portugal)
Match: Vitoria SC Guimaraes U19 vs Tondela U19
Score: 1 - 2 (HT: 0 - 1)
Status: Finished (Status ID: 8)

--- MATCH BETTING ODDS ---
ML (Money Line):
Time: pre-match min | Home: +15000 | Draw: +2200 | Away: -10000 (Closest time to minutes 4-6 available: pre-match)

SPREAD (Asia Handicap):
Time: pre-match min | Home: -333 | Handicap: 0.0 | Away: +245 (Closest time to minutes 4-6 available: pre-match)

Over/Under:
Time: pre-match min | Over: +900 | Line: 3.5 | Under: -1667 (Closest time to minutes 4-6 available: pre-match)

--- MATCH ENVIRONMENT ---
Weather: Foggy
Humidity: 91%
Wind: 3.7m/s (8.3 mph)


==================================================
MATCH #2 OF 2
==================================================

----- MATCH SUMMARY -----
Timestamp: 2025-05-01 00:47:28 ET
Competition ID: v2y8m4zhgxoql07
Competition: Western Australia Women's League (Australia)
Match: Balcatta (w) vs Murdoch University Melville FC (w)
Score: 5 - 0 (HT: 3 - 0)
Status: Finished (Status ID: 8)

--- MATCH BETTING ODDS ---
ML (Money Line):
Time: 4 min | Home: -3333 | Draw: +1400 | Away: +5000

SPREAD (Asia Handicap):
Time: 4 min | Home: +100 | Handicap: 3.5 | Away: -125

Over/Under:
Time: 4 min | Over: -115 | Line: 3.75 | Under: -109

--- MATCH ENVIRONMENT ---
Weather: Sunny
Humidity: 37%
Wind: 5.3m/s (11.9 mph)


==================================================
END OF LIVE MATCH DATA - 2 MATCHES DISPLAYED
==================================================
Refreshing in 30 seconds... (Press Ctrl+C to exit)

Waiting 30 seconds before next update at 2025-05-01 00:47:28...
==================================================

==================================================
REFRESHING DATA AT: 2025-05-01 04:47:35
==================================================

Fetching live matches...

===== FOUND 2 LIVE FOOTBALL MATCHES =====

Last updated: 2025-05-01 04:47:36
==================================================
MATCH #1 OF 2
==================================================

----- MATCH SUMMARY -----
Timestamp: 2025-05-01 00:47:36 ET
Competition ID: 56ypq3nhzogmd7o
Competition: Portuguese Champions Nacional Juniores A 2 (Portugal)
Match: Vitoria SC Guimaraes U19 vs Tondela U19
Score: 1 - 2 (HT: 0 - 1)
Status: Finished (Status ID: 8)

--- MATCH BETTING ODDS ---
ML (Money Line):
Time: pre-match min | Home: +15000 | Draw: +2200 | Away: -10000 (Closest time to minutes 4-6 available: pre-match)

SPREAD (Asia Handicap):
Time: pre-match min | Home: -333 | Handicap: 0.0 | Away: +245 (Closest time to minutes 4-6 available: pre-match)

Over/Under:
Time: pre-match min | Over: +900 | Line: 3.5 | Under: -1667 (Closest time to minutes 4-6 available: pre-match)

--- MATCH ENVIRONMENT ---
Weather: Foggy
Humidity: 91%
Wind: 3.7m/s (8.3 mph)


==================================================
MATCH #2 OF 2
==================================================

----- MATCH SUMMARY -----
Timestamp: 2025-05-01 00:47:37 ET
Competition ID: v2y8m4zhgxoql07
Competition: Western Australia Women's League (Australia)
Match: Balcatta (w) vs Murdoch University Melville FC (w)
Score: 5 - 0 (HT: 3 - 0)
Status: Finished (Status ID: 8)

--- MATCH BETTING ODDS ---
ML (Money Line):
Time: 4 min | Home: -3333 | Draw: +1400 | Away: +5000

SPREAD (Asia Handicap):
Time: 4 min | Home: +100 | Handicap: 3.5 | Away: -125

Over/Under:
Time: 4 min | Over: -115 | Line: 3.75 | Under: -109

--- MATCH ENVIRONMENT ---
Weather: Sunny
Humidity: 37%
Wind: 5.3m/s (11.9 mph)


==================================================
END OF LIVE MATCH DATA - 2 MATCHES DISPLAYED
==================================================
Refreshing in 30 seconds... (Press Ctrl+C to exit)

Waiting 30 seconds before next update at 2025-05-01 04:47:37...
==================================================
Fetching country data...
Fetching live matches...

===== FOUND 2 LIVE FOOTBALL MATCHES =====

Last updated: 2025-05-01 00:47:52
==================================================
MATCH #1 OF 2
==================================================

----- MATCH SUMMARY -----
Timestamp: 2025-05-01 00:47:53 ET
Competition ID: 56ypq3nhzogmd7o
Competition: Portuguese Champions Nacional Juniores A 2 (Portugal)
Match: Vitoria SC Guimaraes U19 vs Tondela U19
Score: 1 - 2 (HT: 0 - 1)
Status: Finished (Status ID: 8)

--- MATCH BETTING ODDS ---
ML (Money Line):
Time: pre-match min | Home: +15000 | Draw: +2200 | Away: -10000 (Closest time to minutes 4-6 available: pre-match)

SPREAD (Asia Handicap):
Time: pre-match min | Home: -333 | Handicap: 0.0 | Away: +245 (Closest time to minutes 4-6 available: pre-match)

Over/Under:
Time: pre-match min | Over: +900 | Line: 3.5 | Under: -1667 (Closest time to minutes 4-6 available: pre-match)

--- MATCH ENVIRONMENT ---
Weather: Foggy
Humidity: 91%
Wind: 3.7m/s (8.3 mph)


==================================================
MATCH #2 OF 2
==================================================

----- MATCH SUMMARY -----
Timestamp: 2025-05-01 00:47:55 ET
Competition ID: v2y8m4zhgxoql07
Competition: Western Australia Women's League (Australia)
Match: Balcatta (w) vs Murdoch University Melville FC (w)
Score: 5 - 0 (HT: 3 - 0)
Status: Finished (Status ID: 8)

--- MATCH BETTING ODDS ---
ML (Money Line):
Time: 4 min | Home: -3333 | Draw: +1400 | Away: +5000

SPREAD (Asia Handicap):
Time: 4 min | Home: +100 | Handicap: 3.5 | Away: -125

Over/Under:
Time: 4 min | Over: -115 | Line: 3.75 | Under: -109

--- MATCH ENVIRONMENT ---
Weather: Sunny
Humidity: 37%
Wind: 5.3m/s (11.9 mph)


==================================================
END OF LIVE MATCH DATA - 2 MATCHES DISPLAYED
==================================================
Refreshing in 30 seconds... (Press Ctrl+C to exit)

Waiting 30 seconds before next update at 00:47:55...
==================================================

==================================================
REFRESHING DATA AT: 2025-05-01 04:48:07
==================================================

Fetching live matches...

===== FOUND 2 LIVE FOOTBALL MATCHES =====

Last updated: 2025-05-01 04:48:07
==================================================
MATCH #1 OF 2
==================================================

----- MATCH SUMMARY -----
Timestamp: 2025-05-01 00:48:08 ET
Competition ID: 56ypq3nhzogmd7o
Competition: Portuguese Champions Nacional Juniores A 2 (Portugal)
Match: Vitoria SC Guimaraes U19 vs Tondela U19
Score: 1 - 2 (HT: 0 - 1)
Status: Finished (Status ID: 8)

--- MATCH BETTING ODDS ---
ML (Money Line):
Time: pre-match min | Home: +15000 | Draw: +2200 | Away: -10000 (Closest time to minutes 4-6 available: pre-match)

SPREAD (Asia Handicap):
Time: pre-match min | Home: -333 | Handicap: 0.0 | Away: +245 (Closest time to minutes 4-6 available: pre-match)

Over/Under:
Time: pre-match min | Over: +900 | Line: 3.5 | Under: -1667 (Closest time to minutes 4-6 available: pre-match)

--- MATCH ENVIRONMENT ---
Weather: Foggy
Humidity: 91%
Wind: 3.7m/s (8.3 mph)


==================================================
MATCH #2 OF 2
==================================================

----- MATCH SUMMARY -----
Timestamp: 2025-05-01 00:48:09 ET
Competition ID: v2y8m4zhgxoql07
Competition: Western Australia Women's League (Australia)
Match: Balcatta (w) vs Murdoch University Melville FC (w)
Score: 5 - 0 (HT: 3 - 0)
Status: Finished (Status ID: 8)

--- MATCH BETTING ODDS ---
ML (Money Line):
Time: 4 min | Home: -3333 | Draw: +1400 | Away: +5000

SPREAD (Asia Handicap):
Time: 4 min | Home: +100 | Handicap: 3.5 | Away: -125

Over/Under:
Time: 4 min | Over: -115 | Line: 3.75 | Under: -109

--- MATCH ENVIRONMENT ---
Weather: Sunny
Humidity: 37%
Wind: 5.3m/s (11.9 mph)


==================================================
END OF LIVE MATCH DATA - 2 MATCHES DISPLAYED
==================================================
Refreshing in 30 seconds... (Press Ctrl+C to exit)

Waiting 30 seconds before next update at 2025-05-01 04:48:09...
==================================================

==================================================
REFRESHING DATA AT: 00:48:25
==================================================

Fetching live matches...

===== FOUND 3 LIVE FOOTBALL MATCHES =====

Last updated: 2025-05-01 00:48:25
==================================================
MATCH #1 OF 3
==================================================

----- MATCH SUMMARY -----
Timestamp: 2025-05-01 00:48:26 ET
Competition ID: 56ypq3nhzogmd7o
Competition: Portuguese Champions Nacional Juniores A 2 (Portugal)
Match: Vitoria SC Guimaraes U19 vs Tondela U19
Score: 1 - 2 (HT: 0 - 1)
Status: Finished (Status ID: 8)

--- MATCH BETTING ODDS ---
ML (Money Line):
Time: pre-match min | Home: +15000 | Draw: +2200 | Away: -10000 (Closest time to minutes 4-6 available: pre-match)

SPREAD (Asia Handicap):
Time: pre-match min | Home: -333 | Handicap: 0.0 | Away: +245 (Closest time to minutes 4-6 available: pre-match)

Over/Under:
Time: pre-match min | Over: +900 | Line: 3.5 | Under: -1667 (Closest time to minutes 4-6 available: pre-match)

--- MATCH ENVIRONMENT ---
Weather: Foggy
Humidity: 91%
Wind: 3.7m/s (8.3 mph)


==================================================
MATCH #2 OF 3
==================================================

----- MATCH SUMMARY -----
Timestamp: 2025-05-01 00:48:27 ET
Competition ID: v2y8m4zhv6ql074
Competition: Israel Leumit League (Israel)
Match: Hapoel Ramat Gan vs Maccabi Herzliya
Score: 2 - 0 (HT: 2 - 0)
Status: Finished (Status ID: 8)

--- MATCH BETTING ODDS ---
ML (Money Line):
Time: 4 min | Home: -105 | Draw: +300 | Away: +210

SPREAD (Asia Handicap):
Time: 4 min | Home: -130 | Handicap: 0.25 | Away: +102

Over/Under:
Time: 4 min | Over: -125 | Line: 2.75 | Under: +100

--- MATCH ENVIRONMENT ---
Weather: Sunny
Humidity: 40%
Wind: 8.4m/s (18.8 mph)


==================================================
MATCH #3 OF 3
==================================================

----- MATCH SUMMARY -----
Timestamp: 2025-05-01 00:48:28 ET
Competition ID: v2y8m4zhgxoql07
Competition: Western Australia Women's League (Australia)
Match: Balcatta (w) vs Murdoch University Melville FC (w)
Score: 5 - 0 (HT: 3 - 0)
Status: Finished (Status ID: 8)

--- MATCH BETTING ODDS ---
ML (Money Line):
Time: 4 min | Home: -3333 | Draw: +1400 | Away: +5000

SPREAD (Asia Handicap):
Time: 4 min | Home: +100 | Handicap: 3.5 | Away: -125

Over/Under:
Time: 4 min | Over: -115 | Line: 3.75 | Under: -109

--- MATCH ENVIRONMENT ---
Weather: Sunny
Humidity: 37%
Wind: 5.3m/s (11.9 mph)


==================================================
END OF LIVE MATCH DATA - 3 MATCHES DISPLAYED
==================================================
Refreshing in 30 seconds... (Press Ctrl+C to exit)

Waiting 30 seconds before next update at 00:48:28...
==================================================

==================================================
REFRESHING DATA AT: 2025-05-01 04:48:39
==================================================

Fetching live matches...

===== FOUND 3 LIVE FOOTBALL MATCHES =====

Last updated: 2025-05-01 04:48:39
==================================================
MATCH #1 OF 3
==================================================

----- MATCH SUMMARY -----
Timestamp: 2025-05-01 00:48:39 ET
Competition ID: 56ypq3nhzogmd7o
Competition: Portuguese Champions Nacional Juniores A 2 (Portugal)
Match: Vitoria SC Guimaraes U19 vs Tondela U19
Score: 1 - 2 (HT: 0 - 1)
Status: Finished (Status ID: 8)

--- MATCH BETTING ODDS ---
ML (Money Line):
Time: pre-match min | Home: +15000 | Draw: +2200 | Away: -10000 (Closest time to minutes 4-6 available: pre-match)

SPREAD (Asia Handicap):
Time: pre-match min | Home: -333 | Handicap: 0.0 | Away: +245 (Closest time to minutes 4-6 available: pre-match)

Over/Under:
Time: pre-match min | Over: +900 | Line: 3.5 | Under: -1667 (Closest time to minutes 4-6 available: pre-match)

--- MATCH ENVIRONMENT ---
Weather: Foggy
Humidity: 91%
Wind: 3.7m/s (8.3 mph)


==================================================
MATCH #2 OF 3
==================================================

----- MATCH SUMMARY -----
Timestamp: 2025-05-01 00:48:40 ET
Competition ID: v2y8m4zhv6ql074
Competition: Israel Leumit League (Israel)
Match: Hapoel Ramat Gan vs Maccabi Herzliya
Score: 2 - 0 (HT: 2 - 0)
Status: Finished (Status ID: 8)

--- MATCH BETTING ODDS ---
ML (Money Line):
Time: 4 min | Home: -105 | Draw: +300 | Away: +210

SPREAD (Asia Handicap):
Time: 4 min | Home: -130 | Handicap: 0.25 | Away: +102

Over/Under:
Time: 4 min | Over: -125 | Line: 2.75 | Under: +100

--- MATCH ENVIRONMENT ---
Weather: Sunny
Humidity: 40%
Wind: 8.4m/s (18.8 mph)


==================================================
MATCH #3 OF 3
==================================================

----- MATCH SUMMARY -----
Timestamp: 2025-05-01 00:48:41 ET
Competition ID: v2y8m4zhgxoql07
Competition: Western Australia Women's League (Australia)
Match: Balcatta (w) vs Murdoch University Melville FC (w)
Score: 5 - 0 (HT: 3 - 0)
Status: Finished (Status ID: 8)

--- MATCH BETTING ODDS ---
ML (Money Line):
Time: 4 min | Home: -3333 | Draw: +1400 | Away: +5000

SPREAD (Asia Handicap):
Time: 4 min | Home: +100 | Handicap: 3.5 | Away: -125

Over/Under:
Time: 4 min | Over: -115 | Line: 3.75 | Under: -109

--- MATCH ENVIRONMENT ---
Weather: Sunny
Humidity: 37%
Wind: 5.3m/s (11.9 mph)


==================================================
END OF LIVE MATCH DATA - 3 MATCHES DISPLAYED
==================================================
Refreshing in 30 seconds... (Press Ctrl+C to exit)

Waiting 30 seconds before next update at 2025-05-01 04:48:41...
==================================================

==================================================
REFRESHING DATA AT: 00:48:58
==================================================

Fetching live matches...

===== FOUND 4 LIVE FOOTBALL MATCHES =====

Last updated: 2025-05-01 00:48:58
==================================================
MATCH #1 OF 4
==================================================

----- MATCH SUMMARY -----
Timestamp: 2025-05-01 00:49:01 ET
Competition ID: v2y8m4zhydql074
Competition: Uruguay Primera Division (Uruguay)
Match: Montevideo City Torque vs Montevideo Wanderers FC
Score: 0 - 0 (HT: 0 - 0)
Status: Finished (Status ID: 8)

--- MATCH BETTING ODDS ---
ML (Money Line):
Time: 4 min | Home: +160 | Draw: +210 | Away: +175

SPREAD (Asia Handicap):
Time: 4 min | Home: -122 | Handicap: 0.0 | Away: -104

Over/Under:
Time: 4 min | Over: -108 | Line: 2.25 | Under: -115

--- MATCH ENVIRONMENT ---
Weather: Partially cloudy
Humidity: 88%
Wind: 1.8m/s (4.0 mph)


==================================================
MATCH #2 OF 4
==================================================

----- MATCH SUMMARY -----
Timestamp: 2025-05-01 00:49:01 ET
Competition ID: 56ypq3nhzogmd7o
Competition: Portuguese Champions Nacional Juniores A 2 (Portugal)
Match: Vitoria SC Guimaraes U19 vs Tondela U19
Score: 1 - 2 (HT: 0 - 1)
Status: Finished (Status ID: 8)

--- MATCH BETTING ODDS ---
ML (Money Line):
Time: pre-match min | Home: +15000 | Draw: +2200 | Away: -10000 (Closest time to minutes 4-6 available: pre-match)

SPREAD (Asia Handicap):
Time: pre-match min | Home: -333 | Handicap: 0.0 | Away: +245 (Closest time to minutes 4-6 available: pre-match)

Over/Under:
Time: pre-match min | Over: +900 | Line: 3.5 | Under: -1667 (Closest time to minutes 4-6 available: pre-match)

--- MATCH ENVIRONMENT ---
Weather: Foggy
Humidity: 91%
Wind: 3.7m/s (8.3 mph)


==================================================
MATCH #3 OF 4
==================================================

----- MATCH SUMMARY -----
Timestamp: 2025-05-01 00:49:02 ET
Competition ID: v2y8m4zhv6ql074
Competition: Israel Leumit League (Israel)
Match: Hapoel Ramat Gan vs Maccabi Herzliya
Score: 2 - 0 (HT: 2 - 0)
Status: Finished (Status ID: 8)

--- MATCH BETTING ODDS ---
ML (Money Line):
Time: 4 min | Home: -105 | Draw: +300 | Away: +210

SPREAD (Asia Handicap):
Time: 4 min | Home: -130 | Handicap: 0.25 | Away: +102

Over/Under:
Time: 4 min | Over: -125 | Line: 2.75 | Under: +100

--- MATCH ENVIRONMENT ---
Weather: Sunny
Humidity: 40%
Wind: 8.4m/s (18.8 mph)


==================================================
MATCH #4 OF 4
==================================================

----- MATCH SUMMARY -----
Timestamp: 2025-05-01 00:49:03 ET
Competition ID: v2y8m4zhgxoql07
Competition: Western Australia Women's League (Australia)
Match: Balcatta (w) vs Murdoch University Melville FC (w)
Score: 5 - 0 (HT: 3 - 0)
Status: Finished (Status ID: 8)

--- MATCH BETTING ODDS ---
ML (Money Line):
Time: 4 min | Home: -3333 | Draw: +1400 | Away: +5000

SPREAD (Asia Handicap):
Time: 4 min | Home: +100 | Handicap: 3.5 | Away: -125

Over/Under:
Time: 4 min | Over: -115 | Line: 3.75 | Under: -109

--- MATCH ENVIRONMENT ---
Weather: Sunny
Humidity: 37%
Wind: 5.3m/s (11.9 mph)


==================================================
END OF LIVE MATCH DATA - 4 MATCHES DISPLAYED
==================================================
Refreshing in 30 seconds... (Press Ctrl+C to exit)

Waiting 30 seconds before next update at 00:49:03...
==================================================

==================================================
REFRESHING DATA AT: 2025-05-01 04:49:11
==================================================

Fetching live matches...

===== FOUND 3 LIVE FOOTBALL MATCHES =====

Last updated: 2025-05-01 04:49:11
==================================================
MATCH #1 OF 3
==================================================

----- MATCH SUMMARY -----
Timestamp: 2025-05-01 00:49:12 ET
Competition ID: v2y8m4zhydql074
Competition: Uruguay Primera Division (Uruguay)
Match: Montevideo City Torque vs Montevideo Wanderers FC
Score: 0 - 0 (HT: 0 - 0)
Status: Finished (Status ID: 8)

--- MATCH BETTING ODDS ---
ML (Money Line):
Time: 4 min | Home: +160 | Draw: +210 | Away: +175

SPREAD (Asia Handicap):
Time: 4 min | Home: -122 | Handicap: 0.0 | Away: -104

Over/Under:
Time: 4 min | Over: -108 | Line: 2.25 | Under: -115

--- MATCH ENVIRONMENT ---
Weather: Partially cloudy
Humidity: 88%
Wind: 1.8m/s (4.0 mph)


==================================================
MATCH #2 OF 3
==================================================

----- MATCH SUMMARY -----
Timestamp: 2025-05-01 00:49:12 ET
Competition ID: 56ypq3nhzogmd7o
Competition: Portuguese Champions Nacional Juniores A 2 (Portugal)
Match: Vitoria SC Guimaraes U19 vs Tondela U19
Score: 1 - 2 (HT: 0 - 1)
Status: Finished (Status ID: 8)

--- MATCH BETTING ODDS ---
ML (Money Line):
Time: pre-match min | Home: +15000 | Draw: +2200 | Away: -10000 (Closest time to minutes 4-6 available: pre-match)

SPREAD (Asia Handicap):
Time: pre-match min | Home: -333 | Handicap: 0.0 | Away: +245 (Closest time to minutes 4-6 available: pre-match)

Over/Under:
Time: pre-match min | Over: +900 | Line: 3.5 | Under: -1667 (Closest time to minutes 4-6 available: pre-match)

--- MATCH ENVIRONMENT ---
Weather: Foggy
Humidity: 91%
Wind: 3.7m/s (8.3 mph)


==================================================
MATCH #3 OF 3
==================================================

----- MATCH SUMMARY -----
Timestamp: 2025-05-01 00:49:13 ET
Competition ID: v2y8m4zhv6ql074
Competition: Israel Leumit League (Israel)
Match: Hapoel Ramat Gan vs Maccabi Herzliya
Score: 2 - 0 (HT: 2 - 0)
Status: Finished (Status ID: 8)

--- MATCH BETTING ODDS ---
ML (Money Line):
Time: 4 min | Home: -105 | Draw: +300 | Away: +210

SPREAD (Asia Handicap):
Time: 4 min | Home: -130 | Handicap: 0.25 | Away: +102

Over/Under:
Time: 4 min | Over: -125 | Line: 2.75 | Under: +100

--- MATCH ENVIRONMENT ---
Weather: Sunny
Humidity: 40%
Wind: 8.4m/s (18.8 mph)


==================================================
END OF LIVE MATCH DATA - 3 MATCHES DISPLAYED
==================================================
Refreshing in 30 seconds... (Press Ctrl+C to exit)

Waiting 30 seconds before next update at 2025-05-01 04:49:13...
==================================================

==================================================
REFRESHING DATA AT: 00:49:33
==================================================

Fetching live matches...

===== FOUND 3 LIVE FOOTBALL MATCHES =====

Last updated: 2025-05-01 00:49:33
==================================================
MATCH #1 OF 3
==================================================

----- MATCH SUMMARY -----
Timestamp: 2025-05-01 00:49:35 ET
Competition ID: v2y8m4zhydql074
Competition: Uruguay Primera Division (Uruguay)
Match: Montevideo City Torque vs Montevideo Wanderers FC
Score: 0 - 0 (HT: 0 - 0)
Status: Finished (Status ID: 8)

--- MATCH BETTING ODDS ---
ML (Money Line):
Time: 4 min | Home: +160 | Draw: +210 | Away: +175

SPREAD (Asia Handicap):
Time: 4 min | Home: -122 | Handicap: 0.0 | Away: -104

Over/Under:
Time: 4 min | Over: -108 | Line: 2.25 | Under: -115

--- MATCH ENVIRONMENT ---
Weather: Partially cloudy
Humidity: 88%
Wind: 1.8m/s (4.0 mph)


==================================================
MATCH #2 OF 3
==================================================

----- MATCH SUMMARY -----
Timestamp: 2025-05-01 00:49:35 ET
Competition ID: 56ypq3nhzogmd7o
Competition: Portuguese Champions Nacional Juniores A 2 (Portugal)
Match: Vitoria SC Guimaraes U19 vs Tondela U19
Score: 1 - 2 (HT: 0 - 1)
Status: Finished (Status ID: 8)

--- MATCH BETTING ODDS ---
ML (Money Line):
Time: pre-match min | Home: +15000 | Draw: +2200 | Away: -10000 (Closest time to minutes 4-6 available: pre-match)

SPREAD (Asia Handicap):
Time: pre-match min | Home: -333 | Handicap: 0.0 | Away: +245 (Closest time to minutes 4-6 available: pre-match)

Over/Under:
Time: pre-match min | Over: +900 | Line: 3.5 | Under: -1667 (Closest time to minutes 4-6 available: pre-match)

--- MATCH ENVIRONMENT ---
Weather: Foggy
Humidity: 91%
Wind: 3.7m/s (8.3 mph)


==================================================
MATCH #3 OF 3
==================================================

----- MATCH SUMMARY -----
Timestamp: 2025-05-01 00:49:36 ET
Competition ID: v2y8m4zhv6ql074
Competition: Israel Leumit League (Israel)
Match: Hapoel Ramat Gan vs Maccabi Herzliya
Score: 2 - 0 (HT: 2 - 0)
Status: Finished (Status ID: 8)

--- MATCH BETTING ODDS ---
ML (Money Line):
Time: 4 min | Home: -105 | Draw: +300 | Away: +210

SPREAD (Asia Handicap):
Time: 4 min | Home: -130 | Handicap: 0.25 | Away: +102

Over/Under:
Time: 4 min | Over: -125 | Line: 2.75 | Under: +100

--- MATCH ENVIRONMENT ---
Weather: Sunny
Humidity: 40%
Wind: 8.4m/s (18.8 mph)


==================================================
END OF LIVE MATCH DATA - 3 MATCHES DISPLAYED
==================================================
Refreshing in 30 seconds... (Press Ctrl+C to exit)

Waiting 30 seconds before next update at 00:49:36...
==================================================
